t,v_cmd,w_cmd,v_meas,w_meas,e_v,e_w,left_voltage,right_voltage,x_gt,y_gt,yaw_gt,seq_ok,status
0.016000,0.200000,0.000000,0.003171,0.000000,0.196829,0.000000,1.935200,1.935200,0.000000,0.000008,0.000000,1,0
0.032000,0.200000,0.000000,0.051491,0.000000,0.148509,0.000000,1.935992,1.935992,0.000824,0.000006,-0.000000,1,0
0.048000,0.200000,0.000000,0.103032,0.000000,0.096968,0.000000,1.936324,1.936324,0.002472,0.000005,-0.000000,1,0
0.064000,0.200000,0.000000,0.154394,0.000000,0.045606,0.000000,1.937116,1.937116,0.004943,0.000004,-0.000000,1,0
0.080000,0.200000,0.000000,0.193485,0.000000,0.006515,0.000000,1.937909,1.937909,0.008038,0.000003,-0.000000,1,0
0.096000,0.200000,0.000000,0.194264,0.000000,0.005736,0.000000,1.938241,1.938241,0.011147,0.000003,-0.000000,1,0
0.112000,0.200000,0.000000,0.194215,0.000000,0.005785,0.000000,1.939033,1.939033,0.014254,0.000002,-0.000000,1,0
0.128000,0.200000,0.000000,0.194214,0.000000,0.005786,0.000000,1.939365,1.939365,0.017361,0.000002,-0.000000,1,0
0.144000,0.200000,0.000000,0.194185,0.000000,0.005815,0.000000,1.940157,1.940157,0.020468,0.000001,-0.000000,1,0
0.160000,0.200000,0.000000,0.194212,0.000000,0.005788,0.000000,1.940949,1.940949,0.023576,0.000001,-0.000000,1,0
0.176000,0.200000,0.000000,0.194251,0.000000,0.005749,0.000000,1.941281,1.941281,0.026684,0.000001,-0.000000,1,0
0.192000,0.200000,0.000000,0.194253,0.000000,0.005747,0.000000,1.942074,1.942074,0.029792,0.000001,-0.000000,1,0
0.208000,0.200000,0.000000,0.194305,0.000000,0.005695,0.000000,1.942406,1.942406,0.032901,0.000001,-0.000000,1,0
0.224000,0.200000,0.000000,0.194318,0.000000,0.005682,0.000000,1.943198,1.943198,0.036010,0.000000,-0.000000,1,0
0.240000,0.200000,0.000000,0.194380,0.000000,0.005620,0.000000,1.943530,1.943530,0.039120,0.000000,-0.000000,1,0
0.256000,0.200000,0.000000,0.194401,0.000000,0.005599,0.000000,1.944322,1.944322,0.042230,0.000000,-0.000000,1,0
0.272000,0.200000,0.000000,0.194469,0.000000,0.005531,0.000000,1.944654,1.944654,0.045342,0.000000,-0.000000,1,0
0.288000,0.200000,0.000000,0.194494,0.000000,0.005506,0.000000,1.945446,1.945446,0.048454,0.000000,-0.000000,1,0
0.304000,0.200000,0.000000,0.194566,0.000000,0.005434,0.000000,1.945778,1.945778,0.051567,0.000000,-0.000000,1,0
0.320000,0.200000,0.000000,0.194595,0.000000,0.005405,0.000000,1.946571,1.946571,0.054680,0.000000,-0.000000,1,0
0.336000,0.200000,0.000000,0.194669,0.000000,0.005331,0.000000,1.946903,1.946903,0.057795,0.000000,-0.000000,1,0
0.352000,0.200000,0.000000,0.194699,0.000000,0.005301,0.000000,1.947695,1.947695,0.060910,0.000000,-0.000000,1,0
0.368000,0.200000,0.000000,0.194775,0.000000,0.005225,0.000000,1.948027,1.948027,0.064027,0.000000,-0.000000,1,0
0.384000,0.200000,0.000000,0.194807,0.000000,0.005193,0.000000,1.948819,1.948819,0.067144,0.000000,-0.000000,1,0
0.400000,0.200000,0.000000,0.194883,0.000000,0.005117,0.000000,1.949151,1.949151,0.070262,-0.000000,-0.000000,1,0
0.416000,0.200000,0.000000,0.194916,0.000000,0.005084,0.000000,1.949483,1.949483,0.073380,-0.000000,-0.000000,1,0
0.432000,0.200000,0.000000,0.194948,0.000000,0.005052,0.000000,1.950276,1.950276,0.076499,-0.000000,-0.000000,1,0
0.448000,0.200000,0.000000,0.195025,0.000000,0.004975,0.000000,1.950608,1.950608,0.079620,-0.000000,-0.000000,1,0
0.464000,0.200000,0.000000,0.195059,0.000000,0.004941,0.000000,1.950940,1.950940,0.082741,-0.000000,-0.000000,1,0
0.480000,0.200000,0.000000,0.195091,0.000000,0.004909,0.000000,1.951732,1.951732,0.085862,-0.000000,-0.000000,1,0
0.496000,0.200000,0.000000,0.195169,0.000000,0.004831,0.000000,1.952064,1.952064,0.088985,-0.000000,-0.000000,1,0
0.512000,0.200000,0.000000,0.195203,0.000000,0.004797,0.000000,1.952396,1.952396,0.092108,-0.000000,-0.000000,1,0
0.528000,0.200000,0.000000,0.195236,0.000000,0.004764,0.000000,1.953188,1.953188,0.095232,-0.000000,-0.000000,1,0
0.544000,0.200000,0.000000,0.195314,0.000000,0.004686,0.000000,1.953520,1.953520,0.098357,-0.000000,-0.000000,1,0
0.560000,0.200000,0.000000,0.195348,0.000000,0.004652,0.000000,1.953852,1.953852,0.101483,-0.000000,-0.000000,1,0
0.576000,0.200000,0.000000,0.195381,0.000000,0.004619,0.000000,1.954645,1.954645,0.104609,-0.000000,-0.000000,1,0
0.592000,0.200000,0.000000,0.195459,0.000000,0.004541,0.000000,1.954977,1.954977,0.107736,-0.000000,-0.000000,1,0
0.608000,0.200000,0.000000,0.195493,0.000000,0.004507,0.000000,1.955309,1.955309,0.110864,-0.000000,-0.000000,1,0
0.624000,0.200000,0.000000,0.195526,0.000000,0.004474,0.000000,1.955641,1.955641,0.113992,-0.000000,-0.000000,1,0
0.640000,0.200000,0.000000,0.195559,0.000000,0.004441,0.000000,1.956433,1.956433,0.117121,-0.000000,-0.000000,1,0
0.656000,0.200000,0.000000,0.195638,0.000000,0.004362,0.000000,1.956765,1.956765,0.120251,-0.000000,-0.000000,1,0
0.672000,0.200000,0.000000,0.195672,0.000000,0.004328,0.000000,1.957097,1.957097,0.123382,-0.000000,-0.000000,1,0
0.688000,0.200000,0.000000,0.195705,0.000000,0.004295,0.000000,1.957429,1.957429,0.126513,-0.000000,-0.000000,1,0
0.704000,0.200000,0.000000,0.195738,0.000000,0.004262,0.000000,1.958221,1.958221,0.129645,-0.000000,-0.000000,1,0
0.720000,0.200000,0.000000,0.195816,0.000000,0.004184,0.000000,1.958553,1.958553,0.132778,-0.000000,-0.000000,1,0
0.736000,0.200000,0.000000,0.195850,0.000000,0.004150,0.000000,1.958885,1.958885,0.135912,-0.000000,-0.000000,1,0
0.752000,0.200000,0.000000,0.195884,0.000000,0.004116,0.000000,1.959217,1.959217,0.139046,-0.000000,-0.000000,1,0
0.768000,0.200000,0.000000,0.195917,0.000000,0.004083,0.000000,1.959549,1.959549,0.142181,-0.000000,-0.000000,1,0
0.784000,0.200000,0.000000,0.195950,0.000000,0.004050,0.000000,1.960342,1.960342,0.145316,-0.000000,-0.000000,1,0
0.800000,0.200000,0.000000,0.196028,0.000000,0.003972,0.000000,1.960674,1.960674,0.148452,-0.000000,-0.000000,1,0
0.816000,0.200000,0.000000,0.196062,0.000000,0.003938,0.000000,1.961006,1.961006,0.151589,-0.000000,-0.000000,1,0
0.831999,0.200000,0.000000,0.196095,0.000000,0.003905,0.000000,1.961338,1.961338,0.154727,-0.000000,-0.000000,1,0
0.847999,0.200000,0.000000,0.196129,0.000000,0.003871,0.000000,1.961670,1.961670,0.157865,-0.000000,-0.000000,1,0
0.863999,0.200000,0.000000,0.196162,0.000000,0.003838,0.000000,1.962002,1.962002,0.161004,-0.000000,-0.000000,1,0
0.879999,0.200000,0.000000,0.196195,0.000000,0.003805,0.000000,1.962334,1.962334,0.164143,-0.000000,-0.000000,1,0
0.895999,0.200000,0.000000,0.196228,0.000000,0.003772,0.000000,1.963126,1.963126,0.167282,-0.000000,-0.000000,1,0
0.911999,0.200000,0.000000,0.196307,0.000000,0.003693,0.000000,1.963458,1.963458,0.170423,-0.000000,-0.000000,1,0
0.927999,0.200000,0.000000,0.196341,0.000000,0.003659,0.000000,1.963790,1.963790,0.173565,-0.000000,-0.000000,1,0
0.943999,0.200000,0.000000,0.196374,0.000000,0.003626,0.000000,1.964122,1.964122,0.176707,-0.000000,-0.000000,1,0
0.959999,0.200000,0.000000,0.196407,0.000000,0.003593,0.000000,1.964454,1.964454,0.179849,-0.000000,-0.000000,1,0
0.975999,0.200000,0.000000,0.196440,0.000000,0.003560,0.000000,1.964786,1.964786,0.182992,-0.000000,-0.000000,1,0
0.991999,0.200000,0.000000,0.196473,0.000000,0.003527,0.000000,1.965118,1.965118,0.186136,-0.000000,-0.000000,1,0
1.007999,0.200000,0.000000,0.196507,0.000000,0.003493,0.000000,1.965450,1.965450,0.189280,-0.000000,-0.000000,1,0
1.023999,0.200000,0.000000,0.196540,0.000000,0.003460,0.000000,1.965782,1.965782,0.192425,-0.000000,-0.000000,1,0
1.039999,0.200000,0.000000,0.196573,0.000000,0.003427,0.000000,1.966114,1.966114,0.195570,-0.000000,-0.000000,1,0
1.055999,0.200000,0.000000,0.196606,0.000000,0.003394,0.000000,1.966446,1.966446,0.198715,-0.000000,-0.000000,1,0
1.071999,0.200000,0.000000,0.196639,0.000000,0.003361,0.000000,1.966779,1.966779,0.201862,-0.000000,-0.000000,1,0
1.087999,0.200000,0.000000,0.196673,0.000000,0.003327,0.000000,1.967111,1.967111,0.205008,-0.000000,-0.000000,1,0
1.103999,0.200000,0.000000,0.196706,0.000000,0.003294,0.000000,1.967443,1.967443,0.208156,-0.000000,-0.000000,1,0
1.119999,0.200000,0.000000,0.196739,0.000000,0.003261,0.000000,1.967775,1.967775,0.211304,-0.000000,-0.000000,1,0
1.135999,0.200000,0.000000,0.196772,0.000000,0.003228,0.000000,1.968107,1.968107,0.214452,-0.000000,-0.000000,1,0
1.151999,0.200000,0.000000,0.196805,0.000000,0.003195,0.000000,1.968439,1.968439,0.217601,-0.000000,-0.000000,1,0
1.168000,0.200000,0.000000,0.196839,0.000000,0.003161,0.000000,1.968771,1.968771,0.220750,-0.000000,-0.000000,1,0
1.184000,0.200000,0.000000,0.196872,0.000000,0.003128,0.000000,1.969103,1.969103,0.223900,-0.000000,-0.000000,1,0
1.200000,0.200000,0.000000,0.196905,0.000000,0.003095,0.000000,1.969435,1.969435,0.227051,-0.000000,-0.000000,1,0
1.216000,0.200000,0.000000,0.196938,0.000000,0.003062,0.000000,1.969767,1.969767,0.230202,-0.000000,-0.000000,1,0
1.232000,0.200000,0.000000,0.196971,0.000000,0.003029,0.000000,1.970099,1.970099,0.233353,-0.000000,-0.000000,1,0
1.248000,0.200000,0.000000,0.197005,0.000000,0.002995,0.000000,1.970431,1.970431,0.236505,-0.000000,-0.000000,1,0
1.264000,0.200000,0.000000,0.197038,0.000000,0.002962,0.000000,1.970763,1.970763,0.239658,-0.000000,-0.000000,1,0
1.280000,0.200000,0.000000,0.197071,0.000000,0.002929,0.000000,1.971095,1.971095,0.242811,-0.000000,-0.000000,1,0
1.296000,0.200000,0.000000,0.197104,0.000000,0.002896,0.000000,1.971427,1.971427,0.245965,-0.000000,-0.000000,1,0
1.312000,0.200000,0.000000,0.197137,0.000000,0.002863,0.000000,1.971759,1.971759,0.249119,-0.000000,-0.000000,1,0
1.328000,0.200000,0.000000,0.197171,0.000000,0.002829,0.000000,1.972091,1.972091,0.252274,-0.000000,-0.000000,1,0
1.344000,0.200000,0.000000,0.197204,0.000000,0.002796,0.000000,1.972423,1.972423,0.255429,-0.000000,-0.000000,1,0
1.360000,0.200000,0.000000,0.197237,0.000000,0.002763,0.000000,1.972755,1.972755,0.258585,-0.000000,-0.000000,1,0
1.376000,0.200000,0.000000,0.197270,0.000000,0.002730,0.000000,1.973087,1.973087,0.261741,-0.000000,-0.000000,1,0
1.392000,0.200000,0.000000,0.197303,0.000000,0.002697,0.000000,1.973419,1.973419,0.264898,-0.000000,-0.000000,1,0
1.408000,0.200000,0.000000,0.197337,0.000000,0.002663,0.000000,1.973291,1.973291,0.268055,-0.000000,-0.000000,1,0
1.424000,0.200000,0.000000,0.197325,0.000000,0.002675,0.000000,1.973623,1.973623,0.271212,-0.000000,-0.000000,1,0
1.440000,0.200000,0.000000,0.197357,0.000000,0.002643,0.000000,1.973955,1.973955,0.274370,-0.000000,-0.000000,1,0
1.456000,0.200000,0.000000,0.197390,0.000000,0.002610,0.000000,1.974287,1.974287,0.277528,-0.000000,-0.000000,1,0
1.472000,0.200000,0.000000,0.197423,0.000000,0.002577,0.000000,1.974619,1.974619,0.280687,-0.000000,-0.000000,1,0
1.488000,0.200000,0.000000,0.197457,0.000000,0.002543,0.000000,1.974951,1.974951,0.283846,-0.000000,-0.000000,1,0
1.504000,0.200000,0.000000,0.197490,0.000000,0.002510,0.000000,1.975283,1.975283,0.287006,-0.000000,-0.000000,1,0
1.520000,0.200000,0.000000,0.197523,0.000000,0.002477,0.000000,1.975155,1.975155,0.290167,-0.000000,-0.000000,1,0
1.536000,0.200000,0.000000,0.197511,0.000000,0.002489,0.000000,1.975487,1.975487,0.293327,-0.000000,-0.000000,1,0
1.552000,0.200000,0.000000,0.197543,0.000000,0.002457,0.000000,1.975819,1.975819,0.296488,-0.000000,-0.000000,1,0
1.568000,0.200000,0.000000,0.197576,0.000000,0.002424,0.000000,1.976151,1.976151,0.299649,-0.000000,-0.000000,1,0
1.584000,0.200000,0.000000,0.197610,0.000000,0.002390,0.000000,1.976483,1.976483,0.302810,-0.000000,-0.000000,1,0
1.600000,0.200000,0.000000,0.197643,0.000000,0.002357,0.000000,1.976815,1.976815,0.305973,-0.000000,-0.000000,1,0
1.616000,0.200000,0.000000,0.197676,0.000000,0.002324,0.000000,1.976687,1.976687,0.309136,-0.000000,-0.000000,1,0
1.632000,0.200000,0.000000,0.197664,0.000000,0.002336,0.000000,1.977019,1.977019,0.312298,-0.000000,-0.000000,1,0
1.648000,0.200000,0.000000,0.197696,0.000000,0.002304,0.000000,1.977351,1.977351,0.315461,-0.000000,-0.000000,1,0
1.664001,0.200000,0.000000,0.197730,0.000000,0.002270,0.000000,1.977683,1.977683,0.318625,-0.000000,-0.000000,1,0
1.680001,0.200000,0.000000,0.197763,0.000000,0.002237,0.000000,1.978015,1.978015,0.321789,-0.000000,-0.000000,1,0
1.696001,0.200000,0.000000,0.197796,0.000000,0.002204,0.000000,1.978347,1.978347,0.324954,-0.000000,-0.000000,1,0
1.712001,0.200000,0.000000,0.197829,0.000000,0.002171,0.000000,1.978219,1.978219,0.328119,-0.000000,-0.000000,1,0
1.728001,0.200000,0.000000,0.197817,0.000000,0.002183,0.000000,1.978551,1.978551,0.331284,-0.000000,-0.000000,1,0
1.744001,0.200000,0.000000,0.197850,0.000000,0.002150,0.000000,1.978883,1.978883,0.334450,-0.000000,-0.000000,1,0
1.760001,0.200000,0.000000,0.197883,0.000000,0.002117,0.000000,1.979215,1.979215,0.337616,-0.000000,-0.000000,1,0
1.776001,0.200000,0.000000,0.197916,0.000000,0.002084,0.000000,1.979087,1.979087,0.340783,-0.000000,-0.000000,1,0
1.792001,0.200000,0.000000,0.197904,0.000000,0.002096,0.000000,1.979419,1.979419,0.343949,-0.000000,-0.000000,1,0
1.808001,0.200000,0.000000,0.197936,0.000000,0.002064,0.000000,1.979751,1.979751,0.347116,-0.000000,-0.000000,1,0
1.824001,0.200000,0.000000,0.197970,0.000000,0.002030,0.000000,1.980083,1.980083,0.350284,-0.000000,-0.000000,1,0
1.840001,0.200000,0.000000,0.198003,0.000000,0.001997,0.000000,1.979955,1.979955,0.353452,-0.000000,-0.000000,1,0
1.856001,0.200000,0.000000,0.197991,0.000000,0.002009,0.000000,1.980287,1.980287,0.356620,-0.000000,-0.000000,1,0
1.872001,0.200000,0.000000,0.198023,0.000000,0.001977,0.000000,1.980619,1.980619,0.359788,-0.000000,-0.000000,1,0
1.888001,0.200000,0.000000,0.198056,0.000000,0.001944,0.000000,1.980951,1.980951,0.362957,-0.000000,-0.000000,1,0
1.904001,0.200000,0.000000,0.198090,0.000000,0.001910,0.000000,1.980823,1.980823,0.366126,-0.000000,-0.000000,1,0
1.920001,0.200000,0.000000,0.198078,0.000000,0.001922,0.000000,1.981155,1.981155,0.369296,-0.000000,-0.000000,1,0
1.936001,0.200000,0.000000,0.198110,0.000000,0.001890,0.000000,1.981487,1.981487,0.372465,-0.000000,-0.000000,1,0
1.952001,0.200000,0.000000,0.198143,0.000000,0.001857,0.000000,1.981819,1.981819,0.375636,-0.000000,-0.000000,1,0
1.968001,0.200000,0.000000,0.198176,0.000000,0.001824,0.000000,1.981691,1.981691,0.378806,-0.000000,-0.000000,1,0
1.984001,0.200000,0.000000,0.198164,0.000000,0.001836,0.000000,1.982023,1.982023,0.381977,-0.000000,-0.000000,1,0
2.000001,0.200000,0.000000,0.198197,0.000000,0.001803,0.000000,1.982355,1.982355,0.385148,-0.000000,-0.000000,1,0
2.016001,0.200000,0.000000,0.198230,0.000000,0.001770,0.000000,1.982227,1.982227,0.388320,-0.000000,-0.000000,1,0
2.032001,0.200000,0.000000,0.198218,0.000000,0.001782,0.000000,1.982559,1.982559,0.391491,-0.000000,-0.000000,1,0
2.048001,0.200000,0.000000,0.198250,0.000000,0.001750,0.000000,1.982891,1.982891,0.394663,-0.000000,-0.000000,1,0
2.064001,0.200000,0.000000,0.198284,0.000000,0.001716,0.000000,1.983223,1.983223,0.397836,-0.000000,-0.000000,1,0
2.080001,0.200000,0.000000,0.198317,0.000000,0.001683,0.000000,1.983095,1.983095,0.401009,-0.000000,-0.000000,1,0
2.096001,0.200000,0.000000,0.198305,0.000000,0.001695,0.000000,1.983427,1.983427,0.404182,-0.000000,-0.000000,1,0
2.112001,0.200000,0.000000,0.198337,0.000000,0.001663,0.000000,1.983759,1.983759,0.407355,-0.000000,-0.000000,1,0
2.128001,0.200000,0.000000,0.198370,0.000000,0.001630,0.000000,1.983631,1.983631,0.410529,-0.000000,-0.000000,1,0
2.144001,0.200000,0.000000,0.198358,0.000000,0.001642,0.000000,1.983963,1.983963,0.413703,-0.000000,-0.000000,1,0
2.160002,0.200000,0.000000,0.198391,0.000000,0.001609,0.000000,1.984295,1.984295,0.416877,-0.000000,-0.000000,1,0
2.176002,0.200000,0.000000,0.198424,0.000000,0.001576,0.000000,1.984167,1.984167,0.420052,-0.000000,-0.000000,1,0
2.192002,0.200000,0.000000,0.198412,0.000000,0.001588,0.000000,1.984499,1.984499,0.423227,-0.000000,-0.000000,1,0
2.208002,0.200000,0.000000,0.198444,0.000000,0.001556,0.000000,1.984831,1.984831,0.426402,-0.000000,-0.000000,1,0
2.224002,0.200000,0.000000,0.198478,0.000000,0.001522,0.000000,1.984703,1.984703,0.429577,-0.000000,-0.000000,1,0
2.240002,0.200000,0.000000,0.198466,0.000000,0.001534,0.000000,1.985035,1.985035,0.432753,-0.000000,-0.000000,1,0
2.256002,0.200000,0.000000,0.198498,0.000000,0.001502,0.000000,1.985367,1.985367,0.435929,-0.000000,-0.000000,1,0
2.272002,0.200000,0.000000,0.198531,0.000000,0.001469,0.000000,1.985239,1.985239,0.439105,-0.000000,-0.000000,1,0
2.288002,0.200000,0.000000,0.198519,0.000000,0.001481,0.000000,1.985571,1.985571,0.442281,-0.000000,-0.000000,1,0
2.304002,0.200000,0.000000,0.198551,0.000000,0.001449,0.000000,1.985442,1.985442,0.445458,-0.000000,-0.000000,1,0
2.320002,0.200000,0.000000,0.198539,0.000000,0.001461,0.000000,1.985775,1.985775,0.448635,-0.000000,-0.000000,1,0
2.336002,0.200000,0.000000,0.198572,0.000000,0.001428,0.000000,1.986107,1.986107,0.451812,-0.000000,-0.000000,1,0
2.352002,0.200000,0.000000,0.198605,0.000000,0.001395,0.000000,1.985978,1.985978,0.454990,-0.000000,-0.000000,1,0
2.368002,0.200000,0.000000,0.198593,0.000000,0.001407,0.000000,1.986310,1.986310,0.458167,-0.000000,-0.000000,1,0
2.384002,0.200000,0.000000,0.198625,0.000000,0.001375,0.000000,1.986642,1.986642,0.461345,-0.000000,-0.000000,1,0
2.400002,0.200000,0.000000,0.198659,0.000000,0.001341,0.000000,1.986514,1.986514,0.464524,-0.000000,-0.000000,1,0
2.416002,0.200000,0.000000,0.198647,0.000000,0.001353,0.000000,1.986846,1.986846,0.467702,-0.000000,-0.000000,1,0
2.432002,0.200000,0.000000,0.198679,0.000000,0.001321,0.000000,1.986718,1.986718,0.470881,-0.000000,-0.000000,1,0
2.448002,0.200000,0.000000,0.198667,0.000000,0.001333,0.000000,1.987050,1.987050,0.474060,-0.000000,-0.000000,1,0
2.464002,0.200000,0.000000,0.198699,0.000000,0.001301,0.000000,1.987382,1.987382,0.477239,-0.000000,-0.000000,1,0
2.480002,0.200000,0.000000,0.198733,0.000000,0.001267,0.000000,1.987254,1.987254,0.480419,-0.000000,-0.000000,1,0
2.496002,0.200000,0.000000,0.198721,0.000000,0.001279,0.000000,1.987586,1.987586,0.483598,-0.000000,-0.000000,1,0
2.512002,0.200000,0.000000,0.198753,0.000000,0.001247,0.000000,1.987458,1.987458,0.486778,-0.000000,-0.000000,1,0
2.528002,0.200000,0.000000,0.198741,0.000000,0.001259,0.000000,1.987790,1.987790,0.489958,-0.000000,-0.000000,1,0
2.544002,0.200000,0.000000,0.198773,0.000000,0.001227,0.000000,1.988122,1.988122,0.493138,-0.000000,-0.000000,1,0
2.560002,0.200000,0.000000,0.198807,0.000000,0.001193,0.000000,1.987994,1.987994,0.496319,-0.000000,-0.000000,1,0
2.576002,0.200000,0.000000,0.198795,0.000000,0.001205,0.000000,1.988326,1.988326,0.499500,-0.000000,-0.000000,1,0
2.592002,0.200000,0.000000,0.198827,0.000000,0.001173,0.000000,1.988198,1.988198,0.502681,-0.000000,-0.000000,1,0
2.608002,0.200000,0.000000,0.198815,0.000000,0.001185,0.000000,1.988530,1.988530,0.505862,-0.000000,-0.000000,1,0
2.624002,0.200000,0.000000,0.198847,0.000000,0.001153,0.000000,1.988862,1.988862,0.509044,-0.000000,-0.000000,1,0
2.640002,0.200000,0.000000,0.198881,0.000000,0.001119,0.000000,1.988734,1.988734,0.512226,-0.000000,-0.000000,1,0
2.656003,0.200000,0.000000,0.198869,0.000000,0.001131,0.000000,1.989066,1.989066,0.515408,-0.000000,-0.000000,1,0
2.672003,0.200000,0.000000,0.198901,0.000000,0.001099,0.000000,1.988937,1.988937,0.518590,-0.000000,-0.000000,1,0
2.688003,0.200000,0.000000,0.198889,0.000000,0.001111,0.000000,1.989269,1.989269,0.521772,-0.000000,-0.000000,1,0
2.704003,0.200000,0.000000,0.198921,0.000000,0.001079,0.000000,1.989141,1.989141,0.524955,-0.000000,-0.000000,1,0
2.720003,0.200000,0.000000,0.198909,0.000000,0.001091,0.000000,1.989473,1.989473,0.528138,-0.000000,-0.000000,1,0
2.736003,0.200000,0.000000,0.198942,0.000000,0.001058,0.000000,1.989345,1.989345,0.531321,-0.000000,-0.000000,1,0
2.752003,0.200000,0.000000,0.198930,0.000000,0.001070,0.000000,1.989677,1.989677,0.534504,-0.000000,-0.000000,1,0
2.768003,0.200000,0.000000,0.198962,0.000000,0.001038,0.000000,1.990009,1.990009,0.537687,-0.000000,-0.000000,1,0
2.784003,0.200000,0.000000,0.198995,0.000000,0.001005,0.000000,1.989881,1.989881,0.540871,-0.000000,-0.000000,1,0
2.800003,0.200000,0.000000,0.198983,0.000000,0.001017,0.000000,1.990213,1.990213,0.544055,-0.000000,-0.000000,1,0
2.816003,0.200000,0.000000,0.199016,0.000000,0.000984,0.000000,1.990085,1.990085,0.547239,-0.000000,-0.000000,1,0
2.832003,0.200000,0.000000,0.199004,0.000000,0.000996,0.000000,1.990417,1.990417,0.550423,-0.000000,-0.000000,1,0
2.848003,0.200000,0.000000,0.199036,0.000000,0.000964,0.000000,1.990289,1.990289,0.553608,-0.000000,-0.000000,1,0
2.864003,0.200000,0.000000,0.199024,0.000000,0.000976,0.000000,1.990621,1.990621,0.556792,-0.000000,-0.000000,1,0
2.880003,0.200000,0.000000,0.199056,0.000000,0.000944,0.000000,1.990493,1.990493,0.559977,-0.000000,-0.000000,1,0
2.896003,0.200000,0.000000,0.199044,0.000000,0.000956,0.000000,1.990825,1.990825,0.563162,-0.000000,-0.000000,1,0
2.912003,0.200000,0.000000,0.199077,0.000000,0.000923,0.000000,1.990697,1.990697,0.566347,-0.000000,-0.000000,1,0
2.928003,0.200000,0.000000,0.199065,0.000000,0.000935,0.000000,1.991029,1.991029,0.569532,-0.000000,-0.000000,1,0
2.944003,0.200000,0.000000,0.199097,0.000000,0.000903,0.000000,1.990901,1.990901,0.572717,-0.000000,-0.000000,1,0
2.960003,0.200000,0.000000,0.199085,0.000000,0.000915,0.000000,1.991233,1.991233,0.575903,-0.000000,-0.000000,1,0
2.976003,0.200000,0.000000,0.199118,0.000000,0.000882,0.000000,1.991104,1.991104,0.579089,-0.000000,-0.000000,1,0
2.992003,0.200000,0.000000,0.199106,0.000000,0.000894,0.000000,1.991436,1.991436,0.582274,-0.000000,-0.000000,1,0
3.008003,0.200000,0.000000,0.199138,0.000000,0.000862,0.000000,1.991768,1.991768,0.585461,-0.000000,-0.000000,1,0
3.024003,0.200000,0.000000,0.199171,0.000000,0.000829,0.000000,1.991640,1.991640,0.588647,-0.000000,-0.000000,1,0
3.040003,0.200000,0.000000,0.199159,0.000000,0.000841,0.000000,1.991972,1.991972,0.591834,-0.000000,-0.000000,1,0
3.056003,0.200000,0.000000,0.199192,0.000000,0.000808,0.000000,1.991844,1.991844,0.595021,-0.000000,-0.000000,1,0
3.072003,0.200000,0.000000,0.199180,0.000000,0.000820,0.000000,1.992176,1.992176,0.598208,-0.000000,-0.000000,1,0
3.088003,0.200000,0.000000,0.199212,0.000000,0.000788,0.000000,1.992048,1.992048,0.601395,-0.000000,-0.000000,1,0
3.104003,0.200000,0.000000,0.199200,0.000000,0.000800,0.000000,1.992380,1.992380,0.604582,-0.000000,-0.000000,1,0
3.120003,0.200000,0.000000,0.199232,0.000000,0.000768,0.000000,1.992252,1.992252,0.607770,-0.000000,-0.000000,1,0
3.136003,0.200000,0.000000,0.199220,0.000000,0.000780,0.000000,1.992584,1.992584,0.610958,-0.000000,-0.000000,1,0
3.152004,0.200000,0.000000,0.199253,0.000000,0.000747,0.000000,1.992456,1.992456,0.614146,-0.000000,-0.000000,1,0
3.168004,0.200000,0.000000,0.199241,0.000000,0.000759,0.000000,1.992788,1.992788,0.617334,-0.000000,-0.000000,1,0
3.184004,0.200000,0.000000,0.199273,0.000000,0.000727,0.000000,1.992660,1.992660,0.620522,-0.000000,-0.000000,1,0
3.200004,0.200000,0.000000,0.199261,0.000000,0.000739,0.000000,1.992532,1.992532,0.623710,-0.000000,-0.000000,1,0
3.216004,0.200000,0.000000,0.199248,0.000000,0.000752,0.000000,1.992864,1.992864,0.626898,-0.000000,-0.000000,1,0
3.232004,0.200000,0.000000,0.199281,0.000000,0.000719,0.000000,1.992736,1.992736,0.630087,-0.000000,-0.000000,1,0
3.248004,0.200000,0.000000,0.199269,0.000000,0.000731,0.000000,1.993068,1.993068,0.633275,-0.000000,-0.000000,1,0
3.264004,0.200000,0.000000,0.199301,0.000000,0.000699,0.000000,1.992939,1.992939,0.636464,-0.000000,-0.000000,1,0
3.280004,0.200000,0.000000,0.199289,0.000000,0.000711,0.000000,1.993271,1.993271,0.639652,-0.000000,-0.000000,1,0
3.296004,0.200000,0.000000,0.199321,0.000000,0.000679,0.000000,1.993143,1.993143,0.642841,-0.000000,-0.000000,1,0
3.312004,0.200000,0.000000,0.199309,0.000000,0.000691,0.000000,1.993475,1.993475,0.646030,-0.000000,-0.000000,1,0
3.328004,0.200000,0.000000,0.199342,0.000000,0.000658,0.000000,1.993347,1.993347,0.649220,-0.000000,-0.000000,1,0
3.344004,0.200000,0.000000,0.199330,0.000000,0.000670,0.000000,1.993679,1.993679,0.652409,-0.000000,-0.000000,1,0
3.360004,0.200000,0.000000,0.199362,0.000000,0.000638,0.000000,1.993551,1.993551,0.655599,-0.000000,-0.000000,1,0
3.376004,0.200000,0.000000,0.199350,0.000000,0.000650,0.000000,1.993883,1.993883,0.658789,-0.000000,-0.000000,1,0
3.392004,0.200000,0.000000,0.199383,0.000000,0.000617,0.000000,1.993755,1.993755,0.661979,-0.000000,-0.000000,1,0
3.408004,0.200000,0.000000,0.199371,0.000000,0.000629,0.000000,1.994087,1.994087,0.665169,-0.000000,-0.000000,1,0
3.424004,0.200000,0.000000,0.199403,0.000000,0.000597,0.000000,1.993959,1.993959,0.668359,-0.000000,-0.000000,1,0
3.440004,0.200000,0.000000,0.199391,0.000000,0.000609,0.000000,1.994291,1.994291,0.671549,-0.000000,-0.000000,1,0
3.456004,0.200000,0.000000,0.199423,0.000000,0.000577,0.000000,1.994163,1.994163,0.674740,-0.000000,-0.000000,1,0
3.472004,0.200000,0.000000,0.199411,0.000000,0.000589,0.000000,1.994034,1.994034,0.677931,-0.000000,-0.000000,1,0
3.488004,0.200000,0.000000,0.199399,0.000000,0.000601,0.000000,1.994367,1.994367,0.681121,-0.000000,-0.000000,1,0
3.504004,0.200000,0.000000,0.199431,0.000000,0.000569,0.000000,1.994238,1.994238,0.684312,-0.000000,-0.000000,1,0
3.520004,0.200000,0.000000,0.199419,0.000000,0.000581,0.000000,1.994570,1.994570,0.687503,-0.000000,-0.000000,1,0
3.536004,0.200000,0.000000,0.199451,0.000000,0.000549,0.000000,1.994442,1.994442,0.690694,-0.000000,-0.000000,1,0
3.552004,0.200000,0.000000,0.199439,0.000000,0.000561,0.000000,1.994774,1.994774,0.693885,-0.000000,-0.000000,1,0
3.568004,0.200000,0.000000,0.199472,0.000000,0.000528,0.000000,1.994646,1.994646,0.697076,-0.000000,-0.000000,1,0
3.584004,0.200000,0.000000,0.199460,0.000000,0.000540,0.000000,1.994978,1.994978,0.700268,-0.000000,-0.000000,1,0
3.600004,0.200000,0.000000,0.199492,0.000000,0.000508,0.000000,1.994850,1.994850,0.703460,-0.000000,-0.000000,1,0
3.616004,0.200000,0.000000,0.199480,0.000000,0.000520,0.000000,1.995182,1.995182,0.706651,-0.000000,-0.000000,1,0
3.632004,0.200000,0.000000,0.199512,0.000000,0.000488,0.000000,1.995054,1.995054,0.709844,-0.000000,-0.000000,1,0
3.648005,0.200000,0.000000,0.199501,0.000000,0.000499,0.000000,1.994926,1.994926,0.713036,-0.000000,-0.000000,1,0
3.664005,0.200000,0.000000,0.199488,0.000000,0.000512,0.000000,1.995258,1.995258,0.716227,-0.000000,-0.000000,1,0
3.680005,0.200000,0.000000,0.199520,0.000000,0.000480,0.000000,1.995130,1.995130,0.719420,-0.000000,-0.000000,1,0
3.696005,0.200000,0.000000,0.199508,0.000000,0.000492,0.000000,1.995462,1.995462,0.722612,-0.000000,-0.000000,1,0
3.712005,0.200000,0.000000,0.199540,0.000000,0.000460,0.000000,1.995333,1.995333,0.725804,-0.000000,-0.000000,1,0
3.728005,0.200000,0.000000,0.199528,0.000000,0.000472,0.000000,1.995665,1.995665,0.728997,-0.000000,-0.000000,1,0
3.744005,0.200000,0.000000,0.199561,0.000000,0.000439,0.000000,1.995537,1.995537,0.732190,-0.000000,-0.000000,1,0
3.760005,0.200000,0.000000,0.199549,0.000000,0.000451,0.000000,1.995409,1.995409,0.735383,-0.000000,-0.000000,1,0
3.776005,0.200000,0.000000,0.199536,0.000000,0.000464,0.000000,1.995741,1.995741,0.738575,-0.000000,-0.000000,1,0
3.792005,0.200000,0.000000,0.199568,0.000000,0.000432,0.000000,1.995613,1.995613,0.741768,-0.000000,-0.000000,1,0
3.808005,0.200000,0.000000,0.199556,0.000000,0.000444,0.000000,1.995945,1.995945,0.744961,-0.000000,-0.000000,1,0
3.824005,0.200000,0.000000,0.199589,0.000000,0.000411,0.000000,1.995817,1.995817,0.748155,-0.000000,-0.000000,1,0
3.840005,0.200000,0.000000,0.199577,0.000000,0.000423,0.000000,1.996149,1.996149,0.751348,-0.000000,-0.000000,1,0
3.856005,0.200000,0.000000,0.199609,0.000000,0.000391,0.000000,1.996021,1.996021,0.754542,-0.000000,-0.000000,1,0
3.872005,0.200000,0.000000,0.199597,0.000000,0.000403,0.000000,1.995893,1.995893,0.757735,-0.000000,-0.000000,1,0
3.888005,0.200000,0.000000,0.199584,0.000000,0.000416,0.000000,1.996225,1.996225,0.760929,-0.000000,-0.000000,1,0
3.904005,0.200000,0.000000,0.199617,0.000000,0.000383,0.000000,1.996096,1.996096,0.764122,-0.000000,-0.000000,1,0
3.920005,0.200000,0.000000,0.199605,0.000000,0.000395,0.000000,1.996428,1.996428,0.767316,-0.000000,-0.000000,1,0
3.936005,0.200000,0.000000,0.199637,0.000000,0.000363,0.000000,1.996300,1.996300,0.770510,-0.000000,-0.000000,1,0
3.952005,0.200000,0.000000,0.199625,0.000000,0.000375,0.000000,1.996172,1.996172,0.773704,-0.000000,-0.000000,1,0
3.968005,0.200000,0.000000,0.199612,0.000000,0.000388,0.000000,1.996504,1.996504,0.776898,-0.000000,-0.000000,1,0
3.984005,0.200000,0.000000,0.199645,0.000000,0.000355,0.000000,1.996376,1.996376,0.780092,-0.000000,-0.000000,1,0
4.000005,0.200000,0.000000,0.199633,0.000000,0.000367,0.000000,1.996708,1.996708,0.783286,-0.000000,-0.000000,1,0
4.016005,0.200000,0.000000,0.199665,0.000000,0.000335,0.000000,1.996580,1.996580,0.786481,-0.000000,-0.000000,1,0
4.032005,0.200000,0.000000,0.199653,0.000000,0.000347,0.000000,1.996452,1.996452,0.789676,-0.000000,-0.000000,1,0
4.048005,0.200000,0.000000,0.199640,0.000000,0.000360,0.000000,1.996784,1.996784,0.792870,-0.000000,-0.000000,1,0
4.064004,0.200000,0.000000,0.199673,0.000000,0.000327,0.000000,1.996656,1.996656,0.796065,-0.000000,-0.000000,1,0
4.080004,0.200000,0.000000,0.199661,0.000000,0.000339,0.000000,1.996988,1.996988,0.799259,-0.000000,-0.000000,1,0
4.096004,0.200000,0.000000,0.199693,0.000000,0.000307,0.000000,1.996860,1.996860,0.802454,-0.000000,-0.000000,1,0
4.112004,0.200000,0.000000,0.199681,0.000000,0.000319,0.000000,1.997192,1.997192,0.805649,-0.000000,-0.000000,1,0
4.128004,0.200000,0.000000,0.199713,0.000000,0.000287,0.000000,1.997064,1.997064,0.808845,-0.000000,-0.000000,1,0
4.144003,0.200000,0.000000,0.199701,0.000000,0.000299,0.000000,1.996935,1.996935,0.812040,-0.000000,-0.000000,1,0
4.160003,0.200000,0.000000,0.199689,0.000000,0.000311,0.000000,1.997267,1.997267,0.815235,-0.000000,-0.000000,1,0
4.176003,0.200000,0.000000,0.199721,0.000000,0.000279,0.000000,1.997139,1.997139,0.818430,-0.000000,-0.000000,1,0
4.192003,0.200000,0.000000,0.199709,0.000000,0.000291,0.000000,1.997011,1.997011,0.821626,-0.000000,-0.000000,1,0
4.208003,0.200000,0.000000,0.199696,0.000000,0.000304,0.000000,1.997343,1.997343,0.824821,-0.000000,-0.000000,1,0
4.224002,0.200000,0.000000,0.199728,0.000000,0.000272,0.000000,1.997215,1.997215,0.828016,-0.000000,-0.000000,1,0
4.240002,0.200000,0.000000,0.199717,0.000000,0.000283,0.000000,1.997547,1.997547,0.831212,-0.000000,-0.000000,1,0
4.256002,0.200000,0.000000,0.199749,0.000000,0.000251,0.000000,1.997419,1.997419,0.834408,-0.000000,-0.000000,1,0
4.272002,0.200000,0.000000,0.199737,0.000000,0.000263,0.000000,1.997291,1.997291,0.837604,-0.000000,-0.000000,1,0
4.288002,0.200000,0.000000,0.199724,0.000000,0.000276,0.000000,1.997623,1.997623,0.840799,-0.000000,-0.000000,1,0
4.304001,0.200000,0.000000,0.199756,0.000000,0.000244,0.000000,1.997494,1.997494,0.843995,-0.000000,-0.000000,1,0
4.320001,0.200000,0.000000,0.199745,0.000000,0.000255,0.000000,1.997827,1.997827,0.847191,-0.000000,-0.000000,1,0
4.336001,0.200000,0.000000,0.199777,0.000000,0.000223,0.000000,1.997698,1.997698,0.850388,-0.000000,-0.000000,1,0
4.352001,0.200000,0.000000,0.199765,0.000000,0.000235,0.000000,1.997570,1.997570,0.853584,-0.000000,-0.000000,1,0
4.368001,0.200000,0.000000,0.199752,0.000000,0.000248,0.000000,1.997902,1.997902,0.856780,-0.000000,-0.000000,1,0
4.384000,0.200000,0.000000,0.199784,0.000000,0.000216,0.000000,1.997774,1.997774,0.859977,-0.000000,-0.000000,1,0
4.400000,0.200000,0.000000,0.199772,0.000000,0.000228,0.000000,1.998106,1.998106,0.863173,-0.000000,-0.000000,1,0
4.416000,0.200000,0.000000,0.199805,0.000000,0.000195,0.000000,1.997978,1.997978,0.866370,-0.000000,-0.000000,1,0
4.432000,0.200000,0.000000,0.199793,0.000000,0.000207,0.000000,1.997850,1.997850,0.869566,-0.000000,-0.000000,1,0
4.447999,0.200000,0.000000,0.199780,0.000000,0.000220,0.000000,1.998182,1.998182,0.872763,-0.000000,-0.000000,1,0
4.463999,0.200000,0.000000,0.199812,0.000000,0.000188,0.000000,1.998054,1.998054,0.875960,-0.000000,-0.000000,1,0
4.479999,0.200000,0.000000,0.199800,0.000000,0.000200,0.000000,1.997926,1.997926,0.879157,-0.000000,-0.000000,1,0
4.495999,0.200000,0.000000,0.199788,0.000000,0.000212,0.000000,1.998258,1.998258,0.882353,-0.000000,-0.000000,1,0
4.511999,0.200000,0.000000,0.199820,0.000000,0.000180,0.000000,1.998129,1.998129,0.885550,-0.000000,-0.000000,1,0
4.527998,0.200000,0.000000,0.199808,0.000000,0.000192,0.000000,1.998461,1.998461,0.888747,-0.000000,-0.000000,1,0
4.543998,0.200000,0.000000,0.199840,0.000000,0.000160,0.000000,1.998333,1.998333,0.891945,-0.000000,-0.000000,1,0
4.559998,0.200000,0.000000,0.199828,0.000000,0.000172,0.000000,1.998205,1.998205,0.895142,-0.000000,-0.000000,1,0
4.575998,0.200000,0.000000,0.199816,0.000000,0.000184,0.000000,1.998537,1.998537,0.898339,-0.000000,-0.000000,1,0
4.591998,0.200000,0.000000,0.199848,0.000000,0.000152,0.000000,1.998409,1.998409,0.901537,-0.000000,-0.000000,1,0
4.607997,0.200000,0.000000,0.199836,0.000000,0.000164,0.000000,1.998281,1.998281,0.904734,-0.000000,-0.000000,1,0
4.623997,0.200000,0.000000,0.199823,0.000000,0.000177,0.000000,1.998613,1.998613,0.907931,-0.000000,-0.000000,1,0
4.639997,0.200000,0.000000,0.199855,0.000000,0.000145,0.000000,1.998485,1.998485,0.911129,-0.000000,-0.000000,1,0
4.655997,0.200000,0.000000,0.199844,0.000000,0.000156,0.000000,1.998357,1.998357,0.914326,-0.000000,-0.000000,1,0
4.671997,0.200000,0.000000,0.199831,0.000000,0.000169,0.000000,1.998689,1.998689,0.917524,-0.000000,-0.000000,1,0
4.687996,0.200000,0.000000,0.199863,0.000000,0.000137,0.000000,1.998560,1.998560,0.920722,-0.000000,-0.000000,1,0
4.703996,0.200000,0.000000,0.199851,0.000000,0.000149,0.000000,1.998893,1.998893,0.923919,-0.000000,-0.000000,1,0
4.719996,0.200000,0.000000,0.199883,0.000000,0.000117,0.000000,1.998764,1.998764,0.927117,-0.000000,-0.000000,1,0
4.735996,0.200000,0.000000,0.199872,0.000000,0.000128,0.000000,1.998636,1.998636,0.930315,-0.000000,-0.000000,1,0
4.751996,0.200000,0.000000,0.199859,0.000000,0.000141,0.000000,1.998968,1.998968,0.933513,-0.000000,-0.000000,1,0
4.767995,0.200000,0.000000,0.199891,0.000000,0.000109,0.000000,1.998840,1.998840,0.936711,-0.000000,-0.000000,1,0
4.783995,0.200000,0.000000,0.199879,0.000000,0.000121,0.000000,1.998712,1.998712,0.939909,-0.000000,-0.000000,1,0
4.799995,0.200000,0.000000,0.199866,0.000000,0.000134,0.000000,1.999044,1.999044,0.943107,-0.000000,-0.000000,1,0
4.815995,0.200000,0.000000,0.199899,0.000000,0.000101,0.000000,1.998916,1.998916,0.946306,-0.000000,-0.000000,1,0
4.831995,0.200000,0.000000,0.199887,0.000000,0.000113,0.000000,1.998788,1.998788,0.949504,-0.000000,-0.000000,1,0
4.847994,0.200000,0.000000,0.199874,0.000000,0.000126,0.000000,1.999120,1.999120,0.952702,-0.000000,-0.000000,1,0
4.863994,0.200000,0.000000,0.199906,0.000000,0.000094,0.000000,1.998991,1.998991,0.955900,-0.000000,-0.000000,1,0
4.879994,0.200000,0.000000,0.199894,0.000000,0.000106,0.000000,1.999323,1.999323,0.959099,-0.000000,-0.000000,1,0
4.895994,0.200000,0.000000,0.199927,0.000000,0.000073,0.000000,1.999195,1.999195,0.962297,-0.000000,-0.000000,1,0
4.911994,0.200000,0.000000,0.199915,0.000000,0.000085,0.000000,1.999067,1.999067,0.965496,-0.000000,-0.000000,1,0
4.927993,0.200000,0.000000,0.199902,0.000000,0.000098,0.000000,1.999399,1.999399,0.968694,-0.000000,-0.000000,1,0
4.943993,0.200000,0.000000,0.199934,0.000000,0.000066,0.000000,1.999271,1.999271,0.971893,-0.000000,-0.000000,1,0
4.959993,0.200000,0.000000,0.199922,0.000000,0.000078,0.000000,1.999143,1.999143,0.975092,-0.000000,-0.000000,1,0
4.975993,0.200000,0.000000,0.199909,0.000000,0.000091,0.000000,1.999475,1.999475,0.978291,-0.000000,-0.000000,1,0
4.991992,0.200000,0.000000,0.199942,0.000000,0.000058,0.000000,1.999347,1.999347,0.981490,-0.000000,-0.000000,1,0
5.007992,0.200000,0.000000,0.199930,0.000000,0.000070,0.000000,1.999219,1.999219,0.984689,-0.000000,-0.000000,1,0
5.023992,0.000000,0.000000,0.199917,0.000000,-0.199917,0.000000,0.064351,0.064351,0.987887,-0.000000,-0.000000,1,0
5.039992,0.000000,0.000000,0.045795,0.000000,-0.045795,0.000000,0.063430,0.063430,0.988620,-0.000000,-0.000000,1,0
5.055992,0.000000,0.000000,0.006067,0.000000,-0.006067,0.000000,0.062970,0.062970,0.988717,-0.000000,-0.000000,1,0
5.071991,0.000000,0.000000,0.005412,0.000000,-0.005412,0.000000,0.062510,0.062510,0.988804,-0.000000,-0.000000,1,0
5.087991,0.000000,0.000000,0.005529,0.000000,-0.005529,0.000000,0.061590,0.061590,0.988892,-0.000000,-0.000000,1,0
5.103991,0.000000,0.000000,0.005581,0.000000,-0.005581,0.000000,0.061129,0.061129,0.988981,-0.000000,-0.000000,1,0
5.119991,0.000000,0.000000,0.005649,0.000000,-0.005649,0.000000,0.060669,0.060669,0.989072,-0.000000,-0.000000,1,0
5.135991,0.000000,0.000000,0.005695,0.000000,-0.005695,0.000000,0.060209,0.060209,0.989163,-0.000000,-0.000000,1,0
5.151990,0.000000,0.000000,0.005723,0.000000,-0.005723,0.000000,0.059289,0.059289,0.989254,-0.000000,-0.000000,1,0
5.167990,0.000000,0.000000,0.005690,0.000000,-0.005690,0.000000,0.058828,0.058828,0.989345,-0.000000,-0.000000,1,0
5.183990,0.000000,0.000000,0.005690,0.000000,-0.005690,0.000000,0.058368,0.058368,0.989437,-0.000000,-0.000000,1,0
5.199990,0.000000,0.000000,0.005682,0.000000,-0.005682,0.000000,0.057908,0.057908,0.989527,-0.000000,-0.000000,1,0
5.215990,0.000000,0.000000,0.005666,0.000000,-0.005666,0.000000,0.056988,0.056988,0.989618,-0.000000,-0.000000,1,0
5.231989,0.000000,0.000000,0.005599,0.000000,-0.005599,0.000000,0.056528,0.056528,0.989708,-0.000000,-0.000000,1,0
5.247989,0.000000,0.000000,0.005571,0.000000,-0.005571,0.000000,0.056067,0.056067,0.989797,-0.000000,-0.000000,1,0
5.263989,0.000000,0.000000,0.005540,0.000000,-0.005540,0.000000,0.055607,0.055607,0.989885,-0.000000,-0.000000,1,0
5.279989,0.000000,0.000000,0.005506,0.000000,-0.005506,0.000000,0.055147,0.055147,0.989974,-0.000000,-0.000000,1,0
5.295989,0.000000,0.000000,0.005470,0.000000,-0.005470,0.000000,0.054687,0.054687,0.990061,-0.000000,-0.000000,1,0
5.311988,0.000000,0.000000,0.005432,0.000000,-0.005432,0.000000,0.053766,0.053766,0.990148,-0.000000,-0.000000,1,0
5.327988,0.000000,0.000000,0.005347,0.000000,-0.005347,0.000000,0.053306,0.053306,0.990234,-0.000000,-0.000000,1,0
5.343988,0.000000,0.000000,0.005305,0.000000,-0.005305,0.000000,0.052846,0.052846,0.990318,-0.000000,-0.000000,1,0
5.359988,0.000000,0.000000,0.005263,0.000000,-0.005263,0.000000,0.052386,0.052386,0.990403,-0.000000,-0.000000,1,0
5.375988,0.000000,0.000000,0.005220,0.000000,-0.005220,0.000000,0.051926,0.051926,0.990486,-0.000000,-0.000000,1,0
5.391987,0.000000,0.000000,0.005177,0.000000,-0.005177,0.000000,0.051465,0.051465,0.990569,-0.000000,-0.000000,1,0
5.407987,0.000000,0.000000,0.005133,0.000000,-0.005133,0.000000,0.051005,0.051005,0.990651,-0.000000,-0.000000,1,0
5.423987,0.000000,0.000000,0.005089,0.000000,-0.005089,0.000000,0.050545,0.050545,0.990733,-0.000000,-0.000000,1,0
5.439987,0.000000,0.000000,0.005044,0.000000,-0.005044,0.000000,0.050085,0.050085,0.990813,-0.000000,-0.000000,1,0
5.455986,0.000000,0.000000,0.004999,0.000000,-0.004999,0.000000,0.049625,0.049625,0.990893,-0.000000,-0.000000,1,0
5.471986,0.000000,0.000000,0.004954,0.000000,-0.004954,0.000000,0.049164,0.049164,0.990972,-0.000000,-0.000000,1,0
5.487986,0.000000,0.000000,0.004908,0.000000,-0.004908,0.000000,0.048704,0.048704,0.991051,-0.000000,-0.000000,1,0
5.503986,0.000000,0.000000,0.004863,0.000000,-0.004863,0.000000,0.048244,0.048244,0.991129,-0.000000,-0.000000,1,0
5.519986,0.000000,2.000000,0.004817,0.000000,-0.004817,2.000000,-1.004216,1.099784,0.991206,-0.000000,-0.000000,1,0
5.535985,0.000000,2.000000,0.000079,2.109224,-0.000079,-0.109224,-1.001181,1.095829,0.991207,-0.000000,0.018743,1,0
5.551985,0.000000,2.000000,0.001861,2.061286,-0.001861,-0.061286,-0.999910,1.093177,0.991237,-0.000000,0.048426,1,0
5.567985,0.000000,2.000000,0.004617,2.109224,-0.004617,-0.109224,-0.996875,1.089222,0.991311,0.000002,0.078891,1,0
5.583985,0.000000,2.000000,0.004627,2.109224,-0.004627,-0.109224,-0.993840,1.085266,0.991385,0.000007,0.109262,1,0
5.599985,0.000000,2.000000,0.004578,2.061287,-0.004578,-0.061287,-0.992109,1.083075,0.991458,0.000014,0.139536,1,0
5.615984,0.000000,2.000000,0.004551,2.061286,-0.004551,-0.061286,-0.990838,1.080424,0.991530,0.000024,0.169753,1,0
5.631984,0.000000,2.000000,0.004479,2.061287,-0.004479,-0.061287,-0.989107,1.078232,0.991601,0.000035,0.199911,1,0
5.647984,0.000000,2.000000,0.004451,2.109224,-0.004451,-0.109224,-0.986072,1.074277,0.991670,0.000048,0.230011,1,0
5.663984,0.000000,2.000000,0.004403,2.013350,-0.004403,-0.013350,-0.986105,1.073390,0.991739,0.000064,0.260005,1,0
5.679984,0.000000,2.000000,0.004354,2.109224,-0.004354,-0.109224,-0.983070,1.069434,0.991807,0.000081,0.289984,1,0
5.695983,0.000000,2.000000,0.004306,2.013350,-0.004306,-0.013350,-0.983103,1.068547,0.991873,0.000100,0.319858,1,0
5.711983,0.000000,2.000000,0.004259,2.061287,-0.004259,-0.061287,-0.981372,1.066356,0.991938,0.000121,0.349717,1,0
5.727983,0.000000,2.000000,0.004234,2.061286,-0.004234,-0.061286,-0.980101,1.063704,0.992001,0.000144,0.379515,1,0
5.743983,0.000000,2.000000,0.004165,2.061287,-0.004165,-0.061287,-0.978370,1.061513,0.992063,0.000169,0.409255,1,0
5.759983,0.000000,2.000000,0.004141,2.013350,-0.004141,-0.013350,-0.978403,1.060625,0.992124,0.000195,0.438935,1,0
5.775982,0.000000,2.000000,0.004096,2.061287,-0.004096,-0.061287,-0.976672,1.058434,0.992183,0.000223,0.468600,1,0
5.791982,0.000000,2.000000,0.004072,2.013350,-0.004072,-0.013350,-0.976705,1.057547,0.992242,0.000252,0.498207,1,0
5.807982,0.000000,2.000000,0.004027,2.013350,-0.004027,-0.013350,-0.976738,1.056659,0.992298,0.000283,0.527800,1,0
5.823982,0.000000,2.000000,0.003981,2.061287,-0.003981,-0.061287,-0.975007,1.054468,0.992353,0.000316,0.557380,1,0
5.839982,0.000000,2.000000,0.003958,2.013350,-0.003958,-0.013350,-0.975040,1.053581,0.992407,0.000349,0.586902,1,0
5.855981,0.000000,2.000000,0.003913,2.013350,-0.003913,-0.013350,-0.975073,1.052693,0.992459,0.000384,0.616410,1,0
5.871981,0.000000,2.000000,0.003867,2.061287,-0.003867,-0.061287,-0.973342,1.050502,0.992509,0.000420,0.645906,1,0
5.887981,0.000000,2.000000,0.003844,2.013350,-0.003844,-0.013350,-0.973375,1.049615,0.992558,0.000457,0.675344,1,0
5.903981,0.000000,2.000000,0.003798,2.013350,-0.003798,-0.013350,-0.973408,1.048727,0.992605,0.000496,0.704769,1,0
5.919981,0.000000,2.000000,0.003753,2.061287,-0.003753,-0.061287,-0.971677,1.046536,0.992651,0.000535,0.734181,1,0
5.935980,0.000000,2.000000,0.003729,1.965413,-0.003729,0.034587,-0.973014,1.047413,0.992695,0.000575,0.763536,1,0
5.951980,0.000000,2.000000,0.003706,2.013350,-0.003706,-0.013350,-0.973047,1.046525,0.992737,0.000616,0.792923,1,0
5.967980,0.000000,2.000000,0.003660,2.013350,-0.003660,-0.013350,-0.973080,1.045638,0.992778,0.000658,0.822297,1,0
5.983980,0.000000,2.000000,0.003614,2.061287,-0.003614,-0.061287,-0.971349,1.043447,0.992817,0.000701,0.851659,1,0
5.999979,0.000000,2.000000,0.003591,2.013350,-0.003591,-0.013350,-0.971382,1.042559,0.992855,0.000744,0.880963,1,0
6.015979,0.000000,2.000000,0.003550,1.965413,-0.003550,0.034587,-0.972719,1.043436,0.992891,0.000788,0.910255,1,0
6.031979,0.000000,2.000000,0.003521,2.013350,-0.003521,-0.013350,-0.972752,1.042549,0.992925,0.000833,0.939579,1,0
6.047979,0.000000,2.000000,0.003486,2.061287,-0.003486,-0.061287,-0.971021,1.040357,0.992957,0.000878,0.968890,1,0
6.063979,0.000000,2.000000,0.003482,2.013350,-0.003482,-0.013350,-0.971054,1.039470,0.992989,0.000925,0.998153,1,0
6.079978,0.000000,2.000000,0.003437,1.965413,-0.003437,0.034587,-0.972391,1.040347,0.993018,0.000971,1.027404,1,0
6.095978,0.000000,2.000000,0.003413,2.061287,-0.003413,-0.061287,-0.970660,1.038155,0.993046,0.001018,1.056687,1,0
6.111978,0.000000,2.000000,0.003390,2.013350,-0.003390,-0.013350,-0.970693,1.037268,0.993072,0.001065,1.085913,1,0
6.127978,0.000000,2.000000,0.003344,1.965413,-0.003344,0.034587,-0.972029,1.038145,0.993097,0.001113,1.115126,1,0
6.143978,0.000000,2.000000,0.003320,2.013350,-0.003320,-0.013350,-0.972062,1.037257,0.993120,0.001161,1.144372,1,0
6.159977,0.000000,2.000000,0.003274,2.061287,-0.003274,-0.061287,-0.970331,1.035066,0.993142,0.001208,1.173604,1,0
6.175977,0.000000,2.000000,0.003250,1.965413,-0.003250,0.034587,-0.971668,1.035943,0.993161,0.001256,1.202780,1,0
6.191977,0.000000,2.000000,0.003226,2.013350,-0.003226,-0.013350,-0.971701,1.035055,0.993180,0.001305,1.231988,1,0
6.207977,0.000000,2.000000,0.003180,1.965413,-0.003180,0.034587,-0.973038,1.035932,0.993196,0.001353,1.261183,1,0
6.223977,0.000000,2.000000,0.003156,2.061287,-0.003156,-0.061287,-0.971307,1.033741,0.993212,0.001401,1.290410,1,0
6.239976,0.000000,2.000000,0.003132,2.013350,-0.003132,-0.013350,-0.971340,1.032853,0.993225,0.001449,1.319580,1,0
6.255976,0.000000,2.000000,0.003086,1.965413,-0.003086,0.034587,-0.972677,1.033730,0.993237,0.001497,1.348738,1,0
6.271976,0.000000,2.000000,0.003062,2.013350,-0.003062,-0.013350,-0.972710,1.032843,0.993248,0.001545,1.377927,1,0
6.287976,0.000000,2.000000,0.003016,2.013350,-0.003016,-0.013350,-0.972283,1.032416,0.993257,0.001592,1.407104,1,0
6.303976,0.000000,0.000000,0.003014,2.013350,-0.003014,-2.013350,0.079684,-0.020472,0.993264,0.001640,1.436269,1,0
6.319975,0.000000,0.000000,0.000050,-0.143811,-0.000050,0.143811,0.074852,-0.016100,0.993265,0.001641,1.436266,1,0
6.335975,0.000000,0.000000,0.000390,-0.047937,-0.000390,0.047937,0.073088,-0.014796,0.993266,0.001647,1.435535,1,0
6.351975,0.000000,0.000000,0.001672,-0.095874,-0.001672,0.095874,0.069560,-0.012188,0.993270,0.001673,1.434396,1,0
6.367975,0.000000,0.000000,0.002176,-0.095874,-0.002176,0.095874,0.066492,-0.009120,0.993276,0.001708,1.433180,1,0
6.383975,0.000000,0.000000,0.002240,-0.095874,-0.002240,0.095874,0.062964,-0.006513,0.993282,0.001743,1.432057,1,0
6.399974,0.000000,0.000000,0.002239,-0.047937,-0.002239,0.047937,0.061200,-0.005209,0.993289,0.001778,1.431030,1,0
6.415974,0.000000,0.000000,0.002232,-0.047937,-0.002232,0.047937,0.059436,-0.003905,0.993295,0.001813,1.430053,1,0
6.431974,0.000000,0.000000,0.002228,-0.047937,-0.002228,0.047937,0.057672,-0.002601,0.993301,0.001848,1.429126,1,0
6.447974,0.000000,0.000000,0.002226,-0.095874,-0.002226,0.095874,0.054143,0.000007,0.993307,0.001884,1.428246,1,0
6.463974,0.000000,0.000000,0.002230,-0.047937,-0.002230,0.047937,0.052379,0.001311,0.993313,0.001919,1.427458,1,0
6.479973,0.000000,0.000000,0.002229,-0.047937,-0.002229,0.047937,0.050615,0.002615,0.993319,0.001954,1.426717,1,0
6.495973,0.000000,0.000000,0.002229,-0.047937,-0.002229,0.047937,0.048851,0.003918,0.993325,0.001989,1.426023,1,0
6.511973,0.000000,0.000000,0.002231,-0.047937,-0.002231,0.047937,0.047087,0.005222,0.993331,0.002024,1.425374,1,0
6.527973,0.000000,0.000000,0.002233,-0.047937,-0.002233,0.047937,0.045323,0.006526,0.993337,0.002059,1.424772,1,0
6.543972,0.000000,0.000000,0.002235,-0.047937,-0.002235,0.047937,0.043559,0.007830,0.993344,0.002095,1.424215,1,0
6.559972,0.000000,0.000000,0.002238,-0.047937,-0.002238,0.047937,0.041795,0.009134,0.993350,0.002130,1.423703,1,0
6.575972,0.000000,0.000000,0.002241,0.000000,-0.002241,0.000000,0.041335,0.008674,0.993355,0.002165,1.423237,1,0
6.591972,0.000000,0.000000,0.002194,0.000000,-0.002194,0.000000,0.041335,0.008674,0.993361,0.002200,1.422771,1,0
6.607972,0.000000,0.000000,0.002192,-0.047937,-0.002192,0.047937,0.039571,0.009978,0.993367,0.002234,1.422306,1,0
6.623971,0.000000,0.000000,0.002197,-0.047937,-0.002197,0.047937,0.037807,0.011282,0.993373,0.002269,1.421885,1,0
6.639971,0.000000,0.000000,0.002201,-0.047937,-0.002201,0.047937,0.036042,0.012585,0.993379,0.002304,1.421509,1,0
6.655971,0.000000,0.000000,0.002205,0.000000,-0.002205,0.000000,0.035582,0.012125,0.993385,0.002339,1.421178,1,0
6.671971,0.000000,0.000000,0.002159,0.000000,-0.002159,0.000000,0.035582,0.012125,0.993390,0.002373,1.420847,1,0
6.687971,0.000000,0.000000,0.002157,-0.047937,-0.002157,0.047937,0.033818,0.013429,0.993396,0.002407,1.420516,1,0
6.703970,0.000000,0.000000,0.002163,-0.047937,-0.002163,0.047937,0.032054,0.014733,0.993402,0.002441,1.420230,1,0
6.719970,0.000000,0.000000,0.002167,0.000000,-0.002167,0.000000,0.031594,0.014273,0.993407,0.002475,1.419988,1,0
6.735970,0.000000,0.000000,0.002121,0.000000,-0.002121,0.000000,0.031594,0.014273,0.993413,0.002509,1.419747,1,0
6.751970,0.000000,0.000000,0.002120,-0.047937,-0.002120,0.047937,0.029830,0.015577,0.993419,0.002542,1.419506,1,0
6.767970,0.000000,0.000000,0.002125,0.000000,-0.002125,0.000000,0.029370,0.015116,0.993424,0.002576,1.419309,1,0
6.783969,0.000000,0.000000,0.002079,0.000000,-0.002079,0.000000,0.029370,0.015116,0.993429,0.002608,1.419112,1,0
6.799969,0.000000,0.000000,0.002078,-0.047937,-0.002078,0.047937,0.027606,0.016420,0.993435,0.002641,1.418916,1,0
6.815969,0.200000,0.000000,0.002083,0.047937,0.197917,-0.047937,1.964109,1.949856,0.993440,0.002674,1.418763,1,0
6.831969,0.200000,0.000000,0.060010,-0.047937,0.139990,0.047937,1.963138,1.951952,0.993900,0.003517,1.417589,1,0
6.847969,0.200000,0.000000,0.108387,0.000000,0.091613,0.000000,1.963470,1.952284,0.994379,0.005184,1.417374,1,0
6.863968,0.200000,0.000000,0.158380,0.000000,0.041620,0.000000,1.963802,1.952616,0.994858,0.007672,1.417179,1,0
6.879968,0.200000,0.000000,0.195578,-0.047937,0.004422,0.047937,1.962830,1.954713,0.995338,0.010764,1.416999,1,0
6.895968,0.200000,0.000000,0.196316,0.000000,0.003684,0.000000,1.963162,1.955045,0.995819,0.013868,1.416868,1,0
6.911968,0.200000,0.000000,0.196266,0.000000,0.003734,0.000000,1.963494,1.955377,0.996300,0.016971,1.416737,1,0
6.927968,0.200000,0.000000,0.196220,-0.047937,0.003780,0.047937,1.962522,1.957473,0.996782,0.020074,1.416607,1,0
6.943967,0.200000,0.000000,0.196227,0.000000,0.003773,0.000000,1.962854,1.957805,0.997265,0.023176,1.416526,1,0
6.959967,0.200000,0.000000,0.196210,0.047937,0.003790,-0.047937,1.964950,1.956833,0.997747,0.026278,1.416445,1,0
6.975967,0.200000,0.000000,0.196210,0.000000,0.003790,0.000000,1.965282,1.957165,0.998230,0.029380,1.416315,1,0
6.991967,0.200000,0.000000,0.196211,0.000000,0.003789,0.000000,1.965614,1.957497,0.998713,0.032482,1.416185,1,0
7.007967,0.200000,0.000000,0.196218,-0.047937,0.003782,0.047937,1.964642,1.959593,0.999196,0.035584,1.416055,1,0
7.023966,0.200000,0.000000,0.196268,0.000000,0.003732,0.000000,1.964974,1.959925,0.999680,0.038687,1.415975,1,0
7.039966,0.200000,0.000000,0.196285,0.000000,0.003715,0.000000,1.965306,1.960257,1.000165,0.041790,1.415894,1,0
7.055966,0.200000,0.000000,0.196305,0.000000,0.003695,0.000000,1.965639,1.960589,1.000649,0.044893,1.415813,1,0
7.071966,0.200000,0.000000,0.196328,0.000000,0.003672,0.000000,1.965971,1.960921,1.001134,0.047997,1.415733,1,0
7.087965,0.200000,0.000000,0.196353,0.000000,0.003647,0.000000,1.966303,1.961253,1.001620,0.051101,1.415652,1,0
7.103965,0.200000,0.000000,0.196379,-0.047937,0.003621,0.047937,1.965331,1.963349,1.002105,0.054205,1.415572,1,0
7.119965,0.200000,0.000000,0.196444,0.000000,0.003556,0.000000,1.965663,1.963681,1.002591,0.057310,1.415540,1,0
7.135965,0.200000,0.000000,0.196474,0.000000,0.003526,0.000000,1.965995,1.964013,1.003077,0.060416,1.415509,1,0
7.151965,0.200000,0.000000,0.196503,0.000000,0.003497,0.000000,1.966327,1.964345,1.003564,0.063522,1.415477,1,0
7.167964,0.200000,0.000000,0.196534,0.000000,0.003466,0.000000,1.966659,1.964678,1.004050,0.066629,1.415446,1,0
7.183964,0.200000,0.000000,0.196565,0.000000,0.003435,0.000000,1.966991,1.965010,1.004537,0.069736,1.415414,1,0
7.199964,0.200000,0.000000,0.196596,0.000000,0.003404,0.000000,1.967323,1.965342,1.005023,0.072844,1.415383,1,0
7.215964,0.200000,0.000000,0.196628,0.000000,0.003372,0.000000,1.967655,1.965674,1.005510,0.075952,1.415352,1,0
7.231964,0.200000,0.000000,0.196660,0.000000,0.003340,0.000000,1.967987,1.966006,1.005997,0.079061,1.415320,1,0
7.247963,0.200000,0.000000,0.196693,0.000000,0.003307,0.000000,1.968319,1.966338,1.006485,0.082170,1.415289,1,0
7.263963,0.200000,0.000000,0.196725,0.000000,0.003275,0.000000,1.968651,1.966670,1.006972,0.085279,1.415257,1,0
7.279963,0.200000,0.000000,0.196758,0.000000,0.003242,0.000000,1.968983,1.967002,1.007460,0.088390,1.415226,1,0
7.295963,0.200000,0.000000,0.196790,0.000000,0.003210,0.000000,1.969315,1.967334,1.007948,0.091500,1.415195,1,0
7.311963,0.200000,0.000000,0.196823,0.000000,0.003177,0.000000,1.969647,1.967666,1.008436,0.094611,1.415163,1,0
7.327962,0.200000,0.000000,0.196856,0.000000,0.003144,0.000000,1.969979,1.967998,1.008924,0.097723,1.415132,1,0
7.343962,0.200000,0.000000,0.196889,0.000000,0.003111,0.000000,1.970311,1.968330,1.009412,0.100835,1.415100,1,0
7.359962,0.200000,0.000000,0.196922,0.000000,0.003078,0.000000,1.970643,1.968662,1.009901,0.103948,1.415069,1,0
7.375962,0.200000,0.000000,0.196955,0.000000,0.003045,0.000000,1.970975,1.968994,1.010390,0.107061,1.415038,1,0
7.391962,0.200000,0.000000,0.196988,0.000000,0.003012,0.000000,1.971307,1.969326,1.010878,0.110175,1.415006,1,0
7.407961,0.200000,0.000000,0.197021,0.000000,0.002979,0.000000,1.971639,1.969658,1.011368,0.113289,1.414975,1,0
7.423961,0.200000,0.000000,0.197055,0.000000,0.002945,0.000000,1.971972,1.969990,1.011857,0.116403,1.414944,1,0
7.439961,0.200000,0.000000,0.197088,0.000000,0.002912,0.000000,1.972304,1.970322,1.012346,0.119519,1.414912,1,0
7.455961,0.200000,0.000000,0.197121,0.000000,0.002879,0.000000,1.972636,1.970654,1.012836,0.122634,1.414881,1,0
7.471961,0.200000,0.000000,0.197154,0.000000,0.002846,0.000000,1.972968,1.970986,1.013326,0.125750,1.414850,1,0
7.487960,0.200000,0.000000,0.197187,-0.047937,0.002813,0.047937,1.971536,1.972622,1.013816,0.128867,1.414818,1,0
7.503960,0.200000,0.000000,0.197202,0.000000,0.002798,0.000000,1.971868,1.972954,1.014306,0.131984,1.414835,1,0
7.519960,0.200000,0.000000,0.197235,0.000000,0.002765,0.000000,1.972200,1.973286,1.014796,0.135102,1.414851,1,0
7.535960,0.200000,0.000000,0.197268,0.000000,0.002732,0.000000,1.972532,1.973618,1.015286,0.138220,1.414868,1,0
7.551960,0.200000,0.000000,0.197301,0.000000,0.002699,0.000000,1.972864,1.973950,1.015776,0.141338,1.414885,1,0
7.567959,0.200000,0.000000,0.197334,0.047937,0.002666,-0.047937,1.974500,1.972518,1.016267,0.144457,1.414902,1,0
7.583959,0.200000,0.000000,0.197341,0.000000,0.002659,0.000000,1.974832,1.972850,1.016757,0.147576,1.414871,1,0
7.599959,0.200000,0.000000,0.197373,0.000000,0.002627,0.000000,1.975164,1.973182,1.017247,0.150696,1.414840,1,0
7.615959,0.200000,0.000000,0.197407,0.000000,0.002593,0.000000,1.975496,1.973514,1.017738,0.153816,1.414809,1,0
7.631958,0.200000,0.000000,0.197440,-0.047937,0.002560,0.047937,1.974064,1.975150,1.018228,0.156937,1.414778,1,0
7.647958,0.200000,0.000000,0.197455,0.000000,0.002545,0.000000,1.974396,1.975482,1.018719,0.160058,1.414794,1,0
7.663958,0.200000,0.000000,0.197487,0.000000,0.002513,0.000000,1.974728,1.975814,1.019210,0.163179,1.414811,1,0
7.679958,0.200000,0.000000,0.197521,0.000000,0.002479,0.000000,1.975060,1.976146,1.019701,0.166301,1.414828,1,0
7.695958,0.200000,0.000000,0.197554,0.047937,0.002446,-0.047937,1.976696,1.974714,1.020192,0.169424,1.414845,1,0
7.711957,0.200000,0.000000,0.197560,0.000000,0.002440,0.000000,1.977028,1.975047,1.020683,0.172546,1.414814,1,0
7.727957,0.200000,0.000000,0.197593,0.000000,0.002407,0.000000,1.977360,1.975379,1.021174,0.175669,1.414783,1,0
7.743957,0.200000,0.000000,0.197626,-0.047937,0.002374,0.047937,1.975928,1.977014,1.021665,0.178793,1.414752,1,0
7.759957,0.200000,0.000000,0.197641,0.000000,0.002359,0.000000,1.976260,1.977346,1.022157,0.181917,1.414768,1,0
7.775957,0.200000,0.000000,0.197674,0.000000,0.002326,0.000000,1.976592,1.977679,1.022648,0.185041,1.414785,1,0
7.791956,0.200000,0.000000,0.197707,0.047937,0.002293,-0.047937,1.978228,1.976246,1.023139,0.188166,1.414802,1,0
7.807956,0.200000,0.000000,0.197714,0.000000,0.002286,0.000000,1.978560,1.976578,1.023631,0.191291,1.414771,1,0
7.823956,0.200000,0.000000,0.197746,-0.047937,0.002254,0.047937,1.977128,1.978214,1.024122,0.194417,1.414740,1,0
7.839956,0.200000,0.000000,0.197761,0.000000,0.002239,0.000000,1.977460,1.978547,1.024614,0.197542,1.414757,1,0
7.855956,0.200000,0.000000,0.197794,0.000000,0.002206,0.000000,1.977792,1.978878,1.025106,0.200669,1.414774,1,0
7.871955,0.200000,0.000000,0.197827,0.047937,0.002173,-0.047937,1.979428,1.977446,1.025598,0.203796,1.414791,1,0
7.887955,0.200000,0.000000,0.197834,0.000000,0.002166,0.000000,1.979760,1.977779,1.026089,0.206922,1.414760,1,0
7.903955,0.200000,0.000000,0.197866,-0.047937,0.002134,0.047937,1.978328,1.979414,1.026581,0.210050,1.414729,1,0
7.919955,0.200000,0.000000,0.197881,0.000000,0.002119,0.000000,1.978660,1.979746,1.027073,0.213177,1.414746,1,0
7.935955,0.200000,0.000000,0.197914,0.000000,0.002086,0.000000,1.978992,1.980078,1.027566,0.216306,1.414762,1,0
7.951954,0.200000,0.000000,0.197947,0.047937,0.002053,-0.047937,1.980628,1.978646,1.028058,0.219434,1.414779,1,0
7.967954,0.200000,0.000000,0.197954,-0.047937,0.002046,0.047937,1.979196,1.980282,1.028550,0.222563,1.414748,1,0
7.983954,0.200000,0.000000,0.197968,0.000000,0.002032,0.000000,1.979528,1.980614,1.029042,0.225692,1.414765,1,0
7.999954,0.200000,0.000000,0.198001,0.000000,0.001999,0.000000,1.979860,1.980946,1.029534,0.228822,1.414782,1,0
8.015954,0.200000,0.000000,0.198034,0.047937,0.001966,-0.047937,1.981496,1.979514,1.030026,0.231952,1.414799,1,0
8.031954,0.200000,0.000000,0.198040,-0.047937,0.001960,0.047937,1.980064,1.981150,1.030519,0.235082,1.414768,1,0
8.047954,0.200000,0.000000,0.198054,0.000000,0.001946,0.000000,1.980396,1.981482,1.031011,0.238212,1.414785,1,0
8.063953,0.200000,0.000000,0.198087,0.047937,0.001913,-0.047937,1.982032,1.980050,1.031503,0.241343,1.414802,1,0
8.079953,0.200000,0.000000,0.198094,0.000000,0.001906,0.000000,1.982364,1.980382,1.031996,0.244474,1.414771,1,0
8.095953,0.200000,0.000000,0.198127,-0.047937,0.001873,0.047937,1.980932,1.982018,1.032488,0.247606,1.414740,1,0
8.111953,0.200000,0.000000,0.198141,0.000000,0.001859,0.000000,1.981264,1.982350,1.032981,0.250737,1.414757,1,0
8.127953,0.200000,0.000000,0.198174,0.047937,0.001826,-0.047937,1.982900,1.980918,1.033474,0.253870,1.414774,1,0
8.143952,0.200000,0.000000,0.198181,-0.047937,0.001819,0.047937,1.981467,1.982554,1.033966,0.257002,1.414743,1,0
8.159952,0.200000,0.000000,0.198195,0.000000,0.001805,0.000000,1.981800,1.982886,1.034459,0.260135,1.414760,1,0
8.175952,0.200000,0.000000,0.198228,0.000000,0.001772,0.000000,1.982132,1.983218,1.034952,0.263268,1.414777,1,0
8.191952,0.200000,0.000000,0.198261,0.047937,0.001739,-0.047937,1.983768,1.981786,1.035445,0.266402,1.414794,1,0
8.207952,0.200000,0.000000,0.198268,-0.047937,0.001732,0.047937,1.982335,1.983422,1.035938,0.269535,1.414763,1,0
8.223951,0.200000,0.000000,0.198282,0.000000,0.001718,0.000000,1.982667,1.983754,1.036431,0.272669,1.414780,1,0
8.239951,0.200000,0.000000,0.198314,0.047937,0.001686,-0.047937,1.984303,1.982322,1.036924,0.275804,1.414797,1,0
8.255951,0.200000,0.000000,0.198321,-0.047937,0.001679,0.047937,1.982871,1.983958,1.037416,0.278938,1.414766,1,0
8.271951,0.200000,0.000000,0.198335,0.000000,0.001665,0.000000,1.983203,1.984290,1.037910,0.282073,1.414783,1,0
8.287951,0.200000,0.000000,0.198368,0.047937,0.001632,-0.047937,1.984839,1.982858,1.038403,0.285209,1.414800,1,0
8.303950,0.200000,0.000000,0.198375,-0.047937,0.001625,0.047937,1.983407,1.984494,1.038896,0.288344,1.414769,1,0
8.319950,0.200000,0.000000,0.198389,0.000000,0.001611,0.000000,1.983739,1.984826,1.039389,0.291480,1.414786,1,0
8.335950,0.200000,0.000000,0.198422,0.047937,0.001578,-0.047937,1.985375,1.983394,1.039882,0.294616,1.414802,1,0
8.351950,0.200000,0.000000,0.198428,-0.047937,0.001572,0.047937,1.983943,1.985030,1.040375,0.297752,1.414772,1,0
8.367949,0.200000,0.000000,0.198442,0.000000,0.001558,0.000000,1.984275,1.985362,1.040869,0.300889,1.414788,1,0
8.383949,0.200000,0.000000,0.198475,0.047937,0.001525,-0.047937,1.985911,1.983930,1.041362,0.304026,1.414805,1,0
8.399949,0.200000,0.000000,0.198482,-0.047937,0.001518,0.047937,1.984479,1.985566,1.041855,0.307163,1.414774,1,0
8.415949,0.200000,0.000000,0.198496,0.000000,0.001504,0.000000,1.984811,1.985898,1.042349,0.310300,1.414791,1,0
8.431949,0.200000,0.000000,0.198529,0.047937,0.001471,-0.047937,1.986447,1.984466,1.042842,0.313438,1.414808,1,0
8.447948,0.200000,0.000000,0.198535,-0.047937,0.001465,0.047937,1.985015,1.986102,1.043336,0.316576,1.414777,1,0
8.463948,0.200000,0.000000,0.198550,0.047937,0.001450,-0.047937,1.986651,1.984670,1.043829,0.319714,1.414794,1,0
8.479948,0.200000,0.000000,0.198556,0.000000,0.001444,0.000000,1.986983,1.985002,1.044323,0.322853,1.414763,1,0
8.495948,0.200000,0.000000,0.198589,-0.047937,0.001411,0.047937,1.985551,1.986638,1.044816,0.325992,1.414732,1,0
8.511948,0.200000,0.000000,0.198603,0.047937,0.001397,-0.047937,1.987187,1.985206,1.045310,0.329131,1.414749,1,0
8.527947,0.200000,0.000000,0.198609,-0.047937,0.001391,0.047937,1.985755,1.986841,1.045804,0.332270,1.414718,1,0
8.543947,0.200000,0.000000,0.198623,0.000000,0.001377,0.000000,1.986087,1.987174,1.046298,0.335409,1.414735,1,0
8.559947,0.200000,0.000000,0.198656,0.047937,0.001344,-0.047937,1.987723,1.985741,1.046792,0.338549,1.414752,1,0
8.575947,0.200000,0.000000,0.198663,-0.047937,0.001337,0.047937,1.986291,1.987377,1.047286,0.341689,1.414721,1,0
8.591947,0.200000,0.000000,0.198677,0.047937,0.001323,-0.047937,1.987927,1.985945,1.047780,0.344829,1.414737,1,0
8.607946,0.200000,0.000000,0.198683,-0.047937,0.001317,0.047937,1.986495,1.987581,1.048274,0.347969,1.414707,1,0
8.623946,0.200000,0.000000,0.198697,0.000000,0.001303,0.000000,1.986827,1.987913,1.048768,0.351110,1.414723,1,0
8.639946,0.200000,0.000000,0.198730,0.047937,0.001270,-0.047937,1.988463,1.986481,1.049262,0.354251,1.414740,1,0
8.655946,0.200000,0.000000,0.198737,-0.047937,0.001263,0.047937,1.987031,1.988117,1.049757,0.357392,1.414709,1,0
8.671946,0.200000,0.000000,0.198751,0.047937,0.001249,-0.047937,1.988666,1.986685,1.050251,0.360534,1.414726,1,0
8.687945,0.200000,0.000000,0.198757,-0.047937,0.001243,0.047937,1.987234,1.988321,1.050745,0.363675,1.414695,1,0
8.703945,0.200000,0.000000,0.198771,0.000000,0.001229,0.000000,1.987566,1.988653,1.051239,0.366817,1.414712,1,0
8.719945,0.200000,0.000000,0.198804,0.047937,0.001196,-0.047937,1.989202,1.987221,1.051734,0.369959,1.414729,1,0
8.735945,0.200000,0.000000,0.198811,-0.047937,0.001189,0.047937,1.987770,1.988857,1.052228,0.373101,1.414698,1,0
8.751945,0.200000,0.000000,0.198825,0.047937,0.001175,-0.047937,1.989406,1.987425,1.052723,0.376244,1.414715,1,0
8.767944,0.200000,0.000000,0.198831,-0.047937,0.001169,0.047937,1.987974,1.989061,1.053217,0.379386,1.414684,1,0
8.783944,0.200000,0.000000,0.198845,0.000000,0.001155,0.000000,1.988306,1.989393,1.053712,0.382529,1.414701,1,0
8.799944,0.200000,0.000000,0.198878,0.000000,0.001122,0.000000,1.988178,1.989265,1.054206,0.385673,1.414717,1,0
8.815944,0.200000,0.000000,0.198866,0.000000,0.001134,0.000000,1.988510,1.989597,1.054701,0.388816,1.414734,1,0
8.831944,0.200000,0.000000,0.198899,0.047937,0.001101,-0.047937,1.990146,1.988165,1.055196,0.391960,1.414751,1,0
8.847943,0.200000,0.000000,0.198905,-0.047937,0.001095,0.047937,1.988714,1.989801,1.055690,0.395103,1.414721,1,0
8.863943,0.200000,0.000000,0.198919,0.047937,0.001081,-0.047937,1.990350,1.988369,1.056185,0.398247,1.414737,1,0
8.879943,0.200000,0.000000,0.198926,-0.047937,0.001074,0.047937,1.988918,1.990005,1.056679,0.401392,1.414707,1,0
8.895943,0.200000,0.000000,0.198940,0.047937,0.001060,-0.047937,1.990554,1.988572,1.057174,0.404536,1.414723,1,0
8.911942,0.200000,0.000000,0.198946,-0.047937,0.001054,0.047937,1.989122,1.990208,1.057669,0.407680,1.414693,1,0
8.927942,0.200000,0.000000,0.198960,0.000000,0.001040,0.000000,1.989454,1.990540,1.058164,0.410825,1.414709,1,0
8.943942,0.200000,0.000000,0.198993,0.000000,0.001007,0.000000,1.989326,1.990412,1.058659,0.413970,1.414726,1,0
8.959942,0.200000,0.000000,0.198981,0.000000,0.001019,0.000000,1.989658,1.990744,1.059153,0.417115,1.414743,1,0
8.975942,0.200000,0.000000,0.199013,0.047937,0.000987,-0.047937,1.991294,1.989312,1.059648,0.420261,1.414760,1,0
8.991941,0.200000,0.000000,0.199020,-0.047937,0.000980,0.047937,1.989861,1.990948,1.060143,0.423406,1.414729,1,0
9.007941,0.200000,0.000000,0.199034,0.047937,0.000966,-0.047937,1.991497,1.989516,1.060638,0.426552,1.414746,1,0
9.023941,0.200000,0.000000,0.199040,-0.047937,0.000960,0.047937,1.990065,1.991152,1.061133,0.429698,1.414715,1,0
9.039941,0.200000,0.000000,0.199054,0.047937,0.000946,-0.047937,1.991701,1.989720,1.061628,0.432844,1.414732,1,0
9.055941,0.200000,0.000000,0.199061,-0.047937,0.000939,0.047937,1.990269,1.991356,1.062123,0.435991,1.414701,1,0
9.071940,0.200000,0.000000,0.199075,0.047937,0.000925,-0.047937,1.991905,1.989924,1.062618,0.439137,1.414718,1,0
9.087940,0.200000,0.000000,0.199081,-0.047937,0.000919,0.047937,1.990473,1.991560,1.063113,0.442284,1.414687,1,0
9.103940,0.200000,0.000000,0.199095,0.047937,0.000905,-0.047937,1.992109,1.990128,1.063608,0.445431,1.414704,1,0
9.119940,0.200000,0.000000,0.199102,-0.047937,0.000898,0.047937,1.990677,1.991764,1.064103,0.448577,1.414673,1,0
9.135940,0.200000,0.000000,0.199116,0.000000,0.000884,0.000000,1.991009,1.992096,1.064599,0.451725,1.414690,1,0
9.151939,0.200000,0.000000,0.199149,0.000000,0.000851,0.000000,1.990881,1.991968,1.065094,0.454872,1.414706,1,0
9.167939,0.200000,0.000000,0.199137,0.000000,0.000863,0.000000,1.991213,1.992300,1.065589,0.458020,1.414723,1,0
9.183939,0.200000,0.000000,0.199169,0.000000,0.000831,0.000000,1.991085,1.992171,1.066085,0.461168,1.414740,1,0
9.199939,0.200000,0.000000,0.199157,0.047937,0.000843,-0.047937,1.992721,1.990739,1.066580,0.464315,1.414757,1,0
9.215939,0.200000,0.000000,0.199163,-0.047937,0.000837,0.047937,1.991289,1.992375,1.067075,0.467463,1.414727,1,0
9.231938,0.200000,0.000000,0.199177,0.000000,0.000823,0.000000,1.991621,1.992707,1.067570,0.470611,1.414744,1,0
9.247938,0.200000,0.000000,0.199210,0.000000,0.000790,0.000000,1.991493,1.992579,1.068065,0.473760,1.414760,1,0
9.263938,0.200000,0.000000,0.199198,0.047937,0.000802,-0.047937,1.993128,1.991147,1.068561,0.476909,1.414777,1,0
9.279938,0.200000,0.000000,0.199203,-0.047937,0.000797,0.047937,1.991696,1.992783,1.069056,0.480057,1.414747,1,0
9.295938,0.200000,0.000000,0.199218,0.000000,0.000782,0.000000,1.992028,1.993115,1.069551,0.483206,1.414764,1,0
9.311937,0.200000,0.000000,0.199250,0.000000,0.000750,0.000000,1.991900,1.992987,1.070046,0.486355,1.414780,1,0
9.327937,0.200000,0.000000,0.199238,0.047937,0.000762,-0.047937,1.993536,1.991555,1.070542,0.489504,1.414797,1,0
9.343937,0.200000,0.000000,0.199244,-0.047937,0.000756,0.047937,1.992104,1.993191,1.071037,0.492653,1.414767,1,0
9.359937,0.200000,0.000000,0.199258,0.047937,0.000742,-0.047937,1.993740,1.991759,1.071532,0.495803,1.414784,1,0
9.375937,0.200000,0.000000,0.199265,-0.047937,0.000735,0.047937,1.992308,1.993395,1.072028,0.498952,1.414753,1,0
9.391936,0.200000,0.000000,0.199279,0.047937,0.000721,-0.047937,1.993944,1.991963,1.072523,0.502102,1.414770,1,0
9.407936,0.200000,0.000000,0.199285,-0.047937,0.000715,0.047937,1.992512,1.993599,1.073019,0.505252,1.414739,1,0
9.423936,0.200000,0.000000,0.199299,0.047937,0.000701,-0.047937,1.994148,1.992167,1.073514,0.508402,1.414755,1,0
9.439936,0.200000,0.000000,0.199305,-0.047937,0.000695,0.047937,1.992716,1.993802,1.074010,0.511552,1.414724,1,0
9.455935,0.200000,0.000000,0.199319,0.047937,0.000681,-0.047937,1.994352,1.992370,1.074505,0.514703,1.414741,1,0
9.471935,0.200000,0.000000,0.199326,-0.047937,0.000674,0.047937,1.992920,1.994006,1.075001,0.517853,1.414710,1,0
9.487935,0.200000,0.000000,0.199340,0.047937,0.000660,-0.047937,1.994556,1.992574,1.075497,0.521004,1.414727,1,0
9.503935,0.200000,0.000000,0.199346,-0.047937,0.000654,0.047937,1.993124,1.994210,1.075992,0.524154,1.414696,1,0
9.519935,0.200000,0.000000,0.199360,0.047937,0.000640,-0.047937,1.994759,1.992778,1.076488,0.527305,1.414713,1,0
9.535934,0.200000,0.000000,0.199366,-0.047937,0.000634,0.047937,1.993327,1.994414,1.076984,0.530457,1.414682,1,0
9.551934,0.200000,0.000000,0.199381,0.047937,0.000619,-0.047937,1.994963,1.992982,1.077480,0.533608,1.414699,1,0
9.567934,0.200000,0.000000,0.199387,-0.047937,0.000613,0.047937,1.993531,1.994618,1.077976,0.536759,1.414668,1,0
9.583934,0.200000,0.000000,0.199401,0.000000,0.000599,0.000000,1.993403,1.994490,1.078472,0.539911,1.414684,1,0
9.599934,0.200000,0.000000,0.199389,0.000000,0.000611,0.000000,1.993735,1.994822,1.078968,0.543062,1.414701,1,0
9.615933,0.200000,0.000000,0.199421,0.000000,0.000579,0.000000,1.993607,1.994694,1.079464,0.546214,1.414718,1,0
9.631933,0.200000,0.000000,0.199409,0.047937,0.000591,-0.047937,1.995243,1.993262,1.079960,0.549366,1.414735,1,0
9.647933,0.200000,0.000000,0.199415,-0.047937,0.000585,0.047937,1.993811,1.994898,1.080456,0.552518,1.414704,1,0
9.663933,0.200000,0.000000,0.199429,0.047937,0.000571,-0.047937,1.995447,1.993466,1.080952,0.555670,1.414721,1,0
9.679933,0.200000,0.000000,0.199435,-0.047937,0.000565,0.047937,1.994015,1.995101,1.081447,0.558822,1.414690,1,0
9.695932,0.200000,0.000000,0.199449,0.047937,0.000551,-0.047937,1.995651,1.993669,1.081944,0.561975,1.414707,1,0
9.711932,0.200000,0.000000,0.199456,-0.047937,0.000544,0.047937,1.994219,1.995305,1.082440,0.565127,1.414676,1,0
9.727932,0.200000,0.000000,0.199470,0.000000,0.000530,0.000000,1.994091,1.995177,1.082936,0.568280,1.414693,1,0
9.743932,0.200000,0.000000,0.199457,0.000000,0.000543,0.000000,1.994423,1.995509,1.083432,0.571432,1.414710,1,0
9.759932,0.200000,0.000000,0.199490,0.000000,0.000510,0.000000,1.994294,1.995381,1.083928,0.574585,1.414727,1,0
9.775931,0.200000,0.000000,0.199478,0.047937,0.000522,-0.047937,1.995930,1.993949,1.084424,0.577738,1.414744,1,0
9.791931,0.200000,0.000000,0.199483,-0.047937,0.000517,0.047937,1.994498,1.995585,1.084920,0.580891,1.414713,1,0
9.807931,0.200000,0.000000,0.199498,0.047937,0.000502,-0.047937,1.996134,1.994153,1.085416,0.584044,1.414730,1,0
9.823931,0.200000,0.000000,0.199504,-0.047937,0.000496,0.047937,1.994702,1.995789,1.085912,0.587198,1.414699,1,0
9.839931,0.200000,0.000000,0.199518,0.047937,0.000482,-0.047937,1.996338,1.994357,1.086408,0.590351,1.414716,1,0
9.855930,0.200000,0.000000,0.199524,-0.047937,0.000476,0.047937,1.994906,1.995993,1.086905,0.593505,1.414685,1,0
9.871930,0.200000,0.000000,0.199538,0.000000,0.000462,0.000000,1.994778,1.995865,1.087401,0.596658,1.414702,1,0
9.887930,0.200000,0.000000,0.199526,0.000000,0.000474,0.000000,1.995110,1.996197,1.087897,0.599812,1.414719,1,0
9.903930,0.200000,0.000000,0.199558,0.000000,0.000442,0.000000,1.994982,1.996068,1.088393,0.602966,1.414736,1,0
9.919930,0.200000,0.000000,0.199547,0.047937,0.000453,-0.047937,1.996618,1.994636,1.088890,0.606120,1.414752,1,0
9.935929,0.200000,0.000000,0.199552,-0.047937,0.000448,0.047937,1.995186,1.996272,1.089386,0.609274,1.414722,1,0
9.951929,0.200000,0.000000,0.199566,0.047937,0.000434,-0.047937,1.996822,1.994840,1.089882,0.612429,1.414739,1,0
9.967929,0.200000,0.000000,0.199573,-0.047937,0.000427,0.047937,1.995389,1.996476,1.090378,0.615583,1.414708,1,0
9.983929,0.200000,0.000000,0.199587,0.000000,0.000413,0.000000,1.995261,1.996348,1.090875,0.618737,1.414724,1,0
9.999928,0.200000,0.000000,0.199575,0.047937,0.000426,-0.047937,1.996897,1.994916,1.091371,0.621892,1.414741,1,0
10.015928,0.200000,0.000000,0.199580,-0.047937,0.000420,0.047937,1.995465,1.996552,1.091867,0.625046,1.414711,1,0
10.031928,0.200000,0.000000,0.199594,0.047937,0.000406,-0.047937,1.997101,1.995120,1.092363,0.628201,1.414727,1,0
10.047928,0.200000,0.000000,0.199601,-0.047937,0.000399,0.047937,1.995669,1.996756,1.092860,0.631356,1.414696,1,0
10.063928,0.200000,0.000000,0.199615,0.047937,0.000385,-0.047937,1.997305,1.995324,1.093356,0.634511,1.414713,1,0
10.079927,0.200000,0.000000,0.199621,-0.047937,0.000379,0.047937,1.995873,1.996960,1.093853,0.637666,1.414682,1,0
10.095927,0.200000,0.000000,0.199635,0.000000,0.000365,0.000000,1.995745,1.996832,1.094349,0.640821,1.414699,1,0
10.111927,0.200000,0.000000,0.199623,0.047937,0.000377,-0.047937,1.997381,1.995399,1.094846,0.643976,1.414716,1,0
10.127927,0.200000,0.000000,0.199629,-0.047937,0.000371,0.047937,1.995949,1.997035,1.095342,0.647132,1.414685,1,0
10.143927,0.200000,0.000000,0.199643,0.047937,0.000357,-0.047937,1.997585,1.995603,1.095839,0.650287,1.414702,1,0
10.159926,0.200000,0.000000,0.199649,-0.047937,0.000351,0.047937,1.996153,1.997239,1.096335,0.653443,1.414671,1,0
10.175926,0.200000,0.000000,0.199663,0.000000,0.000337,0.000000,1.996024,1.997111,1.096832,0.656598,1.414688,1,0
10.191926,0.200000,0.000000,0.199651,0.047937,0.000349,-0.047937,1.997660,1.995679,1.097329,0.659754,1.414705,1,0
10.207926,0.200000,0.000000,0.199656,-0.047937,0.000344,0.047937,1.996228,1.997315,1.097825,0.662910,1.414674,1,0
10.223926,0.200000,0.000000,0.199671,0.047937,0.000329,-0.047937,1.997864,1.995883,1.098322,0.666066,1.414691,1,0
10.239925,0.200000,0.000000,0.199677,-0.047937,0.000323,0.047937,1.996432,1.997519,1.098819,0.669222,1.414660,1,0
10.255925,0.200000,0.000000,0.199691,0.000000,0.000309,0.000000,1.996304,1.997391,1.099315,0.672378,1.414676,1,0
10.271925,0.200000,0.000000,0.199679,0.047937,0.000321,-0.047937,1.997940,1.995959,1.099812,0.675534,1.414693,1,0
10.287925,0.200000,0.000000,0.199684,-0.047937,0.000316,0.047937,1.996508,1.997595,1.100309,0.678690,1.414662,1,0
10.303925,0.200000,0.000000,0.199699,0.047937,0.000301,-0.047937,1.998144,1.996163,1.100805,0.681846,1.414679,1,0
10.319924,0.200000,0.000000,0.199705,-0.047937,0.000295,0.047937,1.996712,1.997798,1.101302,0.685003,1.414648,1,0
10.335924,0.200000,0.000000,0.199719,0.000000,0.000281,0.000000,1.996584,1.997670,1.101799,0.688159,1.414665,1,0
10.351924,0.200000,0.000000,0.199707,0.047937,0.000293,-0.047937,1.998219,1.996238,1.102296,0.691316,1.414682,1,0
10.367924,0.200000,0.000000,0.199712,-0.047937,0.000288,0.047937,1.996788,1.997874,1.102793,0.694472,1.414651,1,0
10.383924,0.200000,0.000000,0.199727,0.047937,0.000273,-0.047937,1.998423,1.996442,1.103290,0.697629,1.414668,1,0
10.399923,0.200000,0.000000,0.199733,-0.047937,0.000267,0.047937,1.996991,1.998078,1.103786,0.700786,1.414637,1,0
10.415923,0.200000,0.000000,0.199747,0.000000,0.000253,0.000000,1.996863,1.997950,1.104283,0.703943,1.414654,1,0
10.431923,0.200000,0.000000,0.199735,0.047937,0.000265,-0.047937,1.998499,1.996518,1.104780,0.707100,1.414671,1,0
10.447923,0.200000,0.000000,0.199740,-0.047937,0.000260,0.047937,1.997067,1.998154,1.105277,0.710257,1.414640,1,0
10.463923,0.200000,0.000000,0.199755,0.000000,0.000245,0.000000,1.996939,1.998026,1.105774,0.713414,1.414657,1,0
10.479922,0.200000,0.000000,0.199742,0.000000,0.000258,0.000000,1.997271,1.998358,1.106271,0.716571,1.414673,1,0
10.495922,0.200000,0.000000,0.199775,0.000000,0.000225,0.000000,1.997143,1.998230,1.106768,0.719729,1.414690,1,0
10.511922,0.200000,0.000000,0.199763,0.047937,0.000237,-0.047937,1.998779,1.996797,1.107265,0.722886,1.414707,1,0
10.527922,0.200000,0.000000,0.199768,-0.047937,0.000232,0.047937,1.997347,1.998433,1.107762,0.726043,1.414677,1,0
10.543921,0.200000,0.000000,0.199782,0.000000,0.000218,0.000000,1.997218,1.998305,1.108259,0.729201,1.414693,1,0
10.559921,0.200000,0.000000,0.199770,0.047937,0.000230,-0.047937,1.998854,1.996873,1.108755,0.732359,1.414710,1,0
10.575921,0.200000,0.000000,0.199776,-0.047937,0.000224,0.047937,1.997422,1.998509,1.109252,0.735516,1.414680,1,0
10.591921,0.200000,0.000000,0.199790,0.047937,0.000210,-0.047937,1.999058,1.997077,1.109749,0.738674,1.414696,1,0
10.607921,0.200000,0.000000,0.199796,-0.047937,0.000204,0.047937,1.997626,1.998713,1.110246,0.741832,1.414666,1,0
10.623920,0.200000,0.000000,0.199810,0.000000,0.000190,0.000000,1.997498,1.998585,1.110743,0.744990,1.414682,1,0
10.639920,0.200000,0.000000,0.199798,0.047937,0.000202,-0.047937,1.999134,1.997153,1.111240,0.748148,1.414699,1,0
10.655920,0.200000,0.000000,0.199804,-0.047937,0.000196,0.047937,1.997702,1.998789,1.111737,0.751306,1.414668,1,0
10.671920,0.200000,0.000000,0.199818,0.000000,0.000182,0.000000,1.997574,1.998661,1.112234,0.754464,1.414685,1,0
10.687920,0.200000,0.000000,0.199806,0.047937,0.000194,-0.047937,1.999210,1.997229,1.112731,0.757622,1.414702,1,0
10.703919,0.200000,0.000000,0.199811,-0.047937,0.000189,0.047937,1.997778,1.998864,1.113228,0.760780,1.414671,1,0
10.719919,0.200000,0.000000,0.199826,0.047937,0.000174,-0.047937,1.999414,1.997432,1.113725,0.763938,1.414688,1,0
10.735919,0.200000,0.000000,0.199832,-0.047937,0.000168,0.047937,1.997982,1.999068,1.114222,0.767097,1.414657,1,0
10.751919,0.200000,0.000000,0.199846,0.000000,0.000154,0.000000,1.997853,1.998940,1.114719,0.770256,1.414674,1,0
10.767919,0.200000,0.000000,0.199834,0.047937,0.000166,-0.047937,1.999489,1.997508,1.115216,0.773414,1.414691,1,0
10.783918,0.200000,0.000000,0.199839,-0.047937,0.000161,0.047937,1.998057,1.999144,1.115714,0.776573,1.414660,1,0
10.799918,0.200000,0.000000,0.199854,0.000000,0.000146,0.000000,1.997929,1.999016,1.116211,0.779731,1.414677,1,0
10.815918,0.200000,0.000000,0.199841,0.047937,0.000159,-0.047937,1.999565,1.997584,1.116708,0.782890,1.414694,1,0
10.831918,0.200000,0.000000,0.199847,-0.047937,0.000153,0.047937,1.998133,1.999220,1.117205,0.786049,1.414663,1,0
10.847918,0.200000,0.000000,0.199861,0.000000,0.000139,0.000000,1.998005,1.999092,1.117702,0.789207,1.414680,1,0
10.863917,0.200000,0.000000,0.199849,0.047937,0.000151,-0.047937,1.999641,1.997660,1.118199,0.792366,1.414697,1,0
10.879917,0.200000,0.000000,0.199854,-0.047937,0.000146,0.047937,1.998209,1.999295,1.118696,0.795525,1.414666,1,0
10.895917,0.200000,0.000000,0.199869,0.047937,0.000131,-0.047937,1.999845,1.997863,1.119193,0.798684,1.414683,1,0
10.911917,0.200000,0.000000,0.199875,-0.047937,0.000125,0.047937,1.998413,1.999499,1.119691,0.801843,1.414652,1,0
10.927917,0.200000,0.000000,0.199889,0.000000,0.000111,0.000000,1.998284,1.999371,1.120188,0.805002,1.414668,1,0
10.943916,0.200000,0.000000,0.199877,0.047937,0.000123,-0.047937,1.999920,1.997939,1.120685,0.808162,1.414685,1,0
10.959916,0.200000,0.000000,0.199882,-0.047937,0.000118,0.047937,1.998488,1.999575,1.121182,0.811321,1.414654,1,0
10.975916,0.200000,0.000000,0.199897,0.000000,0.000103,0.000000,1.998360,1.999447,1.121680,0.814480,1.414671,1,0
10.991916,0.200000,0.000000,0.199884,0.047937,0.000116,-0.047937,1.999996,1.998015,1.122177,0.817639,1.414688,1,0
11.007915,0.200000,0.000000,0.199890,-0.047937,0.000110,0.047937,1.998564,1.999651,1.122674,0.820799,1.414657,1,0
11.023915,0.200000,0.000000,0.199904,0.000000,0.000096,0.000000,1.998436,1.999523,1.123171,0.823958,1.414674,1,0
11.039915,0.200000,0.000000,0.199892,0.047937,0.000108,-0.047937,2.000072,1.998091,1.123668,0.827118,1.414691,1,0
11.055915,0.200000,0.000000,0.199898,-0.047937,0.000102,0.047937,1.998640,1.999727,1.124166,0.830277,1.414660,1,0
11.071915,0.200000,0.000000,0.199912,0.000000,0.000088,0.000000,1.998512,1.999598,1.124663,0.833437,1.414677,1,0
11.087914,0.200000,0.000000,0.199899,0.047937,0.000101,-0.047937,2.000148,1.998166,1.125160,0.836596,1.414694,1,0
11.103914,0.200000,0.000000,0.199905,-0.047937,0.000095,0.047937,1.998716,1.999802,1.125657,0.839756,1.414663,1,0
11.119914,0.200000,0.000000,0.199919,0.000000,0.000081,0.000000,1.998587,1.999674,1.126155,0.842916,1.414680,1,0
11.135914,0.200000,0.000000,0.199907,0.000000,0.000093,0.000000,1.998919,2.000006,1.126652,0.846076,1.414697,1,0
11.151914,0.200000,0.000000,0.199939,0.000000,0.000061,0.000000,1.998791,1.999878,1.127149,0.849236,1.414714,1,0
11.167913,0.200000,0.000000,0.199927,0.047937,0.000073,-0.047937,2.000427,1.998446,1.127646,0.852396,1.414731,1,0
11.183913,0.200000,0.000000,0.199933,-0.047937,0.000067,0.047937,1.998995,2.000082,1.128144,0.855556,1.414700,1,0
11.199913,0.200000,0.000000,0.199947,0.000000,0.000053,0.000000,1.998867,1.999954,1.128641,0.858716,1.414717,1,0
11.215913,0.200000,0.000000,0.199935,0.047937,0.000065,-0.047937,2.000503,1.998522,1.129138,0.861876,1.414734,1,0
11.231913,0.200000,0.000000,0.199941,-0.047937,0.000059,0.047937,1.999071,2.000158,1.129635,0.865036,1.414703,1,0
11.247912,0.200000,0.000000,0.199955,0.000000,0.000045,0.000000,1.998943,2.000029,1.130133,0.868197,1.414720,1,0
11.263912,0.200000,0.000000,0.199943,0.047937,0.000057,-0.047937,2.000579,1.998597,1.130630,0.871357,1.414737,1,0
11.279912,0.200000,0.000000,0.199948,-0.047937,0.000052,0.047937,1.999147,2.000233,1.131127,0.874517,1.414706,1,0
11.295912,0.200000,0.000000,0.199962,0.000000,0.000038,0.000000,1.999018,2.000105,1.131624,0.877678,1.414723,1,0
11.311912,0.200000,0.000000,0.199950,0.047937,0.000050,-0.047937,2.000654,1.998673,1.132121,0.880838,1.414740,1,0
11.327911,0.200000,0.000000,0.199956,-0.047937,0.000044,0.047937,1.999222,2.000309,1.132619,0.883998,1.414709,1,0
11.343911,0.200000,0.000000,0.199970,0.000000,0.000030,0.000000,1.999094,2.000181,1.133116,0.887159,1.414726,1,0
11.359911,0.200000,0.000000,0.199958,0.047937,0.000042,-0.047937,2.000730,1.998749,1.133613,0.890319,1.414743,1,0
11.375911,0.200000,0.000000,0.199963,-0.047937,0.000037,0.047937,1.999298,2.000385,1.134110,0.893480,1.414712,1,0
11.391911,0.200000,0.000000,0.199978,0.000000,0.000022,0.000000,1.999170,2.000257,1.134608,0.896641,1.414729,1,0
11.407910,0.200000,0.000000,0.199965,0.047937,0.000035,-0.047937,2.000806,1.998824,1.135105,0.899801,1.414746,1,0
11.423910,0.200000,0.000000,0.199971,-0.047937,0.000029,0.047937,1.999374,2.000460,1.135602,0.902962,1.414715,1,0
11.439910,0.200000,0.000000,0.199985,0.000000,0.000015,0.000000,1.999246,2.000332,1.136099,0.906123,1.414732,1,0
11.455910,0.200000,0.000000,0.199973,0.047937,0.000027,-0.047937,2.000881,1.998900,1.136597,0.909284,1.414749,1,0
11.471910,0.200000,0.000000,0.199979,-0.047937,0.000021,0.047937,1.999449,2.000536,1.137094,0.912444,1.414718,1,0
11.487909,0.200000,0.000000,0.199993,0.000000,0.000007,0.000000,1.999321,2.000408,1.137591,0.915605,1.414734,1,0
11.503909,0.200000,0.000000,0.199980,0.047937,0.000020,-0.047937,2.000957,1.998976,1.138088,0.918766,1.414751,1,0
11.519909,0.200000,0.000000,0.199986,-0.047937,0.000014,0.047937,1.999525,2.000612,1.138586,0.921927,1.414721,1,0
11.535909,0.200000,0.000000,0.200000,0.000000,-0.000000,0.000000,1.999397,2.000484,1.139083,0.925088,1.414737,1,0
11.551908,0.200000,0.000000,0.199988,0.047937,0.000012,-0.047937,2.001033,1.999052,1.139580,0.928249,1.414754,1,0
11.567908,0.200000,0.000000,0.199994,-0.047937,0.000006,0.047937,1.999601,2.000688,1.140078,0.931410,1.414724,1,0
11.583908,0.200000,0.000000,0.200008,0.000000,-0.000008,0.000000,1.999473,2.000559,1.140575,0.934571,1.414740,1,0
11.599908,0.200000,0.000000,0.199996,0.047937,0.000004,-0.047937,2.001109,1.999127,1.141072,0.937732,1.414757,1,0
11.615908,0.200000,0.000000,0.200001,-0.047937,-0.000001,0.047937,1.999677,2.000763,1.141569,0.940894,1.414726,1,0
11.631907,0.200000,0.000000,0.200015,0.000000,-0.000015,0.000000,1.999548,2.000635,1.142067,0.944055,1.414743,1,0
11.647907,0.200000,0.000000,0.200003,0.047937,-0.000003,-0.047937,2.001184,1.999203,1.142564,0.947216,1.414760,1,0
11.663907,0.200000,0.000000,0.200009,-0.047937,-0.000009,0.047937,1.999752,2.000839,1.143061,0.950377,1.414729,1,0
11.679907,0.200000,0.000000,0.200023,0.000000,-0.000023,0.000000,1.999624,2.000711,1.143559,0.953539,1.414746,1,0
11.695907,0.200000,0.000000,0.200011,0.047937,-0.000011,-0.047937,2.001260,1.999279,1.144056,0.956700,1.414763,1,0
11.711906,0.200000,0.000000,0.200016,-0.047937,-0.000016,0.047937,1.999828,2.000915,1.144553,0.959862,1.414732,1,0
11.727906,0.200000,0.000000,0.200031,0.000000,-0.000031,0.000000,1.999700,2.000787,1.145051,0.963023,1.414749,1,0
11.743906,0.200000,0.000000,0.200018,0.047937,-0.000018,-0.047937,2.001336,1.999354,1.145548,0.966185,1.414766,1,0
11.759906,0.200000,0.000000,0.200024,-0.047937,-0.000024,0.047937,1.999904,2.000990,1.146045,0.969346,1.414735,1,0
11.775906,0.200000,0.000000,0.200038,0.000000,-0.000038,0.000000,1.999776,2.000862,1.146543,0.972508,1.414752,1,0
11.791905,0.200000,0.000000,0.200026,0.047937,-0.000026,-0.047937,2.001411,1.999430,1.147040,0.975669,1.414769,1,0
11.807905,0.000000,0.000000,0.200032,-0.047937,-0.200032,0.047937,0.064780,0.065866,1.147537,0.978831,1.414738,1,0
11.823905,0.000000,0.000000,0.043546,0.047937,-0.043546,-0.047937,0.065623,0.063642,1.147566,0.979527,1.414778,1,0
11.839905,0.000000,0.000000,0.006119,-0.047937,-0.006119,0.047937,0.063399,0.064486,1.147580,0.979624,1.414748,1,0
11.855905,0.000000,0.000000,0.005498,0.000000,-0.005498,0.000000,0.062939,0.064025,1.147594,0.979711,1.414765,1,0
11.871904,0.000000,0.000000,0.005618,0.047937,-0.005618,-0.047937,0.063783,0.061801,1.147608,0.979800,1.414781,1,0
11.887904,0.000000,0.000000,0.005690,-0.047937,-0.005690,0.047937,0.061558,0.062645,1.147622,0.979890,1.414750,1,0
11.903904,0.000000,0.000000,0.005741,0.000000,-0.005741,0.000000,0.061098,0.062185,1.147636,0.979980,1.414767,1,0
11.919904,0.000000,0.000000,0.005788,0.047937,-0.005788,-0.047937,0.061942,0.059960,1.147651,0.980072,1.414784,1,0
11.935904,0.000000,0.000000,0.005789,0.000000,-0.005789,0.000000,0.061482,0.059500,1.147665,0.980163,1.414753,1,0
11.951903,0.000000,0.000000,0.005802,-0.047937,-0.005802,0.047937,0.059257,0.060344,1.147679,0.980255,1.414722,1,0
11.967903,0.000000,0.000000,0.005785,0.000000,-0.005785,0.000000,0.058797,0.059884,1.147694,0.980347,1.414739,1,0
11.983903,0.000000,0.000000,0.005776,0.047937,-0.005776,-0.047937,0.059641,0.057659,1.147708,0.980438,1.414755,1,0
11.999903,0.000000,0.000000,0.005734,0.000000,-0.005734,0.000000,0.059181,0.057199,1.147722,0.980529,1.414724,1,0
12.015903,0.000000,0.000000,0.005712,-0.047937,-0.005712,0.047937,0.056956,0.058043,1.147736,0.980619,1.414693,1,0
12.031902,0.000000,0.000000,0.005667,0.000000,-0.005667,0.000000,0.056496,0.057583,1.147750,0.980708,1.414710,1,0
12.047902,0.000000,0.000000,0.005636,0.000000,-0.005636,0.000000,0.056036,0.057123,1.147764,0.980797,1.414727,1,0
12.063902,0.000000,0.000000,0.005602,0.047937,-0.005602,-0.047937,0.056880,0.054898,1.147778,0.980886,1.414744,1,0
12.079902,0.000000,0.000000,0.005539,0.000000,-0.005539,0.000000,0.056419,0.054438,1.147792,0.980974,1.414713,1,0
12.095901,0.000000,0.000000,0.005501,-0.047937,-0.005501,0.047937,0.054195,0.055282,1.147806,0.981061,1.414682,1,0
12.111901,0.000000,0.000000,0.005443,0.000000,-0.005443,0.000000,0.053735,0.054822,1.147819,0.981147,1.414699,1,0
12.127901,0.000000,0.000000,0.005401,0.000000,-0.005401,0.000000,0.053275,0.054361,1.147832,0.981232,1.414715,1,0
12.143901,0.000000,0.000000,0.005359,0.000000,-0.005359,0.000000,0.052815,0.053901,1.147846,0.981317,1.414732,1,0
12.159901,0.000000,0.000000,0.005316,0.000000,-0.005316,0.000000,0.052354,0.053441,1.147859,0.981401,1.414749,1,0
12.175900,0.000000,0.000000,0.005273,0.047937,-0.005273,-0.047937,0.053198,0.051217,1.147872,0.981484,1.414766,1,0
12.191900,0.000000,0.000000,0.005203,0.000000,-0.005203,0.000000,0.052738,0.050757,1.147885,0.981566,1.414735,1,0
12.207900,0.000000,0.000000,0.005158,0.000000,-0.005158,0.000000,0.052278,0.050296,1.147898,0.981648,1.414705,1,0
12.223900,0.000000,0.000000,0.005113,0.000000,-0.005113,0.000000,0.051817,0.049836,1.147910,0.981729,1.414673,1,0
12.239900,0.000000,0.000000,0.005068,-0.047937,-0.005068,0.047937,0.049593,0.050680,1.147923,0.981809,1.414642,1,0
12.255899,0.000000,0.000000,0.005004,0.000000,-0.005004,0.000000,0.049133,0.050220,1.147935,0.981888,1.414659,1,0
12.271899,0.000000,0.000000,0.004959,0.000000,-0.004959,0.000000,0.048673,0.049759,1.147947,0.981966,1.414676,1,0
12.287899,0.000000,0.000000,0.004913,0.000000,-0.004913,0.000000,0.048213,0.049299,1.147960,0.982044,1.414693,1,0
12.303899,0.000000,2.000000,0.004867,0.000000,-0.004867,2.000000,-1.004248,1.100839,1.147972,0.982121,1.414710,1,0
12.319899,0.000000,2.000000,0.004868,2.109224,-0.004868,-0.109224,-1.001213,1.096884,1.147984,0.982198,1.436156,1,0
12.335898,0.000000,2.000000,0.004804,2.109224,-0.004804,-0.109224,-0.998178,1.092928,1.147995,0.982274,1.466681,1,0
12.351898,0.000000,2.000000,0.004759,2.109224,-0.004759,-0.109224,-0.995143,1.088973,1.148004,0.982349,1.497123,1,0
12.367898,0.000000,2.000000,0.004712,2.061287,-0.004712,-0.061287,-0.993412,1.086782,1.148010,0.982425,1.527470,1,0
12.383898,0.000000,2.000000,0.004519,2.061286,-0.004519,-0.061286,-0.992141,1.084130,1.148015,0.982497,1.557719,1,0
12.399898,0.000000,2.000000,0.001378,2.061287,-0.001378,-0.061287,-0.990410,1.081939,1.148016,0.982519,1.587003,1,0
12.415897,0.000000,2.000000,0.001624,2.109224,-0.001624,-0.109224,-0.987375,1.077984,1.148016,0.982545,1.616327,1,0
12.431897,0.000000,2.000000,0.004485,2.061286,-0.004485,-0.061286,-0.986104,1.075332,1.148013,0.982616,1.646401,1,0
12.447897,0.000000,2.000000,0.004473,2.061287,-0.004473,-0.061287,-0.984373,1.073141,1.148009,0.982688,1.676415,1,0
12.463897,0.000000,2.000000,0.004446,2.013350,-0.004446,-0.013350,-0.984406,1.072254,1.148002,0.982759,1.706369,1,0
12.479897,0.000000,2.000000,0.004397,2.109224,-0.004397,-0.109224,-0.981371,1.068298,1.147993,0.982828,1.736307,1,0
12.495896,0.000000,2.000000,0.004348,2.013350,-0.004348,-0.013350,-0.981404,1.067411,1.147981,0.982897,1.766141,1,0
12.511896,0.000000,2.000000,0.004300,2.061287,-0.004300,-0.061287,-0.979673,1.065220,1.147968,0.982965,1.795959,1,0
12.527896,0.000000,2.000000,0.004275,2.013350,-0.004275,-0.013350,-0.979706,1.064332,1.147953,0.983031,1.825717,1,0
12.543896,0.000000,2.000000,0.004228,2.109224,-0.004228,-0.109224,-0.976671,1.060377,1.147936,0.983097,1.855460,1,0
12.559896,0.000000,2.000000,0.004180,2.013350,-0.004180,-0.013350,-0.976704,1.059489,1.147917,0.983161,1.885099,1,0
12.575895,0.000000,2.000000,0.004133,2.013350,-0.004133,-0.013350,-0.976737,1.058602,1.147897,0.983224,1.914725,1,0
12.591895,0.000000,2.000000,0.004087,2.013350,-0.004087,-0.013350,-0.976770,1.057715,1.147875,0.983285,1.944336,1,0
12.607895,0.000000,2.000000,0.004040,2.061287,-0.004040,-0.061287,-0.975039,1.055523,1.147851,0.983346,1.973934,1,0
12.623895,0.000000,2.000000,0.004017,2.061287,-0.004017,-0.061287,-0.973308,1.053332,1.147826,0.983405,2.003474,1,0
12.639894,0.000000,2.000000,0.003993,2.013350,-0.003993,-0.013350,-0.973341,1.052445,1.147799,0.983462,2.032955,1,0
12.655894,0.000000,2.000000,0.003948,2.013350,-0.003948,-0.013350,-0.973374,1.051557,1.147770,0.983519,2.062423,1,0
12.671894,0.000000,2.000000,0.003901,2.061287,-0.003901,-0.061287,-0.971642,1.049366,1.147741,0.983574,2.091879,1,0
12.687894,0.000000,2.000000,0.003878,2.013350,-0.003878,-0.013350,-0.971676,1.048479,1.147709,0.983627,2.121276,1,0
12.703894,0.000000,2.000000,0.003832,2.013350,-0.003832,-0.013350,-0.971708,1.047591,1.147677,0.983680,2.150661,1,0
12.719893,0.000000,2.000000,0.003786,1.965413,-0.003786,0.034587,-0.973045,1.048468,1.147644,0.983730,2.180033,1,0
12.735893,0.000000,2.000000,0.003762,2.061287,-0.003762,-0.061287,-0.971314,1.046277,1.147609,0.983779,2.209437,1,0
12.751893,0.000000,2.000000,0.003739,2.013350,-0.003739,-0.013350,-0.971347,1.045389,1.147573,0.983827,2.238784,1,0
12.767893,0.000000,2.000000,0.003693,2.013350,-0.003693,-0.013350,-0.971380,1.044502,1.147536,0.983873,2.268117,1,0
12.783893,0.000000,2.000000,0.003646,2.013350,-0.003646,-0.013350,-0.971413,1.043615,1.147498,0.983918,2.297439,1,0
12.799892,0.000000,2.000000,0.003600,2.013350,-0.003600,-0.013350,-0.970986,1.043187,1.147460,0.983960,2.326747,1,0
12.815892,0.000000,2.000000,0.003598,2.013350,-0.003598,-0.013350,-0.971019,1.042300,1.147420,0.984002,2.356043,1,0
12.831892,0.000000,2.000000,0.003553,2.013350,-0.003553,-0.013350,-0.971052,1.041413,1.147380,0.984042,2.385327,1,0
12.847892,0.000000,2.000000,0.003506,2.013350,-0.003506,-0.013350,-0.971085,1.040525,1.147339,0.984080,2.414598,1,0
12.863892,0.000000,2.000000,0.003462,2.013350,-0.003462,-0.013350,-0.970658,1.040098,1.147297,0.984117,2.443856,1,0
12.879891,0.000000,2.000000,0.003458,2.013350,-0.003458,-0.013350,-0.970691,1.039211,1.147254,0.984152,2.473101,1,0
12.895891,0.000000,2.000000,0.003420,2.013350,-0.003420,-0.013350,-0.970724,1.038323,1.147211,0.984186,2.502334,1,0
12.911891,0.000000,2.000000,0.003384,1.965413,-0.003384,0.034587,-0.972061,1.039200,1.147167,0.984217,2.531555,1,0
12.927891,0.000000,2.000000,0.003360,2.061287,-0.003360,-0.061287,-0.970330,1.037009,1.147123,0.984248,2.560807,1,0
12.943891,0.000000,2.000000,0.003349,2.013350,-0.003349,-0.013350,-0.970363,1.036121,1.147078,0.984277,2.590012,1,0
12.959890,0.000000,2.000000,0.003304,1.965413,-0.003304,0.034587,-0.971700,1.036998,1.147033,0.984304,2.619204,1,0
12.975890,0.000000,2.000000,0.003280,2.013350,-0.003280,-0.013350,-0.971733,1.036111,1.146987,0.984330,2.648428,1,0
12.991890,0.000000,2.000000,0.003234,2.013350,-0.003234,-0.013350,-0.971305,1.035683,1.146941,0.984354,2.677640,1,0
13.007890,0.000000,2.000000,0.003233,2.013350,-0.003233,-0.013350,-0.971338,1.034796,1.146895,0.984377,2.706839,1,0
13.023890,0.000000,2.000000,0.003187,2.013350,-0.003187,-0.013350,-0.971371,1.033909,1.146849,0.984398,2.736026,1,0
13.039889,0.000000,2.000000,0.003140,1.965413,-0.003140,0.034587,-0.972708,1.034785,1.146802,0.984418,2.765200,1,0
13.055889,0.000000,2.000000,0.003116,2.061287,-0.003116,-0.061287,-0.970977,1.032594,1.146756,0.984436,2.794406,1,0
13.071889,0.000000,2.000000,0.003093,1.965413,-0.003093,0.034587,-0.972314,1.033471,1.146709,0.984453,2.823555,1,0
13.087889,0.000000,0.000000,0.003069,2.013350,-0.003069,-2.013350,0.079653,-0.019417,1.146662,0.984468,2.852736,1,0
13.103889,0.000000,0.000000,0.000051,-0.095874,-0.000051,0.095874,0.076585,-0.016349,1.146662,0.984468,2.852733,1,0
13.119888,0.000000,0.000000,0.002319,-0.095874,-0.002319,0.095874,0.073057,-0.013741,1.146627,0.984481,2.851315,1,0
13.135888,0.000000,0.000000,0.002368,-0.095874,-0.002368,0.095874,0.069529,-0.011133,1.146591,0.984494,2.849994,1,0
13.151888,0.000000,0.000000,0.002354,-0.047937,-0.002354,0.047937,0.067764,-0.009829,1.146556,0.984508,2.848773,1,0
13.167888,0.000000,0.000000,0.002340,-0.095874,-0.002340,0.095874,0.064696,-0.006761,1.146521,0.984521,2.847605,1,0
13.183887,0.000000,0.000000,0.002377,-0.095874,-0.002377,0.095874,0.061168,-0.004154,1.146485,0.984534,2.846535,1,0
13.199887,0.000000,0.000000,0.002372,-0.047937,-0.002372,0.047937,0.059404,-0.002850,1.146450,0.984547,2.845559,1,0
13.215887,0.000000,0.000000,0.002365,-0.047937,-0.002365,0.047937,0.057640,-0.001546,1.146414,0.984560,2.844633,1,0
13.231887,0.000000,0.000000,0.002360,-0.095874,-0.002360,0.095874,0.054112,0.001062,1.146379,0.984573,2.843756,1,0
13.247887,0.000000,0.000000,0.002359,-0.047937,-0.002359,0.047937,0.052348,0.002366,1.146343,0.984586,2.842970,1,0
13.263886,0.000000,0.000000,0.002357,-0.047937,-0.002357,0.047937,0.050584,0.003670,1.146308,0.984599,2.842232,1,0
13.279886,0.000000,0.000000,0.002355,-0.047937,-0.002355,0.047937,0.048820,0.004974,1.146273,0.984612,2.841540,1,0
13.295886,0.000000,0.000000,0.002355,-0.047937,-0.002355,0.047937,0.047056,0.006278,1.146237,0.984625,2.840895,1,0
13.311886,0.000000,0.000000,0.002354,-0.047937,-0.002354,0.047937,0.045292,0.007581,1.146202,0.984637,2.840295,1,0
13.327886,0.000000,0.000000,0.002355,0.000000,-0.002355,0.000000,0.044831,0.007121,1.146166,0.984650,2.839741,1,0
13.343885,0.000000,0.000000,0.002308,-0.047937,-0.002308,0.047937,0.043067,0.008425,1.146131,0.984662,2.839188,1,0
13.359885,0.000000,0.000000,0.002308,-0.047937,-0.002308,0.047937,0.041303,0.009729,1.146096,0.984674,2.838680,1,0
13.375885,0.000000,0.000000,0.002309,0.000000,-0.002309,0.000000,0.041303,0.009729,1.146062,0.984687,2.838217,1,0
13.391885,0.000000,0.000000,0.002308,-0.047937,-0.002308,0.047937,0.039539,0.011033,1.146027,0.984699,2.837754,1,0
13.407885,0.000000,0.000000,0.002310,0.000000,-0.002310,0.000000,0.039079,0.010573,1.145992,0.984711,2.837337,1,0
13.423884,0.000000,0.000000,0.002264,-0.047937,-0.002264,0.047937,0.037315,0.011877,1.145958,0.984723,2.836919,1,0
13.439884,0.000000,0.000000,0.002265,-0.047937,-0.002265,0.047937,0.035551,0.013180,1.145923,0.984735,2.836547,1,0
13.455884,0.000000,0.000000,0.002267,0.000000,-0.002267,0.000000,0.035551,0.013180,1.145889,0.984746,2.836219,1,0
13.471884,0.000000,0.000000,0.002267,0.000000,-0.002267,0.000000,0.035091,0.012720,1.145855,0.984758,2.835892,1,0
13.487884,0.000000,0.000000,0.002222,-0.047937,-0.002222,0.047937,0.033327,0.014024,1.145821,0.984770,2.835564,1,0
13.503883,0.000000,0.000000,0.002223,-0.047937,-0.002223,0.047937,0.031563,0.015328,1.145787,0.984781,2.835281,1,0
13.519883,0.000000,0.000000,0.002225,0.000000,-0.002225,0.000000,0.031563,0.015328,1.145754,0.984792,2.835043,1,0
13.535883,0.000000,0.000000,0.002225,0.000000,-0.002225,0.000000,0.031102,0.014868,1.145720,0.984804,2.834805,1,0
13.551883,0.000000,0.000000,0.002180,-0.047937,-0.002180,0.047937,0.029338,0.016172,1.145687,0.984815,2.834567,1,0
13.567883,0.000000,0.000000,0.002212,0.000000,-0.002212,0.000000,0.029338,0.016172,1.145653,0.984826,2.834359,1,0
13.583882,0.000000,0.000000,0.002213,0.000000,-0.002213,0.000000,0.028878,0.015712,1.145619,0.984836,2.834151,1,0
13.599882,0.200000,0.000000,0.002168,0.000000,0.197832,0.000000,1.964078,1.950911,1.145586,0.984847,2.833945,1,0
13.615882,0.200000,0.000000,0.073648,0.000000,0.126352,0.000000,1.964410,1.951243,1.144744,0.985671,2.831752,1,0
13.631882,0.200000,0.000000,0.120071,-0.047937,0.079929,0.047937,1.963438,1.953340,1.143077,0.986626,2.831532,1,0
13.647882,0.200000,0.000000,0.166651,0.000000,0.033349,0.000000,1.963770,1.953672,1.140588,0.987583,2.831370,1,0
13.663881,0.200000,0.000000,0.195787,0.000000,0.004213,0.000000,1.964102,1.954004,1.137606,0.988541,2.831207,1,0
13.679881,0.200000,0.000000,0.196323,0.000000,0.003677,0.000000,1.964434,1.954336,1.134615,0.989501,2.831045,1,0
13.695881,0.200000,0.000000,0.196271,-0.047937,0.003729,0.047937,1.963462,1.956432,1.131624,0.990460,2.830883,1,0
13.711881,0.200000,0.000000,0.196265,0.000000,0.003735,0.000000,1.963794,1.956764,1.128635,0.991420,2.830770,1,0
13.727880,0.200000,0.000000,0.196237,0.000000,0.003763,0.000000,1.964126,1.957096,1.125645,0.992381,2.830657,1,0
13.743880,0.200000,0.000000,0.196221,0.000000,0.003779,0.000000,1.964458,1.957428,1.122656,0.993341,2.830545,1,0
13.759880,0.200000,0.000000,0.196215,-0.047937,0.003785,0.047937,1.963487,1.959524,1.119668,0.994302,2.830432,1,0
13.775880,0.200000,0.000000,0.196254,0.047937,0.003746,-0.047937,1.965583,1.958552,1.116678,0.995264,2.830369,1,0
13.791880,0.200000,0.000000,0.196271,0.000000,0.003729,0.000000,1.965915,1.958884,1.113689,0.996225,2.830257,1,0
13.807879,0.200000,0.000000,0.196284,0.000000,0.003716,0.000000,1.966247,1.959216,1.110699,0.997187,2.830145,1,0
13.823879,0.200000,0.000000,0.196301,0.000000,0.003699,0.000000,1.966579,1.959548,1.107710,0.998150,2.830033,1,0
13.839879,0.200000,0.000000,0.196322,-0.047937,0.003678,0.047937,1.965607,1.961644,1.104720,0.999113,2.829920,1,0
13.855879,0.200000,0.000000,0.196382,0.000000,0.003618,0.000000,1.965939,1.961976,1.101729,1.000077,2.829857,1,0
13.871879,0.200000,0.000000,0.196408,0.000000,0.003592,0.000000,1.966271,1.962309,1.098738,1.001040,2.829794,1,0
13.887878,0.200000,0.000000,0.196435,0.000000,0.003565,0.000000,1.966603,1.962641,1.095747,1.002005,2.829731,1,0
13.903878,0.200000,0.000000,0.196463,0.000000,0.003537,0.000000,1.966935,1.962973,1.092755,1.002969,2.829668,1,0
13.919878,0.200000,0.000000,0.196492,0.000000,0.003508,0.000000,1.967267,1.963305,1.089763,1.003934,2.829605,1,0
13.935878,0.200000,0.000000,0.196522,0.000000,0.003478,0.000000,1.967599,1.963637,1.086770,1.004899,2.829542,1,0
13.951878,0.200000,0.000000,0.196552,0.000000,0.003448,0.000000,1.967931,1.963969,1.083777,1.005865,2.829479,1,0
13.967877,0.200000,0.000000,0.196583,0.000000,0.003417,0.000000,1.968263,1.964301,1.080784,1.006831,2.829416,1,0
13.983877,0.200000,0.000000,0.196615,-0.047937,0.003385,0.047937,1.967291,1.966397,1.077790,1.007797,2.829353,1,0
13.999877,0.200000,0.000000,0.196683,0.000000,0.003317,0.000000,1.967624,1.966729,1.074795,1.008764,2.829339,1,0
14.015877,0.200000,0.000000,0.196715,0.000000,0.003285,0.000000,1.967956,1.967061,1.071800,1.009731,2.829324,1,0
14.031877,0.200000,0.000000,0.196748,0.000000,0.003252,0.000000,1.968288,1.967393,1.068804,1.010698,2.829310,1,0
14.047876,0.200000,0.000000,0.196780,0.000000,0.003220,0.000000,1.968620,1.967725,1.065808,1.011665,2.829296,1,0
14.063876,0.200000,0.000000,0.196813,0.000000,0.003187,0.000000,1.968952,1.968057,1.062811,1.012632,2.829282,1,0
14.079876,0.200000,0.000000,0.196846,0.000000,0.003154,0.000000,1.969284,1.968389,1.059814,1.013600,2.829268,1,0
14.095876,0.200000,0.000000,0.196878,0.000000,0.003122,0.000000,1.969616,1.968721,1.056817,1.014568,2.829253,1,0
14.111876,0.200000,0.000000,0.196911,0.000000,0.003089,0.000000,1.969948,1.969053,1.053818,1.015536,2.829239,1,0
14.127875,0.200000,0.000000,0.196944,0.000000,0.003056,0.000000,1.970280,1.969385,1.050820,1.016504,2.829225,1,0
14.143875,0.200000,0.000000,0.196977,0.000000,0.003023,0.000000,1.970612,1.969717,1.047821,1.017473,2.829211,1,0
14.159875,0.200000,0.000000,0.197010,0.000000,0.002990,0.000000,1.970944,1.970049,1.044821,1.018442,2.829196,1,0
14.175875,0.200000,0.000000,0.197043,0.047937,0.002957,-0.047937,1.972580,1.968617,1.041821,1.019411,2.829182,1,0
14.191875,0.200000,0.000000,0.197041,-0.047937,0.002959,0.047937,1.971148,1.970253,1.038821,1.020380,2.829119,1,0
14.207874,0.200000,0.000000,0.197064,0.000000,0.002936,0.000000,1.971480,1.970585,1.035820,1.021349,2.829105,1,0
14.223874,0.200000,0.000000,0.197097,0.000000,0.002903,0.000000,1.971812,1.970917,1.032820,1.022318,2.829091,1,0
14.239874,0.200000,0.000000,0.197130,0.000000,0.002870,0.000000,1.972144,1.971249,1.029818,1.023288,2.829077,1,0
14.255874,0.200000,0.000000,0.197163,0.000000,0.002837,0.000000,1.972476,1.971581,1.026816,1.024258,2.829063,1,0
14.271873,0.200000,0.000000,0.197196,0.000000,0.002804,0.000000,1.972808,1.971913,1.023814,1.025228,2.829048,1,0
14.287873,0.200000,0.000000,0.197229,0.000000,0.002771,0.000000,1.973140,1.972245,1.020811,1.026198,2.829034,1,0
14.303873,0.200000,0.000000,0.197263,0.000000,0.002737,0.000000,1.973472,1.972577,1.017808,1.027169,2.829020,1,0
14.319873,0.200000,0.000000,0.197296,0.000000,0.002704,0.000000,1.973804,1.972909,1.014804,1.028139,2.829006,1,0
14.335873,0.200000,0.000000,0.197329,0.000000,0.002671,0.000000,1.974136,1.973242,1.011800,1.029110,2.828992,1,0
14.351872,0.200000,0.000000,0.197362,0.000000,0.002638,0.000000,1.974468,1.973574,1.008795,1.030081,2.828978,1,0
14.367872,0.200000,0.000000,0.197395,-0.047937,0.002605,0.047937,1.973036,1.975209,1.005790,1.031053,2.828964,1,0
14.383872,0.200000,0.000000,0.197401,0.047937,0.002599,-0.047937,1.974672,1.973777,1.002785,1.032024,2.828997,1,0
14.399872,0.200000,0.000000,0.197416,0.000000,0.002584,0.000000,1.975004,1.974109,0.999779,1.032995,2.828983,1,0
14.415872,0.200000,0.000000,0.197449,0.000000,0.002551,0.000000,1.975336,1.974442,0.996773,1.033967,2.828969,1,0
14.431871,0.200000,0.000000,0.197482,0.000000,0.002518,0.000000,1.975668,1.974774,0.993766,1.034939,2.828955,1,0
14.447871,0.200000,0.000000,0.197515,0.000000,0.002485,0.000000,1.976000,1.975106,0.990759,1.035911,2.828941,1,0
14.463871,0.200000,0.000000,0.197549,0.000000,0.002451,0.000000,1.976332,1.975438,0.987752,1.036883,2.828927,1,0
14.479871,0.200000,0.000000,0.197582,-0.047937,0.002418,0.047937,1.974900,1.977074,0.984744,1.037855,2.828913,1,0
14.495871,0.200000,0.000000,0.197588,0.047937,0.002412,-0.047937,1.976536,1.975641,0.981736,1.038828,2.828946,1,0
14.511870,0.200000,0.000000,0.197602,0.000000,0.002398,0.000000,1.976868,1.975973,0.978727,1.039800,2.828933,1,0
14.527870,0.200000,0.000000,0.197635,0.000000,0.002365,0.000000,1.977200,1.976306,0.975718,1.040773,2.828918,1,0
14.543870,0.200000,0.000000,0.197668,0.000000,0.002332,0.000000,1.977532,1.976638,0.972709,1.041745,2.828904,1,0
14.559870,0.200000,0.000000,0.197702,-0.047937,0.002298,0.047937,1.976100,1.978274,0.969699,1.042718,2.828890,1,0
14.575870,0.200000,0.000000,0.197708,0.000000,0.002292,0.000000,1.976432,1.978606,0.966689,1.043691,2.828924,1,0
14.591869,0.200000,0.000000,0.197740,0.047937,0.002260,-0.047937,1.978068,1.977174,0.963679,1.044665,2.828958,1,0
14.607869,0.200000,0.000000,0.197756,0.000000,0.002244,0.000000,1.978400,1.977506,0.960668,1.045638,2.828944,1,0
14.623869,0.200000,0.000000,0.197788,0.000000,0.002212,0.000000,1.978732,1.977838,0.957657,1.046611,2.828930,1,0
14.639869,0.200000,0.000000,0.197822,-0.047937,0.002178,0.047937,1.977300,1.979474,0.954645,1.047585,2.828916,1,0
14.655869,0.200000,0.000000,0.197828,0.047937,0.002172,-0.047937,1.978936,1.978042,0.951633,1.048558,2.828950,1,0
14.671868,0.200000,0.000000,0.197842,0.000000,0.002158,0.000000,1.979268,1.978374,0.948621,1.049532,2.828936,1,0
14.687868,0.200000,0.000000,0.197875,0.000000,0.002125,0.000000,1.979600,1.978706,0.945609,1.050506,2.828922,1,0
14.703868,0.200000,0.000000,0.197908,0.000000,0.002092,0.000000,1.979932,1.979038,0.942596,1.051480,2.828908,1,0
14.719868,0.200000,0.000000,0.197942,-0.047937,0.002058,0.047937,1.978500,1.980674,0.939582,1.052454,2.828894,1,0
14.735868,0.200000,0.000000,0.197948,0.047937,0.002052,-0.047937,1.980136,1.979241,0.936569,1.053428,2.828928,1,0
14.751867,0.200000,0.000000,0.197962,0.000000,0.002038,0.000000,1.980468,1.979573,0.933555,1.054402,2.828914,1,0
14.767867,0.200000,0.000000,0.197995,0.000000,0.002005,0.000000,1.980800,1.979905,0.930540,1.055377,2.828900,1,0
14.783867,0.200000,0.000000,0.198028,-0.047937,0.001972,0.047937,1.979368,1.981542,0.927526,1.056351,2.828886,1,0
14.799867,0.200000,0.000000,0.198034,0.047937,0.001966,-0.047937,1.981004,1.980109,0.924511,1.057326,2.828920,1,0
14.815866,0.200000,0.000000,0.198049,0.000000,0.001951,0.000000,1.981336,1.980441,0.921495,1.058301,2.828906,1,0
14.831866,0.200000,0.000000,0.198082,0.000000,0.001918,0.000000,1.981668,1.980773,0.918480,1.059276,2.828892,1,0
14.847866,0.200000,0.000000,0.198115,-0.047937,0.001885,0.047937,1.980236,1.982409,0.915464,1.060251,2.828878,1,0
14.863866,0.200000,0.000000,0.198121,0.047937,0.001879,-0.047937,1.981872,1.980977,0.912447,1.061226,2.828912,1,0
14.879866,0.200000,0.000000,0.198136,0.000000,0.001864,0.000000,1.982204,1.981309,0.909431,1.062201,2.828898,1,0
14.895865,0.200000,0.000000,0.198169,-0.047937,0.001831,0.047937,1.980772,1.982945,0.906414,1.063176,2.828884,1,0
14.911865,0.200000,0.000000,0.198175,0.047937,0.001825,-0.047937,1.982408,1.981513,0.903397,1.064152,2.828918,1,0
14.927865,0.200000,0.000000,0.198189,0.000000,0.001811,0.000000,1.982740,1.981845,0.900380,1.065127,2.828904,1,0
14.943865,0.200000,0.000000,0.198222,0.000000,0.001778,0.000000,1.983072,1.982177,0.897362,1.066103,2.828890,1,0
14.959865,0.200000,0.000000,0.198256,-0.047937,0.001744,0.047937,1.981640,1.983813,0.894344,1.067078,2.828876,1,0
14.975864,0.200000,0.000000,0.198262,0.047937,0.001738,-0.047937,1.983276,1.982381,0.891325,1.068054,2.828910,1,0
14.991864,0.200000,0.000000,0.198276,0.000000,0.001724,0.000000,1.983608,1.982713,0.888307,1.069030,2.828896,1,0
15.007864,0.200000,0.000000,0.198309,-0.047937,0.001691,0.047937,1.982176,1.984349,0.885288,1.070006,2.828882,1,0
15.023864,0.200000,0.000000,0.198315,0.047937,0.001685,-0.047937,1.983812,1.982917,0.882268,1.070982,2.828916,1,0
15.039864,0.200000,0.000000,0.198330,0.000000,0.001670,0.000000,1.984144,1.983249,0.879249,1.071958,2.828902,1,0
15.055863,0.200000,0.000000,0.198363,-0.047937,0.001637,0.047937,1.982712,1.984885,0.876229,1.072935,2.828888,1,0
15.071863,0.200000,0.000000,0.198369,0.047937,0.001631,-0.047937,1.984348,1.983453,0.873209,1.073911,2.828922,1,0
15.087863,0.200000,0.000000,0.198383,0.000000,0.001617,0.000000,1.984680,1.983785,0.870189,1.074887,2.828908,1,0
15.103863,0.200000,0.000000,0.198416,-0.047937,0.001584,0.047937,1.983248,1.985421,0.867168,1.075864,2.828894,1,0
15.119863,0.200000,0.000000,0.198422,0.047937,0.001578,-0.047937,1.984884,1.983989,0.864147,1.076840,2.828928,1,0
15.135862,0.200000,0.000000,0.198437,0.000000,0.001563,0.000000,1.985216,1.984321,0.861126,1.077817,2.828914,1,0
15.151862,0.200000,0.000000,0.198470,-0.047937,0.001530,0.047937,1.983784,1.985957,0.858105,1.078794,2.828900,1,0
15.167862,0.200000,0.000000,0.198476,0.047937,0.001524,-0.047937,1.985420,1.984525,0.855083,1.079771,2.828934,1,0
15.183862,0.200000,0.000000,0.198491,0.000000,0.001509,0.000000,1.985752,1.984857,0.852061,1.080747,2.828920,1,0
15.199862,0.200000,0.000000,0.198523,-0.047937,0.001477,0.047937,1.984320,1.986493,0.849039,1.081724,2.828906,1,0
15.215861,0.200000,0.000000,0.198529,0.047937,0.001471,-0.047937,1.985955,1.985061,0.846016,1.082702,2.828940,1,0
15.231861,0.200000,0.000000,0.198544,0.000000,0.001456,0.000000,1.986287,1.985393,0.842993,1.083679,2.828926,1,0
15.247861,0.200000,0.000000,0.198577,0.000000,0.001423,0.000000,1.986159,1.985265,0.839970,1.084656,2.828912,1,0
15.263861,0.200000,0.000000,0.198565,0.000000,0.001435,0.000000,1.986491,1.985597,0.836947,1.085633,2.828898,1,0
15.279860,0.200000,0.000000,0.198597,-0.047937,0.001403,0.047937,1.985059,1.987233,0.833924,1.086611,2.828884,1,0
15.295860,0.200000,0.000000,0.198603,0.047937,0.001397,-0.047937,1.986695,1.985801,0.830900,1.087588,2.828918,1,0
15.311860,0.200000,0.000000,0.198618,0.000000,0.001382,0.000000,1.987027,1.986133,0.827876,1.088566,2.828904,1,0
15.327860,0.200000,0.000000,0.198651,-0.047937,0.001349,0.047937,1.985595,1.987769,0.824852,1.089543,2.828890,1,0
15.343860,0.200000,0.000000,0.198657,0.047937,0.001343,-0.047937,1.987231,1.986336,0.821828,1.090521,2.828924,1,0
15.359859,0.200000,0.000000,0.198672,0.000000,0.001328,0.000000,1.987563,1.986669,0.818803,1.091499,2.828910,1,0
15.375859,0.200000,0.000000,0.198705,0.000000,0.001295,0.000000,1.987435,1.986540,0.815778,1.092477,2.828896,1,0
15.391859,0.200000,0.000000,0.198693,0.000000,0.001307,0.000000,1.987767,1.986872,0.812753,1.093455,2.828882,1,0
15.407859,0.200000,0.000000,0.198725,-0.047937,0.001275,0.047937,1.986335,1.988508,0.809728,1.094433,2.828868,1,0
15.423859,0.200000,0.000000,0.198731,0.047937,0.001269,-0.047937,1.987971,1.987076,0.806702,1.095411,2.828902,1,0
15.439858,0.200000,0.000000,0.198746,0.000000,0.001254,0.000000,1.988303,1.987408,0.803676,1.096389,2.828887,1,0
15.455858,0.200000,0.000000,0.198779,0.000000,0.001221,0.000000,1.988175,1.987280,0.800650,1.097368,2.828874,1,0
15.471858,0.200000,0.000000,0.198767,0.000000,0.001233,0.000000,1.988507,1.987612,0.797624,1.098346,2.828860,1,0
15.487858,0.200000,0.000000,0.198799,-0.047937,0.001201,0.047937,1.987075,1.989248,0.794598,1.099324,2.828846,1,0
15.503858,0.200000,0.000000,0.198805,0.047937,0.001195,-0.047937,1.988711,1.987816,0.791571,1.100303,2.828879,1,0
15.519857,0.200000,0.000000,0.198820,-0.047937,0.001180,0.047937,1.987279,1.989452,0.788544,1.101282,2.828865,1,0
15.535857,0.200000,0.000000,0.198825,0.047937,0.001175,-0.047937,1.988915,1.988020,0.785517,1.102260,2.828899,1,0
15.551857,0.200000,0.000000,0.198840,0.000000,0.001160,0.000000,1.989247,1.988352,0.782490,1.103239,2.828885,1,0
15.567857,0.200000,0.000000,0.198873,0.000000,0.001127,0.000000,1.989118,1.988224,0.779462,1.104218,2.828871,1,0
15.583857,0.200000,0.000000,0.198861,0.000000,0.001139,0.000000,1.989451,1.988556,0.776435,1.105197,2.828857,1,0
15.599856,0.200000,0.000000,0.198893,-0.047937,0.001107,0.047937,1.988019,1.990192,0.773407,1.106176,2.828843,1,0
15.615856,0.200000,0.000000,0.198899,0.047937,0.001101,-0.047937,1.989654,1.988760,0.770379,1.107155,2.828877,1,0
15.631856,0.200000,0.000000,0.198914,-0.047937,0.001086,0.047937,1.988222,1.990396,0.767351,1.108134,2.828863,1,0
15.647856,0.200000,0.000000,0.198920,0.047937,0.001080,-0.047937,1.989858,1.988964,0.764322,1.109113,2.828897,1,0
15.663856,0.200000,0.000000,0.198934,0.000000,0.001066,0.000000,1.990190,1.989296,0.761294,1.110092,2.828883,1,0
15.679855,0.200000,0.000000,0.198967,0.000000,0.001033,0.000000,1.990062,1.989167,0.758265,1.111071,2.828869,1,0
15.695855,0.200000,0.000000,0.198955,0.000000,0.001045,0.000000,1.990394,1.989500,0.755236,1.112051,2.828855,1,0
15.711855,0.200000,0.000000,0.198988,0.000000,0.001012,0.000000,1.990266,1.989371,0.752206,1.113030,2.828841,1,0
15.727855,0.200000,0.000000,0.198976,0.000000,0.001024,0.000000,1.990598,1.989703,0.749177,1.114010,2.828827,1,0
15.743855,0.200000,0.000000,0.199008,-0.047937,0.000992,0.047937,1.989166,1.991339,0.746147,1.114989,2.828813,1,0
15.759854,0.200000,0.000000,0.199014,0.047937,0.000986,-0.047937,1.990802,1.989907,0.743118,1.115969,2.828847,1,0
15.775854,0.200000,0.000000,0.199029,-0.047937,0.000971,0.047937,1.989370,1.991543,0.740088,1.116949,2.828833,1,0
15.791854,0.200000,0.000000,0.199034,0.047937,0.000966,-0.047937,1.991006,1.990111,0.737058,1.117929,2.828867,1,0
15.807854,0.200000,0.000000,0.199049,-0.047937,0.000951,0.047937,1.989574,1.991747,0.734027,1.118908,2.828853,1,0
15.823853,0.200000,0.000000,0.199055,0.047937,0.000945,-0.047937,1.991210,1.990315,0.730997,1.119888,2.828887,1,0
15.839853,0.200000,0.000000,0.199070,-0.047937,0.000930,0.047937,1.989778,1.991951,0.727966,1.120868,2.828873,1,0
15.855853,0.200000,0.000000,0.199075,0.047937,0.000925,-0.047937,1.991414,1.990519,0.724935,1.121848,2.828907,1,0
15.871853,0.200000,0.000000,0.199090,0.000000,0.000910,0.000000,1.991746,1.990851,0.721904,1.122828,2.828893,1,0
15.887853,0.200000,0.000000,0.199123,0.000000,0.000877,0.000000,1.991617,1.990723,0.718873,1.123808,2.828879,1,0
15.903852,0.200000,0.000000,0.199111,0.000000,0.000889,0.000000,1.991950,1.991055,0.715842,1.124788,2.828865,1,0
15.919852,0.200000,0.000000,0.199143,0.000000,0.000857,0.000000,1.991821,1.990927,0.712810,1.125768,2.828851,1,0
15.935852,0.200000,0.000000,0.199131,0.000000,0.000869,0.000000,1.992153,1.991259,0.709778,1.126748,2.828837,1,0
15.951852,0.200000,0.000000,0.199164,0.000000,0.000836,0.000000,1.992025,1.991131,0.706746,1.127729,2.828823,1,0
15.967852,0.200000,0.000000,0.199152,0.000000,0.000848,0.000000,1.992357,1.991463,0.703714,1.128709,2.828809,1,0
15.983851,0.200000,0.000000,0.199184,0.000000,0.000816,0.000000,1.992229,1.991334,0.700682,1.129690,2.828795,1,0
15.999851,0.200000,0.000000,0.199172,0.000000,0.000828,0.000000,1.992561,1.991666,0.697650,1.130670,2.828781,1,0
16.015852,0.200000,0.000000,0.199204,0.000000,0.000796,0.000000,1.992433,1.991538,0.694617,1.131651,2.828767,1,0
16.031853,0.200000,0.000000,0.199192,0.000000,0.000808,0.000000,1.992765,1.991870,0.691585,1.132632,2.828753,1,0
16.047853,0.200000,0.000000,0.199225,0.000000,0.000775,0.000000,1.992637,1.991742,0.688552,1.133613,2.828738,1,0
16.063854,0.200000,0.000000,0.199213,-0.047937,0.000787,0.047937,1.991205,1.993378,0.685519,1.134594,2.828724,1,0
16.079855,0.200000,0.000000,0.199218,0.047937,0.000782,-0.047937,1.992841,1.991946,0.682487,1.135575,2.828758,1,0
16.095856,0.200000,0.000000,0.199233,-0.047937,0.000767,0.047937,1.991409,1.993582,0.679454,1.136556,2.828744,1,0
16.111856,0.200000,0.000000,0.199238,0.047937,0.000762,-0.047937,1.993045,1.992150,0.676420,1.137537,2.828778,1,0
16.127857,0.200000,0.000000,0.199253,-0.047937,0.000747,0.047937,1.991613,1.993786,0.673387,1.138518,2.828764,1,0
16.143858,0.200000,0.000000,0.199259,0.047937,0.000741,-0.047937,1.993248,1.992354,0.670354,1.139499,2.828798,1,0
16.159859,0.200000,0.000000,0.199273,-0.047937,0.000727,0.047937,1.991816,1.993990,0.667320,1.140480,2.828784,1,0
16.175859,0.200000,0.000000,0.199279,0.047937,0.000721,-0.047937,1.993452,1.992558,0.664286,1.141461,2.828818,1,0
16.191860,0.200000,0.000000,0.199294,-0.047937,0.000706,0.047937,1.992020,1.994194,0.661252,1.142442,2.828804,1,0
16.207861,0.200000,0.000000,0.199299,0.047937,0.000701,-0.047937,1.993656,1.992762,0.658218,1.143424,2.828838,1,0
16.223862,0.200000,0.000000,0.199314,-0.047937,0.000686,0.047937,1.992224,1.994398,0.655184,1.144405,2.828824,1,0
16.239862,0.200000,0.000000,0.199320,0.047937,0.000680,-0.047937,1.993860,1.992965,0.652149,1.145386,2.828858,1,0
16.255863,0.200000,0.000000,0.199335,-0.047937,0.000665,0.047937,1.992428,1.994601,0.649115,1.146367,2.828845,1,0
16.271864,0.200000,0.000000,0.199340,0.047937,0.000660,-0.047937,1.994064,1.993169,0.646080,1.147348,2.828878,1,0
16.287865,0.200000,0.000000,0.199355,-0.047937,0.000645,0.047937,1.992632,1.994805,0.643045,1.148330,2.828865,1,0
16.303865,0.200000,0.000000,0.199361,0.047937,0.000639,-0.047937,1.994268,1.993373,0.640010,1.149311,2.828899,1,0
16.319866,0.200000,0.000000,0.199375,-0.047937,0.000625,0.047937,1.992836,1.995009,0.636975,1.150292,2.828885,1,0
16.335867,0.200000,0.000000,0.199381,0.047937,0.000619,-0.047937,1.994472,1.993577,0.633939,1.151274,2.828919,1,0
16.351868,0.200000,0.000000,0.199396,0.000000,0.000604,0.000000,1.994344,1.993449,0.630904,1.152255,2.828905,1,0
16.367868,0.200000,0.000000,0.199383,0.000000,0.000617,0.000000,1.994676,1.993781,0.627868,1.153236,2.828891,1,0
16.383869,0.200000,0.000000,0.199416,0.000000,0.000584,0.000000,1.994547,1.993653,0.624832,1.154218,2.828877,1,0
16.399870,0.200000,0.000000,0.199404,0.000000,0.000596,0.000000,1.994879,1.993985,0.621796,1.155199,2.828863,1,0
16.415871,0.200000,0.000000,0.199436,0.000000,0.000564,0.000000,1.994751,1.993857,0.618760,1.156181,2.828849,1,0
16.431871,0.200000,0.000000,0.199424,-0.047937,0.000576,0.047937,1.993319,1.995493,0.615724,1.157162,2.828835,1,0
16.447872,0.200000,0.000000,0.199429,0.047937,0.000571,-0.047937,1.994955,1.994061,0.612688,1.158144,2.828869,1,0
16.463873,0.200000,0.000000,0.199444,-0.047937,0.000556,0.047937,1.993523,1.995697,0.609652,1.159126,2.828855,1,0
16.479874,0.200000,0.000000,0.199450,0.047937,0.000550,-0.047937,1.995159,1.994264,0.606615,1.160108,2.828889,1,0
16.495874,0.200000,0.000000,0.199464,-0.047937,0.000536,0.047937,1.993727,1.995900,0.603579,1.161089,2.828875,1,0
16.511875,0.200000,0.000000,0.199470,0.047937,0.000530,-0.047937,1.995363,1.994468,0.600542,1.162071,2.828909,1,0
16.527876,0.200000,0.000000,0.199485,0.000000,0.000515,0.000000,1.995235,1.994340,0.597505,1.163053,2.828895,1,0
16.543877,0.200000,0.000000,0.199472,0.000000,0.000528,0.000000,1.995567,1.994672,0.594468,1.164035,2.828881,1,0
16.559877,0.200000,0.000000,0.199505,0.000000,0.000495,0.000000,1.995439,1.994544,0.591431,1.165017,2.828867,1,0
16.575878,0.200000,0.000000,0.199493,-0.047937,0.000507,0.047937,1.994007,1.996180,0.588394,1.165999,2.828853,1,0
16.591879,0.200000,0.000000,0.199498,0.047937,0.000502,-0.047937,1.995643,1.994748,0.585357,1.166981,2.828887,1,0
16.607880,0.200000,0.000000,0.199513,-0.047937,0.000487,0.047937,1.994210,1.996384,0.582319,1.167963,2.828873,1,0
16.623880,0.200000,0.000000,0.199518,0.047937,0.000482,-0.047937,1.995847,1.994952,0.579282,1.168945,2.828907,1,0
16.639881,0.200000,0.000000,0.199533,0.000000,0.000467,0.000000,1.995718,1.994824,0.576244,1.169927,2.828893,1,0
16.655882,0.200000,0.000000,0.199521,0.000000,0.000479,0.000000,1.996050,1.995156,0.573206,1.170909,2.828879,1,0
16.671883,0.200000,0.000000,0.199553,0.000000,0.000447,0.000000,1.995922,1.995028,0.570168,1.171891,2.828865,1,0
16.687883,0.200000,0.000000,0.199541,-0.047937,0.000459,0.047937,1.994490,1.996663,0.567130,1.172873,2.828851,1,0
16.703884,0.200000,0.000000,0.199546,0.047937,0.000454,-0.047937,1.996126,1.995231,0.564093,1.173855,2.828885,1,0
16.719885,0.200000,0.000000,0.199561,-0.047937,0.000439,0.047937,1.994694,1.996867,0.561054,1.174838,2.828871,1,0
16.735886,0.200000,0.000000,0.199567,0.047937,0.000433,-0.047937,1.996330,1.995435,0.558016,1.175820,2.828905,1,0
16.751886,0.200000,0.000000,0.199581,0.000000,0.000419,0.000000,1.996202,1.995307,0.554978,1.176802,2.828891,1,0
16.767887,0.200000,0.000000,0.199569,0.000000,0.000431,0.000000,1.996534,1.995639,0.551939,1.177785,2.828877,1,0
16.783888,0.200000,0.000000,0.199601,0.000000,0.000399,0.000000,1.996406,1.995511,0.548901,1.178767,2.828863,1,0
16.799889,0.200000,0.000000,0.199590,-0.047937,0.000410,0.047937,1.994974,1.997147,0.545862,1.179749,2.828849,1,0
16.815889,0.200000,0.000000,0.199595,0.047937,0.000405,-0.047937,1.996610,1.995715,0.542824,1.180732,2.828883,1,0
16.831890,0.200000,0.000000,0.199609,-0.047937,0.000391,0.047937,1.995178,1.997351,0.539785,1.181714,2.828869,1,0
16.847891,0.200000,0.000000,0.199615,0.047937,0.000385,-0.047937,1.996813,1.995919,0.536746,1.182697,2.828903,1,0
16.863892,0.200000,0.000000,0.199630,0.000000,0.000370,0.000000,1.996685,1.995791,0.533707,1.183679,2.828889,1,0
16.879892,0.200000,0.000000,0.199618,-0.047937,0.000382,0.047937,1.995253,1.997427,0.530668,1.184662,2.828875,1,0
16.895893,0.200000,0.000000,0.199623,0.047937,0.000377,-0.047937,1.996889,1.995994,0.527628,1.185645,2.828909,1,0
16.911894,0.200000,0.000000,0.199637,-0.047937,0.000363,0.047937,1.995457,1.997630,0.524589,1.186627,2.828895,1,0
16.927895,0.200000,0.000000,0.199643,0.047937,0.000357,-0.047937,1.997093,1.996198,0.521550,1.187610,2.828929,1,0
16.943895,0.200000,0.000000,0.199658,0.000000,0.000342,0.000000,1.996965,1.996070,0.518510,1.188592,2.828915,1,0
16.959896,0.200000,0.000000,0.199645,0.000000,0.000355,0.000000,1.997297,1.996402,0.515471,1.189575,2.828902,1,0
16.975897,0.200000,0.000000,0.199678,0.000000,0.000322,0.000000,1.997169,1.996274,0.512431,1.190557,2.828887,1,0
16.991898,0.200000,0.000000,0.199666,-0.047937,0.000334,0.047937,1.995737,1.997910,0.509391,1.191540,2.828873,1,0
17.007898,0.200000,0.000000,0.199671,0.047937,0.000329,-0.047937,1.997373,1.996478,0.506351,1.192523,2.828907,1,0
17.023899,0.200000,0.000000,0.199686,0.000000,0.000314,0.000000,1.997244,1.996350,0.503311,1.193506,2.828893,1,0
17.039900,0.200000,0.000000,0.199673,0.000000,0.000327,0.000000,1.997576,1.996682,0.500271,1.194489,2.828879,1,0
17.055901,0.200000,0.000000,0.199706,0.000000,0.000294,0.000000,1.997448,1.996554,0.497231,1.195472,2.828865,1,0
17.071901,0.200000,0.000000,0.199694,-0.047937,0.000306,0.047937,1.996016,1.998190,0.494191,1.196454,2.828851,1,0
17.087902,0.200000,0.000000,0.199699,0.047937,0.000301,-0.047937,1.997652,1.996758,0.491150,1.197438,2.828885,1,0
17.103903,0.200000,0.000000,0.199714,0.000000,0.000286,0.000000,1.997524,1.996629,0.488110,1.198420,2.828871,1,0
17.119904,0.200000,0.000000,0.199701,0.000000,0.000299,0.000000,1.997856,1.996961,0.485070,1.199403,2.828857,1,0
17.135904,0.200000,0.000000,0.199734,0.000000,0.000266,0.000000,1.997728,1.996833,0.482029,1.200387,2.828843,1,0
17.151905,0.200000,0.000000,0.199722,-0.047937,0.000278,0.047937,1.996296,1.998469,0.478988,1.201370,2.828829,1,0
17.167906,0.200000,0.000000,0.199727,0.047937,0.000273,-0.047937,1.997932,1.997037,0.475948,1.202353,2.828863,1,0
17.183907,0.200000,0.000000,0.199742,0.000000,0.000258,0.000000,1.997804,1.996909,0.472907,1.203336,2.828849,1,0
17.199907,0.200000,0.000000,0.199729,-0.047937,0.000271,0.047937,1.996372,1.998545,0.469866,1.204319,2.828835,1,0
17.215908,0.200000,0.000000,0.199734,0.047937,0.000266,-0.047937,1.998008,1.997113,0.466826,1.205303,2.828869,1,0
17.231909,0.200000,0.000000,0.199749,-0.047937,0.000251,0.047937,1.996575,1.998749,0.463785,1.206286,2.828855,1,0
17.247910,0.200000,0.000000,0.199755,0.047937,0.000245,-0.047937,1.998211,1.997317,0.460744,1.207269,2.828889,1,0
17.263910,0.200000,0.000000,0.199770,0.000000,0.000230,0.000000,1.998083,1.997189,0.457702,1.208252,2.828875,1,0
17.279911,0.200000,0.000000,0.199757,-0.047937,0.000243,0.047937,1.996651,1.998824,0.454661,1.209236,2.828861,1,0
17.295912,0.200000,0.000000,0.199762,0.047937,0.000238,-0.047937,1.998287,1.997392,0.451620,1.210219,2.828895,1,0
17.311913,0.200000,0.000000,0.199777,0.000000,0.000223,0.000000,1.998159,1.997264,0.448578,1.211202,2.828881,1,0
17.327913,0.200000,0.000000,0.199765,0.000000,0.000235,0.000000,1.998491,1.997596,0.445537,1.212185,2.828867,1,0
17.343914,0.200000,0.000000,0.199797,0.000000,0.000203,0.000000,1.998363,1.997468,0.442495,1.213169,2.828853,1,0
17.359915,0.200000,0.000000,0.199785,-0.047937,0.000215,0.047937,1.996931,1.999104,0.439454,1.214152,2.828839,1,0
17.375916,0.200000,0.000000,0.199790,0.047937,0.000210,-0.047937,1.998567,1.997672,0.436412,1.215136,2.828873,1,0
17.391916,0.200000,0.000000,0.199805,0.000000,0.000195,0.000000,1.998439,1.997544,0.433370,1.216119,2.828859,1,0
17.407917,0.200000,0.000000,0.199793,-0.047937,0.000207,0.047937,1.997007,1.999180,0.430329,1.217103,2.828845,1,0
17.423918,0.200000,0.000000,0.199798,0.047937,0.000202,-0.047937,1.998642,1.997748,0.427287,1.218086,2.828879,1,0
17.439919,0.200000,0.000000,0.199813,0.000000,0.000187,0.000000,1.998514,1.997620,0.424245,1.219070,2.828865,1,0
17.455919,0.200000,0.000000,0.199800,0.000000,0.000200,0.000000,1.998846,1.997952,0.421203,1.220053,2.828851,1,0
17.471920,0.200000,0.000000,0.199833,0.000000,0.000167,0.000000,1.998718,1.997823,0.418161,1.221037,2.828837,1,0
17.487921,0.200000,0.000000,0.199821,-0.047937,0.000179,0.047937,1.997286,1.999459,0.415119,1.222020,2.828823,1,0
17.503922,0.200000,0.000000,0.199826,0.047937,0.000174,-0.047937,1.998922,1.998027,0.412077,1.223004,2.828857,1,0
17.519922,0.200000,0.000000,0.199841,0.000000,0.000159,0.000000,1.998794,1.997899,0.409035,1.223988,2.828843,1,0
17.535923,0.200000,0.000000,0.199828,-0.047937,0.000172,0.047937,1.997362,1.999535,0.405992,1.224972,2.828829,1,0
17.551924,0.200000,0.000000,0.199833,0.047937,0.000167,-0.047937,1.998998,1.998103,0.402950,1.225955,2.828863,1,0
17.567924,0.200000,0.000000,0.199848,0.000000,0.000152,0.000000,1.998870,1.997975,0.399908,1.226939,2.828849,1,0
17.583925,0.200000,0.000000,0.199836,-0.047937,0.000164,0.047937,1.997438,1.999611,0.396865,1.227923,2.828835,1,0
17.599926,0.200000,0.000000,0.199841,0.047937,0.000159,-0.047937,1.999074,1.998179,0.393823,1.228906,2.828869,1,0
17.615927,0.200000,0.000000,0.199856,-0.047937,0.000144,0.047937,1.997641,1.999815,0.390780,1.229890,2.828855,1,0
17.631927,0.200000,0.000000,0.199861,0.047937,0.000139,-0.047937,1.999277,1.998383,0.387738,1.230874,2.828889,1,0
17.647928,0.200000,0.000000,0.199876,0.000000,0.000124,0.000000,1.999149,1.998255,0.384695,1.231858,2.828875,1,0
17.663929,0.200000,0.000000,0.199864,-0.047937,0.000136,0.047937,1.997717,1.999890,0.381652,1.232841,2.828861,1,0
17.679930,0.200000,0.000000,0.199869,0.047937,0.000131,-0.047937,1.999353,1.998458,0.378609,1.233825,2.828895,1,0
17.695930,0.200000,0.000000,0.199884,0.000000,0.000116,0.000000,1.999225,1.998330,0.375566,1.234809,2.828881,1,0
17.711931,0.200000,0.000000,0.199871,-0.047937,0.000129,0.047937,1.997793,1.999966,0.372523,1.235793,2.828867,1,0
17.727932,0.200000,0.000000,0.199876,0.047937,0.000124,-0.047937,1.999429,1.998534,0.369480,1.236777,2.828901,1,0
17.743933,0.200000,0.000000,0.199891,0.000000,0.000109,0.000000,1.999301,1.998406,0.366437,1.237760,2.828887,1,0
17.759933,0.200000,0.000000,0.199879,-0.047937,0.000121,0.047937,1.997869,2.000042,0.363394,1.238744,2.828873,1,0
17.775934,0.200000,0.000000,0.199884,0.047937,0.000116,-0.047937,1.999505,1.998610,0.360351,1.239728,2.828907,1,0
17.791935,0.200000,0.000000,0.199899,0.000000,0.000101,0.000000,1.999376,1.998482,0.357308,1.240712,2.828893,1,0
17.807936,0.200000,0.000000,0.199887,0.000000,0.000113,0.000000,1.999708,1.998814,0.354265,1.241696,2.828879,1,0
17.823936,0.200000,0.000000,0.199919,0.000000,0.000081,0.000000,1.999580,1.998686,0.351221,1.242680,2.828865,1,0
17.839937,0.200000,0.000000,0.199907,-0.047937,0.000093,0.047937,1.998148,2.000321,0.348178,1.243664,2.828851,1,0
17.855938,0.200000,0.000000,0.199912,0.047937,0.000088,-0.047937,1.999784,1.998889,0.345134,1.244648,2.828885,1,0
17.871939,0.200000,0.000000,0.199927,0.000000,0.000073,0.000000,1.999656,1.998761,0.342091,1.245632,2.828871,1,0
17.887939,0.200000,0.000000,0.199915,-0.047937,0.000085,0.047937,1.998224,2.000397,0.339047,1.246616,2.828857,1,0
17.903940,0.200000,0.000000,0.199920,0.047937,0.000080,-0.047937,1.999860,1.998965,0.336004,1.247600,2.828891,1,0
17.919941,0.200000,0.000000,0.199934,0.000000,0.000066,0.000000,1.999732,1.998837,0.332960,1.248584,2.828877,1,0
17.935942,0.200000,0.000000,0.199922,-0.047937,0.000078,0.047937,1.998300,2.000473,0.329916,1.249568,2.828863,1,0
17.951942,0.200000,0.000000,0.199927,0.047937,0.000073,-0.047937,1.999936,1.999041,0.326872,1.250552,2.828897,1,0
17.967943,0.200000,0.000000,0.199942,0.000000,0.000058,0.000000,1.999807,1.998913,0.323828,1.251536,2.828883,1,0
17.983944,0.200000,0.000000,0.199930,-0.047937,0.000070,0.047937,1.998375,2.000549,0.320785,1.252520,2.828869,1,0
17.999945,0.200000,0.000000,0.199935,0.047937,0.000065,-0.047937,2.000011,1.999117,0.317741,1.253504,2.828903,1,0
18.015945,0.200000,0.000000,0.199950,0.000000,0.000051,0.000000,1.999883,1.998988,0.314697,1.254488,2.828889,1,0
18.031946,0.200000,0.000000,0.199937,-0.047937,0.000063,0.047937,1.998451,2.000624,0.311653,1.255472,2.828875,1,0
18.047947,0.200000,0.000000,0.199942,0.047937,0.000058,-0.047937,2.000087,1.999192,0.308609,1.256457,2.828909,1,0
18.063948,0.200000,0.000000,0.199957,0.000000,0.000043,0.000000,1.999959,1.999064,0.305565,1.257441,2.828895,1,0
18.079948,0.200000,0.000000,0.199945,-0.047937,0.000055,0.047937,1.998527,2.000700,0.302521,1.258425,2.828881,1,0
18.095949,0.200000,0.000000,0.199950,0.047937,0.000050,-0.047937,2.000163,1.999268,0.299477,1.259409,2.828915,1,0
18.111950,0.200000,0.000000,0.199965,0.000000,0.000035,0.000000,2.000035,1.999140,0.296432,1.260393,2.828901,1,0
18.127951,0.200000,0.000000,0.199952,-0.047937,0.000048,0.047937,1.998603,2.000776,0.293388,1.261377,2.828887,1,0
18.143951,0.200000,0.000000,0.199957,0.047937,0.000043,-0.047937,2.000238,1.999344,0.290344,1.262361,2.828921,1,0
18.159952,0.200000,0.000000,0.199972,0.000000,0.000028,0.000000,2.000110,1.999216,0.287300,1.263346,2.828907,1,0
18.175953,0.200000,0.000000,0.199960,0.000000,0.000040,0.000000,2.000442,1.999548,0.284255,1.264330,2.828893,1,0
18.191954,0.200000,0.000000,0.199992,0.000000,0.000008,0.000000,2.000314,1.999419,0.281211,1.265314,2.828879,1,0
18.207954,0.200000,0.000000,0.199980,0.000000,0.000020,0.000000,2.000186,1.999291,0.278166,1.266298,2.828865,1,0
18.223955,0.200000,0.000000,0.199967,-0.047937,0.000033,0.047937,1.998754,2.000927,0.275122,1.267283,2.828851,1,0
18.239956,0.200000,0.000000,0.199973,0.047937,0.000027,-0.047937,2.000390,1.999495,0.272077,1.268267,2.828885,1,0
18.255957,0.200000,0.000000,0.199987,-0.047937,0.000013,0.047937,1.998958,2.001131,0.269033,1.269251,2.828871,1,0
18.271957,0.200000,0.000000,0.199993,0.047937,0.000007,-0.047937,2.000594,1.999699,0.265988,1.270236,2.828905,1,0
18.287958,0.200000,0.000000,0.200008,0.000000,-0.000008,0.000000,2.000466,1.999571,0.262943,1.271220,2.828891,1,0
18.303959,0.200000,0.000000,0.199996,-0.047937,0.000005,0.047937,1.999034,2.001207,0.259898,1.272204,2.828877,1,0
18.319960,0.200000,0.000000,0.200001,0.047937,-0.000001,-0.047937,2.000669,1.999775,0.256854,1.273189,2.828911,1,0
18.335960,0.200000,0.000000,0.200015,0.000000,-0.000015,0.000000,2.000541,1.999647,0.253808,1.274173,2.828897,1,0
18.351961,0.200000,0.000000,0.200003,0.000000,-0.000003,0.000000,2.000413,1.999519,0.250764,1.275158,2.828883,1,0
18.367962,0.200000,0.000000,0.199990,0.000000,0.000010,0.000000,2.000745,1.999851,0.247719,1.276142,2.828869,1,0
18.383963,0.200000,0.000000,0.200023,0.000000,-0.000023,0.000000,2.000617,1.999722,0.244674,1.277126,2.828855,1,0
18.399963,0.200000,0.000000,0.200011,-0.047937,-0.000011,0.047937,1.999185,2.001358,0.241629,1.278111,2.828841,1,0
18.415964,0.200000,0.000000,0.200016,0.047937,-0.000016,-0.047937,2.000821,1.999926,0.238584,1.279096,2.828875,1,0
18.431965,0.200000,0.000000,0.200030,0.000000,-0.000030,0.000000,2.000693,1.999798,0.235538,1.280080,2.828861,1,0
18.447966,0.200000,0.000000,0.200018,-0.047937,-0.000018,0.047937,1.999261,2.001434,0.232493,1.281065,2.828847,1,0
18.463966,0.200000,0.000000,0.200023,0.047937,-0.000023,-0.047937,2.000897,2.000002,0.229448,1.282049,2.828881,1,0
18.479967,0.200000,0.000000,0.200038,0.000000,-0.000038,0.000000,2.000768,1.999874,0.226403,1.283034,2.828867,1,0
18.495968,0.200000,0.000000,0.200026,0.000000,-0.000026,0.000000,2.000640,1.999746,0.223358,1.284019,2.828853,1,0
18.511969,0.200000,0.000000,0.200013,-0.047937,-0.000013,0.047937,1.999208,2.001382,0.220313,1.285003,2.828839,1,0
18.527969,0.200000,0.000000,0.200018,0.047937,-0.000018,-0.047937,2.000844,1.999950,0.217268,1.285988,2.828873,1,0
18.543970,0.200000,0.000000,0.200033,0.000000,-0.000033,0.000000,2.000716,1.999821,0.214222,1.286972,2.828859,1,0
18.559971,0.200000,0.000000,0.200020,-0.047937,-0.000020,0.047937,1.999284,2.001457,0.211177,1.287957,2.828845,1,0
18.575972,0.200000,0.000000,0.200026,0.047937,-0.000026,-0.047937,2.000920,2.000025,0.208132,1.288942,2.828879,1,0
18.591972,0.000000,0.000000,0.200040,0.000000,-0.200040,0.000000,0.065592,0.064697,0.205087,1.289926,2.828865,1,0
18.607973,0.000000,0.000000,0.036501,0.000000,-0.036501,0.000000,0.065132,0.064237,0.204506,1.289985,2.828856,1,0
18.623974,0.000000,0.000000,0.005934,-0.047937,-0.005934,0.047937,0.062907,0.065081,0.204415,1.290013,2.828842,1,0
18.639975,0.000000,0.000000,0.005470,0.047937,-0.005470,-0.047937,0.063751,0.062856,0.204331,1.290039,2.828876,1,0
18.655975,0.000000,0.000000,0.005580,0.000000,-0.005580,0.000000,0.063291,0.062396,0.204247,1.290067,2.828862,1,0
18.671976,0.000000,0.000000,0.005682,-0.047937,-0.005682,0.047937,0.061067,0.063240,0.204160,1.290095,2.828848,1,0
18.687977,0.000000,0.000000,0.005728,0.047937,-0.005728,-0.047937,0.061910,0.061016,0.204073,1.290123,2.828882,1,0
18.703978,0.000000,0.000000,0.005759,0.000000,-0.005759,0.000000,0.061450,0.060555,0.203985,1.290151,2.828868,1,0
18.719978,0.000000,0.000000,0.005789,0.000000,-0.005789,0.000000,0.060990,0.060095,0.203897,1.290180,2.828854,1,0
18.735979,0.000000,0.000000,0.005804,-0.047937,-0.005804,0.047937,0.058766,0.060939,0.203809,1.290208,2.828840,1,0
18.751980,0.000000,0.000000,0.005780,0.047937,-0.005780,-0.047937,0.059609,0.058715,0.203721,1.290237,2.828873,1,0
18.767981,0.000000,0.000000,0.005754,0.000000,-0.005754,0.000000,0.059149,0.058254,0.203633,1.290265,2.828860,1,0
18.783981,0.000000,0.000000,0.005739,0.000000,-0.005739,0.000000,0.058689,0.057794,0.203546,1.290293,2.828846,1,0
18.799982,0.000000,0.000000,0.005718,-0.047937,-0.005718,0.047937,0.056465,0.058638,0.203459,1.290321,2.828831,1,0
18.815983,0.000000,0.000000,0.005665,0.000000,-0.005665,0.000000,0.056004,0.058178,0.203372,1.290349,2.828865,1,0
18.831984,0.000000,0.000000,0.005634,0.047937,-0.005634,-0.047937,0.056848,0.055954,0.203287,1.290377,2.828899,1,0
18.847984,0.000000,0.000000,0.005583,0.000000,-0.005583,0.000000,0.056388,0.055493,0.203202,1.290404,2.828886,1,0
18.863985,0.000000,0.000000,0.005547,0.000000,-0.005547,0.000000,0.055928,0.055033,0.203117,1.290432,2.828871,1,0
18.879986,0.000000,0.000000,0.005509,0.000000,-0.005509,0.000000,0.055468,0.054573,0.203033,1.290459,2.828858,1,0
18.895987,0.000000,0.000000,0.005469,-0.047937,-0.005469,0.047937,0.053243,0.055417,0.202950,1.290486,2.828844,1,0
18.911987,0.000000,0.000000,0.005401,0.000000,-0.005401,0.000000,0.052783,0.054956,0.202868,1.290512,2.828877,1,0
18.927988,0.000000,0.000000,0.005359,0.047937,-0.005359,-0.047937,0.053627,0.052732,0.202786,1.290538,2.828912,1,0
18.943989,0.000000,0.000000,0.005298,0.000000,-0.005298,0.000000,0.053167,0.052272,0.202705,1.290565,2.828897,1,0
18.959990,0.000000,0.000000,0.005255,0.000000,-0.005255,0.000000,0.052706,0.051812,0.202625,1.290590,2.828884,1,0
18.975990,0.000000,0.000000,0.005211,0.000000,-0.005211,0.000000,0.052246,0.051352,0.202546,1.290616,2.828870,1,0
18.991991,0.000000,0.000000,0.005166,0.000000,-0.005166,0.000000,0.051786,0.050891,0.202467,1.290641,2.828856,1,0
19.007992,0.000000,0.000000,0.005122,0.000000,-0.005122,0.000000,0.051326,0.050431,0.202389,1.290666,2.828842,1,0
19.023993,0.000000,0.000000,0.005077,0.000000,-0.005077,0.000000,0.050866,0.049971,0.202312,1.290691,2.828828,1,0
19.039993,0.000000,0.000000,0.005032,0.000000,-0.005032,0.000000,0.050405,0.049511,0.202235,1.290716,2.828814,1,0
19.055994,0.000000,0.000000,0.004986,-0.047937,-0.004986,0.047937,0.048181,0.050355,0.202160,1.290741,2.828799,1,0
19.071995,0.000000,0.000000,0.004914,0.000000,-0.004914,0.000000,0.047721,0.049894,0.202085,1.290765,2.828833,1,0
19.087996,0.000000,2.000000,0.004868,0.000000,-0.004868,2.000000,-1.004739,1.101434,0.202011,1.290789,2.828867,1,0
19.103996,0.000000,2.000000,0.004868,2.109224,-0.004868,-0.109224,-1.001704,1.097479,0.201936,1.290813,2.852501,1,0
19.119997,0.000000,2.000000,0.004818,2.109224,-0.004818,-0.109224,-0.998669,1.093523,0.201863,1.290835,2.883047,1,0
19.135998,0.000000,2.000000,0.004775,2.109224,-0.004775,-0.109224,-0.995634,1.089568,0.201789,1.290856,2.913507,1,0
19.151999,0.000000,2.000000,0.004730,2.109224,-0.004730,-0.109224,-0.992599,1.085613,0.201716,1.290874,2.943873,1,0
19.167999,0.000000,2.000000,0.004683,2.061287,-0.004683,-0.061287,-0.990868,1.083421,0.201642,1.290889,2.974142,1,0
19.184000,0.000000,2.000000,0.004657,2.061286,-0.004657,-0.061286,-0.989597,1.080770,0.201569,1.290903,3.004354,1,0
19.200001,0.000000,2.000000,0.004586,2.061287,-0.004586,-0.061287,-0.987866,1.078579,0.201496,1.290913,3.034508,1,0
19.216002,0.000000,2.000000,0.004558,2.061286,-0.004558,-0.061286,-0.986595,1.075927,0.201424,1.290922,3.064602,1,0
19.232002,0.000000,2.000000,0.004486,2.061287,-0.004486,-0.061287,-0.984864,1.073736,0.201353,1.290928,3.094636,1,0
19.248003,0.000000,2.000000,0.004459,2.109224,-0.004459,-0.109224,-0.981829,1.069781,0.201281,1.290932,3.124609,1,0
19.264004,0.000000,2.000000,0.001751,2.013350,-0.001751,-0.013350,-0.981862,1.068893,0.201253,1.290933,-3.129491,1,0
19.280005,0.000000,2.000000,0.001210,2.061287,-0.001210,-0.061287,-0.980131,1.066702,0.201234,1.290932,-3.100552,1,0
19.296005,0.000000,2.000000,0.004147,2.013350,-0.004147,-0.013350,-0.980164,1.065814,0.201168,1.290930,-3.070794,1,0
19.312006,0.000000,2.000000,0.004292,2.061286,-0.004292,-0.061286,-0.978893,1.063163,0.201099,1.290925,-3.041018,1,0
19.328007,0.000000,2.000000,0.004224,2.061287,-0.004224,-0.061287,-0.977162,1.060972,0.201032,1.290918,-3.011301,1,0
19.344007,0.000000,2.000000,0.004197,2.013350,-0.004197,-0.013350,-0.977195,1.060084,0.200965,1.290910,-2.981644,1,0
19.360008,0.000000,2.000000,0.004150,2.061287,-0.004150,-0.061287,-0.975464,1.057893,0.200900,1.290899,-2.952000,1,0
19.376009,0.000000,2.000000,0.004124,2.013350,-0.004124,-0.013350,-0.975497,1.057006,0.200835,1.290886,-2.922416,1,0
19.392010,0.000000,2.000000,0.004077,2.013350,-0.004077,-0.013350,-0.975530,1.056118,0.200771,1.290872,-2.892845,1,0
19.408010,0.000000,2.000000,0.004030,2.061287,-0.004030,-0.061287,-0.973799,1.053927,0.200709,1.290856,-2.863288,1,0
19.424011,0.000000,2.000000,0.004006,2.013350,-0.004006,-0.013350,-0.973832,1.053040,0.200647,1.290838,-2.833789,1,0
19.440012,0.000000,2.000000,0.003959,2.013350,-0.003959,-0.013350,-0.973865,1.052152,0.200587,1.290819,-2.804303,1,0
19.456013,0.000000,2.000000,0.003913,2.061287,-0.003913,-0.061287,-0.972134,1.049961,0.200528,1.290798,-2.774830,1,0
19.472013,0.000000,2.000000,0.003888,2.013350,-0.003888,-0.013350,-0.972167,1.049074,0.200470,1.290775,-2.745415,1,0
19.488014,0.000000,2.000000,0.003842,2.013350,-0.003842,-0.013350,-0.972200,1.048186,0.200413,1.290751,-2.716013,1,0
19.504015,0.000000,2.000000,0.003796,2.013350,-0.003796,-0.013350,-0.972233,1.047299,0.200358,1.290726,-2.686624,1,0
19.520016,0.000000,2.000000,0.003749,2.061287,-0.003749,-0.061287,-0.970502,1.045108,0.200305,1.290699,-2.657248,1,0
19.536016,0.000000,2.000000,0.003725,1.965413,-0.003725,0.034587,-0.971839,1.045984,0.200252,1.290671,-2.627929,1,0
19.552017,0.000000,2.000000,0.003702,2.013350,-0.003702,-0.013350,-0.971872,1.045097,0.200201,1.290642,-2.598578,1,0
19.568018,0.000000,2.000000,0.003655,2.013350,-0.003655,-0.013350,-0.971905,1.044210,0.200151,1.290611,-2.569240,1,0
19.584019,0.000000,2.000000,0.003609,2.061287,-0.003609,-0.061287,-0.970174,1.042018,0.200102,1.290580,-2.539914,1,0
19.600019,0.000000,2.000000,0.003585,1.965413,-0.003585,0.034587,-0.971511,1.042895,0.200055,1.290547,-2.510646,1,0
19.616020,0.000000,2.000000,0.003561,2.013350,-0.003561,-0.013350,-0.971544,1.042008,0.200009,1.290513,-2.481345,1,0
19.632021,0.000000,2.000000,0.003515,2.013350,-0.003515,-0.013350,-0.971577,1.041120,0.199965,1.290478,-2.452058,1,0
19.648022,0.000000,2.000000,0.003468,2.061287,-0.003468,-0.061287,-0.969846,1.038929,0.199923,1.290443,-2.422783,1,0
19.664022,0.000000,2.000000,0.003444,1.965413,-0.003444,0.034587,-0.971183,1.039806,0.199881,1.290406,-2.393565,1,0
19.680023,0.000000,2.000000,0.003420,2.013350,-0.003420,-0.013350,-0.971216,1.038918,0.199842,1.290369,-2.364316,1,0
19.696024,0.000000,2.000000,0.003374,2.013350,-0.003374,-0.013350,-0.971249,1.038031,0.199803,1.290331,-2.335078,1,0
19.712025,0.000000,2.000000,0.003328,2.013350,-0.003328,-0.013350,-0.970821,1.037604,0.199767,1.290292,-2.305854,1,0
19.728025,0.000000,2.000000,0.003326,2.013350,-0.003326,-0.013350,-0.970854,1.036716,0.199731,1.290252,-2.276642,1,0
19.744026,0.000000,2.000000,0.003285,2.013350,-0.003285,-0.013350,-0.970887,1.035829,0.199697,1.290212,-2.247443,1,0
19.760027,0.000000,2.000000,0.003246,1.965413,-0.003246,0.034587,-0.972224,1.036706,0.199665,1.290171,-2.218256,1,0
19.776028,0.000000,2.000000,0.003220,2.061287,-0.003220,-0.061287,-0.970493,1.034514,0.199635,1.290130,-2.189037,1,0
19.792028,0.000000,2.000000,0.003196,1.965413,-0.003196,0.034587,-0.971830,1.035391,0.199605,1.290088,-2.159875,1,0
19.808029,0.000000,2.000000,0.003193,2.013350,-0.003193,-0.013350,-0.971863,1.034504,0.199577,1.290045,-2.130673,1,0
19.824030,0.000000,2.000000,0.003148,2.013350,-0.003148,-0.013350,-0.971896,1.033616,0.199551,1.290002,-2.101482,1,0
19.840031,0.000000,2.000000,0.003101,2.013350,-0.003101,-0.013350,-0.971469,1.033189,0.199526,1.289959,-2.072304,1,0
19.856031,0.000000,2.000000,0.003100,2.013350,-0.003100,-0.013350,-0.971502,1.032302,0.199502,1.289916,-2.043139,1,0
19.872032,0.000000,0.000000,0.003055,1.965413,-0.003055,-1.965413,0.079161,-0.018822,0.199480,1.289872,-2.013986,1,0
19.888033,0.000000,0.000000,0.000053,-0.047937,-0.000053,0.047937,0.077397,-0.017518,0.199480,1.289871,-2.013990,1,0
19.904034,0.000000,0.000000,0.002438,-0.143811,-0.002438,0.143811,0.072565,-0.013146,0.199460,1.289838,-2.015440,1,0
19.920034,0.000000,0.000000,0.002456,-0.095874,-0.002456,0.095874,0.069037,-0.010538,0.199440,1.289804,-2.016746,1,0
19.936035,0.000000,0.000000,0.002438,-0.047937,-0.002438,0.047937,0.067273,-0.009234,0.199420,1.289770,-2.017950,1,0
19.952036,0.000000,0.000000,0.002423,-0.047937,-0.002423,0.047937,0.065509,-0.007930,0.199400,1.289737,-2.019101,1,0
19.968037,0.000000,0.000000,0.002411,-0.095874,-0.002411,0.095874,0.061981,-0.005323,0.199380,1.289704,-2.020200,1,0
19.984037,0.000000,0.000000,0.002400,-0.095874,-0.002400,0.095874,0.058913,-0.002255,0.199361,1.289671,-2.021204,1,0
20.000038,0.000000,0.000000,0.002436,-0.047937,-0.002436,0.047937,0.057149,-0.000951,0.199341,1.289637,-2.022115,1,0
20.016039,0.000000,0.000000,0.002430,-0.047937,-0.002430,0.047937,0.055384,0.000353,0.199322,1.289604,-2.022977,1,0
20.032040,0.000000,0.000000,0.002424,-0.095874,-0.002424,0.095874,0.051856,0.002961,0.199302,1.289570,-2.023791,1,0
20.048040,0.000000,0.000000,0.002419,-0.047937,-0.002419,0.047937,0.050092,0.004265,0.199283,1.289537,-2.024514,1,0
20.064041,0.000000,0.000000,0.002414,0.000000,-0.002414,0.000000,0.049632,0.003805,0.199264,1.289503,-2.025191,1,0
20.080042,0.000000,0.000000,0.002367,-0.047937,-0.002367,0.047937,0.047868,0.005108,0.199245,1.289470,-2.025866,1,0
20.096043,0.000000,0.000000,0.002363,-0.047937,-0.002363,0.047937,0.046104,0.006412,0.199227,1.289437,-2.026495,1,0
20.112043,0.000000,0.000000,0.002361,-0.047937,-0.002361,0.047937,0.044340,0.007716,0.199208,1.289404,-2.027079,1,0
20.128044,0.000000,0.000000,0.002358,-0.047937,-0.002358,0.047937,0.042576,0.009020,0.199190,1.289371,-2.027617,1,0
20.144045,0.000000,0.000000,0.002356,-0.047937,-0.002356,0.047937,0.040812,0.010324,0.199172,1.289338,-2.028111,1,0
20.160046,0.000000,0.000000,0.002355,0.000000,-0.002355,0.000000,0.040812,0.010324,0.199153,1.289305,-2.028559,1,0
20.176046,0.000000,0.000000,0.002354,0.000000,-0.002354,0.000000,0.040351,0.009864,0.199135,1.289272,-2.029006,1,0
20.192047,0.000000,0.000000,0.002308,-0.047937,-0.002308,0.047937,0.038587,0.011168,0.199118,1.289240,-2.029454,1,0
20.208048,0.000000,0.000000,0.002306,-0.047937,-0.002306,0.047937,0.036823,0.012472,0.199100,1.289207,-2.029856,1,0
20.224049,0.000000,0.000000,0.002305,-0.047937,-0.002305,0.047937,0.035059,0.013775,0.199083,1.289175,-2.030214,1,0
20.240049,0.000000,0.000000,0.002338,0.047937,-0.002338,-0.047937,0.036363,0.012011,0.199066,1.289141,-2.030553,1,0
20.256050,0.000000,0.000000,0.002260,-0.047937,-0.002260,0.047937,0.034599,0.013315,0.199049,1.289110,-2.030910,1,0
20.272051,0.000000,0.000000,0.002296,-0.047937,-0.002296,0.047937,0.032835,0.014619,0.199032,1.289077,-2.031247,1,0
20.288052,0.000000,0.000000,0.002277,-0.047937,-0.002277,0.047937,0.031071,0.015923,0.199016,1.289044,-2.031541,1,0
20.304052,0.000000,0.000000,0.002270,0.047937,-0.002270,-0.047937,0.032375,0.014159,0.199000,1.289011,-2.031786,1,0
20.320053,0.000000,0.000000,0.002233,-0.047937,-0.002233,0.047937,0.030611,0.015463,0.198984,1.288979,-2.032079,1,0
20.336054,0.000000,0.000000,0.002225,-0.047937,-0.002225,0.047937,0.028847,0.016767,0.198968,1.288948,-2.032323,1,0
20.352055,0.000000,0.000000,0.002218,0.047937,-0.002218,-0.047937,0.030151,0.015003,0.198953,1.288916,-2.032517,1,0
20.368055,0.000000,0.000000,0.002181,-0.047937,-0.002181,0.047937,0.028386,0.016307,0.198937,1.288884,-2.032760,1,0
20.384056,0.200000,0.000000,0.002173,0.000000,0.197827,0.000000,1.963586,1.951506,0.198922,1.288853,-2.032954,1,0
20.400057,0.200000,0.000000,0.073737,0.000000,0.126263,0.000000,1.963918,1.951838,0.198094,1.288013,-2.034519,1,0
20.416058,0.200000,0.000000,0.135748,0.000000,0.064252,0.000000,1.964250,1.952170,0.196699,1.286348,-2.034715,1,0
20.432058,0.200000,0.000000,0.178494,-0.047937,0.021506,0.047937,1.963279,1.954267,0.195296,1.283861,-2.034907,1,0
20.448059,0.200000,0.000000,0.196027,0.000000,0.003973,0.000000,1.963611,1.954599,0.193890,1.281057,-2.035051,1,0
20.464060,0.200000,0.000000,0.196321,0.000000,0.003679,0.000000,1.963943,1.954931,0.192484,1.278248,-2.035195,1,0
20.480061,0.200000,0.000000,0.196268,0.000000,0.003732,0.000000,1.964275,1.955263,0.191077,1.275440,-2.035339,1,0
20.496061,0.200000,0.000000,0.196227,-0.047937,0.003773,0.047937,1.963303,1.957359,0.189670,1.272633,-2.035483,1,0
20.512062,0.200000,0.000000,0.196239,0.000000,0.003761,0.000000,1.963635,1.957691,0.188263,1.269827,-2.035578,1,0
20.528063,0.200000,0.000000,0.196225,0.000000,0.003775,0.000000,1.963967,1.958023,0.186856,1.267020,-2.035672,1,0
20.544064,0.200000,0.000000,0.196220,0.047937,0.003780,-0.047937,1.966063,1.957051,0.185448,1.264214,-2.035767,1,0
20.560064,0.200000,0.000000,0.196231,-0.047937,0.003769,0.047937,1.965091,1.959147,0.184040,1.261407,-2.035911,1,0
20.576065,0.200000,0.000000,0.196277,0.000000,0.003723,0.000000,1.965423,1.959479,0.182632,1.258601,-2.036005,1,0
20.592066,0.200000,0.000000,0.196292,0.000000,0.003708,0.000000,1.965755,1.959811,0.181223,1.255794,-2.036100,1,0
20.608067,0.200000,0.000000,0.196310,0.000000,0.003690,0.000000,1.966087,1.960143,0.179813,1.252987,-2.036195,1,0
20.624067,0.200000,0.000000,0.196331,0.000000,0.003669,0.000000,1.966419,1.960475,0.178404,1.250180,-2.036289,1,0
20.640068,0.200000,0.000000,0.196354,0.000000,0.003646,0.000000,1.966751,1.960807,0.176993,1.247372,-2.036384,1,0
20.656069,0.200000,0.000000,0.196379,-0.047937,0.003621,0.047937,1.965780,1.962903,0.175583,1.244565,-2.036479,1,0
20.672070,0.200000,0.000000,0.196444,0.000000,0.003556,0.000000,1.966112,1.963236,0.174171,1.241756,-2.036524,1,0
20.688070,0.200000,0.000000,0.196473,0.000000,0.003527,0.000000,1.966444,1.963568,0.172760,1.238948,-2.036570,1,0
20.704071,0.200000,0.000000,0.196502,0.000000,0.003498,0.000000,1.966776,1.963900,0.171347,1.236138,-2.036615,1,0
20.720072,0.200000,0.000000,0.196532,0.000000,0.003468,0.000000,1.967108,1.964232,0.169935,1.233329,-2.036661,1,0
20.736073,0.200000,0.000000,0.196563,0.000000,0.003437,0.000000,1.967440,1.964564,0.168522,1.230519,-2.036706,1,0
20.752073,0.200000,0.000000,0.196594,0.000000,0.003406,0.000000,1.967772,1.964896,0.167109,1.227709,-2.036752,1,0
20.768074,0.200000,0.000000,0.196625,0.000000,0.003375,0.000000,1.968104,1.965228,0.165696,1.224898,-2.036798,1,0
20.784075,0.200000,0.000000,0.196657,0.000000,0.003343,0.000000,1.968436,1.965560,0.164282,1.222087,-2.036843,1,0
20.800076,0.200000,0.000000,0.196689,0.000000,0.003311,0.000000,1.968768,1.965892,0.162868,1.219276,-2.036889,1,0
20.816076,0.200000,0.000000,0.196722,0.000000,0.003278,0.000000,1.969100,1.966224,0.161453,1.216464,-2.036934,1,0
20.832077,0.200000,0.000000,0.196754,0.000000,0.003246,0.000000,1.969432,1.966556,0.160038,1.213652,-2.036980,1,0
20.848078,0.200000,0.000000,0.196787,0.000000,0.003213,0.000000,1.969764,1.966888,0.158623,1.210839,-2.037025,1,0
20.864079,0.200000,0.000000,0.196820,0.000000,0.003180,0.000000,1.970096,1.967220,0.157207,1.208026,-2.037071,1,0
20.880079,0.200000,0.000000,0.196853,0.000000,0.003147,0.000000,1.970428,1.967552,0.155791,1.205213,-2.037117,1,0
20.896080,0.200000,0.000000,0.196886,0.000000,0.003114,0.000000,1.970760,1.967884,0.154375,1.202399,-2.037162,1,0
20.912081,0.200000,0.000000,0.196919,0.000000,0.003081,0.000000,1.971092,1.968216,0.152958,1.199585,-2.037208,1,0
20.928082,0.200000,0.000000,0.196952,0.000000,0.003048,0.000000,1.971424,1.968548,0.151541,1.196770,-2.037253,1,0
20.944082,0.200000,0.000000,0.196985,0.000000,0.003015,0.000000,1.971756,1.968880,0.150124,1.193955,-2.037299,1,0
20.960083,0.200000,0.000000,0.197018,0.000000,0.002982,0.000000,1.972088,1.969212,0.148706,1.191140,-2.037345,1,0
20.976084,0.200000,0.000000,0.197051,-0.047937,0.002949,0.047937,1.970656,1.970848,0.147288,1.188324,-2.037390,1,0
20.992085,0.200000,0.000000,0.197069,0.000000,0.002931,0.000000,1.970988,1.971180,0.145869,1.185508,-2.037388,1,0
21.008085,0.200000,0.000000,0.197101,0.000000,0.002899,0.000000,1.971320,1.971512,0.144451,1.182692,-2.037385,1,0
21.024086,0.200000,0.000000,0.197135,0.000000,0.002865,0.000000,1.971652,1.971844,0.143032,1.179875,-2.037382,1,0
21.040087,0.200000,0.000000,0.197168,0.000000,0.002832,0.000000,1.971984,1.972176,0.141613,1.177057,-2.037380,1,0
21.056087,0.200000,0.000000,0.197201,0.000000,0.002799,0.000000,1.972316,1.972508,0.140193,1.174239,-2.037377,1,0
21.072088,0.200000,0.000000,0.197234,0.000000,0.002766,0.000000,1.972649,1.972840,0.138774,1.171421,-2.037374,1,0
21.088089,0.200000,0.000000,0.197267,0.000000,0.002733,0.000000,1.972980,1.973172,0.137354,1.168602,-2.037371,1,0
21.104090,0.200000,0.000000,0.197301,0.000000,0.002699,0.000000,1.973312,1.973505,0.135934,1.165782,-2.037368,1,0
21.120090,0.200000,0.000000,0.197334,0.000000,0.002666,0.000000,1.973645,1.973837,0.134514,1.162962,-2.037365,1,0
21.136091,0.200000,0.000000,0.197367,0.047937,0.002633,-0.047937,1.975281,1.972404,0.133093,1.160142,-2.037362,1,0
21.152092,0.200000,0.000000,0.197370,-0.047937,0.002630,0.047937,1.973848,1.974040,0.131673,1.157322,-2.037407,1,0
21.168093,0.200000,0.000000,0.197388,0.000000,0.002612,0.000000,1.974180,1.974373,0.130252,1.154501,-2.037404,1,0
21.184093,0.200000,0.000000,0.197420,0.000000,0.002580,0.000000,1.974513,1.974705,0.128831,1.151680,-2.037401,1,0
21.200094,0.200000,0.000000,0.197454,0.000000,0.002546,0.000000,1.974845,1.975037,0.127410,1.148858,-2.037398,1,0
21.216095,0.200000,0.000000,0.197487,0.000000,0.002513,0.000000,1.975177,1.975369,0.125989,1.146036,-2.037395,1,0
21.232096,0.200000,0.000000,0.197520,0.000000,0.002480,0.000000,1.975509,1.975701,0.124567,1.143214,-2.037392,1,0
21.248096,0.200000,0.000000,0.197553,0.000000,0.002447,0.000000,1.975841,1.976033,0.123145,1.140391,-2.037389,1,0
21.264097,0.200000,0.000000,0.197587,0.000000,0.002413,0.000000,1.975713,1.975904,0.121723,1.137567,-2.037386,1,0
21.280098,0.200000,0.000000,0.197575,0.000000,0.002425,0.000000,1.976045,1.976237,0.120301,1.134744,-2.037383,1,0
21.296099,0.200000,0.000000,0.197607,0.000000,0.002393,0.000000,1.976377,1.976569,0.118879,1.131920,-2.037380,1,0
21.312099,0.200000,0.000000,0.197640,0.000000,0.002360,0.000000,1.976709,1.976901,0.117456,1.129096,-2.037377,1,0
21.328100,0.200000,0.000000,0.197673,0.000000,0.002327,0.000000,1.977041,1.977233,0.116034,1.126271,-2.037374,1,0
21.344101,0.200000,0.000000,0.197706,0.047937,0.002294,-0.047937,1.978677,1.975801,0.114611,1.123446,-2.037371,1,0
21.360102,0.200000,0.000000,0.197710,-0.047937,0.002290,0.047937,1.977244,1.977437,0.113188,1.120621,-2.037416,1,0
21.376102,0.200000,0.000000,0.197727,0.000000,0.002273,0.000000,1.977577,1.977769,0.111764,1.117795,-2.037413,1,0
21.392103,0.200000,0.000000,0.197760,0.000000,0.002240,0.000000,1.977909,1.978101,0.110341,1.114970,-2.037410,1,0
21.408104,0.200000,0.000000,0.197793,0.000000,0.002207,0.000000,1.978241,1.978433,0.108917,1.112143,-2.037407,1,0
21.424105,0.200000,0.000000,0.197826,0.047937,0.002174,-0.047937,1.979877,1.977001,0.107494,1.109316,-2.037405,1,0
21.440105,0.200000,0.000000,0.197830,-0.047937,0.002170,0.047937,1.978445,1.978637,0.106070,1.106489,-2.037450,1,0
21.456106,0.200000,0.000000,0.197847,0.000000,0.002153,0.000000,1.978777,1.978969,0.104645,1.103662,-2.037447,1,0
21.472107,0.200000,0.000000,0.197880,0.000000,0.002120,0.000000,1.979109,1.979301,0.103221,1.100835,-2.037444,1,0
21.488108,0.200000,0.000000,0.197913,0.000000,0.002087,0.000000,1.979441,1.979633,0.101796,1.098007,-2.037441,1,0
21.504108,0.200000,0.000000,0.197946,0.000000,0.002054,0.000000,1.979313,1.979504,0.100372,1.095178,-2.037438,1,0
21.520109,0.200000,0.000000,0.197934,0.000000,0.002066,0.000000,1.979645,1.979836,0.098947,1.092350,-2.037435,1,0
21.536110,0.200000,0.000000,0.197967,0.000000,0.002033,0.000000,1.979977,1.980169,0.097522,1.089521,-2.037432,1,0
21.552111,0.200000,0.000000,0.198000,0.000000,0.002000,0.000000,1.980309,1.980501,0.096097,1.086692,-2.037429,1,0
21.568111,0.200000,0.000000,0.198033,0.000000,0.001967,0.000000,1.980181,1.980372,0.094671,1.083862,-2.037426,1,0
21.584112,0.200000,0.000000,0.198021,0.000000,0.001979,0.000000,1.980512,1.980704,0.093246,1.081032,-2.037423,1,0
21.600113,0.200000,0.000000,0.198053,0.000000,0.001947,0.000000,1.980844,1.981036,0.091820,1.078202,-2.037420,1,0
21.616114,0.200000,0.000000,0.198087,0.000000,0.001913,0.000000,1.981176,1.981369,0.090395,1.075372,-2.037417,1,0
21.632114,0.200000,0.000000,0.198120,0.000000,0.001880,0.000000,1.981048,1.981240,0.088969,1.072540,-2.037414,1,0
21.648115,0.200000,0.000000,0.198108,0.000000,0.001892,0.000000,1.981380,1.981572,0.087543,1.069710,-2.037411,1,0
21.664116,0.200000,0.000000,0.198140,0.000000,0.001860,0.000000,1.981712,1.981904,0.086116,1.066878,-2.037408,1,0
21.680117,0.200000,0.000000,0.198174,0.047937,0.001826,-0.047937,1.983348,1.980472,0.084690,1.064046,-2.037405,1,0
21.696117,0.200000,0.000000,0.198177,-0.047937,0.001823,0.047937,1.981916,1.982108,0.083264,1.061215,-2.037450,1,0
21.712118,0.200000,0.000000,0.198194,0.000000,0.001806,0.000000,1.982248,1.982440,0.081837,1.058382,-2.037447,1,0
21.728119,0.200000,0.000000,0.198227,0.000000,0.001773,0.000000,1.982580,1.982772,0.080410,1.055550,-2.037444,1,0
21.744120,0.200000,0.000000,0.198260,0.000000,0.001740,0.000000,1.982452,1.982644,0.078983,1.052717,-2.037441,1,0
21.760120,0.200000,0.000000,0.198248,0.000000,0.001752,0.000000,1.982784,1.982976,0.077556,1.049884,-2.037438,1,0
21.776121,0.200000,0.000000,0.198281,0.000000,0.001719,0.000000,1.983116,1.983308,0.076129,1.047051,-2.037435,1,0
21.792122,0.200000,0.000000,0.198314,0.000000,0.001686,0.000000,1.982988,1.983180,0.074701,1.044217,-2.037432,1,0
21.808123,0.200000,0.000000,0.198302,0.000000,0.001698,0.000000,1.983320,1.983512,0.073274,1.041383,-2.037429,1,0
21.824123,0.200000,0.000000,0.198334,0.000000,0.001666,0.000000,1.983652,1.983844,0.071846,1.038549,-2.037426,1,0
21.840124,0.200000,0.000000,0.198367,0.000000,0.001633,0.000000,1.983524,1.983716,0.070419,1.035715,-2.037423,1,0
21.856125,0.200000,0.000000,0.198356,0.000000,0.001644,0.000000,1.983856,1.984048,0.068991,1.032880,-2.037420,1,0
21.872126,0.200000,0.000000,0.198388,0.000000,0.001612,0.000000,1.984188,1.984380,0.067563,1.030045,-2.037417,1,0
21.888126,0.200000,0.000000,0.198421,0.000000,0.001579,0.000000,1.984060,1.984252,0.066135,1.027210,-2.037414,1,0
21.904127,0.200000,0.000000,0.198409,0.000000,0.001591,0.000000,1.984392,1.984584,0.064707,1.024375,-2.037410,1,0
21.920128,0.200000,0.000000,0.198441,0.000000,0.001559,0.000000,1.984724,1.984916,0.063278,1.021539,-2.037408,1,0
21.936129,0.200000,0.000000,0.198475,0.000000,0.001525,0.000000,1.984596,1.984788,0.061850,1.018703,-2.037405,1,0
21.952129,0.200000,0.000000,0.198463,0.000000,0.001537,0.000000,1.984928,1.985120,0.060421,1.015867,-2.037401,1,0
21.968130,0.200000,0.000000,0.198495,0.000000,0.001505,0.000000,1.985260,1.985452,0.058993,1.013031,-2.037399,1,0
21.984131,0.200000,0.000000,0.198528,0.000000,0.001472,0.000000,1.985132,1.985324,0.057564,1.010194,-2.037395,1,0
22.000132,0.200000,0.000000,0.198516,0.000000,0.001484,0.000000,1.985464,1.985656,0.056135,1.007357,-2.037392,1,0
22.016132,0.200000,0.000000,0.198549,0.000000,0.001451,0.000000,1.985796,1.985988,0.054706,1.004520,-2.037389,1,0
22.032133,0.200000,0.000000,0.198582,0.000000,0.001418,0.000000,1.985668,1.985860,0.053277,1.001682,-2.037386,1,0
22.048134,0.200000,0.000000,0.198570,0.000000,0.001430,0.000000,1.986000,1.986192,0.051847,0.998845,-2.037383,1,0
22.064135,0.200000,0.000000,0.198602,0.047937,0.001398,-0.047937,1.987636,1.984760,0.050418,0.996007,-2.037380,1,0
22.080135,0.200000,0.000000,0.198606,-0.047937,0.001394,0.047937,1.986204,1.986396,0.048989,0.993169,-2.037425,1,0
22.096136,0.200000,0.000000,0.198623,0.000000,0.001377,0.000000,1.986536,1.986728,0.047559,0.990330,-2.037422,1,0
22.112137,0.200000,0.000000,0.198656,0.000000,0.001344,0.000000,1.986408,1.986599,0.046129,0.987492,-2.037419,1,0
22.128138,0.200000,0.000000,0.198644,0.000000,0.001356,0.000000,1.986740,1.986932,0.044699,0.984653,-2.037416,1,0
22.144138,0.200000,0.000000,0.198676,0.000000,0.001324,0.000000,1.987072,1.987264,0.043269,0.981814,-2.037413,1,0
22.160139,0.200000,0.000000,0.198709,0.000000,0.001291,0.000000,1.986943,1.987135,0.041839,0.978975,-2.037410,1,0
22.176140,0.200000,0.000000,0.198697,0.000000,0.001303,0.000000,1.987275,1.987467,0.040409,0.976135,-2.037407,1,0
22.192141,0.200000,0.000000,0.198730,0.000000,0.001270,0.000000,1.987147,1.987339,0.038978,0.973295,-2.037405,1,0
22.208141,0.200000,0.000000,0.198718,0.000000,0.001282,0.000000,1.987479,1.987671,0.037548,0.970456,-2.037401,1,0
22.224142,0.200000,0.000000,0.198750,0.000000,0.001250,0.000000,1.987811,1.988003,0.036118,0.967616,-2.037398,1,0
22.240143,0.200000,0.000000,0.198783,0.000000,0.001217,0.000000,1.987683,1.987875,0.034687,0.964775,-2.037395,1,0
22.256144,0.200000,0.000000,0.198771,0.000000,0.001229,0.000000,1.988015,1.988207,0.033256,0.961935,-2.037392,1,0
22.272144,0.200000,0.000000,0.198804,0.000000,0.001196,0.000000,1.987887,1.988079,0.031825,0.959094,-2.037389,1,0
22.288145,0.200000,0.000000,0.198792,0.000000,0.001208,0.000000,1.988219,1.988411,0.030395,0.956253,-2.037386,1,0
22.304146,0.200000,0.000000,0.198824,0.047937,0.001176,-0.047937,1.989855,1.986979,0.028964,0.953412,-2.037383,1,0
22.320147,0.200000,0.000000,0.198828,-0.047937,0.001172,0.047937,1.988423,1.988615,0.027532,0.950571,-2.037428,1,0
22.336147,0.200000,0.000000,0.198845,0.000000,0.001155,0.000000,1.988755,1.988947,0.026101,0.947730,-2.037425,1,0
22.352148,0.200000,0.000000,0.198878,0.000000,0.001122,0.000000,1.988627,1.988819,0.024670,0.944888,-2.037422,1,0
22.368149,0.200000,0.000000,0.198866,0.000000,0.001134,0.000000,1.988959,1.989151,0.023238,0.942046,-2.037419,1,0
22.384150,0.200000,0.000000,0.198898,0.000000,0.001102,0.000000,1.988831,1.989023,0.021807,0.939204,-2.037416,1,0
22.400150,0.200000,0.000000,0.198886,0.000000,0.001114,0.000000,1.989163,1.989355,0.020375,0.936362,-2.037413,1,0
22.416151,0.200000,0.000000,0.198918,0.000000,0.001082,0.000000,1.989035,1.989227,0.018943,0.933519,-2.037410,1,0
22.432152,0.200000,0.000000,0.198906,0.000000,0.001094,0.000000,1.989367,1.989559,0.017512,0.930677,-2.037407,1,0
22.448153,0.200000,0.000000,0.198939,0.000000,0.001061,0.000000,1.989699,1.989891,0.016080,0.927834,-2.037404,1,0
22.464153,0.200000,0.000000,0.198972,0.000000,0.001028,0.000000,1.989571,1.989763,0.014648,0.924991,-2.037401,1,0
22.480154,0.200000,0.000000,0.198960,0.000000,0.001040,0.000000,1.989903,1.990095,0.013216,0.922148,-2.037398,1,0
22.496155,0.200000,0.000000,0.198992,0.000000,0.001008,0.000000,1.989774,1.989966,0.011783,0.919304,-2.037395,1,0
22.512156,0.200000,0.000000,0.198980,0.000000,0.001020,0.000000,1.990106,1.990298,0.010351,0.916461,-2.037392,1,0
22.528156,0.200000,0.000000,0.199013,0.000000,0.000987,0.000000,1.989978,1.990170,0.008919,0.913617,-2.037389,1,0
22.544157,0.200000,0.000000,0.199001,0.000000,0.000999,0.000000,1.990310,1.990502,0.007487,0.910774,-2.037386,1,0
22.560158,0.200000,0.000000,0.199033,0.000000,0.000967,0.000000,1.990182,1.990374,0.006054,0.907929,-2.037383,1,0
22.576159,0.200000,0.000000,0.199021,0.000000,0.000979,0.000000,1.990514,1.990706,0.004622,0.905085,-2.037380,1,0
22.592159,0.200000,0.000000,0.199053,0.000000,0.000947,0.000000,1.990386,1.990578,0.003189,0.902241,-2.037377,1,0
22.608160,0.200000,0.000000,0.199042,0.000000,0.000958,0.000000,1.990718,1.990910,0.001757,0.899397,-2.037374,1,0
22.624161,0.200000,0.000000,0.199074,0.047937,0.000926,-0.047937,1.992354,1.989478,0.000324,0.896552,-2.037371,1,0
22.640162,0.200000,0.000000,0.199077,-0.047937,0.000923,0.047937,1.990922,1.991114,-0.001109,0.893707,-2.037416,1,0
22.656162,0.200000,0.000000,0.199095,0.000000,0.000905,0.000000,1.991254,1.991446,-0.002542,0.890862,-2.037413,1,0
22.672163,0.200000,0.000000,0.199128,0.000000,0.000872,0.000000,1.991126,1.991318,-0.003975,0.888017,-2.037410,1,0
22.688164,0.200000,0.000000,0.199116,0.000000,0.000884,0.000000,1.991458,1.991650,-0.005408,0.885171,-2.037407,1,0
22.704165,0.200000,0.000000,0.199148,0.000000,0.000852,0.000000,1.991330,1.991522,-0.006842,0.882326,-2.037404,1,0
22.720165,0.200000,0.000000,0.199136,0.000000,0.000864,0.000000,1.991662,1.991854,-0.008275,0.879480,-2.037401,1,0
22.736166,0.200000,0.000000,0.199168,0.000000,0.000832,0.000000,1.991534,1.991726,-0.009709,0.876634,-2.037398,1,0
22.752167,0.200000,0.000000,0.199156,0.000000,0.000844,0.000000,1.991866,1.992058,-0.011142,0.873788,-2.037395,1,0
22.768167,0.200000,0.000000,0.199189,0.000000,0.000811,0.000000,1.991737,1.991929,-0.012576,0.870942,-2.037392,1,0
22.784168,0.200000,0.000000,0.199177,0.000000,0.000823,0.000000,1.992069,1.992262,-0.014009,0.868096,-2.037389,1,0
22.800169,0.200000,0.000000,0.199209,0.000000,0.000791,0.000000,1.991941,1.992133,-0.015443,0.865249,-2.037386,1,0
22.816170,0.200000,0.000000,0.199197,0.000000,0.000803,0.000000,1.992273,1.992465,-0.016877,0.862402,-2.037383,1,0
22.832170,0.200000,0.000000,0.199229,0.000000,0.000771,0.000000,1.992145,1.992337,-0.018311,0.859556,-2.037380,1,0
22.848171,0.200000,0.000000,0.199217,0.000000,0.000783,0.000000,1.992477,1.992669,-0.019745,0.856709,-2.037377,1,0
22.864172,0.200000,0.000000,0.199250,0.000000,0.000750,0.000000,1.992349,1.992541,-0.021179,0.853861,-2.037374,1,0
22.880173,0.200000,0.000000,0.199238,0.000000,0.000762,0.000000,1.992681,1.992873,-0.022612,0.851014,-2.037371,1,0
22.896173,0.200000,0.000000,0.199270,0.000000,0.000730,0.000000,1.992553,1.992745,-0.024047,0.848167,-2.037368,1,0
22.912174,0.200000,0.000000,0.199258,0.000000,0.000742,0.000000,1.992885,1.993077,-0.025481,0.845319,-2.037365,1,0
22.928175,0.200000,0.000000,0.199291,0.000000,0.000709,0.000000,1.992757,1.992949,-0.026915,0.842472,-2.037362,1,0
22.944176,0.200000,0.000000,0.199279,0.000000,0.000721,0.000000,1.993089,1.993281,-0.028349,0.839624,-2.037359,1,0
22.960176,0.200000,0.000000,0.199311,0.000000,0.000689,0.000000,1.992961,1.993153,-0.029784,0.836776,-2.037356,1,0
22.976177,0.200000,0.000000,0.199299,0.047937,0.000701,-0.047937,1.994597,1.991721,-0.031218,0.833928,-2.037353,1,0
22.992178,0.200000,0.000000,0.199302,-0.047937,0.000698,0.047937,1.993165,1.993357,-0.032652,0.831080,-2.037398,1,0
23.008179,0.200000,0.000000,0.199319,0.000000,0.000681,0.000000,1.993037,1.993228,-0.034087,0.828232,-2.037395,1,0
23.024179,0.200000,0.000000,0.199307,0.000000,0.000693,0.000000,1.993369,1.993560,-0.035521,0.825383,-2.037392,1,0
23.040180,0.200000,0.000000,0.199339,0.000000,0.000661,0.000000,1.993240,1.993432,-0.036956,0.822535,-2.037389,1,0
23.056181,0.200000,0.000000,0.199327,0.000000,0.000673,0.000000,1.993572,1.993764,-0.038391,0.819687,-2.037386,1,0
23.072182,0.200000,0.000000,0.199359,0.000000,0.000641,0.000000,1.993444,1.993636,-0.039826,0.816838,-2.037383,1,0
23.088182,0.200000,0.000000,0.199347,0.000000,0.000653,0.000000,1.993776,1.993968,-0.041260,0.813989,-2.037380,1,0
23.104183,0.200000,0.000000,0.199380,0.000000,0.000620,0.000000,1.993648,1.993840,-0.042695,0.811140,-2.037377,1,0
23.120184,0.200000,0.000000,0.199368,0.000000,0.000632,0.000000,1.993980,1.994172,-0.044130,0.808291,-2.037374,1,0
23.136185,0.200000,0.000000,0.199400,0.000000,0.000600,0.000000,1.993852,1.994044,-0.045565,0.805442,-2.037371,1,0
23.152185,0.200000,0.000000,0.199388,0.000000,0.000612,0.000000,1.994184,1.994376,-0.047000,0.802593,-2.037368,1,0
23.168186,0.200000,0.000000,0.199420,0.000000,0.000580,0.000000,1.994056,1.994248,-0.048436,0.799743,-2.037365,1,0
23.184187,0.200000,0.000000,0.199409,0.000000,0.000591,0.000000,1.994388,1.994580,-0.049871,0.796893,-2.037362,1,0
23.200188,0.200000,0.000000,0.199441,0.000000,0.000559,0.000000,1.994260,1.994452,-0.051306,0.794043,-2.037359,1,0
23.216188,0.200000,0.000000,0.199429,0.047937,0.000571,-0.047937,1.995896,1.993020,-0.052741,0.791193,-2.037356,1,0
23.232189,0.200000,0.000000,0.199432,-0.047937,0.000568,0.047937,1.994464,1.994656,-0.054177,0.788344,-2.037401,1,0
23.248190,0.200000,0.000000,0.199449,0.000000,0.000551,0.000000,1.994335,1.994527,-0.055612,0.785493,-2.037398,1,0
23.264191,0.200000,0.000000,0.199436,0.000000,0.000564,0.000000,1.994668,1.994859,-0.057048,0.782644,-2.037395,1,0
23.280191,0.200000,0.000000,0.199469,0.000000,0.000531,0.000000,1.994539,1.994731,-0.058483,0.779793,-2.037392,1,0
23.296192,0.200000,0.000000,0.199457,0.000000,0.000543,0.000000,1.994871,1.995063,-0.059919,0.776943,-2.037389,1,0
23.312193,0.200000,0.000000,0.199489,0.000000,0.000511,0.000000,1.994743,1.994935,-0.061355,0.774092,-2.037386,1,0
23.328194,0.200000,0.000000,0.199477,0.000000,0.000523,0.000000,1.995075,1.995267,-0.062791,0.771242,-2.037383,1,0
23.344194,0.200000,0.000000,0.199510,0.000000,0.000490,0.000000,1.994947,1.995139,-0.064226,0.768391,-2.037380,1,0
23.360195,0.200000,0.000000,0.199498,0.047937,0.000502,-0.047937,1.996583,1.993707,-0.065662,0.765540,-2.037377,1,0
23.376196,0.200000,0.000000,0.199500,-0.047937,0.000500,0.047937,1.995151,1.995343,-0.067098,0.762689,-2.037422,1,0
23.392197,0.200000,0.000000,0.199517,0.000000,0.000483,0.000000,1.995023,1.995215,-0.068534,0.759838,-2.037419,1,0
23.408197,0.200000,0.000000,0.199505,0.000000,0.000495,0.000000,1.995355,1.995547,-0.069970,0.756987,-2.037416,1,0
23.424198,0.200000,0.000000,0.199537,0.000000,0.000463,0.000000,1.995227,1.995419,-0.071406,0.754136,-2.037413,1,0
23.440199,0.200000,0.000000,0.199526,0.000000,0.000474,0.000000,1.995559,1.995751,-0.072843,0.751285,-2.037410,1,0
23.456200,0.200000,0.000000,0.199558,0.000000,0.000442,0.000000,1.995431,1.995623,-0.074279,0.748433,-2.037407,1,0
23.472200,0.200000,0.000000,0.199546,0.047937,0.000454,-0.047937,1.997066,1.994190,-0.075715,0.745582,-2.037404,1,0
23.488201,0.200000,0.000000,0.199549,-0.047937,0.000451,0.047937,1.995634,1.995826,-0.077152,0.742731,-2.037449,1,0
23.504202,0.200000,0.000000,0.199566,0.000000,0.000434,0.000000,1.995506,1.995698,-0.078588,0.739879,-2.037446,1,0
23.520203,0.200000,0.000000,0.199553,0.000000,0.000447,0.000000,1.995838,1.996030,-0.080024,0.737027,-2.037443,1,0
23.536203,0.200000,0.000000,0.199586,0.000000,0.000414,0.000000,1.995710,1.995902,-0.081461,0.734175,-2.037441,1,0
23.552204,0.200000,0.000000,0.199574,0.000000,0.000426,0.000000,1.996042,1.996234,-0.082898,0.731324,-2.037437,1,0
23.568205,0.200000,0.000000,0.199606,0.000000,0.000394,0.000000,1.995914,1.996106,-0.084334,0.728471,-2.037435,1,0
23.584206,0.200000,0.000000,0.199594,0.000000,0.000406,0.000000,1.995786,1.995978,-0.085771,0.725619,-2.037431,1,0
23.600206,0.200000,0.000000,0.199581,0.000000,0.000419,0.000000,1.996118,1.996310,-0.087208,0.722767,-2.037428,1,0
23.616207,0.200000,0.000000,0.199614,0.000000,0.000386,0.000000,1.995990,1.996182,-0.088645,0.719915,-2.037426,1,0
23.632208,0.200000,0.000000,0.199602,0.000000,0.000398,0.000000,1.996322,1.996514,-0.090081,0.717063,-2.037422,1,0
23.648209,0.200000,0.000000,0.199634,0.000000,0.000366,0.000000,1.996194,1.996386,-0.091518,0.714210,-2.037419,1,0
23.664209,0.200000,0.000000,0.199622,0.000000,0.000378,0.000000,1.996526,1.996718,-0.092955,0.711358,-2.037416,1,0
23.680210,0.200000,0.000000,0.199655,0.000000,0.000345,0.000000,1.996397,1.996590,-0.094392,0.708505,-2.037413,1,0
23.696211,0.200000,0.000000,0.199643,0.000000,0.000357,0.000000,1.996269,1.996461,-0.095829,0.705652,-2.037410,1,0
23.712212,0.200000,0.000000,0.199630,0.000000,0.000370,0.000000,1.996601,1.996793,-0.097266,0.702799,-2.037407,1,0
23.728212,0.200000,0.000000,0.199662,0.000000,0.000338,0.000000,1.996473,1.996665,-0.098703,0.699946,-2.037404,1,0
23.744213,0.200000,0.000000,0.199650,0.000000,0.000350,0.000000,1.996805,1.996997,-0.100140,0.697093,-2.037401,1,0
23.760214,0.200000,0.000000,0.199683,0.000000,0.000317,0.000000,1.996677,1.996869,-0.101577,0.694240,-2.037398,1,0
23.776215,0.200000,0.000000,0.199671,0.000000,0.000329,0.000000,1.996549,1.996741,-0.103014,0.691386,-2.037395,1,0
23.792215,0.200000,0.000000,0.199658,0.000000,0.000342,0.000000,1.996881,1.997073,-0.104451,0.688533,-2.037392,1,0
23.808216,0.200000,0.000000,0.199690,0.000000,0.000310,0.000000,1.996753,1.996945,-0.105889,0.685680,-2.037389,1,0
23.824217,0.200000,0.000000,0.199678,0.000000,0.000322,0.000000,1.997085,1.997277,-0.107326,0.682827,-2.037386,1,0
23.840218,0.200000,0.000000,0.199710,0.000000,0.000290,0.000000,1.996957,1.997149,-0.108763,0.679973,-2.037383,1,0
23.856218,0.200000,0.000000,0.199699,0.000000,0.000301,0.000000,1.996829,1.997020,-0.110200,0.677119,-2.037380,1,0
23.872219,0.200000,0.000000,0.199686,0.000000,0.000314,0.000000,1.997161,1.997353,-0.111638,0.674266,-2.037377,1,0
23.888220,0.200000,0.000000,0.199718,0.000000,0.000282,0.000000,1.997032,1.997224,-0.113075,0.671412,-2.037374,1,0
23.904221,0.200000,0.000000,0.199706,0.000000,0.000294,0.000000,1.997365,1.997556,-0.114512,0.668558,-2.037371,1,0
23.920221,0.200000,0.000000,0.199738,0.000000,0.000262,0.000000,1.997236,1.997428,-0.115950,0.665704,-2.037368,1,0
23.936222,0.200000,0.000000,0.199727,0.000000,0.000273,0.000000,1.997108,1.997300,-0.117387,0.662849,-2.037365,1,0
23.952223,0.200000,0.000000,0.199714,0.000000,0.000286,0.000000,1.997440,1.997632,-0.118825,0.659996,-2.037362,1,0
23.968224,0.200000,0.000000,0.199746,0.000000,0.000254,0.000000,1.997312,1.997504,-0.120262,0.657141,-2.037359,1,0
23.984224,0.200000,0.000000,0.199734,0.047937,0.000266,-0.047937,1.998948,1.996072,-0.121700,0.654287,-2.037356,1,0
24.000225,0.200000,0.000000,0.199737,-0.047937,0.000263,0.047937,1.997516,1.997708,-0.123137,0.651433,-2.037401,1,0
24.016226,0.200000,0.000000,0.199754,0.000000,0.000246,0.000000,1.997388,1.997580,-0.124575,0.648578,-2.037398,1,0
24.032227,0.200000,0.000000,0.199742,0.000000,0.000258,0.000000,1.997720,1.997912,-0.126013,0.645724,-2.037395,1,0
24.048227,0.200000,0.000000,0.199774,0.000000,0.000226,0.000000,1.997592,1.997784,-0.127450,0.642869,-2.037392,1,0
24.064228,0.200000,0.000000,0.199762,0.000000,0.000238,0.000000,1.997463,1.997655,-0.128888,0.640015,-2.037389,1,0
24.080229,0.200000,0.000000,0.199749,0.000000,0.000251,0.000000,1.997795,1.997988,-0.130326,0.637160,-2.037386,1,0
24.096230,0.200000,0.000000,0.199781,0.000000,0.000219,0.000000,1.997667,1.997859,-0.131764,0.634306,-2.037383,1,0
24.112230,0.200000,0.000000,0.199770,0.000000,0.000230,0.000000,1.997999,1.998191,-0.133202,0.631451,-2.037380,1,0
24.128231,0.200000,0.000000,0.199802,0.000000,0.000198,0.000000,1.997871,1.998063,-0.134640,0.628596,-2.037377,1,0
24.144232,0.200000,0.000000,0.199790,0.000000,0.000210,0.000000,1.997743,1.997935,-0.136078,0.625741,-2.037374,1,0
24.160233,0.200000,0.000000,0.199777,0.000000,0.000223,0.000000,1.998075,1.998267,-0.137515,0.622886,-2.037371,1,0
24.176233,0.200000,0.000000,0.199809,0.000000,0.000191,0.000000,1.997947,1.998139,-0.138953,0.620031,-2.037368,1,0
24.192234,0.200000,0.000000,0.199798,0.000000,0.000202,0.000000,1.997819,1.998011,-0.140391,0.617176,-2.037365,1,0
24.208235,0.200000,0.000000,0.199785,0.000000,0.000215,0.000000,1.998151,1.998343,-0.141829,0.614321,-2.037362,1,0
24.224236,0.200000,0.000000,0.199817,0.000000,0.000183,0.000000,1.998023,1.998215,-0.143267,0.611465,-2.037359,1,0
24.240236,0.200000,0.000000,0.199805,0.000000,0.000195,0.000000,1.998355,1.998547,-0.144705,0.608610,-2.037355,1,0
24.256237,0.200000,0.000000,0.199837,0.000000,0.000163,0.000000,1.998227,1.998419,-0.146143,0.605755,-2.037353,1,0
24.272238,0.200000,0.000000,0.199826,0.000000,0.000174,0.000000,1.998098,1.998290,-0.147582,0.602899,-2.037349,1,0
24.288239,0.200000,0.000000,0.199813,0.000000,0.000187,0.000000,1.998430,1.998622,-0.149020,0.600044,-2.037346,1,0
24.304239,0.200000,0.000000,0.199845,0.000000,0.000155,0.000000,1.998302,1.998494,-0.150458,0.597188,-2.037343,1,0
24.320240,0.200000,0.000000,0.199833,0.000000,0.000167,0.000000,1.998174,1.998366,-0.151896,0.594332,-2.037340,1,0
24.336241,0.200000,0.000000,0.199820,0.000000,0.000180,0.000000,1.998506,1.998698,-0.153334,0.591477,-2.037337,1,0
24.352242,0.200000,0.000000,0.199853,0.000000,0.000147,0.000000,1.998378,1.998570,-0.154772,0.588621,-2.037334,1,0
24.368242,0.200000,0.000000,0.199841,0.047937,0.000159,-0.047937,2.000014,1.997138,-0.156210,0.585765,-2.037331,1,0
24.384243,0.200000,0.000000,0.199843,-0.047937,0.000157,0.047937,1.998582,1.998774,-0.157649,0.582909,-2.037376,1,0
24.400244,0.200000,0.000000,0.199860,0.000000,0.000140,0.000000,1.998454,1.998646,-0.159087,0.580053,-2.037373,1,0
24.416245,0.200000,0.000000,0.199848,0.000000,0.000152,0.000000,1.998786,1.998978,-0.160525,0.577197,-2.037370,1,0
24.432245,0.200000,0.000000,0.199881,0.000000,0.000119,0.000000,1.998658,1.998850,-0.161964,0.574341,-2.037367,1,0
24.448246,0.200000,0.000000,0.199869,0.000000,0.000131,0.000000,1.998529,1.998721,-0.163402,0.571485,-2.037364,1,0
24.464247,0.200000,0.000000,0.199856,0.000000,0.000144,0.000000,1.998861,1.999053,-0.164841,0.568629,-2.037361,1,0
24.480247,0.200000,0.000000,0.199888,0.000000,0.000112,0.000000,1.998733,1.998925,-0.166279,0.565773,-2.037359,1,0
24.496248,0.200000,0.000000,0.199876,0.000000,0.000124,0.000000,1.998605,1.998797,-0.167718,0.562917,-2.037355,1,0
24.512249,0.200000,0.000000,0.199863,0.000000,0.000137,0.000000,1.998937,1.999129,-0.169156,0.560060,-2.037352,1,0
24.528250,0.200000,0.000000,0.199896,0.000000,0.000104,0.000000,1.998809,1.999001,-0.170595,0.557204,-2.037349,1,0
24.544250,0.200000,0.000000,0.199884,0.047937,0.000116,-0.047937,2.000445,1.997569,-0.172033,0.554348,-2.037346,1,0
24.560251,0.200000,0.000000,0.199886,-0.047937,0.000114,0.047937,1.999013,1.999205,-0.173472,0.551491,-2.037391,1,0
24.576252,0.200000,0.000000,0.199904,0.000000,0.000096,0.000000,1.998885,1.999077,-0.174911,0.548635,-2.037389,1,0
24.592253,0.200000,0.000000,0.199891,0.000000,0.000109,0.000000,1.999217,1.999409,-0.176349,0.545778,-2.037385,1,0
24.608253,0.200000,0.000000,0.199924,0.000000,0.000076,0.000000,1.999089,1.999281,-0.177788,0.542921,-2.037383,1,0
24.624254,0.200000,0.000000,0.199912,0.000000,0.000088,0.000000,1.998960,1.999152,-0.179227,0.540065,-2.037380,1,0
24.640255,0.200000,0.000000,0.199899,0.000000,0.000101,0.000000,1.999292,1.999485,-0.180666,0.537208,-2.037377,1,0
24.656256,0.200000,0.000000,0.199931,0.000000,0.000069,0.000000,1.999164,1.999356,-0.182105,0.534351,-2.037374,1,0
24.672256,0.200000,0.000000,0.199919,0.000000,0.000081,0.000000,1.999036,1.999228,-0.183544,0.531494,-2.037370,1,0
24.688257,0.200000,0.000000,0.199906,0.000000,0.000094,0.000000,1.999368,1.999560,-0.184982,0.528638,-2.037368,1,0
24.704258,0.200000,0.000000,0.199939,0.000000,0.000061,0.000000,1.999240,1.999432,-0.186421,0.525781,-2.037364,1,0
24.720259,0.200000,0.000000,0.199927,0.000000,0.000073,0.000000,1.999112,1.999304,-0.187860,0.522924,-2.037361,1,0
24.736259,0.200000,0.000000,0.199914,0.000000,0.000086,0.000000,1.999444,1.999636,-0.189299,0.520067,-2.037359,1,0
24.752260,0.200000,0.000000,0.199946,0.000000,0.000054,0.000000,1.999316,1.999508,-0.190738,0.517210,-2.037355,1,0
24.768261,0.200000,0.000000,0.199934,0.000000,0.000066,0.000000,1.999188,1.999380,-0.192177,0.514353,-2.037352,1,0
24.784262,0.200000,0.000000,0.199922,0.000000,0.000078,0.000000,1.999520,1.999712,-0.193616,0.511496,-2.037349,1,0
24.800262,0.200000,0.000000,0.199954,0.000000,0.000046,0.000000,1.999392,1.999583,-0.195055,0.508638,-2.037346,1,0
24.816263,0.200000,0.000000,0.199942,0.000000,0.000058,0.000000,1.999263,1.999455,-0.196494,0.505781,-2.037343,1,0
24.832264,0.200000,0.000000,0.199929,0.000000,0.000071,0.000000,1.999595,1.999787,-0.197933,0.502924,-2.037340,1,0
24.848265,0.200000,0.000000,0.199961,0.000000,0.000039,0.000000,1.999467,1.999659,-0.199372,0.500067,-2.037337,1,0
24.864265,0.200000,0.000000,0.199950,0.047937,0.000050,-0.047937,2.001103,1.998227,-0.200811,0.497209,-2.037334,1,0
24.880266,0.200000,0.000000,0.199952,-0.047937,0.000048,0.047937,1.999671,1.999863,-0.202250,0.494352,-2.037379,1,0
24.896267,0.200000,0.000000,0.199969,0.000000,0.000031,0.000000,1.999543,1.999735,-0.203689,0.491494,-2.037376,1,0
24.912268,0.200000,0.000000,0.199957,0.047937,0.000043,-0.047937,2.001179,1.998303,-0.205128,0.488637,-2.037373,1,0
24.928268,0.200000,0.000000,0.199960,-0.047937,0.000040,0.047937,1.999747,1.999939,-0.206567,0.485780,-2.037418,1,0
24.944269,0.200000,0.000000,0.199977,0.000000,0.000023,0.000000,1.999619,1.999811,-0.208006,0.482922,-2.037416,1,0
24.960270,0.200000,0.000000,0.199965,0.000000,0.000035,0.000000,1.999951,2.000143,-0.209446,0.480065,-2.037413,1,0
24.976271,0.200000,0.000000,0.199997,0.000000,0.000003,0.000000,1.999822,2.000015,-0.210885,0.477207,-2.037410,1,0
24.992271,0.200000,0.000000,0.199985,0.000000,0.000015,0.000000,1.999694,1.999886,-0.212325,0.474349,-2.037407,1,0
25.008272,0.200000,0.000000,0.199972,0.000000,0.000028,0.000000,2.000026,2.000218,-0.213764,0.471492,-2.037404,1,0
25.024273,0.200000,0.000000,0.200005,0.000000,-0.000005,0.000000,1.999898,2.000090,-0.215204,0.468634,-2.037401,1,0
25.040274,0.200000,0.000000,0.199993,0.000000,0.000007,0.000000,1.999770,1.999962,-0.216643,0.465776,-2.037398,1,0
25.056274,0.200000,0.000000,0.199980,0.000000,0.000020,0.000000,2.000102,2.000294,-0.218082,0.462918,-2.037395,1,0
25.072275,0.200000,0.000000,0.200012,0.000000,-0.000012,0.000000,1.999974,2.000166,-0.219522,0.460060,-2.037392,1,0
25.088276,0.200000,0.000000,0.200000,0.000000,-0.000000,0.000000,1.999846,2.000038,-0.220961,0.457202,-2.037389,1,0
25.104277,0.200000,0.000000,0.199987,0.000000,0.000013,0.000000,2.000178,2.000370,-0.222401,0.454344,-2.037386,1,0
25.120277,0.200000,0.000000,0.200020,0.000000,-0.000020,0.000000,2.000050,2.000242,-0.223840,0.451486,-2.037383,1,0
25.136278,0.200000,0.000000,0.200008,0.000000,-0.000008,0.000000,1.999922,2.000113,-0.225280,0.448628,-2.037380,1,0
25.152279,0.200000,0.000000,0.199995,0.000000,0.000005,0.000000,2.000254,2.000446,-0.226719,0.445770,-2.037377,1,0
25.168280,0.200000,0.000000,0.200027,0.000000,-0.000027,0.000000,2.000125,2.000317,-0.228159,0.442912,-2.037374,1,0
25.184280,0.200000,0.000000,0.200015,0.000000,-0.000015,0.000000,1.999997,2.000189,-0.229599,0.440053,-2.037370,1,0
25.200281,0.200000,0.000000,0.200002,0.047937,-0.000002,-0.047937,2.001633,1.998757,-0.231038,0.437195,-2.037368,1,0
25.216282,0.200000,0.000000,0.200005,-0.047937,-0.000005,0.047937,2.000201,2.000393,-0.232477,0.434337,-2.037413,1,0
25.232283,0.200000,0.000000,0.200022,0.000000,-0.000022,0.000000,2.000073,2.000265,-0.233917,0.431479,-2.037410,1,0
25.248283,0.200000,0.000000,0.200010,0.000000,-0.000010,0.000000,2.000405,2.000597,-0.235357,0.428621,-2.037407,1,0
25.264284,0.200000,0.000000,0.200042,0.000000,-0.000042,0.000000,2.000277,2.000469,-0.236797,0.425763,-2.037404,1,0
25.280285,0.200000,0.000000,0.200031,0.000000,-0.000031,0.000000,2.000149,2.000341,-0.238236,0.422904,-2.037401,1,0
25.296286,0.200000,0.000000,0.200018,0.047937,-0.000018,-0.047937,2.001785,1.998909,-0.239676,0.420046,-2.037398,1,0
25.312286,0.200000,0.000000,0.200020,-0.047937,-0.000020,0.047937,2.000353,2.000545,-0.241116,0.417188,-2.037443,1,0
25.328287,0.200000,0.000000,0.200037,0.000000,-0.000037,0.000000,2.000224,2.000417,-0.242556,0.414329,-2.037440,1,0
25.344288,0.200000,0.000000,0.200025,0.000000,-0.000025,0.000000,2.000096,2.000288,-0.243995,0.411471,-2.037437,1,0
25.360289,0.200000,0.000000,0.200012,0.000000,-0.000012,0.000000,2.000428,2.000620,-0.245435,0.408613,-2.037434,1,0
25.376289,0.000000,0.000000,0.200045,0.000000,-0.200045,0.000000,0.065100,0.065292,-0.246875,0.405755,-2.037431,1,0
25.392290,0.000000,0.000000,0.025319,0.000000,-0.025319,0.000000,0.064640,0.064832,-0.246964,0.405359,-2.037426,1,0
25.408291,0.000000,0.000000,0.005657,0.000000,-0.005657,0.000000,0.063720,0.063912,-0.247003,0.405278,-2.037423,1,0
25.424292,0.000000,0.000000,0.005414,0.000000,-0.005414,0.000000,0.063259,0.063451,-0.247042,0.405201,-2.037421,1,0
25.440292,0.000000,0.000000,0.005554,0.000000,-0.005554,0.000000,0.062799,0.062991,-0.247082,0.405121,-2.037417,1,0
25.456293,0.000000,0.000000,0.005663,0.000000,-0.005663,0.000000,0.061879,0.062071,-0.247123,0.405040,-2.037415,1,0
25.472294,0.000000,0.000000,0.005696,0.000000,-0.005696,0.000000,0.061419,0.061611,-0.247164,0.404959,-2.037411,1,0
25.488295,0.000000,0.000000,0.005748,0.000000,-0.005748,0.000000,0.060959,0.061150,-0.247205,0.404877,-2.037409,1,0
25.504295,0.000000,0.000000,0.005782,0.000000,-0.005782,0.000000,0.060498,0.060690,-0.247247,0.404794,-2.037405,1,0
25.520296,0.000000,0.000000,0.005799,0.000000,-0.005799,0.000000,0.059578,0.059770,-0.247288,0.404711,-2.037402,1,0
25.536297,0.000000,0.000000,0.005759,0.000000,-0.005759,0.000000,0.059118,0.059310,-0.247330,0.404629,-2.037400,1,0
25.552298,0.000000,0.000000,0.005752,0.000000,-0.005752,0.000000,0.058658,0.058850,-0.247371,0.404547,-2.037396,1,0
25.568298,0.000000,0.000000,0.005739,0.000000,-0.005739,0.000000,0.058197,0.058389,-0.247413,0.404465,-2.037393,1,0
25.584299,0.000000,0.000000,0.005719,0.000000,-0.005719,0.000000,0.057277,0.057469,-0.247454,0.404383,-2.037390,1,0
25.600300,0.000000,0.000000,0.005648,0.000000,-0.005648,0.000000,0.056817,0.057009,-0.247494,0.404302,-2.037387,1,0
25.616301,0.000000,0.000000,0.005618,0.000000,-0.005618,0.000000,0.056357,0.056549,-0.247535,0.404222,-2.037384,1,0
25.632301,0.000000,0.000000,0.005585,0.000000,-0.005585,0.000000,0.055896,0.056088,-0.247575,0.404142,-2.037381,1,0
25.648302,0.000000,0.000000,0.005550,0.000000,-0.005550,0.000000,0.055436,0.055628,-0.247615,0.404063,-2.037378,1,0
25.664303,0.000000,0.000000,0.005512,0.000000,-0.005512,0.000000,0.054976,0.055168,-0.247654,0.403984,-2.037375,1,0
25.680304,0.000000,0.000000,0.005473,0.000000,-0.005473,0.000000,0.054056,0.054248,-0.247694,0.403906,-2.037372,1,0
25.696304,0.000000,0.000000,0.005387,0.000000,-0.005387,0.000000,0.053595,0.053787,-0.247733,0.403829,-2.037369,1,0
25.712305,0.000000,0.000000,0.005345,0.000000,-0.005345,0.000000,0.053135,0.053327,-0.247771,0.403752,-2.037366,1,0
25.728306,0.000000,0.000000,0.005302,0.000000,-0.005302,0.000000,0.052675,0.052867,-0.247809,0.403677,-2.037363,1,0
25.744307,0.000000,0.000000,0.005259,0.000000,-0.005259,0.000000,0.052215,0.052407,-0.247847,0.403601,-2.037360,1,0
25.760307,0.000000,0.000000,0.005215,0.000000,-0.005215,0.000000,0.051755,0.051947,-0.247884,0.403527,-2.037357,1,0
25.776308,0.000000,0.000000,0.005171,0.000000,-0.005171,0.000000,0.051294,0.051486,-0.247922,0.403453,-2.037354,1,0
25.792309,0.000000,0.000000,0.005126,0.000000,-0.005126,0.000000,0.050834,0.051026,-0.247958,0.403380,-2.037351,1,0
25.808310,0.000000,0.000000,0.005081,0.000000,-0.005081,0.000000,0.050374,0.050566,-0.247995,0.403307,-2.037348,1,0
25.824310,0.000000,0.000000,0.005036,0.000000,-0.005036,0.000000,0.049914,0.050106,-0.248031,0.403235,-2.037345,1,0
25.840311,0.000000,0.000000,0.004991,0.047937,-0.004991,-0.047937,0.050758,0.047882,-0.248067,0.403164,-2.037342,1,0
25.856312,0.000000,0.000000,0.004916,0.000000,-0.004916,0.000000,0.050297,0.047421,-0.248102,0.403094,-2.037387,1,0
25.872313,0.000000,2.000000,0.004870,-0.047937,-0.004870,2.047937,-1.003927,1.100265,-0.248137,0.403024,-2.037432,1,0
25.888313,0.000000,2.000000,0.004870,2.061287,-0.004870,-0.061287,-1.002196,1.098074,-0.248173,0.402954,-2.012306,1,0
25.904314,0.000000,2.000000,0.004813,2.109224,-0.004813,-0.109224,-0.999161,1.094118,-0.248205,0.402885,-1.981776,1,0
25.920315,0.000000,2.000000,0.004789,2.109224,-0.004789,-0.109224,-0.996126,1.090163,-0.248237,0.402815,-1.951297,1,0
25.936316,0.000000,2.000000,0.004747,2.109224,-0.004747,-0.109224,-0.993091,1.086208,-0.248266,0.402745,-1.920911,1,0
25.952316,0.000000,2.000000,0.004701,2.109224,-0.004701,-0.109224,-0.990056,1.082252,-0.248292,0.402674,-1.890623,1,0
25.968317,0.000000,2.000000,0.004654,2.013350,-0.004654,-0.013350,-0.990089,1.081365,-0.248316,0.402604,-1.860436,1,0
25.984318,0.000000,2.000000,0.004604,2.109224,-0.004604,-0.109224,-0.987054,1.077410,-0.248338,0.402533,-1.830263,1,0
26.000319,0.000000,2.000000,0.004554,2.013350,-0.004554,-0.013350,-0.987087,1.076522,-0.248357,0.402463,-1.800194,1,0
26.016319,0.000000,2.000000,0.004504,2.109224,-0.004504,-0.109224,-0.984052,1.072567,-0.248374,0.402393,-1.770141,1,0
26.032320,0.000000,2.000000,0.004454,2.061287,-0.004454,-0.061287,-0.982321,1.070376,-0.248389,0.402323,-1.740194,1,0
26.048321,0.000000,2.000000,0.004426,2.013350,-0.004426,-0.013350,-0.982354,1.069488,-0.248401,0.402253,-1.710307,1,0
26.064322,0.000000,2.000000,0.004377,2.109224,-0.004377,-0.109224,-0.979319,1.065533,-0.248411,0.402184,-1.680436,1,0
26.080322,0.000000,2.000000,0.004328,2.013350,-0.004328,-0.013350,-0.979352,1.064646,-0.248419,0.402115,-1.650671,1,0
26.096323,0.000000,2.000000,0.004279,2.013350,-0.004279,-0.013350,-0.979385,1.063758,-0.248424,0.402047,-1.620921,1,0
26.112324,0.000000,2.000000,0.004230,2.061287,-0.004230,-0.061287,-0.977654,1.061567,-0.248428,0.401980,-1.591186,1,0
26.128325,0.000000,2.000000,0.002079,2.013350,-0.002079,-0.013350,-0.977687,1.060679,-0.248428,0.401946,-1.562135,1,0
26.144325,0.000000,2.000000,0.000875,2.061287,-0.000875,-0.061287,-0.975956,1.058488,-0.248428,0.401932,-1.533430,1,0
26.160326,0.000000,2.000000,0.003739,2.013350,-0.003739,-0.013350,-0.975989,1.057601,-0.248425,0.401872,-1.503921,1,0
26.176327,0.000000,2.000000,0.004086,2.061286,-0.004086,-0.061286,-0.974718,1.054949,-0.248421,0.401807,-1.474333,1,0
26.192327,0.000000,2.000000,0.004023,2.061287,-0.004023,-0.061287,-0.972987,1.052758,-0.248414,0.401743,-1.444803,1,0
26.208328,0.000000,2.000000,0.003997,1.965413,-0.003997,0.034587,-0.974324,1.053635,-0.248406,0.401680,-1.415331,1,0
26.224329,0.000000,2.000000,0.003972,2.013350,-0.003972,-0.013350,-0.974357,1.052747,-0.248396,0.401617,-1.385828,1,0
26.240330,0.000000,2.000000,0.003925,2.061287,-0.003925,-0.061287,-0.972626,1.050556,-0.248384,0.401555,-1.356338,1,0
26.256330,0.000000,2.000000,0.003900,2.013350,-0.003900,-0.013350,-0.972659,1.049669,-0.248371,0.401495,-1.326906,1,0
26.272331,0.000000,2.000000,0.003853,2.013350,-0.003853,-0.013350,-0.972692,1.048781,-0.248355,0.401435,-1.297487,1,0
26.288332,0.000000,2.000000,0.003806,2.013350,-0.003806,-0.013350,-0.972725,1.047894,-0.248339,0.401376,-1.268081,1,0
26.304333,0.000000,2.000000,0.003759,2.061287,-0.003759,-0.061287,-0.970994,1.045703,-0.248320,0.401319,-1.238687,1,0
26.320333,0.000000,2.000000,0.003735,2.013350,-0.003735,-0.013350,-0.971027,1.044815,-0.248301,0.401263,-1.209351,1,0
26.336334,0.000000,2.000000,0.003689,2.013350,-0.003689,-0.013350,-0.971060,1.043928,-0.248279,0.401207,-1.180028,1,0
26.352335,0.000000,2.000000,0.003642,1.965413,-0.003642,0.034587,-0.972396,1.044805,-0.248257,0.401154,-1.150717,1,0
26.368336,0.000000,2.000000,0.003618,2.061287,-0.003618,-0.061287,-0.970665,1.042613,-0.248233,0.401101,-1.121375,1,0
26.384336,0.000000,2.000000,0.003594,2.013350,-0.003594,-0.013350,-0.970698,1.041726,-0.248208,0.401049,-1.092090,1,0
26.400337,0.000000,2.000000,0.003548,2.013350,-0.003548,-0.013350,-0.970731,1.040839,-0.248181,0.400999,-1.062817,1,0
26.416338,0.000000,2.000000,0.003501,1.965413,-0.003501,0.034587,-0.972068,1.041715,-0.248154,0.400950,-1.033557,1,0
26.432339,0.000000,2.000000,0.003476,2.061287,-0.003476,-0.061287,-0.970337,1.039524,-0.248125,0.400903,-1.004266,1,0
26.448339,0.000000,2.000000,0.003453,2.013350,-0.003453,-0.013350,-0.970370,1.038637,-0.248095,0.400856,-0.975031,1,0
26.464340,0.000000,2.000000,0.003406,1.965413,-0.003406,0.034587,-0.971707,1.039513,-0.248064,0.400811,-0.945809,1,0
26.480341,0.000000,2.000000,0.003382,2.013350,-0.003382,-0.013350,-0.971740,1.038626,-0.248032,0.400768,-0.916555,1,0
26.496342,0.000000,2.000000,0.003336,2.061287,-0.003336,-0.061287,-0.970009,1.036435,-0.248000,0.400725,-0.887314,1,0
26.512342,0.000000,2.000000,0.003312,1.965413,-0.003312,0.034587,-0.971346,1.037311,-0.247966,0.400685,-0.858130,1,0
26.528343,0.000000,2.000000,0.003288,2.013350,-0.003288,-0.013350,-0.971379,1.036424,-0.247931,0.400645,-0.828914,1,0
26.544344,0.000000,2.000000,0.003241,1.965413,-0.003241,0.034587,-0.972716,1.037301,-0.247896,0.400607,-0.799710,1,0
26.560345,0.000000,2.000000,0.003217,2.061287,-0.003217,-0.061287,-0.970985,1.035109,-0.247860,0.400570,-0.770475,1,0
26.576345,0.000000,2.000000,0.003193,2.013350,-0.003193,-0.013350,-0.971018,1.034222,-0.247823,0.400535,-0.741297,1,0
26.592346,0.000000,2.000000,0.003150,1.965413,-0.003150,0.034587,-0.972355,1.035099,-0.247786,0.400501,-0.712131,1,0
26.608347,0.000000,2.000000,0.003123,2.061287,-0.003123,-0.061287,-0.970624,1.032907,-0.247748,0.400469,-0.682934,1,0
26.624348,0.000000,2.000000,0.003099,1.965413,-0.003099,0.034587,-0.971960,1.033784,-0.247709,0.400438,-0.653793,1,0
26.640348,0.000000,2.000000,0.003076,2.013350,-0.003076,-0.013350,-0.971994,1.032897,-0.247670,0.400408,-0.624621,1,0
26.656349,0.000000,0.000000,0.003043,1.965413,-0.003043,-1.965413,0.078670,-0.018227,-0.247630,0.400380,-0.595461,1,0
26.672350,0.000000,0.000000,0.000052,-0.047937,-0.000052,0.047937,0.076906,-0.016923,-0.247629,0.400379,-0.595465,1,0
26.688351,0.000000,0.000000,0.002935,-0.095874,-0.002935,0.095874,0.073377,-0.014315,-0.247590,0.400353,-0.596883,1,0
26.704351,0.000000,0.000000,0.002952,-0.095874,-0.002952,0.095874,0.070309,-0.011247,-0.247551,0.400327,-0.598201,1,0
26.720352,0.000000,0.000000,0.002907,-0.095874,-0.002907,0.095874,0.066781,-0.008639,-0.247513,0.400301,-0.599432,1,0
26.736353,0.000000,0.000000,0.002752,-0.047937,-0.002752,0.047937,0.065017,-0.007335,-0.247477,0.400275,-0.600569,1,0
26.752354,0.000000,0.000000,0.002668,-0.095874,-0.002668,0.095874,0.061489,-0.004728,-0.247443,0.400249,-0.601653,1,0
26.768354,0.000000,0.000000,0.002513,-0.047937,-0.002513,0.047937,0.059725,-0.003424,-0.247412,0.400223,-0.602642,1,0
26.784355,0.000000,0.000000,0.002477,-0.047937,-0.002477,0.047937,0.057961,-0.002120,-0.247382,0.400198,-0.603581,1,0
26.800356,0.000000,0.000000,0.002467,-0.047937,-0.002467,0.047937,0.056197,-0.000816,-0.247352,0.400172,-0.604473,1,0
26.816357,0.000000,0.000000,0.002459,-0.095874,-0.002459,0.095874,0.052669,0.001792,-0.247321,0.400147,-0.605316,1,0
26.832357,0.000000,0.000000,0.002446,-0.047937,-0.002446,0.047937,0.050905,0.003096,-0.247291,0.400122,-0.606068,1,0
26.848358,0.000000,0.000000,0.002438,-0.047937,-0.002438,0.047937,0.049140,0.004400,-0.247261,0.400098,-0.606774,1,0
26.864359,0.000000,0.000000,0.002431,-0.047937,-0.002431,0.047937,0.047376,0.005704,-0.247230,0.400073,-0.607433,1,0
26.880360,0.000000,0.000000,0.002425,-0.047937,-0.002425,0.047937,0.045612,0.007007,-0.247200,0.400049,-0.608047,1,0
26.896360,0.000000,0.000000,0.002418,-0.047937,-0.002418,0.047937,0.043848,0.008311,-0.247170,0.400025,-0.608615,1,0
26.912361,0.000000,0.000000,0.002417,-0.047937,-0.002417,0.047937,0.042084,0.009615,-0.247139,0.400001,-0.609143,1,0
26.928362,0.000000,0.000000,0.002427,-0.047937,-0.002427,0.047937,0.040320,0.010919,-0.247108,0.399979,-0.609650,1,0
26.944363,0.000000,0.000000,0.002410,0.047937,-0.002410,-0.047937,0.041624,0.009155,-0.247076,0.399957,-0.610124,1,0
26.960363,0.000000,0.000000,0.002380,-0.047937,-0.002380,0.047937,0.039860,0.010459,-0.247045,0.399934,-0.610626,1,0
26.976364,0.000000,0.000000,0.002364,-0.047937,-0.002364,0.047937,0.038096,0.011763,-0.247014,0.399913,-0.611099,1,0
26.992365,0.000000,0.000000,0.002357,-0.047937,-0.002357,0.047937,0.036332,0.013067,-0.246983,0.399891,-0.611522,1,0
27.008366,0.000000,0.000000,0.002350,0.000000,-0.002350,0.000000,0.035872,0.012606,-0.246953,0.399869,-0.611896,1,0
27.024366,0.000000,0.000000,0.002306,0.000000,-0.002306,0.000000,0.035872,0.012606,-0.246922,0.399848,-0.612269,1,0
27.040367,0.000000,0.000000,0.002305,-0.047937,-0.002305,0.047937,0.034107,0.013910,-0.246892,0.399827,-0.612642,1,0
27.056368,0.000000,0.000000,0.002298,-0.047937,-0.002298,0.047937,0.032343,0.015214,-0.246862,0.399806,-0.612966,1,0
27.072369,0.000000,0.000000,0.002291,0.047937,-0.002291,-0.047937,0.033647,0.013450,-0.246832,0.399785,-0.613240,1,0
27.088369,0.000000,0.000000,0.002253,-0.047937,-0.002253,0.047937,0.031883,0.014754,-0.246803,0.399764,-0.613563,1,0
27.104370,0.000000,0.000000,0.002245,-0.047937,-0.002245,0.047937,0.030119,0.016058,-0.246773,0.399744,-0.613837,1,0
27.120371,0.000000,0.000000,0.002238,0.047937,-0.002238,-0.047937,0.031423,0.014294,-0.246744,0.399723,-0.614062,1,0
27.136372,0.000000,0.000000,0.002200,-0.047937,-0.002200,0.047937,0.029659,0.015598,-0.246715,0.399703,-0.614336,1,0
27.152372,0.000000,0.000000,0.002192,-0.047937,-0.002192,0.047937,0.027895,0.016902,-0.246687,0.399682,-0.614561,1,0
