t,v_cmd,w_cmd,v_meas,w_meas,e_v,e_w,left_voltage,right_voltage,x_gt,y_gt,yaw_gt
0.016000,0.200000,0.000000,0.003171,-0.000000,0.196829,0.000000,1.935200,1.935200,0.000000,0.000008,0.000000
0.016000,0.200000,0.000000,0.003171,-0.000000,0.196829,0.000000,1.935200,1.935200,0.000000,0.000008,0.000000
0.032000,0.200000,0.000000,0.051491,0.000000,0.148509,0.000000,1.935845,1.935845,0.000824,0.000006,0.000000
0.032000,0.200000,0.000000,0.051491,0.000000,0.148509,0.000000,1.935845,1.935845,0.000824,0.000006,0.000000
0.048000,0.200000,0.000000,0.103032,0.000000,0.096968,0.000000,1.936485,1.936485,0.002472,0.000005,0.000000
0.048000,0.200000,0.000000,0.103032,0.000000,0.096968,0.000000,1.936485,1.936485,0.002472,0.000005,0.000000
0.064000,0.200000,0.000000,0.154394,0.000000,0.045606,0.000000,1.937119,1.937119,0.004943,0.000004,0.000000
0.064000,0.200000,0.000000,0.154394,0.000000,0.045606,0.000000,1.937119,1.937119,0.004943,0.000004,0.000000
0.080000,0.200000,0.000000,0.193485,0.000000,0.006515,0.000000,1.937746,1.937746,0.008038,0.000003,0.000000
0.080000,0.200000,0.000000,0.193485,0.000000,0.006515,0.000000,1.937746,1.937746,0.008038,0.000003,0.000000
0.096000,0.200000,0.000000,0.194248,0.000000,0.005752,0.000000,1.938367,1.938367,0.011146,0.000003,0.000000
0.096000,0.200000,0.000000,0.194248,0.000000,0.005752,0.000000,1.938367,1.938367,0.011146,0.000003,0.000000
0.112000,0.200000,0.000000,0.194227,0.000000,0.005773,0.000000,1.938983,1.938983,0.014254,0.000002,0.000000
0.112000,0.200000,0.000000,0.194227,0.000000,0.005773,0.000000,1.938983,1.938983,0.014254,0.000002,0.000000
0.128000,0.200000,0.000000,0.194210,0.000000,0.005790,0.000000,1.939593,1.939593,0.017361,0.000002,0.000000
0.128000,0.200000,0.000000,0.194210,0.000000,0.005790,0.000000,1.939593,1.939593,0.017361,0.000002,0.000000
0.144000,0.200000,0.000000,0.194207,0.000000,0.005793,0.000000,1.940196,1.940196,0.020469,0.000001,0.000000
0.144000,0.200000,0.000000,0.194207,0.000000,0.005793,0.000000,1.940196,1.940196,0.020469,0.000001,0.000000
0.160000,0.200000,0.000000,0.194217,0.000000,0.005783,0.000000,1.940794,1.940794,0.023576,0.000001,0.000000
0.160000,0.200000,0.000000,0.194217,0.000000,0.005783,0.000000,1.940794,1.940794,0.023576,0.000001,0.000000
0.176000,0.200000,0.000000,0.194236,0.000000,0.005764,0.000000,1.941387,1.941387,0.026684,0.000001,0.000000
0.176000,0.200000,0.000000,0.194236,0.000000,0.005764,0.000000,1.941387,1.941387,0.026684,0.000001,0.000000
0.192000,0.200000,0.000000,0.194263,0.000000,0.005737,0.000000,1.941973,1.941973,0.029792,0.000001,0.000000
0.192000,0.200000,0.000000,0.194263,0.000000,0.005737,0.000000,1.941973,1.941973,0.029792,0.000001,0.000000
0.208000,0.200000,0.000000,0.194295,0.000000,0.005705,0.000000,1.942554,1.942554,0.032901,0.000001,0.000000
0.208000,0.200000,0.000000,0.194295,0.000000,0.005705,0.000000,1.942554,1.942554,0.032901,0.000001,0.000000
0.224000,0.200000,0.000000,0.194333,0.000000,0.005667,0.000000,1.943130,1.943130,0.036010,0.000000,0.000000
0.224000,0.200000,0.000000,0.194333,0.000000,0.005667,0.000000,1.943130,1.943130,0.036010,0.000000,0.000000
0.240000,0.200000,0.000000,0.194374,0.000000,0.005626,0.000000,1.943700,1.943700,0.039120,0.000000,0.000000
0.240000,0.200000,0.000000,0.194374,0.000000,0.005626,0.000000,1.943700,1.943700,0.039120,0.000000,0.000000
0.256000,0.200000,0.000000,0.194418,0.000000,0.005582,0.000000,1.944264,1.944264,0.042231,0.000000,0.000000
0.256000,0.200000,0.000000,0.194418,0.000000,0.005582,0.000000,1.944264,1.944264,0.042231,0.000000,0.000000
0.272000,0.200000,0.000000,0.194463,0.000000,0.005537,0.000000,1.944823,1.944823,0.045342,0.000000,0.000000
0.272000,0.200000,0.000000,0.194463,0.000000,0.005537,0.000000,1.944823,1.944823,0.045342,0.000000,0.000000
0.288000,0.200000,0.000000,0.194511,0.000000,0.005489,0.000000,1.945377,1.945377,0.048454,0.000000,0.000000
0.288000,0.200000,0.000000,0.194511,0.000000,0.005489,0.000000,1.945377,1.945377,0.048454,0.000000,0.000000
0.304000,0.200000,0.000000,0.194559,0.000000,0.005441,0.000000,1.945925,1.945925,0.051567,0.000000,0.000000
0.304000,0.200000,0.000000,0.194559,0.000000,0.005441,0.000000,1.945925,1.945925,0.051567,0.000000,0.000000
0.320000,0.200000,0.000000,0.194609,0.000000,0.005391,0.000000,1.946469,1.946469,0.054681,0.000000,0.000000
0.320000,0.200000,0.000000,0.194609,0.000000,0.005391,0.000000,1.946469,1.946469,0.054681,0.000000,0.000000
0.336000,0.200000,0.000000,0.194659,0.000000,0.005341,0.000000,1.947007,1.947007,0.057796,0.000000,0.000000
0.336000,0.200000,0.000000,0.194659,0.000000,0.005341,0.000000,1.947007,1.947007,0.057796,0.000000,0.000000
0.352000,0.200000,0.000000,0.194709,0.000000,0.005291,0.000000,1.947540,1.947540,0.060911,0.000000,0.000000
0.352000,0.200000,0.000000,0.194709,0.000000,0.005291,0.000000,1.947540,1.947540,0.060911,0.000000,0.000000
0.368000,0.200000,0.000000,0.194760,0.000000,0.005240,0.000000,1.948067,1.948067,0.064027,0.000000,0.000000
0.368000,0.200000,0.000000,0.194760,0.000000,0.005240,0.000000,1.948067,1.948067,0.064027,0.000000,0.000000
0.384000,0.200000,0.000000,0.194810,0.000000,0.005190,0.000000,1.948590,1.948590,0.067144,0.000000,0.000000
0.384000,0.200000,0.000000,0.194810,0.000000,0.005190,0.000000,1.948590,1.948590,0.067144,0.000000,0.000000
0.400000,0.200000,0.000000,0.194861,0.000000,0.005139,0.000000,1.949108,1.949108,0.070262,-0.000000,0.000000
0.400000,0.200000,0.000000,0.194861,0.000000,0.005139,0.000000,1.949108,1.949108,0.070262,-0.000000,0.000000
0.416000,0.200000,0.000000,0.194911,0.000000,0.005089,0.000000,1.949621,1.949621,0.073380,-0.000000,0.000000
0.416000,0.200000,0.000000,0.194911,0.000000,0.005089,0.000000,1.949621,1.949621,0.073380,-0.000000,0.000000
0.432000,0.200000,0.000000,0.194961,0.000000,0.005039,0.000000,1.950128,1.950128,0.076500,-0.000000,0.000000
0.432000,0.200000,0.000000,0.194961,0.000000,0.005039,0.000000,1.950128,1.950128,0.076500,-0.000000,0.000000
0.448000,0.200000,0.000000,0.195011,0.000000,0.004989,0.000000,1.950631,1.950631,0.079620,-0.000000,0.000000
0.448000,0.200000,0.000000,0.195011,0.000000,0.004989,0.000000,1.950631,1.950631,0.079620,-0.000000,0.000000
0.464000,0.200000,0.000000,0.195061,0.000000,0.004939,0.000000,1.951130,1.951130,0.082741,-0.000000,0.000000
0.464000,0.200000,0.000000,0.195061,0.000000,0.004939,0.000000,1.951130,1.951130,0.082741,-0.000000,0.000000
0.480000,0.200000,0.000000,0.195110,0.000000,0.004890,0.000000,1.951623,1.951623,0.085863,-0.000000,0.000000
0.480000,0.200000,0.000000,0.195110,0.000000,0.004890,0.000000,1.951623,1.951623,0.085863,-0.000000,0.000000
0.496000,0.200000,0.000000,0.195159,0.000000,0.004841,0.000000,1.952112,1.952112,0.088985,-0.000000,0.000000
0.496000,0.200000,0.000000,0.195159,0.000000,0.004841,0.000000,1.952112,1.952112,0.088985,-0.000000,0.000000
0.512000,0.200000,0.000000,0.195207,0.000000,0.004793,0.000000,1.952596,1.952596,0.092109,-0.000000,0.000000
0.512000,0.200000,0.000000,0.195207,0.000000,0.004793,0.000000,1.952596,1.952596,0.092109,-0.000000,0.000000
0.528000,0.200000,0.000000,0.195255,0.000000,0.004745,0.000000,1.953075,1.953075,0.095233,-0.000000,0.000000
0.528000,0.200000,0.000000,0.195255,0.000000,0.004745,0.000000,1.953075,1.953075,0.095233,-0.000000,0.000000
0.544000,0.200000,0.000000,0.195303,0.000000,0.004697,0.000000,1.953550,1.953550,0.098358,-0.000000,0.000000
0.544000,0.200000,0.000000,0.195303,0.000000,0.004697,0.000000,1.953550,1.953550,0.098358,-0.000000,0.000000
0.560000,0.200000,0.000000,0.195351,0.000000,0.004649,0.000000,1.954020,1.954020,0.101483,-0.000000,0.000000
0.560000,0.200000,0.000000,0.195351,0.000000,0.004649,0.000000,1.954020,1.954020,0.101483,-0.000000,0.000000
0.576000,0.200000,0.000000,0.195397,0.000000,0.004603,0.000000,1.954486,1.954486,0.104609,-0.000000,0.000000
0.576000,0.200000,0.000000,0.195397,0.000000,0.004603,0.000000,1.954486,1.954486,0.104609,-0.000000,0.000000
0.592000,0.200000,0.000000,0.195444,0.000000,0.004556,0.000000,1.954948,1.954948,0.107737,-0.000000,0.000000
0.592000,0.200000,0.000000,0.195444,0.000000,0.004556,0.000000,1.954948,1.954948,0.107737,-0.000000,0.000000
0.608000,0.200000,0.000000,0.195490,0.000000,0.004510,0.000000,1.955405,1.955405,0.110864,-0.000000,0.000000
0.608000,0.200000,0.000000,0.195490,0.000000,0.004510,0.000000,1.955405,1.955405,0.110864,-0.000000,0.000000
0.624000,0.200000,0.000000,0.195535,0.000000,0.004465,0.000000,1.955857,1.955857,0.113993,-0.000000,0.000000
0.624000,0.200000,0.000000,0.195535,0.000000,0.004465,0.000000,1.955857,1.955857,0.113993,-0.000000,0.000000
0.640000,0.200000,0.000000,0.195581,0.000000,0.004419,0.000000,1.956305,1.956305,0.117122,-0.000000,0.000000
0.640000,0.200000,0.000000,0.195581,0.000000,0.004419,0.000000,1.956305,1.956305,0.117122,-0.000000,0.000000
0.656000,0.200000,0.000000,0.195625,0.000000,0.004375,0.000000,1.956749,1.956749,0.120252,-0.000000,0.000000
0.656000,0.200000,0.000000,0.195625,0.000000,0.004375,0.000000,1.956749,1.956749,0.120252,-0.000000,0.000000
0.672000,0.200000,0.000000,0.195670,0.000000,0.004330,0.000000,1.957189,1.957189,0.123383,-0.000000,0.000000
0.672000,0.200000,0.000000,0.195670,0.000000,0.004330,0.000000,1.957189,1.957189,0.123383,-0.000000,0.000000
0.688000,0.200000,0.000000,0.195714,0.000000,0.004286,0.000000,1.957624,1.957624,0.126514,-0.000000,0.000000
0.688000,0.200000,0.000000,0.195714,0.000000,0.004286,0.000000,1.957624,1.957624,0.126514,-0.000000,0.000000
0.704000,0.200000,0.000000,0.195757,0.000000,0.004243,0.000000,1.958056,1.958056,0.129647,-0.000000,0.000000
0.704000,0.200000,0.000000,0.195757,0.000000,0.004243,0.000000,1.958056,1.958056,0.129647,-0.000000,0.000000
0.720000,0.200000,0.000000,0.195800,0.000000,0.004200,0.000000,1.958483,1.958483,0.132779,-0.000000,0.000000
0.720000,0.200000,0.000000,0.195800,0.000000,0.004200,0.000000,1.958483,1.958483,0.132779,-0.000000,0.000000
0.736000,0.200000,0.000000,0.195843,0.000000,0.004157,0.000000,1.958906,1.958906,0.135913,-0.000000,0.000000
0.736000,0.200000,0.000000,0.195843,0.000000,0.004157,0.000000,1.958906,1.958906,0.135913,-0.000000,0.000000
0.752000,0.200000,0.000000,0.195885,0.000000,0.004115,0.000000,1.959325,1.959325,0.139047,-0.000000,0.000000
0.752000,0.200000,0.000000,0.195885,0.000000,0.004115,0.000000,1.959325,1.959325,0.139047,-0.000000,0.000000
0.768000,0.200000,0.000000,0.195927,0.000000,0.004073,0.000000,1.959740,1.959740,0.142182,-0.000000,0.000000
0.768000,0.200000,0.000000,0.195927,0.000000,0.004073,0.000000,1.959740,1.959740,0.142182,-0.000000,0.000000
0.784000,0.200000,0.000000,0.195969,0.000000,0.004031,0.000000,1.960151,1.960151,0.145317,-0.000000,0.000000
0.784000,0.200000,0.000000,0.195969,0.000000,0.004031,0.000000,1.960151,1.960151,0.145317,-0.000000,0.000000
0.800000,0.200000,0.000000,0.196010,0.000000,0.003990,0.000000,1.960559,1.960559,0.148454,-0.000000,0.000000
0.800000,0.200000,0.000000,0.196010,0.000000,0.003990,0.000000,1.960559,1.960559,0.148454,-0.000000,0.000000
0.816000,0.200000,0.000000,0.196051,0.000000,0.003949,0.000000,1.960962,1.960962,0.151590,-0.000000,0.000000
0.816000,0.200000,0.000000,0.196051,0.000000,0.003949,0.000000,1.960962,1.960962,0.151590,-0.000000,0.000000
0.831999,0.200000,0.000000,0.196091,0.000000,0.003909,0.000000,1.961361,1.961361,0.154728,-0.000000,0.000000
0.831999,0.200000,0.000000,0.196091,0.000000,0.003909,0.000000,1.961361,1.961361,0.154728,-0.000000,0.000000
0.847999,0.200000,0.000000,0.196131,0.000000,0.003869,0.000000,1.961757,1.961757,0.157866,-0.000000,0.000000
0.847999,0.200000,0.000000,0.196131,0.000000,0.003869,0.000000,1.961757,1.961757,0.157866,-0.000000,0.000000
0.863999,0.200000,0.000000,0.196170,0.000000,0.003830,0.000000,1.962149,1.962149,0.161005,-0.000000,0.000000
0.863999,0.200000,0.000000,0.196170,0.000000,0.003830,0.000000,1.962149,1.962149,0.161005,-0.000000,0.000000
0.879999,0.200000,0.000000,0.196210,0.000000,0.003790,0.000000,1.962537,1.962537,0.164144,-0.000000,0.000000
0.879999,0.200000,0.000000,0.196210,0.000000,0.003790,0.000000,1.962537,1.962537,0.164144,-0.000000,0.000000
0.895999,0.200000,0.000000,0.196248,0.000000,0.003752,0.000000,1.962921,1.962921,0.167284,-0.000000,0.000000
0.895999,0.200000,0.000000,0.196248,0.000000,0.003752,0.000000,1.962921,1.962921,0.167284,-0.000000,0.000000
0.911999,0.200000,0.000000,0.196287,0.000000,0.003713,0.000000,1.963302,1.963302,0.170425,-0.000000,0.000000
0.911999,0.200000,0.000000,0.196287,0.000000,0.003713,0.000000,1.963302,1.963302,0.170425,-0.000000,0.000000
0.927999,0.200000,0.000000,0.196325,0.000000,0.003675,0.000000,1.963679,1.963679,0.173566,-0.000000,0.000000
0.927999,0.200000,0.000000,0.196325,0.000000,0.003675,0.000000,1.963679,1.963679,0.173566,-0.000000,0.000000
0.943999,0.200000,0.000000,0.196363,0.000000,0.003637,0.000000,1.964052,1.964052,0.176708,-0.000000,0.000000
0.943999,0.200000,0.000000,0.196363,0.000000,0.003637,0.000000,1.964052,1.964052,0.176708,-0.000000,0.000000
0.959999,0.200000,0.000000,0.196400,0.000000,0.003600,0.000000,1.964422,1.964422,0.179850,-0.000000,0.000000
0.959999,0.200000,0.000000,0.196400,0.000000,0.003600,0.000000,1.964422,1.964422,0.179850,-0.000000,0.000000
0.975999,0.200000,0.000000,0.196437,0.000000,0.003563,0.000000,1.964788,1.964788,0.182993,-0.000000,0.000000
0.975999,0.200000,0.000000,0.196437,0.000000,0.003563,0.000000,1.964788,1.964788,0.182993,-0.000000,0.000000
0.991999,0.200000,0.000000,0.196474,0.000000,0.003526,0.000000,1.965151,1.965151,0.186136,-0.000000,0.000000
0.991999,0.200000,0.000000,0.196474,0.000000,0.003526,0.000000,1.965151,1.965151,0.186136,-0.000000,0.000000
1.007999,0.200000,0.000000,0.196510,0.000000,0.003490,0.000000,1.965511,1.965511,0.189281,-0.000000,0.000000
1.007999,0.200000,0.000000,0.196510,0.000000,0.003490,0.000000,1.965511,1.965511,0.189281,-0.000000,0.000000
1.023999,0.200000,0.000000,0.196546,0.000000,0.003454,0.000000,1.965867,1.965867,0.192425,-0.000000,0.000000
1.023999,0.200000,0.000000,0.196546,0.000000,0.003454,0.000000,1.965867,1.965867,0.192425,-0.000000,0.000000
1.039999,0.200000,0.000000,0.196581,0.000000,0.003419,0.000000,1.966219,1.966219,0.195571,-0.000000,0.000000
1.039999,0.200000,0.000000,0.196581,0.000000,0.003419,0.000000,1.966219,1.966219,0.195571,-0.000000,0.000000
1.055999,0.200000,0.000000,0.196617,0.000000,0.003383,0.000000,1.966568,1.966568,0.198717,-0.000000,0.000000
1.055999,0.200000,0.000000,0.196617,0.000000,0.003383,0.000000,1.966568,1.966568,0.198717,-0.000000,0.000000
1.071999,0.200000,0.000000,0.196652,0.000000,0.003348,0.000000,1.966914,1.966914,0.201863,-0.000000,0.000000
1.071999,0.200000,0.000000,0.196652,0.000000,0.003348,0.000000,1.966914,1.966914,0.201863,-0.000000,0.000000
1.087999,0.200000,0.000000,0.196686,0.000000,0.003314,0.000000,1.967257,1.967257,0.205010,-0.000000,0.000000
1.087999,0.200000,0.000000,0.196686,0.000000,0.003314,0.000000,1.967257,1.967257,0.205010,-0.000000,0.000000
1.103999,0.200000,0.000000,0.196720,0.000000,0.003280,0.000000,1.967596,1.967596,0.208157,-0.000000,0.000000
1.103999,0.200000,0.000000,0.196720,0.000000,0.003280,0.000000,1.967596,1.967596,0.208157,-0.000000,0.000000
1.119999,0.200000,0.000000,0.196754,0.000000,0.003246,0.000000,1.967932,1.967932,0.211306,-0.000000,0.000000
1.119999,0.200000,0.000000,0.196754,0.000000,0.003246,0.000000,1.967932,1.967932,0.211306,-0.000000,0.000000
1.135999,0.200000,0.000000,0.196788,0.000000,0.003212,0.000000,1.968264,1.968264,0.214454,-0.000000,0.000000
1.135999,0.200000,0.000000,0.196788,0.000000,0.003212,0.000000,1.968264,1.968264,0.214454,-0.000000,0.000000
1.151999,0.200000,0.000000,0.196821,0.000000,0.003179,0.000000,1.968594,1.968594,0.217603,-0.000000,0.000000
1.151999,0.200000,0.000000,0.196821,0.000000,0.003179,0.000000,1.968594,1.968594,0.217603,-0.000000,0.000000
1.168000,0.200000,0.000000,0.196854,0.000000,0.003146,0.000000,1.968920,1.968920,0.220753,-0.000000,0.000000
1.168000,0.200000,0.000000,0.196854,0.000000,0.003146,0.000000,1.968920,1.968920,0.220753,-0.000000,0.000000
1.184000,0.200000,0.000000,0.196887,0.000000,0.003113,0.000000,1.969244,1.969244,0.223903,-0.000000,0.000000
1.184000,0.200000,0.000000,0.196887,0.000000,0.003113,0.000000,1.969244,1.969244,0.223903,-0.000000,0.000000
1.200000,0.200000,0.000000,0.196919,0.000000,0.003081,0.000000,1.969564,1.969564,0.227054,-0.000000,0.000000
1.200000,0.200000,0.000000,0.196919,0.000000,0.003081,0.000000,1.969564,1.969564,0.227054,-0.000000,0.000000
1.216000,0.200000,0.000000,0.196951,0.000000,0.003049,0.000000,1.969881,1.969881,0.230205,-0.000000,0.000000
1.216000,0.200000,0.000000,0.196951,0.000000,0.003049,0.000000,1.969881,1.969881,0.230205,-0.000000,0.000000
1.232000,0.200000,0.000000,0.196983,0.000000,0.003017,0.000000,1.970195,1.970195,0.233357,-0.000000,0.000000
1.232000,0.200000,0.000000,0.196983,0.000000,0.003017,0.000000,1.970195,1.970195,0.233357,-0.000000,0.000000
1.248000,0.200000,0.000000,0.197014,0.000000,0.002986,0.000000,1.970506,1.970506,0.236509,-0.000000,0.000000
1.248000,0.200000,0.000000,0.197014,0.000000,0.002986,0.000000,1.970506,1.970506,0.236509,-0.000000,0.000000
1.264000,0.200000,0.000000,0.197045,0.000000,0.002955,0.000000,1.970815,1.970815,0.239662,-0.000000,0.000000
1.264000,0.200000,0.000000,0.197045,0.000000,0.002955,0.000000,1.970815,1.970815,0.239662,-0.000000,0.000000
1.280000,0.200000,0.000000,0.197076,0.000000,0.002924,0.000000,1.971120,1.971120,0.242815,-0.000000,0.000000
1.280000,0.200000,0.000000,0.197076,0.000000,0.002924,0.000000,1.971120,1.971120,0.242815,-0.000000,0.000000
1.296000,0.200000,0.000000,0.197107,0.000000,0.002893,0.000000,1.971422,1.971422,0.245969,-0.000000,0.000000
1.296000,0.200000,0.000000,0.197107,0.000000,0.002893,0.000000,1.971422,1.971422,0.245969,-0.000000,0.000000
1.312000,0.200000,0.000000,0.197137,0.000000,0.002863,0.000000,1.971722,1.971722,0.249123,-0.000000,0.000000
1.312000,0.200000,0.000000,0.197137,0.000000,0.002863,0.000000,1.971722,1.971722,0.249123,-0.000000,0.000000
1.328000,0.200000,0.000000,0.197167,0.000000,0.002833,0.000000,1.972018,1.972018,0.252278,-0.000000,0.000000
1.328000,0.200000,0.000000,0.197167,0.000000,0.002833,0.000000,1.972018,1.972018,0.252278,-0.000000,0.000000
1.344000,0.200000,0.000000,0.197197,0.000000,0.002803,0.000000,1.972312,1.972312,0.255433,-0.000000,0.000000
1.344000,0.200000,0.000000,0.197197,0.000000,0.002803,0.000000,1.972312,1.972312,0.255433,-0.000000,0.000000
1.360000,0.200000,0.000000,0.197226,0.000000,0.002774,0.000000,1.972603,1.972603,0.258588,-0.000000,0.000000
1.360000,0.200000,0.000000,0.197226,0.000000,0.002774,0.000000,1.972603,1.972603,0.258588,-0.000000,0.000000
1.376000,0.200000,0.000000,0.197255,0.000000,0.002745,0.000000,1.972891,1.972891,0.261744,-0.000000,0.000000
1.376000,0.200000,0.000000,0.197255,0.000000,0.002745,0.000000,1.972891,1.972891,0.261744,-0.000000,0.000000
1.392000,0.200000,0.000000,0.197284,0.000000,0.002716,0.000000,1.973176,1.973176,0.264901,-0.000000,0.000000
1.392000,0.200000,0.000000,0.197284,0.000000,0.002716,0.000000,1.973176,1.973176,0.264901,-0.000000,0.000000
1.408000,0.200000,0.000000,0.197312,0.000000,0.002688,0.000000,1.973459,1.973459,0.268058,-0.000000,0.000000
1.408000,0.200000,0.000000,0.197312,0.000000,0.002688,0.000000,1.973459,1.973459,0.268058,-0.000000,0.000000
1.424000,0.200000,0.000000,0.197341,0.000000,0.002659,0.000000,1.973739,1.973739,0.271215,-0.000000,0.000000
1.424000,0.200000,0.000000,0.197341,0.000000,0.002659,0.000000,1.973739,1.973739,0.271215,-0.000000,0.000000
1.440000,0.200000,0.000000,0.197369,0.000000,0.002631,0.000000,1.974016,1.974016,0.274373,-0.000000,0.000000
1.440000,0.200000,0.000000,0.197369,0.000000,0.002631,0.000000,1.974016,1.974016,0.274373,-0.000000,0.000000
1.456000,0.200000,0.000000,0.197396,0.000000,0.002604,0.000000,1.974290,1.974290,0.277532,-0.000000,0.000000
1.456000,0.200000,0.000000,0.197396,0.000000,0.002604,0.000000,1.974290,1.974290,0.277532,-0.000000,0.000000
1.472000,0.200000,0.000000,0.197424,0.000000,0.002576,0.000000,1.974562,1.974562,0.280690,-0.000000,0.000000
1.472000,0.200000,0.000000,0.197424,0.000000,0.002576,0.000000,1.974562,1.974562,0.280690,-0.000000,0.000000
1.488000,0.200000,0.000000,0.197451,0.000000,0.002549,0.000000,1.974832,1.974832,0.283850,-0.000000,0.000000
1.488000,0.200000,0.000000,0.197451,0.000000,0.002549,0.000000,1.974832,1.974832,0.283850,-0.000000,0.000000
1.504000,0.200000,0.000000,0.197478,0.000000,0.002522,0.000000,1.975099,1.975099,0.287009,-0.000000,0.000000
1.504000,0.200000,0.000000,0.197478,0.000000,0.002522,0.000000,1.975099,1.975099,0.287009,-0.000000,0.000000
1.520000,0.200000,0.000000,0.197505,0.000000,0.002495,0.000000,1.975363,1.975363,0.290169,-0.000000,0.000000
1.520000,0.200000,0.000000,0.197505,0.000000,0.002495,0.000000,1.975363,1.975363,0.290169,-0.000000,0.000000
1.536000,0.200000,0.000000,0.197531,0.000000,0.002469,0.000000,1.975625,1.975625,0.293330,-0.000000,0.000000
1.536000,0.200000,0.000000,0.197531,0.000000,0.002469,0.000000,1.975625,1.975625,0.293330,-0.000000,0.000000
1.552000,0.200000,0.000000,0.197557,0.000000,0.002443,0.000000,1.975884,1.975884,0.296491,-0.000000,0.000000
1.552000,0.200000,0.000000,0.197557,0.000000,0.002443,0.000000,1.975884,1.975884,0.296491,-0.000000,0.000000
1.568000,0.200000,0.000000,0.197583,0.000000,0.002417,0.000000,1.976140,1.976140,0.299652,-0.000000,0.000000
1.568000,0.200000,0.000000,0.197583,0.000000,0.002417,0.000000,1.976140,1.976140,0.299652,-0.000000,0.000000
1.584000,0.200000,0.000000,0.197609,0.000000,0.002391,0.000000,1.976395,1.976395,0.302814,-0.000000,0.000000
1.584000,0.200000,0.000000,0.197609,0.000000,0.002391,0.000000,1.976395,1.976395,0.302814,-0.000000,0.000000
1.600000,0.200000,0.000000,0.197634,0.000000,0.002366,0.000000,1.976647,1.976647,0.305976,-0.000000,0.000000
1.600000,0.200000,0.000000,0.197634,0.000000,0.002366,0.000000,1.976647,1.976647,0.305976,-0.000000,0.000000
1.616000,0.200000,0.000000,0.197659,0.000000,0.002341,0.000000,1.976896,1.976896,0.309138,-0.000000,0.000000
1.616000,0.200000,0.000000,0.197659,0.000000,0.002341,0.000000,1.976896,1.976896,0.309138,-0.000000,0.000000
1.632000,0.200000,0.000000,0.197684,0.000000,0.002316,0.000000,1.977143,1.977143,0.312301,-0.000000,0.000000
1.632000,0.200000,0.000000,0.197684,0.000000,0.002316,0.000000,1.977143,1.977143,0.312301,-0.000000,0.000000
1.648000,0.200000,0.000000,0.197709,0.000000,0.002291,0.000000,1.977388,1.977388,0.315465,-0.000000,0.000000
1.648000,0.200000,0.000000,0.197709,0.000000,0.002291,0.000000,1.977388,1.977388,0.315465,-0.000000,0.000000
1.664001,0.200000,0.000000,0.197734,0.000000,0.002266,0.000000,1.977630,1.977630,0.318629,-0.000000,0.000000
1.664001,0.200000,0.000000,0.197734,0.000000,0.002266,0.000000,1.977630,1.977630,0.318629,-0.000000,0.000000
1.680001,0.200000,0.000000,0.197758,0.000000,0.002242,0.000000,1.977870,1.977870,0.321793,-0.000000,0.000000
1.680001,0.200000,0.000000,0.197758,0.000000,0.002242,0.000000,1.977870,1.977870,0.321793,-0.000000,0.000000
1.696001,0.200000,0.000000,0.197782,0.000000,0.002218,0.000000,1.978108,1.978108,0.324957,-0.000000,0.000000
1.696001,0.200000,0.000000,0.197782,0.000000,0.002218,0.000000,1.978108,1.978108,0.324957,-0.000000,0.000000
1.712001,0.200000,0.000000,0.197806,0.000000,0.002194,0.000000,1.978343,1.978343,0.328122,-0.000000,0.000000
1.712001,0.200000,0.000000,0.197806,0.000000,0.002194,0.000000,1.978343,1.978343,0.328122,-0.000000,0.000000
1.728001,0.200000,0.000000,0.197829,0.000000,0.002171,0.000000,1.978577,1.978577,0.331287,-0.000000,0.000000
1.728001,0.200000,0.000000,0.197829,0.000000,0.002171,0.000000,1.978577,1.978577,0.331287,-0.000000,0.000000
1.744001,0.200000,0.000000,0.197852,0.000000,0.002148,0.000000,1.978808,1.978808,0.334453,-0.000000,0.000000
1.744001,0.200000,0.000000,0.197852,0.000000,0.002148,0.000000,1.978808,1.978808,0.334453,-0.000000,0.000000
1.760001,0.200000,0.000000,0.197875,0.000000,0.002125,0.000000,1.979036,1.979036,0.337619,-0.000000,0.000000
1.760001,0.200000,0.000000,0.197875,0.000000,0.002125,0.000000,1.979036,1.979036,0.337619,-0.000000,0.000000
1.776001,0.200000,0.000000,0.197898,0.000000,0.002102,0.000000,1.979263,1.979263,0.340785,-0.000000,0.000000
1.776001,0.200000,0.000000,0.197898,0.000000,0.002102,0.000000,1.979263,1.979263,0.340785,-0.000000,0.000000
1.792001,0.200000,0.000000,0.197921,0.000000,0.002079,0.000000,1.979487,1.979487,0.343952,-0.000000,0.000000
1.792001,0.200000,0.000000,0.197921,0.000000,0.002079,0.000000,1.979487,1.979487,0.343952,-0.000000,0.000000
1.808001,0.200000,0.000000,0.197943,0.000000,0.002057,0.000000,1.979710,1.979710,0.347119,-0.000000,0.000000
1.808001,0.200000,0.000000,0.197943,0.000000,0.002057,0.000000,1.979710,1.979710,0.347119,-0.000000,0.000000
1.824001,0.200000,0.000000,0.197966,0.000000,0.002034,0.000000,1.979930,1.979930,0.350287,-0.000000,0.000000
1.824001,0.200000,0.000000,0.197966,0.000000,0.002034,0.000000,1.979930,1.979930,0.350287,-0.000000,0.000000
1.840001,0.200000,0.000000,0.197988,0.000000,0.002012,0.000000,1.980148,1.980148,0.353454,-0.000000,0.000000
1.840001,0.200000,0.000000,0.197988,0.000000,0.002012,0.000000,1.980148,1.980148,0.353454,-0.000000,0.000000
1.856001,0.200000,0.000000,0.198010,0.000000,0.001990,0.000000,1.980364,1.980364,0.356623,-0.000000,0.000000
1.856001,0.200000,0.000000,0.198010,0.000000,0.001990,0.000000,1.980364,1.980364,0.356623,-0.000000,0.000000
1.872001,0.200000,0.000000,0.198031,0.000000,0.001969,0.000000,1.980578,1.980578,0.359791,-0.000000,0.000000
1.872001,0.200000,0.000000,0.198031,0.000000,0.001969,0.000000,1.980578,1.980578,0.359791,-0.000000,0.000000
1.888001,0.200000,0.000000,0.198052,0.000000,0.001948,0.000000,1.980790,1.980790,0.362960,-0.000000,0.000000
1.888001,0.200000,0.000000,0.198052,0.000000,0.001948,0.000000,1.980790,1.980790,0.362960,-0.000000,0.000000
1.904001,0.200000,0.000000,0.198074,0.000000,0.001926,0.000000,1.980999,1.980999,0.366129,-0.000000,0.000000
1.904001,0.200000,0.000000,0.198074,0.000000,0.001926,0.000000,1.980999,1.980999,0.366129,-0.000000,0.000000
1.920001,0.200000,0.000000,0.198095,0.000000,0.001905,0.000000,1.981207,1.981207,0.369299,-0.000000,0.000000
1.920001,0.200000,0.000000,0.198095,0.000000,0.001905,0.000000,1.981207,1.981207,0.369299,-0.000000,0.000000
1.936001,0.200000,0.000000,0.198115,0.000000,0.001885,0.000000,1.981413,1.981413,0.372468,-0.000000,0.000000
1.936001,0.200000,0.000000,0.198115,0.000000,0.001885,0.000000,1.981413,1.981413,0.372468,-0.000000,0.000000
1.952001,0.200000,0.000000,0.198136,0.000000,0.001864,0.000000,1.981617,1.981617,0.375639,-0.000000,0.000000
1.952001,0.200000,0.000000,0.198136,0.000000,0.001864,0.000000,1.981617,1.981617,0.375639,-0.000000,0.000000
1.968001,0.200000,0.000000,0.198156,0.000000,0.001844,0.000000,1.981819,1.981819,0.378809,-0.000000,0.000000
1.968001,0.200000,0.000000,0.198156,0.000000,0.001844,0.000000,1.981819,1.981819,0.378809,-0.000000,0.000000
1.984001,0.200000,0.000000,0.198177,0.000000,0.001823,0.000000,1.982019,1.982019,0.381980,-0.000000,0.000000
1.984001,0.200000,0.000000,0.198177,0.000000,0.001823,0.000000,1.982019,1.982019,0.381980,-0.000000,0.000000
2.000001,0.200000,0.000000,0.198197,0.000000,0.001803,0.000000,1.982217,1.982217,0.385151,-0.000000,0.000000
2.000001,0.200000,0.000000,0.198197,0.000000,0.001803,0.000000,1.982217,1.982217,0.385151,-0.000000,0.000000
2.016001,0.200000,0.000000,0.198216,0.000000,0.001784,0.000000,1.982413,1.982413,0.388323,-0.000000,0.000000
2.016001,0.200000,0.000000,0.198216,0.000000,0.001784,0.000000,1.982413,1.982413,0.388323,-0.000000,0.000000
2.032001,0.200000,0.000000,0.198236,0.000000,0.001764,0.000000,1.982607,1.982607,0.391494,-0.000000,0.000000
2.032001,0.200000,0.000000,0.198236,0.000000,0.001764,0.000000,1.982607,1.982607,0.391494,-0.000000,0.000000
2.048001,0.200000,0.000000,0.198255,0.000000,0.001745,0.000000,1.982800,1.982800,0.394666,-0.000000,0.000000
2.048001,0.200000,0.000000,0.198255,0.000000,0.001745,0.000000,1.982800,1.982800,0.394666,-0.000000,0.000000
2.064001,0.200000,0.000000,0.198275,0.000000,0.001725,0.000000,1.982991,1.982991,0.397839,-0.000000,0.000000
2.064001,0.200000,0.000000,0.198275,0.000000,0.001725,0.000000,1.982991,1.982991,0.397839,-0.000000,0.000000
2.080001,0.200000,0.000000,0.198294,0.000000,0.001706,0.000000,1.983179,1.983179,0.401012,-0.000000,0.000000
2.080001,0.200000,0.000000,0.198294,0.000000,0.001706,0.000000,1.983179,1.983179,0.401012,-0.000000,0.000000
2.096001,0.200000,0.000000,0.198313,0.000000,0.001687,0.000000,1.983366,1.983366,0.404185,-0.000000,0.000000
2.096001,0.200000,0.000000,0.198313,0.000000,0.001687,0.000000,1.983366,1.983366,0.404185,-0.000000,0.000000
2.112001,0.200000,0.000000,0.198331,0.000000,0.001669,0.000000,1.983551,1.983551,0.407358,-0.000000,0.000000
2.112001,0.200000,0.000000,0.198331,0.000000,0.001669,0.000000,1.983551,1.983551,0.407358,-0.000000,0.000000
2.128001,0.200000,0.000000,0.198350,0.000000,0.001650,0.000000,1.983735,1.983735,0.410531,-0.000000,0.000000
2.128001,0.200000,0.000000,0.198350,0.000000,0.001650,0.000000,1.983735,1.983735,0.410531,-0.000000,0.000000
2.144001,0.200000,0.000000,0.198368,0.000000,0.001632,0.000000,1.983917,1.983917,0.413705,-0.000000,0.000000
2.144001,0.200000,0.000000,0.198368,0.000000,0.001632,0.000000,1.983917,1.983917,0.413705,-0.000000,0.000000
2.160002,0.200000,0.000000,0.198386,0.000000,0.001614,0.000000,1.984096,1.984096,0.416879,-0.000000,0.000000
2.160002,0.200000,0.000000,0.198386,0.000000,0.001614,0.000000,1.984096,1.984096,0.416879,-0.000000,0.000000
2.176002,0.200000,0.000000,0.198404,0.000000,0.001596,0.000000,1.984275,1.984275,0.420054,-0.000000,0.000000
2.176002,0.200000,0.000000,0.198404,0.000000,0.001596,0.000000,1.984275,1.984275,0.420054,-0.000000,0.000000
2.192002,0.200000,0.000000,0.198422,0.000000,0.001578,0.000000,1.984451,1.984451,0.423229,-0.000000,0.000000
2.192002,0.200000,0.000000,0.198422,0.000000,0.001578,0.000000,1.984451,1.984451,0.423229,-0.000000,0.000000
2.208002,0.200000,0.000000,0.198440,0.000000,0.001560,0.000000,1.984626,1.984626,0.426404,-0.000000,0.000000
2.208002,0.200000,0.000000,0.198440,0.000000,0.001560,0.000000,1.984626,1.984626,0.426404,-0.000000,0.000000
2.224002,0.200000,0.000000,0.198457,0.000000,0.001543,0.000000,1.984799,1.984799,0.429579,-0.000000,0.000000
2.224002,0.200000,0.000000,0.198457,0.000000,0.001543,0.000000,1.984799,1.984799,0.429579,-0.000000,0.000000
2.240002,0.200000,0.000000,0.198475,0.000000,0.001525,0.000000,1.984971,1.984971,0.432755,-0.000000,0.000000
2.240002,0.200000,0.000000,0.198475,0.000000,0.001525,0.000000,1.984971,1.984971,0.432755,-0.000000,0.000000
2.256002,0.200000,0.000000,0.198492,0.000000,0.001508,0.000000,1.985140,1.985140,0.435931,-0.000000,0.000000
2.256002,0.200000,0.000000,0.198492,0.000000,0.001508,0.000000,1.985140,1.985140,0.435931,-0.000000,0.000000
2.272002,0.200000,0.000000,0.198509,0.000000,0.001491,0.000000,1.985309,1.985309,0.439107,-0.000000,0.000000
2.272002,0.200000,0.000000,0.198509,0.000000,0.001491,0.000000,1.985309,1.985309,0.439107,-0.000000,0.000000
2.288002,0.200000,0.000000,0.198526,0.000000,0.001474,0.000000,1.985475,1.985475,0.442283,-0.000000,0.000000
2.288002,0.200000,0.000000,0.198526,0.000000,0.001474,0.000000,1.985475,1.985475,0.442283,-0.000000,0.000000
2.304002,0.200000,0.000000,0.198542,0.000000,0.001458,0.000000,1.985640,1.985640,0.445460,-0.000000,0.000000
2.304002,0.200000,0.000000,0.198542,0.000000,0.001458,0.000000,1.985640,1.985640,0.445460,-0.000000,0.000000
2.320002,0.200000,0.000000,0.198559,0.000000,0.001441,0.000000,1.985804,1.985804,0.448637,-0.000000,0.000000
2.320002,0.200000,0.000000,0.198559,0.000000,0.001441,0.000000,1.985804,1.985804,0.448637,-0.000000,0.000000
2.336002,0.200000,0.000000,0.198575,0.000000,0.001425,0.000000,1.985966,1.985966,0.451814,-0.000000,0.000000
2.336002,0.200000,0.000000,0.198575,0.000000,0.001425,0.000000,1.985966,1.985966,0.451814,-0.000000,0.000000
2.352002,0.200000,0.000000,0.198591,0.000000,0.001409,0.000000,1.986126,1.986126,0.454991,-0.000000,0.000000
2.352002,0.200000,0.000000,0.198591,0.000000,0.001409,0.000000,1.986126,1.986126,0.454991,-0.000000,0.000000
2.368002,0.200000,0.000000,0.198607,0.000000,0.001393,0.000000,1.986285,1.986285,0.458169,-0.000000,0.000000
2.368002,0.200000,0.000000,0.198607,0.000000,0.001393,0.000000,1.986285,1.986285,0.458169,-0.000000,0.000000
2.384002,0.200000,0.000000,0.198623,0.000000,0.001377,0.000000,1.986442,1.986442,0.461347,-0.000000,0.000000
2.384002,0.200000,0.000000,0.198623,0.000000,0.001377,0.000000,1.986442,1.986442,0.461347,-0.000000,0.000000
2.400002,0.200000,0.000000,0.198639,0.000000,0.001361,0.000000,1.986598,1.986598,0.464525,-0.000000,0.000000
2.400002,0.200000,0.000000,0.198639,0.000000,0.001361,0.000000,1.986598,1.986598,0.464525,-0.000000,0.000000
2.416002,0.200000,0.000000,0.198655,0.000000,0.001345,0.000000,1.986752,1.986752,0.467704,-0.000000,0.000000
2.416002,0.200000,0.000000,0.198655,0.000000,0.001345,0.000000,1.986752,1.986752,0.467704,-0.000000,0.000000
2.432002,0.200000,0.000000,0.198670,0.000000,0.001330,0.000000,1.986905,1.986905,0.470882,-0.000000,0.000000
2.432002,0.200000,0.000000,0.198670,0.000000,0.001330,0.000000,1.986905,1.986905,0.470882,-0.000000,0.000000
2.448002,0.200000,0.000000,0.198685,0.000000,0.001315,0.000000,1.987056,1.987056,0.474061,-0.000000,0.000000
2.448002,0.200000,0.000000,0.198685,0.000000,0.001315,0.000000,1.987056,1.987056,0.474061,-0.000000,0.000000
2.464002,0.200000,0.000000,0.198700,0.000000,0.001300,0.000000,1.987206,1.987206,0.477241,-0.000000,0.000000
2.464002,0.200000,0.000000,0.198700,0.000000,0.001300,0.000000,1.987206,1.987206,0.477241,-0.000000,0.000000
2.480002,0.200000,0.000000,0.198715,0.000000,0.001285,0.000000,1.987355,1.987355,0.480420,-0.000000,0.000000
2.480002,0.200000,0.000000,0.198715,0.000000,0.001285,0.000000,1.987355,1.987355,0.480420,-0.000000,0.000000
2.496002,0.200000,0.000000,0.198730,0.000000,0.001270,0.000000,1.987502,1.987502,0.483600,-0.000000,0.000000
2.496002,0.200000,0.000000,0.198730,0.000000,0.001270,0.000000,1.987502,1.987502,0.483600,-0.000000,0.000000
2.512002,0.200000,0.000000,0.198745,0.000000,0.001255,0.000000,1.987647,1.987647,0.486780,-0.000000,0.000000
2.512002,0.200000,0.000000,0.198745,0.000000,0.001255,0.000000,1.987647,1.987647,0.486780,-0.000000,0.000000
2.528002,0.200000,0.000000,0.198759,0.000000,0.001241,0.000000,1.987792,1.987792,0.489960,-0.000000,0.000000
2.528002,0.200000,0.000000,0.198759,0.000000,0.001241,0.000000,1.987792,1.987792,0.489960,-0.000000,0.000000
2.544002,0.200000,0.000000,0.198774,0.000000,0.001226,0.000000,1.987934,1.987934,0.493140,-0.000000,0.000000
2.544002,0.200000,0.000000,0.198774,0.000000,0.001226,0.000000,1.987934,1.987934,0.493140,-0.000000,0.000000
2.560002,0.200000,0.000000,0.198788,0.000000,0.001212,0.000000,1.988076,1.988076,0.496321,-0.000000,0.000000
2.560002,0.200000,0.000000,0.198788,0.000000,0.001212,0.000000,1.988076,1.988076,0.496321,-0.000000,0.000000
2.576002,0.200000,0.000000,0.198802,0.000000,0.001198,0.000000,1.988216,1.988216,0.499502,-0.000000,0.000000
2.576002,0.200000,0.000000,0.198802,0.000000,0.001198,0.000000,1.988216,1.988216,0.499502,-0.000000,0.000000
2.592002,0.200000,0.000000,0.198816,0.000000,0.001184,0.000000,1.988355,1.988355,0.502683,-0.000000,0.000000
2.592002,0.200000,0.000000,0.198816,0.000000,0.001184,0.000000,1.988355,1.988355,0.502683,-0.000000,0.000000
2.608002,0.200000,0.000000,0.198830,0.000000,0.001170,0.000000,1.988492,1.988492,0.505864,-0.000000,0.000000
2.608002,0.200000,0.000000,0.198830,0.000000,0.001170,0.000000,1.988492,1.988492,0.505864,-0.000000,0.000000
2.624002,0.200000,0.000000,0.198844,0.000000,0.001156,0.000000,1.988629,1.988629,0.509046,-0.000000,0.000000
2.624002,0.200000,0.000000,0.198844,0.000000,0.001156,0.000000,1.988629,1.988629,0.509046,-0.000000,0.000000
2.640002,0.200000,0.000000,0.198858,0.000000,0.001142,0.000000,1.988764,1.988764,0.512227,-0.000000,0.000000
2.640002,0.200000,0.000000,0.198858,0.000000,0.001142,0.000000,1.988764,1.988764,0.512227,-0.000000,0.000000
2.656003,0.200000,0.000000,0.198871,0.000000,0.001129,0.000000,1.988897,1.988897,0.515409,-0.000000,0.000000
2.656003,0.200000,0.000000,0.198871,0.000000,0.001129,0.000000,1.988897,1.988897,0.515409,-0.000000,0.000000
2.672003,0.200000,0.000000,0.198884,0.000000,0.001116,0.000000,1.989029,1.989029,0.518591,-0.000000,0.000000
2.672003,0.200000,0.000000,0.198884,0.000000,0.001116,0.000000,1.989029,1.989029,0.518591,-0.000000,0.000000
2.688003,0.200000,0.000000,0.198898,0.000000,0.001102,0.000000,1.989161,1.989161,0.521774,-0.000000,0.000000
2.688003,0.200000,0.000000,0.198898,0.000000,0.001102,0.000000,1.989161,1.989161,0.521774,-0.000000,0.000000
2.704003,0.200000,0.000000,0.198911,0.000000,0.001089,0.000000,1.989290,1.989290,0.524956,-0.000000,0.000000
2.704003,0.200000,0.000000,0.198911,0.000000,0.001089,0.000000,1.989290,1.989290,0.524956,-0.000000,0.000000
2.720003,0.200000,0.000000,0.198924,0.000000,0.001076,0.000000,1.989419,1.989419,0.528139,-0.000000,0.000000
2.720003,0.200000,0.000000,0.198924,0.000000,0.001076,0.000000,1.989419,1.989419,0.528139,-0.000000,0.000000
2.736003,0.200000,0.000000,0.198937,0.000000,0.001063,0.000000,1.989546,1.989546,0.531322,-0.000000,0.000000
2.736003,0.200000,0.000000,0.198937,0.000000,0.001063,0.000000,1.989546,1.989546,0.531322,-0.000000,0.000000
2.752003,0.200000,0.000000,0.198949,0.000000,0.001051,0.000000,1.989672,1.989672,0.534505,-0.000000,0.000000
2.752003,0.200000,0.000000,0.198949,0.000000,0.001051,0.000000,1.989672,1.989672,0.534505,-0.000000,0.000000
2.768003,0.200000,0.000000,0.198962,0.000000,0.001038,0.000000,1.989797,1.989797,0.537689,-0.000000,0.000000
2.768003,0.200000,0.000000,0.198962,0.000000,0.001038,0.000000,1.989797,1.989797,0.537689,-0.000000,0.000000
2.784003,0.200000,0.000000,0.198974,0.000000,0.001026,0.000000,1.989921,1.989921,0.540872,-0.000000,0.000000
2.784003,0.200000,0.000000,0.198974,0.000000,0.001026,0.000000,1.989921,1.989921,0.540872,-0.000000,0.000000
2.800003,0.200000,0.000000,0.198987,0.000000,0.001013,0.000000,1.990043,1.990043,0.544056,-0.000000,0.000000
2.800003,0.200000,0.000000,0.198987,0.000000,0.001013,0.000000,1.990043,1.990043,0.544056,-0.000000,0.000000
2.816003,0.200000,0.000000,0.198999,0.000000,0.001001,0.000000,1.990165,1.990165,0.547240,-0.000000,0.000000
2.816003,0.200000,0.000000,0.198999,0.000000,0.001001,0.000000,1.990165,1.990165,0.547240,-0.000000,0.000000
2.832003,0.200000,0.000000,0.199011,0.000000,0.000989,0.000000,1.990285,1.990285,0.550424,-0.000000,0.000000
2.832003,0.200000,0.000000,0.199011,0.000000,0.000989,0.000000,1.990285,1.990285,0.550424,-0.000000,0.000000
2.848003,0.200000,0.000000,0.199023,0.000000,0.000977,0.000000,1.990404,1.990404,0.553609,-0.000000,0.000000
2.848003,0.200000,0.000000,0.199023,0.000000,0.000977,0.000000,1.990404,1.990404,0.553609,-0.000000,0.000000
2.864003,0.200000,0.000000,0.199035,0.000000,0.000965,0.000000,1.990522,1.990522,0.556793,-0.000000,0.000000
2.864003,0.200000,0.000000,0.199035,0.000000,0.000965,0.000000,1.990522,1.990522,0.556793,-0.000000,0.000000
2.880003,0.200000,0.000000,0.199047,0.000000,0.000953,0.000000,1.990639,1.990639,0.559978,-0.000000,0.000000
2.880003,0.200000,0.000000,0.199047,0.000000,0.000953,0.000000,1.990639,1.990639,0.559978,-0.000000,0.000000
2.896003,0.200000,0.000000,0.199059,0.000000,0.000941,0.000000,1.990754,1.990754,0.563163,-0.000000,0.000000
2.896003,0.200000,0.000000,0.199059,0.000000,0.000941,0.000000,1.990754,1.990754,0.563163,-0.000000,0.000000
2.912003,0.200000,0.000000,0.199070,0.000000,0.000930,0.000000,1.990869,1.990869,0.566348,-0.000000,0.000000
2.912003,0.200000,0.000000,0.199070,0.000000,0.000930,0.000000,1.990869,1.990869,0.566348,-0.000000,0.000000
2.928003,0.200000,0.000000,0.199082,0.000000,0.000918,0.000000,1.990982,1.990982,0.569533,-0.000000,0.000000
2.928003,0.200000,0.000000,0.199082,0.000000,0.000918,0.000000,1.990982,1.990982,0.569533,-0.000000,0.000000
2.944003,0.200000,0.000000,0.199093,0.000000,0.000907,0.000000,1.991095,1.991095,0.572719,-0.000000,0.000000
2.944003,0.200000,0.000000,0.199093,0.000000,0.000907,0.000000,1.991095,1.991095,0.572719,-0.000000,0.000000
2.960003,0.200000,0.000000,0.199104,0.000000,0.000896,0.000000,1.991206,1.991206,0.575904,-0.000000,0.000000
2.960003,0.200000,0.000000,0.199104,0.000000,0.000896,0.000000,1.991206,1.991206,0.575904,-0.000000,0.000000
2.976003,0.200000,0.000000,0.199115,0.000000,0.000885,0.000000,1.991316,1.991316,0.579090,-0.000000,0.000000
2.976003,0.200000,0.000000,0.199115,0.000000,0.000885,0.000000,1.991316,1.991316,0.579090,-0.000000,0.000000
2.992003,0.200000,0.000000,0.199126,0.000000,0.000874,0.000000,1.991425,1.991425,0.582276,-0.000000,0.000000
2.992003,0.200000,0.000000,0.199126,0.000000,0.000874,0.000000,1.991425,1.991425,0.582276,-0.000000,0.000000
3.008003,0.200000,0.000000,0.199137,0.000000,0.000863,0.000000,1.991534,1.991534,0.585462,-0.000000,0.000000
3.008003,0.200000,0.000000,0.199137,0.000000,0.000863,0.000000,1.991534,1.991534,0.585462,-0.000000,0.000000
3.024003,0.200000,0.000000,0.199148,0.000000,0.000852,0.000000,1.991641,1.991641,0.588649,-0.000000,0.000000
3.024003,0.200000,0.000000,0.199148,0.000000,0.000852,0.000000,1.991641,1.991641,0.588649,-0.000000,0.000000
3.040003,0.200000,0.000000,0.199159,0.000000,0.000841,0.000000,1.991747,1.991747,0.591835,-0.000000,0.000000
3.040003,0.200000,0.000000,0.199159,0.000000,0.000841,0.000000,1.991747,1.991747,0.591835,-0.000000,0.000000
3.056003,0.200000,0.000000,0.199169,0.000000,0.000831,0.000000,1.991852,1.991852,0.595022,-0.000000,0.000000
3.056003,0.200000,0.000000,0.199169,0.000000,0.000831,0.000000,1.991852,1.991852,0.595022,-0.000000,0.000000
3.072003,0.200000,0.000000,0.199180,0.000000,0.000820,0.000000,1.991956,1.991956,0.598209,-0.000000,0.000000
3.072003,0.200000,0.000000,0.199180,0.000000,0.000820,0.000000,1.991956,1.991956,0.598209,-0.000000,0.000000
3.088003,0.200000,0.000000,0.199190,0.000000,0.000810,0.000000,1.992059,1.992059,0.601396,-0.000000,0.000000
3.088003,0.200000,0.000000,0.199190,0.000000,0.000810,0.000000,1.992059,1.992059,0.601396,-0.000000,0.000000
3.104003,0.200000,0.000000,0.199201,0.000000,0.000799,0.000000,1.992161,1.992161,0.604583,-0.000000,0.000000
3.104003,0.200000,0.000000,0.199201,0.000000,0.000799,0.000000,1.992161,1.992161,0.604583,-0.000000,0.000000
3.120003,0.200000,0.000000,0.199211,0.000000,0.000789,0.000000,1.992262,1.992262,0.607771,-0.000000,0.000000
3.120003,0.200000,0.000000,0.199211,0.000000,0.000789,0.000000,1.992262,1.992262,0.607771,-0.000000,0.000000
3.136003,0.200000,0.000000,0.199221,0.000000,0.000779,0.000000,1.992362,1.992362,0.610958,-0.000000,0.000000
3.136003,0.200000,0.000000,0.199221,0.000000,0.000779,0.000000,1.992362,1.992362,0.610958,-0.000000,0.000000
3.152004,0.200000,0.000000,0.199231,0.000000,0.000769,0.000000,1.992461,1.992461,0.614146,-0.000000,0.000000
3.152004,0.200000,0.000000,0.199231,0.000000,0.000769,0.000000,1.992461,1.992461,0.614146,-0.000000,0.000000
3.168004,0.200000,0.000000,0.199241,0.000000,0.000759,0.000000,1.992560,1.992560,0.617334,-0.000000,0.000000
3.168004,0.200000,0.000000,0.199241,0.000000,0.000759,0.000000,1.992560,1.992560,0.617334,-0.000000,0.000000
3.184004,0.200000,0.000000,0.199251,0.000000,0.000749,0.000000,1.992657,1.992657,0.620522,-0.000000,0.000000
3.184004,0.200000,0.000000,0.199251,0.000000,0.000749,0.000000,1.992657,1.992657,0.620522,-0.000000,0.000000
3.200004,0.200000,0.000000,0.199260,0.000000,0.000740,0.000000,1.992753,1.992753,0.623710,-0.000000,0.000000
3.200004,0.200000,0.000000,0.199260,0.000000,0.000740,0.000000,1.992753,1.992753,0.623710,-0.000000,0.000000
3.216004,0.200000,0.000000,0.199270,0.000000,0.000730,0.000000,1.992849,1.992849,0.626898,-0.000000,0.000000
3.216004,0.200000,0.000000,0.199270,0.000000,0.000730,0.000000,1.992849,1.992849,0.626898,-0.000000,0.000000
3.232004,0.200000,0.000000,0.199280,0.000000,0.000720,0.000000,1.992943,1.992943,0.630087,-0.000000,0.000000
3.232004,0.200000,0.000000,0.199280,0.000000,0.000720,0.000000,1.992943,1.992943,0.630087,-0.000000,0.000000
3.248004,0.200000,0.000000,0.199289,0.000000,0.000711,0.000000,1.993037,1.993037,0.633275,-0.000000,0.000000
3.248004,0.200000,0.000000,0.199289,0.000000,0.000711,0.000000,1.993037,1.993037,0.633275,-0.000000,0.000000
3.264004,0.200000,0.000000,0.199298,0.000000,0.000702,0.000000,1.993129,1.993129,0.636464,-0.000000,0.000000
3.264004,0.200000,0.000000,0.199298,0.000000,0.000702,0.000000,1.993129,1.993129,0.636464,-0.000000,0.000000
3.280004,0.200000,0.000000,0.199308,0.000000,0.000692,0.000000,1.993221,1.993221,0.639653,-0.000000,0.000000
3.280004,0.200000,0.000000,0.199308,0.000000,0.000692,0.000000,1.993221,1.993221,0.639653,-0.000000,0.000000
3.296004,0.200000,0.000000,0.199317,0.000000,0.000683,0.000000,1.993312,1.993312,0.642842,-0.000000,0.000000
3.296004,0.200000,0.000000,0.199317,0.000000,0.000683,0.000000,1.993312,1.993312,0.642842,-0.000000,0.000000
3.312004,0.200000,0.000000,0.199326,0.000000,0.000674,0.000000,1.993402,1.993402,0.646031,-0.000000,0.000000
3.312004,0.200000,0.000000,0.199326,0.000000,0.000674,0.000000,1.993402,1.993402,0.646031,-0.000000,0.000000
3.328004,0.200000,0.000000,0.199335,0.000000,0.000665,0.000000,1.993492,1.993492,0.649221,-0.000000,0.000000
3.328004,0.200000,0.000000,0.199335,0.000000,0.000665,0.000000,1.993492,1.993492,0.649221,-0.000000,0.000000
3.344004,0.200000,0.000000,0.199344,0.000000,0.000656,0.000000,1.993580,1.993580,0.652410,-0.000000,0.000000
3.344004,0.200000,0.000000,0.199344,0.000000,0.000656,0.000000,1.993580,1.993580,0.652410,-0.000000,0.000000
3.360004,0.200000,0.000000,0.199353,0.000000,0.000647,0.000000,1.993668,1.993668,0.655600,-0.000000,0.000000
3.360004,0.200000,0.000000,0.199353,0.000000,0.000647,0.000000,1.993668,1.993668,0.655600,-0.000000,0.000000
3.376004,0.200000,0.000000,0.199361,0.000000,0.000639,0.000000,1.993754,1.993754,0.658789,-0.000000,0.000000
3.376004,0.200000,0.000000,0.199361,0.000000,0.000639,0.000000,1.993754,1.993754,0.658789,-0.000000,0.000000
3.392004,0.200000,0.000000,0.199370,0.000000,0.000630,0.000000,1.993840,1.993840,0.661979,-0.000000,0.000000
3.392004,0.200000,0.000000,0.199370,0.000000,0.000630,0.000000,1.993840,1.993840,0.661979,-0.000000,0.000000
3.408004,0.200000,0.000000,0.199379,0.000000,0.000621,0.000000,1.993925,1.993925,0.665169,-0.000000,0.000000
3.408004,0.200000,0.000000,0.199379,0.000000,0.000621,0.000000,1.993925,1.993925,0.665169,-0.000000,0.000000
3.424004,0.200000,0.000000,0.199387,0.000000,0.000613,0.000000,1.994009,1.994009,0.668360,-0.000000,0.000000
3.424004,0.200000,0.000000,0.199387,0.000000,0.000613,0.000000,1.994009,1.994009,0.668360,-0.000000,0.000000
3.440004,0.200000,0.000000,0.199396,0.000000,0.000604,0.000000,1.994093,1.994093,0.671550,-0.000000,0.000000
3.440004,0.200000,0.000000,0.199396,0.000000,0.000604,0.000000,1.994093,1.994093,0.671550,-0.000000,0.000000
3.456004,0.200000,0.000000,0.199404,0.000000,0.000596,0.000000,1.994175,1.994175,0.674740,-0.000000,0.000000
3.456004,0.200000,0.000000,0.199404,0.000000,0.000596,0.000000,1.994175,1.994175,0.674740,-0.000000,0.000000
3.472004,0.200000,0.000000,0.199412,0.000000,0.000588,0.000000,1.994257,1.994257,0.677931,-0.000000,0.000000
3.472004,0.200000,0.000000,0.199412,0.000000,0.000588,0.000000,1.994257,1.994257,0.677931,-0.000000,0.000000
3.488004,0.200000,0.000000,0.199420,0.000000,0.000580,0.000000,1.994338,1.994338,0.681122,-0.000000,0.000000
3.488004,0.200000,0.000000,0.199420,0.000000,0.000580,0.000000,1.994338,1.994338,0.681122,-0.000000,0.000000
3.504004,0.200000,0.000000,0.199429,0.000000,0.000571,0.000000,1.994419,1.994419,0.684313,-0.000000,0.000000
3.504004,0.200000,0.000000,0.199429,0.000000,0.000571,0.000000,1.994419,1.994419,0.684313,-0.000000,0.000000
3.520004,0.200000,0.000000,0.199437,0.000000,0.000563,0.000000,1.994498,1.994498,0.687504,-0.000000,0.000000
3.520004,0.200000,0.000000,0.199437,0.000000,0.000563,0.000000,1.994498,1.994498,0.687504,-0.000000,0.000000
3.536004,0.200000,0.000000,0.199445,0.000000,0.000555,0.000000,1.994577,1.994577,0.690695,-0.000000,0.000000
3.536004,0.200000,0.000000,0.199445,0.000000,0.000555,0.000000,1.994577,1.994577,0.690695,-0.000000,0.000000
3.552004,0.200000,0.000000,0.199452,0.000000,0.000548,0.000000,1.994655,1.994655,0.693886,-0.000000,0.000000
3.552004,0.200000,0.000000,0.199452,0.000000,0.000548,0.000000,1.994655,1.994655,0.693886,-0.000000,0.000000
3.568004,0.200000,0.000000,0.199460,0.000000,0.000540,0.000000,1.994732,1.994732,0.697077,-0.000000,0.000000
3.568004,0.200000,0.000000,0.199460,0.000000,0.000540,0.000000,1.994732,1.994732,0.697077,-0.000000,0.000000
3.584004,0.200000,0.000000,0.199468,0.000000,0.000532,0.000000,1.994809,1.994809,0.700269,-0.000000,0.000000
3.584004,0.200000,0.000000,0.199468,0.000000,0.000532,0.000000,1.994809,1.994809,0.700269,-0.000000,0.000000
3.600004,0.200000,0.000000,0.199476,0.000000,0.000524,0.000000,1.994884,1.994884,0.703460,-0.000000,0.000000
3.600004,0.200000,0.000000,0.199476,0.000000,0.000524,0.000000,1.994884,1.994884,0.703460,-0.000000,0.000000
3.616004,0.200000,0.000000,0.199483,0.000000,0.000517,0.000000,1.994959,1.994959,0.706652,-0.000000,0.000000
3.616004,0.200000,0.000000,0.199483,0.000000,0.000517,0.000000,1.994959,1.994959,0.706652,-0.000000,0.000000
3.632004,0.200000,0.000000,0.199491,0.000000,0.000509,0.000000,1.995034,1.995034,0.709844,-0.000000,0.000000
3.632004,0.200000,0.000000,0.199491,0.000000,0.000509,0.000000,1.995034,1.995034,0.709844,-0.000000,0.000000
3.648005,0.200000,0.000000,0.199498,0.000000,0.000502,0.000000,1.995108,1.995108,0.713036,-0.000000,0.000000
3.648005,0.200000,0.000000,0.199498,0.000000,0.000502,0.000000,1.995108,1.995108,0.713036,-0.000000,0.000000
3.664005,0.200000,0.000000,0.199505,0.000000,0.000495,0.000000,1.995180,1.995180,0.716228,-0.000000,0.000000
3.664005,0.200000,0.000000,0.199505,0.000000,0.000495,0.000000,1.995180,1.995180,0.716228,-0.000000,0.000000
3.680005,0.200000,0.000000,0.199513,0.000000,0.000487,0.000000,1.995253,1.995253,0.719420,-0.000000,0.000000
3.680005,0.200000,0.000000,0.199513,0.000000,0.000487,0.000000,1.995253,1.995253,0.719420,-0.000000,0.000000
3.696005,0.200000,0.000000,0.199520,0.000000,0.000480,0.000000,1.995324,1.995324,0.722613,-0.000000,0.000000
3.696005,0.200000,0.000000,0.199520,0.000000,0.000480,0.000000,1.995324,1.995324,0.722613,-0.000000,0.000000
3.712005,0.200000,0.000000,0.199527,0.000000,0.000473,0.000000,1.995395,1.995395,0.725805,-0.000000,0.000000
3.712005,0.200000,0.000000,0.199527,0.000000,0.000473,0.000000,1.995395,1.995395,0.725805,-0.000000,0.000000
3.728005,0.200000,0.000000,0.199534,0.000000,0.000466,0.000000,1.995465,1.995465,0.728998,-0.000000,0.000000
3.728005,0.200000,0.000000,0.199534,0.000000,0.000466,0.000000,1.995465,1.995465,0.728998,-0.000000,0.000000
3.744005,0.200000,0.000000,0.199541,0.000000,0.000459,0.000000,1.995535,1.995535,0.732190,-0.000000,0.000000
3.744005,0.200000,0.000000,0.199541,0.000000,0.000459,0.000000,1.995535,1.995535,0.732190,-0.000000,0.000000
3.760005,0.200000,0.000000,0.199548,0.000000,0.000452,0.000000,1.995604,1.995604,0.735383,-0.000000,0.000000
3.760005,0.200000,0.000000,0.199548,0.000000,0.000452,0.000000,1.995604,1.995604,0.735383,-0.000000,0.000000
3.776005,0.200000,0.000000,0.199555,0.000000,0.000445,0.000000,1.995672,1.995672,0.738576,-0.000000,0.000000
3.776005,0.200000,0.000000,0.199555,0.000000,0.000445,0.000000,1.995672,1.995672,0.738576,-0.000000,0.000000
3.792005,0.200000,0.000000,0.199562,0.000000,0.000438,0.000000,1.995739,1.995739,0.741769,-0.000000,0.000000
3.792005,0.200000,0.000000,0.199562,0.000000,0.000438,0.000000,1.995739,1.995739,0.741769,-0.000000,0.000000
3.808005,0.200000,0.000000,0.199569,0.000000,0.000431,0.000000,1.995806,1.995806,0.744962,-0.000000,0.000000
3.808005,0.200000,0.000000,0.199569,0.000000,0.000431,0.000000,1.995806,1.995806,0.744962,-0.000000,0.000000
3.824005,0.200000,0.000000,0.199575,0.000000,0.000425,0.000000,1.995872,1.995872,0.748155,-0.000000,0.000000
3.824005,0.200000,0.000000,0.199575,0.000000,0.000425,0.000000,1.995872,1.995872,0.748155,-0.000000,0.000000
3.840005,0.200000,0.000000,0.199582,0.000000,0.000418,0.000000,1.995938,1.995938,0.751348,-0.000000,0.000000
3.840005,0.200000,0.000000,0.199582,0.000000,0.000418,0.000000,1.995938,1.995938,0.751348,-0.000000,0.000000
3.856005,0.200000,0.000000,0.199589,0.000000,0.000411,0.000000,1.996003,1.996003,0.754542,-0.000000,0.000000
3.856005,0.200000,0.000000,0.199589,0.000000,0.000411,0.000000,1.996003,1.996003,0.754542,-0.000000,0.000000
3.872005,0.200000,0.000000,0.199595,0.000000,0.000405,0.000000,1.996067,1.996067,0.757735,-0.000000,0.000000
3.872005,0.200000,0.000000,0.199595,0.000000,0.000405,0.000000,1.996067,1.996067,0.757735,-0.000000,0.000000
3.888005,0.200000,0.000000,0.199601,0.000000,0.000399,0.000000,1.996131,1.996131,0.760929,-0.000000,0.000000
3.888005,0.200000,0.000000,0.199601,0.000000,0.000399,0.000000,1.996131,1.996131,0.760929,-0.000000,0.000000
3.904005,0.200000,0.000000,0.199608,0.000000,0.000392,0.000000,1.996194,1.996194,0.764123,-0.000000,0.000000
3.904005,0.200000,0.000000,0.199608,0.000000,0.000392,0.000000,1.996194,1.996194,0.764123,-0.000000,0.000000
3.920005,0.200000,0.000000,0.199614,0.000000,0.000386,0.000000,1.996257,1.996257,0.767317,-0.000000,0.000000
3.920005,0.200000,0.000000,0.199614,0.000000,0.000386,0.000000,1.996257,1.996257,0.767317,-0.000000,0.000000
3.936005,0.200000,0.000000,0.199620,0.000000,0.000380,0.000000,1.996319,1.996319,0.770511,-0.000000,0.000000
3.936005,0.200000,0.000000,0.199620,0.000000,0.000380,0.000000,1.996319,1.996319,0.770511,-0.000000,0.000000
3.952005,0.200000,0.000000,0.199627,0.000000,0.000373,0.000000,1.996380,1.996380,0.773705,-0.000000,0.000000
3.952005,0.200000,0.000000,0.199627,0.000000,0.000373,0.000000,1.996380,1.996380,0.773705,-0.000000,0.000000
3.968005,0.200000,0.000000,0.199633,0.000000,0.000367,0.000000,1.996441,1.996441,0.776899,-0.000000,0.000000
3.968005,0.200000,0.000000,0.199633,0.000000,0.000367,0.000000,1.996441,1.996441,0.776899,-0.000000,0.000000
3.984005,0.200000,0.000000,0.199639,0.000000,0.000361,0.000000,1.996501,1.996501,0.780093,-0.000000,0.000000
3.984005,0.200000,0.000000,0.199639,0.000000,0.000361,0.000000,1.996501,1.996501,0.780093,-0.000000,0.000000
4.000005,0.200000,0.000000,0.199645,0.000000,0.000355,0.000000,1.996561,1.996561,0.783287,-0.000000,0.000000
4.000005,0.200000,0.000000,0.199645,0.000000,0.000355,0.000000,1.996561,1.996561,0.783287,-0.000000,0.000000
4.016005,0.200000,0.000000,0.199651,0.000000,0.000349,0.000000,1.996620,1.996620,0.786482,-0.000000,0.000000
4.016005,0.200000,0.000000,0.199651,0.000000,0.000349,0.000000,1.996620,1.996620,0.786482,-0.000000,0.000000
4.032005,0.200000,0.000000,0.199657,0.000000,0.000343,0.000000,1.996678,1.996678,0.789676,-0.000000,0.000000
4.032005,0.200000,0.000000,0.199657,0.000000,0.000343,0.000000,1.996678,1.996678,0.789676,-0.000000,0.000000
4.048005,0.200000,0.000000,0.199663,0.000000,0.000337,0.000000,1.996736,1.996736,0.792871,-0.000000,0.000000
4.048005,0.200000,0.000000,0.199663,0.000000,0.000337,0.000000,1.996736,1.996736,0.792871,-0.000000,0.000000
4.064004,0.200000,0.000000,0.199668,0.000000,0.000332,0.000000,1.996793,1.996793,0.796065,-0.000000,0.000000
4.064004,0.200000,0.000000,0.199668,0.000000,0.000332,0.000000,1.996793,1.996793,0.796065,-0.000000,0.000000
4.080004,0.200000,0.000000,0.199674,0.000000,0.000326,0.000000,1.996850,1.996850,0.799260,-0.000000,0.000000
4.080004,0.200000,0.000000,0.199674,0.000000,0.000326,0.000000,1.996850,1.996850,0.799260,-0.000000,0.000000
4.096004,0.200000,0.000000,0.199680,0.000000,0.000320,0.000000,1.996907,1.996907,0.802455,-0.000000,0.000000
4.096004,0.200000,0.000000,0.199680,0.000000,0.000320,0.000000,1.996907,1.996907,0.802455,-0.000000,0.000000
4.112004,0.200000,0.000000,0.199685,0.000000,0.000315,0.000000,1.996962,1.996962,0.805650,-0.000000,0.000000
4.112004,0.200000,0.000000,0.199685,0.000000,0.000315,0.000000,1.996962,1.996962,0.805650,-0.000000,0.000000
4.128004,0.200000,0.000000,0.199691,0.000000,0.000309,0.000000,1.997017,1.997017,0.808845,-0.000000,0.000000
4.128004,0.200000,0.000000,0.199691,0.000000,0.000309,0.000000,1.997017,1.997017,0.808845,-0.000000,0.000000
4.144003,0.200000,0.000000,0.199696,0.000000,0.000304,0.000000,1.997072,1.997072,0.812040,-0.000000,0.000000
4.144003,0.200000,0.000000,0.199696,0.000000,0.000304,0.000000,1.997072,1.997072,0.812040,-0.000000,0.000000
4.160003,0.200000,0.000000,0.199702,0.000000,0.000298,0.000000,1.997126,1.997126,0.815235,-0.000000,0.000000
4.160003,0.200000,0.000000,0.199702,0.000000,0.000298,0.000000,1.997126,1.997126,0.815235,-0.000000,0.000000
4.176003,0.200000,0.000000,0.199707,0.000000,0.000293,0.000000,1.997180,1.997180,0.818431,-0.000000,0.000000
4.176003,0.200000,0.000000,0.199707,0.000000,0.000293,0.000000,1.997180,1.997180,0.818431,-0.000000,0.000000
4.192003,0.200000,0.000000,0.199713,0.000000,0.000287,0.000000,1.997233,1.997233,0.821626,-0.000000,0.000000
4.192003,0.200000,0.000000,0.199713,0.000000,0.000287,0.000000,1.997233,1.997233,0.821626,-0.000000,0.000000
4.208003,0.200000,0.000000,0.199718,0.000000,0.000282,0.000000,1.997286,1.997286,0.824822,-0.000000,0.000000
4.208003,0.200000,0.000000,0.199718,0.000000,0.000282,0.000000,1.997286,1.997286,0.824822,-0.000000,0.000000
4.224002,0.200000,0.000000,0.199723,0.000000,0.000277,0.000000,1.997338,1.997338,0.828017,-0.000000,0.000000
4.224002,0.200000,0.000000,0.199723,0.000000,0.000277,0.000000,1.997338,1.997338,0.828017,-0.000000,0.000000
4.240002,0.200000,0.000000,0.199728,0.000000,0.000272,0.000000,1.997389,1.997389,0.831213,-0.000000,0.000000
4.240002,0.200000,0.000000,0.199728,0.000000,0.000272,0.000000,1.997389,1.997389,0.831213,-0.000000,0.000000
4.256002,0.200000,0.000000,0.199734,0.000000,0.000266,0.000000,1.997440,1.997440,0.834409,-0.000000,0.000000
4.256002,0.200000,0.000000,0.199734,0.000000,0.000266,0.000000,1.997440,1.997440,0.834409,-0.000000,0.000000
4.272002,0.200000,0.000000,0.199739,0.000000,0.000261,0.000000,1.997491,1.997491,0.837604,-0.000000,0.000000
4.272002,0.200000,0.000000,0.199739,0.000000,0.000261,0.000000,1.997491,1.997491,0.837604,-0.000000,0.000000
4.288002,0.200000,0.000000,0.199744,0.000000,0.000256,0.000000,1.997541,1.997541,0.840800,-0.000000,0.000000
4.288002,0.200000,0.000000,0.199744,0.000000,0.000256,0.000000,1.997541,1.997541,0.840800,-0.000000,0.000000
4.304001,0.200000,0.000000,0.199749,0.000000,0.000251,0.000000,1.997591,1.997591,0.843996,-0.000000,0.000000
4.304001,0.200000,0.000000,0.199749,0.000000,0.000251,0.000000,1.997591,1.997591,0.843996,-0.000000,0.000000
4.320001,0.200000,0.000000,0.199754,0.000000,0.000246,0.000000,1.997640,1.997640,0.847192,-0.000000,0.000000
4.320001,0.200000,0.000000,0.199754,0.000000,0.000246,0.000000,1.997640,1.997640,0.847192,-0.000000,0.000000
4.336001,0.200000,0.000000,0.199759,0.000000,0.000241,0.000000,1.997689,1.997689,0.850389,-0.000000,0.000000
4.336001,0.200000,0.000000,0.199759,0.000000,0.000241,0.000000,1.997689,1.997689,0.850389,-0.000000,0.000000
4.352001,0.200000,0.000000,0.199764,0.000000,0.000236,0.000000,1.997737,1.997737,0.853585,-0.000000,0.000000
4.352001,0.200000,0.000000,0.199764,0.000000,0.000236,0.000000,1.997737,1.997737,0.853585,-0.000000,0.000000
4.368001,0.200000,0.000000,0.199768,0.000000,0.000232,0.000000,1.997785,1.997785,0.856781,-0.000000,0.000000
4.368001,0.200000,0.000000,0.199768,0.000000,0.000232,0.000000,1.997785,1.997785,0.856781,-0.000000,0.000000
4.384000,0.200000,0.000000,0.199773,0.000000,0.000227,0.000000,1.997832,1.997832,0.859977,-0.000000,0.000000
4.384000,0.200000,0.000000,0.199773,0.000000,0.000227,0.000000,1.997832,1.997832,0.859977,-0.000000,0.000000
4.400000,0.200000,0.000000,0.199778,0.000000,0.000222,0.000000,1.997879,1.997879,0.863174,-0.000000,0.000000
4.400000,0.200000,0.000000,0.199778,0.000000,0.000222,0.000000,1.997879,1.997879,0.863174,-0.000000,0.000000
4.416000,0.200000,0.000000,0.199783,0.000000,0.000217,0.000000,1.997925,1.997925,0.866370,-0.000000,0.000000
4.416000,0.200000,0.000000,0.199783,0.000000,0.000217,0.000000,1.997925,1.997925,0.866370,-0.000000,0.000000
4.432000,0.200000,0.000000,0.199787,0.000000,0.000213,0.000000,1.997971,1.997971,0.869567,-0.000000,0.000000
4.432000,0.200000,0.000000,0.199787,0.000000,0.000213,0.000000,1.997971,1.997971,0.869567,-0.000000,0.000000
4.447999,0.200000,0.000000,0.199792,0.000000,0.000208,0.000000,1.998017,1.998017,0.872764,-0.000000,0.000000
4.447999,0.200000,0.000000,0.199792,0.000000,0.000208,0.000000,1.998017,1.998017,0.872764,-0.000000,0.000000
4.463999,0.200000,0.000000,0.199796,0.000000,0.000204,0.000000,1.998062,1.998062,0.875960,-0.000000,0.000000
4.463999,0.200000,0.000000,0.199796,0.000000,0.000204,0.000000,1.998062,1.998062,0.875960,-0.000000,0.000000
4.479999,0.200000,0.000000,0.199801,0.000000,0.000199,0.000000,1.998107,1.998107,0.879157,-0.000000,0.000000
4.479999,0.200000,0.000000,0.199801,0.000000,0.000199,0.000000,1.998107,1.998107,0.879157,-0.000000,0.000000
4.495999,0.200000,0.000000,0.199805,0.000000,0.000195,0.000000,1.998151,1.998151,0.882354,-0.000000,0.000000
4.495999,0.200000,0.000000,0.199805,0.000000,0.000195,0.000000,1.998151,1.998151,0.882354,-0.000000,0.000000
4.511999,0.200000,0.000000,0.199810,0.000000,0.000190,0.000000,1.998195,1.998195,0.885551,-0.000000,0.000000
4.511999,0.200000,0.000000,0.199810,0.000000,0.000190,0.000000,1.998195,1.998195,0.885551,-0.000000,0.000000
4.527998,0.200000,0.000000,0.199814,0.000000,0.000186,0.000000,1.998238,1.998238,0.888748,-0.000000,0.000000
4.527998,0.200000,0.000000,0.199814,0.000000,0.000186,0.000000,1.998238,1.998238,0.888748,-0.000000,0.000000
4.543998,0.200000,0.000000,0.199819,0.000000,0.000181,0.000000,1.998281,1.998281,0.891945,-0.000000,0.000000
4.543998,0.200000,0.000000,0.199819,0.000000,0.000181,0.000000,1.998281,1.998281,0.891945,-0.000000,0.000000
4.559998,0.200000,0.000000,0.199823,0.000000,0.000177,0.000000,1.998324,1.998324,0.895142,-0.000000,0.000000
4.559998,0.200000,0.000000,0.199823,0.000000,0.000177,0.000000,1.998324,1.998324,0.895142,-0.000000,0.000000
4.575998,0.200000,0.000000,0.199827,0.000000,0.000173,0.000000,1.998366,1.998366,0.898340,-0.000000,0.000000
4.575998,0.200000,0.000000,0.199827,0.000000,0.000173,0.000000,1.998366,1.998366,0.898340,-0.000000,0.000000
4.591998,0.200000,0.000000,0.199831,0.000000,0.000169,0.000000,1.998408,1.998408,0.901537,-0.000000,0.000000
4.591998,0.200000,0.000000,0.199831,0.000000,0.000169,0.000000,1.998408,1.998408,0.901537,-0.000000,0.000000
4.607997,0.200000,0.000000,0.199835,0.000000,0.000165,0.000000,1.998449,1.998449,0.904734,-0.000000,0.000000
4.607997,0.200000,0.000000,0.199835,0.000000,0.000165,0.000000,1.998449,1.998449,0.904734,-0.000000,0.000000
4.623997,0.200000,0.000000,0.199840,0.000000,0.000160,0.000000,1.998490,1.998490,0.907932,-0.000000,0.000000
4.623997,0.200000,0.000000,0.199840,0.000000,0.000160,0.000000,1.998490,1.998490,0.907932,-0.000000,0.000000
4.639997,0.200000,0.000000,0.199844,0.000000,0.000156,0.000000,1.998531,1.998531,0.911129,-0.000000,0.000000
4.639997,0.200000,0.000000,0.199844,0.000000,0.000156,0.000000,1.998531,1.998531,0.911129,-0.000000,0.000000
4.655997,0.200000,0.000000,0.199848,0.000000,0.000152,0.000000,1.998571,1.998571,0.914327,-0.000000,0.000000
4.655997,0.200000,0.000000,0.199848,0.000000,0.000152,0.000000,1.998571,1.998571,0.914327,-0.000000,0.000000
4.671997,0.200000,0.000000,0.199852,0.000000,0.000148,0.000000,1.998611,1.998611,0.917524,-0.000000,0.000000
4.671997,0.200000,0.000000,0.199852,0.000000,0.000148,0.000000,1.998611,1.998611,0.917524,-0.000000,0.000000
4.687996,0.200000,0.000000,0.199856,0.000000,0.000144,0.000000,1.998650,1.998650,0.920722,-0.000000,0.000000
4.687996,0.200000,0.000000,0.199856,0.000000,0.000144,0.000000,1.998650,1.998650,0.920722,-0.000000,0.000000
4.703996,0.200000,0.000000,0.199860,0.000000,0.000140,0.000000,1.998689,1.998689,0.923920,-0.000000,0.000000
4.703996,0.200000,0.000000,0.199860,0.000000,0.000140,0.000000,1.998689,1.998689,0.923920,-0.000000,0.000000
4.719996,0.200000,0.000000,0.199864,0.000000,0.000136,0.000000,1.998728,1.998728,0.927118,-0.000000,0.000000
4.719996,0.200000,0.000000,0.199864,0.000000,0.000136,0.000000,1.998728,1.998728,0.927118,-0.000000,0.000000
4.735996,0.200000,0.000000,0.199868,0.000000,0.000132,0.000000,1.998766,1.998766,0.930316,-0.000000,0.000000
4.735996,0.200000,0.000000,0.199868,0.000000,0.000132,0.000000,1.998766,1.998766,0.930316,-0.000000,0.000000
4.751996,0.200000,0.000000,0.199871,0.000000,0.000129,0.000000,1.998804,1.998804,0.933513,-0.000000,0.000000
4.751996,0.200000,0.000000,0.199871,0.000000,0.000129,0.000000,1.998804,1.998804,0.933513,-0.000000,0.000000
4.767995,0.200000,0.000000,0.199875,0.000000,0.000125,0.000000,1.998842,1.998842,0.936711,-0.000000,0.000000
4.767995,0.200000,0.000000,0.199875,0.000000,0.000125,0.000000,1.998842,1.998842,0.936711,-0.000000,0.000000
4.783995,0.200000,0.000000,0.199879,0.000000,0.000121,0.000000,1.998879,1.998879,0.939910,-0.000000,0.000000
4.783995,0.200000,0.000000,0.199879,0.000000,0.000121,0.000000,1.998879,1.998879,0.939910,-0.000000,0.000000
4.799995,0.200000,0.000000,0.199883,0.000000,0.000117,0.000000,1.998916,1.998916,0.943108,-0.000000,0.000000
4.799995,0.200000,0.000000,0.199883,0.000000,0.000117,0.000000,1.998916,1.998916,0.943108,-0.000000,0.000000
4.815995,0.200000,0.000000,0.199886,0.000000,0.000114,0.000000,1.998952,1.998952,0.946306,-0.000000,0.000000
4.815995,0.200000,0.000000,0.199886,0.000000,0.000114,0.000000,1.998952,1.998952,0.946306,-0.000000,0.000000
4.831995,0.200000,0.000000,0.199890,0.000000,0.000110,0.000000,1.998989,1.998989,0.949504,-0.000000,0.000000
4.831995,0.200000,0.000000,0.199890,0.000000,0.000110,0.000000,1.998989,1.998989,0.949504,-0.000000,0.000000
4.847994,0.200000,0.000000,0.199894,0.000000,0.000106,0.000000,1.999024,1.999024,0.952702,-0.000000,0.000000
4.847994,0.200000,0.000000,0.199894,0.000000,0.000106,0.000000,1.999024,1.999024,0.952702,-0.000000,0.000000
4.863994,0.200000,0.000000,0.199897,0.000000,0.000103,0.000000,1.999060,1.999060,0.955901,-0.000000,0.000000
4.863994,0.200000,0.000000,0.199897,0.000000,0.000103,0.000000,1.999060,1.999060,0.955901,-0.000000,0.000000
4.879994,0.200000,0.000000,0.199901,0.000000,0.000099,0.000000,1.999095,1.999095,0.959099,-0.000000,0.000000
4.879994,0.200000,0.000000,0.199901,0.000000,0.000099,0.000000,1.999095,1.999095,0.959099,-0.000000,0.000000
4.895994,0.200000,0.000000,0.199904,0.000000,0.000096,0.000000,1.999130,1.999130,0.962298,-0.000000,0.000000
4.895994,0.200000,0.000000,0.199904,0.000000,0.000096,0.000000,1.999130,1.999130,0.962298,-0.000000,0.000000
4.911994,0.200000,0.000000,0.199908,0.000000,0.000092,0.000000,1.999164,1.999164,0.965496,-0.000000,0.000000
4.911994,0.200000,0.000000,0.199908,0.000000,0.000092,0.000000,1.999164,1.999164,0.965496,-0.000000,0.000000
4.927993,0.200000,0.000000,0.199911,0.000000,0.000089,0.000000,1.999198,1.999198,0.968695,-0.000000,0.000000
4.927993,0.200000,0.000000,0.199911,0.000000,0.000089,0.000000,1.999198,1.999198,0.968695,-0.000000,0.000000
4.943993,0.200000,0.000000,0.199915,0.000000,0.000085,0.000000,1.999232,1.999232,0.971893,-0.000000,0.000000
4.943993,0.200000,0.000000,0.199915,0.000000,0.000085,0.000000,1.999232,1.999232,0.971893,-0.000000,0.000000
4.959993,0.200000,0.000000,0.199918,0.000000,0.000082,0.000000,1.999266,1.999266,0.975092,-0.000000,0.000000
4.959993,0.200000,0.000000,0.199918,0.000000,0.000082,0.000000,1.999266,1.999266,0.975092,-0.000000,0.000000
4.975993,0.200000,0.000000,0.199921,0.000000,0.000079,0.000000,1.999299,1.999299,0.978291,-0.000000,0.000000
4.975993,0.200000,0.000000,0.199921,0.000000,0.000079,0.000000,1.999299,1.999299,0.978291,-0.000000,0.000000
4.991992,0.200000,0.000000,0.199925,0.000000,0.000075,0.000000,1.999332,1.999332,0.981490,-0.000000,0.000000
4.991992,0.200000,0.000000,0.199925,0.000000,0.000075,0.000000,1.999332,1.999332,0.981490,-0.000000,0.000000
5.007992,0.200000,0.000000,0.199928,0.000000,0.000072,0.000000,1.999364,1.999364,0.984688,-0.000000,0.000000
5.007992,0.200000,0.000000,0.199928,0.000000,0.000072,0.000000,1.999364,1.999364,0.984688,-0.000000,0.000000
5.023992,0.000000,0.000000,0.199931,0.000000,-0.199931,0.000000,0.064197,0.064197,0.987887,-0.000000,0.000000
5.023992,0.000000,0.000000,0.199931,0.000000,-0.199931,0.000000,0.064197,0.064197,0.987887,-0.000000,0.000000
5.039992,0.000000,0.000000,0.045809,0.000000,-0.045809,0.000000,0.063580,0.063580,0.988620,-0.000000,0.000000
5.039992,0.000000,0.000000,0.045809,0.000000,-0.045809,0.000000,0.063580,0.063580,0.988620,-0.000000,0.000000
5.055992,0.000000,0.000000,0.006082,0.000000,-0.006082,0.000000,0.062970,0.062970,0.988718,-0.000000,0.000000
5.055992,0.000000,0.000000,0.006082,0.000000,-0.006082,0.000000,0.062970,0.062970,0.988718,-0.000000,0.000000
5.071991,0.000000,0.000000,0.005412,0.000000,-0.005412,0.000000,0.062365,0.062365,0.988804,-0.000000,0.000000
5.071991,0.000000,0.000000,0.005412,0.000000,-0.005412,0.000000,0.062365,0.062365,0.988804,-0.000000,0.000000
5.087991,0.000000,0.000000,0.005515,0.000000,-0.005515,0.000000,0.061767,0.061767,0.988892,-0.000000,0.000000
5.087991,0.000000,0.000000,0.005515,0.000000,-0.005515,0.000000,0.061767,0.061767,0.988892,-0.000000,0.000000
5.103991,0.000000,0.000000,0.005598,0.000000,-0.005598,0.000000,0.061174,0.061174,0.988982,-0.000000,0.000000
5.103991,0.000000,0.000000,0.005598,0.000000,-0.005598,0.000000,0.061174,0.061174,0.988982,-0.000000,0.000000
5.119991,0.000000,0.000000,0.005654,0.000000,-0.005654,0.000000,0.060586,0.060586,0.989072,-0.000000,0.000000
5.119991,0.000000,0.000000,0.005654,0.000000,-0.005654,0.000000,0.060586,0.060586,0.989072,-0.000000,0.000000
5.135991,0.000000,0.000000,0.005687,0.000000,-0.005687,0.000000,0.060005,0.060005,0.989163,-0.000000,0.000000
5.135991,0.000000,0.000000,0.005687,0.000000,-0.005687,0.000000,0.060005,0.060005,0.989163,-0.000000,0.000000
5.151990,0.000000,0.000000,0.005702,0.000000,-0.005702,0.000000,0.059429,0.059429,0.989255,-0.000000,0.000000
5.151990,0.000000,0.000000,0.005702,0.000000,-0.005702,0.000000,0.059429,0.059429,0.989255,-0.000000,0.000000
5.167990,0.000000,0.000000,0.005704,0.000000,-0.005704,0.000000,0.058858,0.058858,0.989346,-0.000000,0.000000
5.167990,0.000000,0.000000,0.005704,0.000000,-0.005704,0.000000,0.058858,0.058858,0.989346,-0.000000,0.000000
5.183990,0.000000,0.000000,0.005693,0.000000,-0.005693,0.000000,0.058293,0.058293,0.989437,-0.000000,0.000000
5.183990,0.000000,0.000000,0.005693,0.000000,-0.005693,0.000000,0.058293,0.058293,0.989437,-0.000000,0.000000
5.199990,0.000000,0.000000,0.005674,0.000000,-0.005674,0.000000,0.057734,0.057734,0.989528,-0.000000,0.000000
5.199990,0.000000,0.000000,0.005674,0.000000,-0.005674,0.000000,0.057734,0.057734,0.989528,-0.000000,0.000000
5.215990,0.000000,0.000000,0.005648,0.000000,-0.005648,0.000000,0.057179,0.057179,0.989618,-0.000000,0.000000
5.215990,0.000000,0.000000,0.005648,0.000000,-0.005648,0.000000,0.057179,0.057179,0.989618,-0.000000,0.000000
5.231989,0.000000,0.000000,0.005617,0.000000,-0.005617,0.000000,0.056630,0.056630,0.989708,-0.000000,0.000000
5.231989,0.000000,0.000000,0.005617,0.000000,-0.005617,0.000000,0.056630,0.056630,0.989708,-0.000000,0.000000
5.247989,0.000000,0.000000,0.005581,0.000000,-0.005581,0.000000,0.056087,0.056087,0.989797,-0.000000,0.000000
5.247989,0.000000,0.000000,0.005581,0.000000,-0.005581,0.000000,0.056087,0.056087,0.989797,-0.000000,0.000000
5.263989,0.000000,0.000000,0.005542,0.000000,-0.005542,0.000000,0.055548,0.055548,0.989886,-0.000000,0.000000
5.263989,0.000000,0.000000,0.005542,0.000000,-0.005542,0.000000,0.055548,0.055548,0.989886,-0.000000,0.000000
5.279989,0.000000,0.000000,0.005501,0.000000,-0.005501,0.000000,0.055015,0.055015,0.989974,-0.000000,0.000000
5.279989,0.000000,0.000000,0.005501,0.000000,-0.005501,0.000000,0.055015,0.055015,0.989974,-0.000000,0.000000
5.295989,0.000000,0.000000,0.005457,0.000000,-0.005457,0.000000,0.054487,0.054487,0.990061,-0.000000,0.000000
5.295989,0.000000,0.000000,0.005457,0.000000,-0.005457,0.000000,0.054487,0.054487,0.990061,-0.000000,0.000000
5.311988,0.000000,0.000000,0.005412,0.000000,-0.005412,0.000000,0.053964,0.053964,0.990148,-0.000000,0.000000
5.311988,0.000000,0.000000,0.005412,0.000000,-0.005412,0.000000,0.053964,0.053964,0.990148,-0.000000,0.000000
5.327988,0.000000,0.000000,0.005366,0.000000,-0.005366,0.000000,0.053446,0.053446,0.990234,-0.000000,0.000000
5.327988,0.000000,0.000000,0.005366,0.000000,-0.005366,0.000000,0.053446,0.053446,0.990234,-0.000000,0.000000
5.343988,0.000000,0.000000,0.005319,0.000000,-0.005319,0.000000,0.052933,0.052933,0.990319,-0.000000,0.000000
5.343988,0.000000,0.000000,0.005319,0.000000,-0.005319,0.000000,0.052933,0.052933,0.990319,-0.000000,0.000000
5.359988,0.000000,0.000000,0.005272,0.000000,-0.005272,0.000000,0.052425,0.052425,0.990403,-0.000000,0.000000
5.359988,0.000000,0.000000,0.005272,0.000000,-0.005272,0.000000,0.052425,0.052425,0.990403,-0.000000,0.000000
5.375988,0.000000,0.000000,0.005224,0.000000,-0.005224,0.000000,0.051921,0.051921,0.990487,-0.000000,0.000000
5.375988,0.000000,0.000000,0.005224,0.000000,-0.005224,0.000000,0.051921,0.051921,0.990487,-0.000000,0.000000
5.391987,0.000000,0.000000,0.005177,0.000000,-0.005177,0.000000,0.051423,0.051423,0.990570,-0.000000,0.000000
5.391987,0.000000,0.000000,0.005177,0.000000,-0.005177,0.000000,0.051423,0.051423,0.990570,-0.000000,0.000000
5.407987,0.000000,0.000000,0.005129,0.000000,-0.005129,0.000000,0.050929,0.050929,0.990652,-0.000000,0.000000
5.407987,0.000000,0.000000,0.005129,0.000000,-0.005129,0.000000,0.050929,0.050929,0.990652,-0.000000,0.000000
5.423987,0.000000,0.000000,0.005081,0.000000,-0.005081,0.000000,0.050440,0.050440,0.990733,-0.000000,0.000000
5.423987,0.000000,0.000000,0.005081,0.000000,-0.005081,0.000000,0.050440,0.050440,0.990733,-0.000000,0.000000
5.439987,0.000000,0.000000,0.005034,0.000000,-0.005034,0.000000,0.049956,0.049956,0.990814,-0.000000,0.000000
5.439987,0.000000,0.000000,0.005034,0.000000,-0.005034,0.000000,0.049956,0.049956,0.990814,-0.000000,0.000000
5.455986,0.000000,0.000000,0.004986,0.000000,-0.004986,0.000000,0.049477,0.049477,0.990893,-0.000000,0.000000
5.455986,0.000000,0.000000,0.004986,0.000000,-0.004986,0.000000,0.049477,0.049477,0.990893,-0.000000,0.000000
5.471986,0.000000,0.000000,0.004939,0.000000,-0.004939,0.000000,0.049002,0.049002,0.990972,-0.000000,0.000000
5.471986,0.000000,0.000000,0.004939,0.000000,-0.004939,0.000000,0.049002,0.049002,0.990972,-0.000000,0.000000
5.487986,0.000000,0.000000,0.004892,0.000000,-0.004892,0.000000,0.048531,0.048531,0.991051,-0.000000,0.000000
5.487986,0.000000,0.000000,0.004892,0.000000,-0.004892,0.000000,0.048531,0.048531,0.991051,-0.000000,0.000000
5.503986,0.000000,0.000000,0.004846,0.000000,-0.004846,0.000000,0.048065,0.048065,0.991128,-0.000000,0.000000
5.503986,0.000000,0.000000,0.004846,0.000000,-0.004846,0.000000,0.048065,0.048065,0.991128,-0.000000,0.000000
5.519986,0.000000,2.000000,0.004799,0.000000,-0.004799,2.000000,-0.949996,1.045204,0.991205,-0.000000,0.000000
5.519986,0.000000,2.000000,0.004799,0.000000,-0.004799,2.000000,-0.949996,1.045204,0.991205,-0.000000,0.000000
5.535985,0.000000,2.000000,0.000078,1.994342,-0.000078,0.005658,-0.950480,1.044774,0.991206,-0.000000,0.000000
5.535985,0.000000,2.000000,0.000078,1.994342,-0.000078,0.005658,-0.950480,1.044774,0.991206,-0.000000,0.000000
5.551985,0.000000,2.000000,0.001767,1.994229,-0.001767,0.005771,-0.950960,1.044350,0.991234,-0.000000,0.000000
5.551985,0.000000,2.000000,0.001767,1.994229,-0.001767,0.005771,-0.950960,1.044350,0.991234,-0.000000,0.000000
5.567985,0.000000,2.000000,0.004620,1.994331,-0.004620,0.005669,-0.951435,1.043929,0.991308,0.000003,0.000000
5.567985,0.000000,2.000000,0.004620,1.994331,-0.004620,0.005669,-0.951435,1.043929,0.991308,0.000003,0.000000
5.583985,0.000000,2.000000,0.004635,1.994444,-0.004635,0.005556,-0.951905,1.043513,0.991382,0.000007,0.000000
5.583985,0.000000,2.000000,0.004635,1.994444,-0.004635,0.005556,-0.951905,1.043513,0.991382,0.000007,0.000000
5.599985,0.000000,2.000000,0.004588,1.994542,-0.004588,0.005458,-0.952370,1.043100,0.991455,0.000014,0.000000
5.599985,0.000000,2.000000,0.004588,1.994542,-0.004588,0.005458,-0.952370,1.043100,0.991455,0.000014,0.000000
5.615984,0.000000,2.000000,0.004541,1.994631,-0.004541,0.005369,-0.952831,1.042690,0.991528,0.000023,0.000000
5.615984,0.000000,2.000000,0.004541,1.994631,-0.004541,0.005369,-0.952831,1.042690,0.991528,0.000023,0.000000
5.631984,0.000000,2.000000,0.004493,1.994711,-0.004493,0.005289,-0.953287,1.042285,0.991599,0.000034,0.000000
5.631984,0.000000,2.000000,0.004493,1.994711,-0.004493,0.005289,-0.953287,1.042285,0.991599,0.000034,0.000000
5.647984,0.000000,2.000000,0.004447,1.994785,-0.004447,0.005215,-0.953739,1.041883,0.991669,0.000047,0.000000
5.647984,0.000000,2.000000,0.004447,1.994785,-0.004447,0.005215,-0.953739,1.041883,0.991669,0.000047,0.000000
5.663984,0.000000,2.000000,0.004401,1.994853,-0.004401,0.005147,-0.954187,1.041485,0.991737,0.000062,0.000000
5.663984,0.000000,2.000000,0.004401,1.994853,-0.004401,0.005147,-0.954187,1.041485,0.991737,0.000062,0.000000
5.679984,0.000000,2.000000,0.004357,1.994916,-0.004357,0.005084,-0.954630,1.041091,0.991805,0.000079,0.000000
5.679984,0.000000,2.000000,0.004357,1.994916,-0.004357,0.005084,-0.954630,1.041091,0.991805,0.000079,0.000000
5.695983,0.000000,2.000000,0.004313,1.994975,-0.004313,0.005025,-0.955068,1.040700,0.991871,0.000098,0.000000
5.695983,0.000000,2.000000,0.004313,1.994975,-0.004313,0.005025,-0.955068,1.040700,0.991871,0.000098,0.000000
5.711983,0.000000,2.000000,0.004269,1.995031,-0.004269,0.004969,-0.955503,1.040313,0.991937,0.000118,0.000000
5.711983,0.000000,2.000000,0.004269,1.995031,-0.004269,0.004969,-0.955503,1.040313,0.991937,0.000118,0.000000
5.727983,0.000000,2.000000,0.004227,1.995085,-0.004227,0.004915,-0.955933,1.039930,0.992001,0.000140,0.000000
5.727983,0.000000,2.000000,0.004227,1.995085,-0.004227,0.004915,-0.955933,1.039930,0.992001,0.000140,0.000000
5.743983,0.000000,2.000000,0.004185,1.995136,-0.004185,0.004864,-0.956359,1.039551,0.992063,0.000164,0.000000
5.743983,0.000000,2.000000,0.004185,1.995136,-0.004185,0.004864,-0.956359,1.039551,0.992063,0.000164,0.000000
5.759983,0.000000,2.000000,0.004145,1.995186,-0.004145,0.004814,-0.956781,1.039175,0.992124,0.000189,0.000000
5.759983,0.000000,2.000000,0.004145,1.995186,-0.004145,0.004814,-0.956781,1.039175,0.992124,0.000189,0.000000
5.775982,0.000000,2.000000,0.004104,1.995234,-0.004104,0.004766,-0.957199,1.038803,0.992184,0.000216,0.000000
5.775982,0.000000,2.000000,0.004104,1.995234,-0.004104,0.004766,-0.957199,1.038803,0.992184,0.000216,0.000000
5.791982,0.000000,2.000000,0.004064,1.995281,-0.004064,0.004719,-0.957613,1.038434,0.992243,0.000245,0.000000
5.791982,0.000000,2.000000,0.004064,1.995281,-0.004064,0.004719,-0.957613,1.038434,0.992243,0.000245,0.000000
5.807982,0.000000,2.000000,0.004025,1.995327,-0.004025,0.004673,-0.958023,1.038069,0.992300,0.000275,0.000000
5.807982,0.000000,2.000000,0.004025,1.995327,-0.004025,0.004673,-0.958023,1.038069,0.992300,0.000275,0.000000
5.823982,0.000000,2.000000,0.003986,1.995372,-0.003986,0.004628,-0.958429,1.037707,0.992355,0.000306,0.000000
5.823982,0.000000,2.000000,0.003986,1.995372,-0.003986,0.004628,-0.958429,1.037707,0.992355,0.000306,0.000000
5.839982,0.000000,2.000000,0.003948,1.995415,-0.003948,0.004585,-0.958832,1.037349,0.992409,0.000339,0.000000
5.839982,0.000000,2.000000,0.003948,1.995415,-0.003948,0.004585,-0.958832,1.037349,0.992409,0.000339,0.000000
5.855981,0.000000,2.000000,0.003910,1.995458,-0.003910,0.004542,-0.959230,1.036994,0.992462,0.000373,0.000000
5.855981,0.000000,2.000000,0.003910,1.995458,-0.003910,0.004542,-0.959230,1.036994,0.992462,0.000373,0.000000
5.871981,0.000000,2.000000,0.003872,1.995499,-0.003872,0.004501,-0.959624,1.036643,0.992513,0.000408,0.000000
5.871981,0.000000,2.000000,0.003872,1.995499,-0.003872,0.004501,-0.959624,1.036643,0.992513,0.000408,0.000000
5.887981,0.000000,2.000000,0.003835,1.995540,-0.003835,0.004460,-0.960015,1.036295,0.992563,0.000444,0.000000
5.887981,0.000000,2.000000,0.003835,1.995540,-0.003835,0.004460,-0.960015,1.036295,0.992563,0.000444,0.000000
5.903981,0.000000,2.000000,0.003798,1.995579,-0.003798,0.004421,-0.960402,1.035951,0.992611,0.000481,0.000000
5.903981,0.000000,2.000000,0.003798,1.995579,-0.003798,0.004421,-0.960402,1.035951,0.992611,0.000481,0.000000
5.919981,0.000000,2.000000,0.003761,1.995616,-0.003761,0.004384,-0.960786,1.035609,0.992657,0.000519,0.000000
5.919981,0.000000,2.000000,0.003761,1.995616,-0.003761,0.004384,-0.960786,1.035609,0.992657,0.000519,0.000000
5.935980,0.000000,2.000000,0.003725,1.995650,-0.003725,0.004350,-0.961166,1.035271,0.992702,0.000559,0.000000
5.935980,0.000000,2.000000,0.003725,1.995650,-0.003725,0.004350,-0.961166,1.035271,0.992702,0.000559,0.000000
5.951980,0.000000,2.000000,0.003689,1.995680,-0.003689,0.004320,-0.961542,1.034936,0.992745,0.000599,0.000000
5.951980,0.000000,2.000000,0.003689,1.995680,-0.003689,0.004320,-0.961542,1.034936,0.992745,0.000599,0.000000
5.967980,0.000000,2.000000,0.003653,1.995704,-0.003653,0.004296,-0.961915,1.034605,0.992787,0.000640,0.000000
5.967980,0.000000,2.000000,0.003653,1.995704,-0.003653,0.004296,-0.961915,1.034605,0.992787,0.000640,0.000000
5.983980,0.000000,2.000000,0.003617,1.995715,-0.003617,0.004285,-0.962284,1.034276,0.992827,0.000682,0.000000
5.983980,0.000000,2.000000,0.003617,1.995715,-0.003617,0.004285,-0.962284,1.034276,0.992827,0.000682,0.000000
5.999979,0.000000,2.000000,0.003582,1.995700,-0.003582,0.004300,-0.962651,1.033951,0.992865,0.000724,0.000000
5.999979,0.000000,2.000000,0.003582,1.995700,-0.003582,0.004300,-0.962651,1.033951,0.992865,0.000724,0.000000
6.015979,0.000000,2.000000,0.003547,1.995617,-0.003547,0.004383,-0.963015,1.033629,0.992902,0.000768,0.000000
6.015979,0.000000,2.000000,0.003547,1.995617,-0.003547,0.004383,-0.963015,1.033629,0.992902,0.000768,0.000000
6.031979,0.000000,2.000000,0.003513,1.995275,-0.003513,0.004725,-0.963380,1.033310,0.992937,0.000811,0.000000
6.031979,0.000000,2.000000,0.003513,1.995275,-0.003513,0.004725,-0.963380,1.033310,0.992937,0.000811,0.000000
6.047979,0.000000,2.000000,0.003479,1.992337,-0.003479,0.007663,-0.963769,1.032994,0.992971,0.000856,0.000000
6.047979,0.000000,2.000000,0.003479,1.992337,-0.003479,0.007663,-0.963769,1.032994,0.992971,0.000856,0.000000
6.063979,0.000000,2.000000,0.003448,2.005413,-0.003448,-0.005413,-0.964030,1.032681,0.993002,0.000901,0.000000
6.063979,0.000000,2.000000,0.003448,2.005413,-0.003448,-0.005413,-0.964030,1.032681,0.993002,0.000901,0.000000
6.079978,0.000000,2.000000,0.003450,1.993377,-0.003450,0.006623,-0.964404,1.032371,0.993033,0.000947,0.000000
6.079978,0.000000,2.000000,0.003450,1.993377,-0.003450,0.006623,-0.964404,1.032371,0.993033,0.000947,0.000000
6.095978,0.000000,2.000000,0.003416,1.995486,-0.003416,0.004514,-0.964754,1.032064,0.993062,0.000993,0.000000
6.095978,0.000000,2.000000,0.003416,1.995486,-0.003416,0.004514,-0.964754,1.032064,0.993062,0.000993,0.000000
6.111978,0.000000,2.000000,0.003382,1.995854,-0.003382,0.004146,-0.965098,1.031760,0.993089,0.001040,0.000000
6.111978,0.000000,2.000000,0.003382,1.995854,-0.003382,0.004146,-0.965098,1.031760,0.993089,0.001040,0.000000
6.127978,0.000000,2.000000,0.003349,1.996005,-0.003349,0.003995,-0.965437,1.031459,0.993115,0.001087,0.000000
6.127978,0.000000,2.000000,0.003349,1.996005,-0.003349,0.003995,-0.965437,1.031459,0.993115,0.001087,0.000000
6.143978,0.000000,2.000000,0.003317,1.996094,-0.003317,0.003906,-0.965773,1.031160,0.993139,0.001134,0.000000
6.143978,0.000000,2.000000,0.003317,1.996094,-0.003317,0.003906,-0.965773,1.031160,0.993139,0.001134,0.000000
6.159977,0.000000,2.000000,0.003284,1.996159,-0.003284,0.003841,-0.966105,1.030865,0.993162,0.001181,0.000000
6.159977,0.000000,2.000000,0.003284,1.996159,-0.003284,0.003841,-0.966105,1.030865,0.993162,0.001181,0.000000
6.175977,0.000000,2.000000,0.003252,1.996213,-0.003252,0.003787,-0.966434,1.030573,0.993183,0.001229,0.000000
6.175977,0.000000,2.000000,0.003252,1.996213,-0.003252,0.003787,-0.966434,1.030573,0.993183,0.001229,0.000000
6.191977,0.000000,2.000000,0.003221,1.996259,-0.003221,0.003741,-0.966760,1.030283,0.993202,0.001277,0.000000
6.191977,0.000000,2.000000,0.003221,1.996259,-0.003221,0.003741,-0.966760,1.030283,0.993202,0.001277,0.000000
6.207977,0.000000,2.000000,0.003189,1.996302,-0.003189,0.003698,-0.967082,1.029996,0.993220,0.001325,0.000000
6.207977,0.000000,2.000000,0.003189,1.996302,-0.003189,0.003698,-0.967082,1.029996,0.993220,0.001325,0.000000
6.223977,0.000000,2.000000,0.003158,1.996343,-0.003158,0.003657,-0.967402,1.029712,0.993236,0.001372,0.000000
6.223977,0.000000,2.000000,0.003158,1.996343,-0.003158,0.003657,-0.967402,1.029712,0.993236,0.001372,0.000000
6.239976,0.000000,2.000000,0.003127,1.996381,-0.003127,0.003619,-0.967718,1.029430,0.993251,0.001420,0.000000
6.239976,0.000000,2.000000,0.003127,1.996381,-0.003127,0.003619,-0.967718,1.029430,0.993251,0.001420,0.000000
6.255976,0.000000,2.000000,0.003097,1.996418,-0.003097,0.003582,-0.968031,1.029151,0.993264,0.001468,0.000000
6.255976,0.000000,2.000000,0.003097,1.996418,-0.003097,0.003582,-0.968031,1.029151,0.993264,0.001468,0.000000
6.271976,0.000000,2.000000,0.003066,1.996454,-0.003066,0.003546,-0.968341,1.028875,0.993276,0.001516,0.000000
6.271976,0.000000,2.000000,0.003066,1.996454,-0.003066,0.003546,-0.968341,1.028875,0.993276,0.001516,0.000000
6.287976,0.000000,2.000000,0.003036,1.996489,-0.003036,0.003511,-0.968648,1.028602,0.993286,0.001563,0.000000
6.287976,0.000000,2.000000,0.003036,1.996489,-0.003036,0.003511,-0.968648,1.028602,0.993286,0.001563,0.000000
6.303976,0.000000,2.000000,0.003007,1.996523,-0.003007,0.003477,-0.968952,1.028331,0.993295,0.001610,0.000000
6.303976,0.000000,2.000000,0.003007,1.996523,-0.003007,0.003477,-0.968952,1.028331,0.993295,0.001610,0.000000
6.319975,0.000000,2.000000,0.002977,1.996556,-0.002977,0.003444,-0.969254,1.028063,0.993303,0.001657,0.000000
6.319975,0.000000,2.000000,0.002977,1.996556,-0.002977,0.003444,-0.969254,1.028063,0.993303,0.001657,0.000000
6.335975,0.000000,2.000000,0.002948,1.996588,-0.002948,0.003412,-0.969552,1.027797,0.993309,0.001704,0.000000
6.335975,0.000000,2.000000,0.002948,1.996588,-0.002948,0.003412,-0.969552,1.027797,0.993309,0.001704,0.000000
6.351975,0.000000,2.000000,0.002919,1.996620,-0.002919,0.003380,-0.969847,1.027534,0.993313,0.001751,0.000000
6.351975,0.000000,2.000000,0.002919,1.996620,-0.002919,0.003380,-0.969847,1.027534,0.993313,0.001751,0.000000
6.367975,0.000000,2.000000,0.002891,1.996650,-0.002891,0.003350,-0.970140,1.027274,0.993316,0.001797,0.000000
6.367975,0.000000,2.000000,0.002891,1.996650,-0.002891,0.003350,-0.970140,1.027274,0.993316,0.001797,0.000000
6.383975,0.000000,0.000000,0.002862,1.996679,-0.002862,-1.996679,0.027170,0.029416,0.993318,0.001843,0.000000
6.383975,0.000000,0.000000,0.002862,1.996679,-0.002862,-1.996679,0.027170,0.029416,0.993318,0.001843,0.000000
6.399974,0.000000,0.000000,0.002710,0.002295,-0.002710,-0.002295,0.026909,0.029133,0.993318,0.001886,0.000000
6.399974,0.000000,0.000000,0.002710,0.002295,-0.002710,-0.002295,0.026909,0.029133,0.993318,0.001886,0.000000
6.415974,0.000000,0.000000,0.002726,0.002255,-0.002726,-0.002255,0.026650,0.028853,0.993318,0.001930,0.000000
6.415974,0.000000,0.000000,0.002726,0.002255,-0.002726,-0.002255,0.026650,0.028853,0.993318,0.001930,0.000000
6.431974,0.000000,0.000000,0.002714,0.002222,-0.002714,-0.002222,0.026394,0.028575,0.993318,0.001973,0.000000
6.431974,0.000000,0.000000,0.002714,0.002222,-0.002714,-0.002222,0.026394,0.028575,0.993318,0.001973,0.000000
6.447974,0.000000,0.000000,0.002698,0.002194,-0.002698,-0.002194,0.026141,0.028301,0.993318,0.002016,0.000000
6.447974,0.000000,0.000000,0.002698,0.002194,-0.002698,-0.002194,0.026141,0.028301,0.993318,0.002016,0.000000
6.463974,0.000000,0.000000,0.002680,0.002168,-0.002680,-0.002168,0.025890,0.028029,0.993319,0.002059,0.000000
6.463974,0.000000,0.000000,0.002680,0.002168,-0.002680,-0.002168,0.025890,0.028029,0.993319,0.002059,0.000000
6.479973,0.000000,0.000000,0.002655,0.002144,-0.002655,-0.002144,0.025641,0.027760,0.993319,0.002102,0.000000
6.479973,0.000000,0.000000,0.002655,0.002144,-0.002655,-0.002144,0.025641,0.027760,0.993319,0.002102,0.000000
6.495973,0.000000,0.000000,0.002626,0.002122,-0.002626,-0.002122,0.025395,0.027493,0.993320,0.002144,0.000000
6.495973,0.000000,0.000000,0.002626,0.002122,-0.002626,-0.002122,0.025395,0.027493,0.993320,0.002144,0.000000
6.511973,0.000000,0.000000,0.002598,0.002100,-0.002598,-0.002100,0.025151,0.027229,0.993320,0.002185,0.000000
6.511973,0.000000,0.000000,0.002598,0.002100,-0.002598,-0.002100,0.025151,0.027229,0.993320,0.002185,0.000000
6.527973,0.000000,0.000000,0.002570,0.002079,-0.002570,-0.002079,0.024910,0.026968,0.993321,0.002226,0.000000
6.527973,0.000000,0.000000,0.002570,0.002079,-0.002570,-0.002079,0.024910,0.026968,0.993321,0.002226,0.000000
6.543972,0.000000,0.000000,0.002544,0.002059,-0.002544,-0.002059,0.024671,0.026709,0.993321,0.002267,0.000000
6.543972,0.000000,0.000000,0.002544,0.002059,-0.002544,-0.002059,0.024671,0.026709,0.993321,0.002267,0.000000
6.559972,0.000000,0.000000,0.002517,0.002039,-0.002517,-0.002039,0.024434,0.026452,0.993322,0.002307,0.000000
6.559972,0.000000,0.000000,0.002517,0.002039,-0.002517,-0.002039,0.024434,0.026452,0.993322,0.002307,0.000000
6.575972,0.000000,0.000000,0.002492,0.002019,-0.002492,-0.002019,0.024199,0.026199,0.993322,0.002347,0.000000
6.575972,0.000000,0.000000,0.002492,0.002019,-0.002492,-0.002019,0.024199,0.026199,0.993322,0.002347,0.000000
6.591972,0.000000,0.000000,0.002466,0.001999,-0.002466,-0.001999,0.023967,0.025947,0.993323,0.002387,0.000000
6.591972,0.000000,0.000000,0.002466,0.001999,-0.002466,-0.001999,0.023967,0.025947,0.993323,0.002387,0.000000
6.607972,0.000000,0.000000,0.002441,0.001980,-0.002441,-0.001980,0.023737,0.025698,0.993323,0.002426,0.000000
6.607972,0.000000,0.000000,0.002441,0.001980,-0.002441,-0.001980,0.023737,0.025698,0.993323,0.002426,0.000000
6.623971,0.000000,0.000000,0.002416,0.001961,-0.002416,-0.001961,0.023509,0.025451,0.993324,0.002464,0.000000
6.623971,0.000000,0.000000,0.002416,0.001961,-0.002416,-0.001961,0.023509,0.025451,0.993324,0.002464,0.000000
6.639971,0.000000,0.000000,0.002391,0.001942,-0.002391,-0.001942,0.023283,0.025207,0.993324,0.002503,0.000000
6.639971,0.000000,0.000000,0.002391,0.001942,-0.002391,-0.001942,0.023283,0.025207,0.993324,0.002503,0.000000
6.655971,0.000000,0.000000,0.002368,0.001923,-0.002368,-0.001923,0.023060,0.024965,0.993325,0.002540,0.000000
6.655971,0.000000,0.000000,0.002368,0.001923,-0.002368,-0.001923,0.023060,0.024965,0.993325,0.002540,0.000000
6.671971,0.000000,0.000000,0.002344,0.001905,-0.002344,-0.001905,0.022838,0.024725,0.993325,0.002578,0.000000
6.671971,0.000000,0.000000,0.002344,0.001905,-0.002344,-0.001905,0.022838,0.024725,0.993325,0.002578,0.000000
6.687971,0.000000,0.000000,0.002321,0.001887,-0.002321,-0.001887,0.022619,0.024488,0.993326,0.002615,0.000000
6.687971,0.000000,0.000000,0.002321,0.001887,-0.002321,-0.001887,0.022619,0.024488,0.993326,0.002615,0.000000
6.703970,0.000000,0.000000,0.002298,0.001868,-0.002298,-0.001868,0.022402,0.024253,0.993326,0.002652,0.000000
6.703970,0.000000,0.000000,0.002298,0.001868,-0.002298,-0.001868,0.022402,0.024253,0.993326,0.002652,0.000000
6.719970,0.000000,0.000000,0.002276,0.001851,-0.002276,-0.001851,0.022187,0.024020,0.993327,0.002688,0.000000
6.719970,0.000000,0.000000,0.002276,0.001851,-0.002276,-0.001851,0.022187,0.024020,0.993327,0.002688,0.000000
6.735970,0.000000,0.000000,0.002254,0.001833,-0.002254,-0.001833,0.021974,0.023789,0.993327,0.002724,0.000000
6.735970,0.000000,0.000000,0.002254,0.001833,-0.002254,-0.001833,0.021974,0.023789,0.993327,0.002724,0.000000
6.751970,0.000000,0.000000,0.002232,0.001815,-0.002232,-0.001815,0.021763,0.023561,0.993327,0.002760,0.000000
6.751970,0.000000,0.000000,0.002232,0.001815,-0.002232,-0.001815,0.021763,0.023561,0.993327,0.002760,0.000000
6.767970,0.000000,0.000000,0.002210,0.001798,-0.002210,-0.001798,0.021554,0.023335,0.993328,0.002795,0.000000
6.767970,0.000000,0.000000,0.002210,0.001798,-0.002210,-0.001798,0.021554,0.023335,0.993328,0.002795,0.000000
6.783969,0.000000,0.000000,0.002189,0.001781,-0.002189,-0.001781,0.021347,0.023111,0.993328,0.002830,0.000000
6.783969,0.000000,0.000000,0.002189,0.001781,-0.002189,-0.001781,0.021347,0.023111,0.993328,0.002830,0.000000
6.799969,0.000000,0.000000,0.002168,0.001763,-0.002168,-0.001763,0.021142,0.022889,0.993329,0.002865,0.000000
6.799969,0.000000,0.000000,0.002168,0.001763,-0.002168,-0.001763,0.021142,0.022889,0.993329,0.002865,0.000000
6.815969,0.000000,0.000000,0.002147,0.001746,-0.002147,-0.001746,0.020939,0.022669,0.993329,0.002899,0.000000
6.815969,0.000000,0.000000,0.002147,0.001746,-0.002147,-0.001746,0.020939,0.022669,0.993329,0.002899,0.000000
6.831969,0.000000,0.000000,0.002126,0.001730,-0.002126,-0.001730,0.020738,0.022452,0.993330,0.002933,0.000000
6.831969,0.000000,0.000000,0.002126,0.001730,-0.002126,-0.001730,0.020738,0.022452,0.993330,0.002933,0.000000
6.847969,0.000000,0.000000,0.002106,0.001713,-0.002106,-0.001713,0.020539,0.022236,0.993330,0.002967,0.000000
6.847969,0.000000,0.000000,0.002106,0.001713,-0.002106,-0.001713,0.020539,0.022236,0.993330,0.002967,0.000000
6.863968,0.000000,0.000000,0.002086,0.001697,-0.002086,-0.001697,0.020342,0.022023,0.993331,0.003001,0.000000
6.863968,0.000000,0.000000,0.002086,0.001697,-0.002086,-0.001697,0.020342,0.022023,0.993331,0.003001,0.000000
6.879968,0.200000,0.000000,0.002066,0.001680,0.197934,-0.001680,1.955347,1.957011,0.993331,0.003034,0.000000
6.879968,0.200000,0.000000,0.002066,0.001680,0.197934,-0.001680,1.955347,1.957011,0.993331,0.003034,0.000000
6.895968,0.200000,0.000000,0.052748,0.001658,0.147252,-0.001658,1.955800,1.957448,0.993371,0.003877,0.000000
6.895968,0.200000,0.000000,0.052748,0.001658,0.147252,-0.001658,1.955800,1.957448,0.993371,0.003877,0.000000
6.911968,0.200000,0.000000,0.104222,0.001642,0.095778,-0.001642,1.956248,1.957881,0.993414,0.005544,0.000000
6.911968,0.200000,0.000000,0.104222,0.001642,0.095778,-0.001642,1.956248,1.957881,0.993414,0.005544,0.000000
6.927968,0.200000,0.000000,0.155551,0.001626,0.044449,-0.001626,1.956693,1.958310,0.993460,0.008032,0.000000
6.927968,0.200000,0.000000,0.155551,0.001626,0.044449,-0.001626,1.956693,1.958310,0.993460,0.008032,0.000000
6.943967,0.200000,0.000000,0.195502,0.001611,0.004498,-0.001611,1.957133,1.958735,0.993507,0.011160,0.000000
6.943967,0.200000,0.000000,0.195502,0.001611,0.004498,-0.001611,1.957133,1.958735,0.993507,0.011160,0.000000
6.959967,0.200000,0.000000,0.196268,0.001597,0.003732,-0.001597,1.957569,1.959155,0.993554,0.014300,0.000000
6.959967,0.200000,0.000000,0.196268,0.001597,0.003732,-0.001597,1.957569,1.959155,0.993554,0.014300,0.000000
6.975967,0.200000,0.000000,0.196228,0.001579,0.003772,-0.001579,1.958001,1.959572,0.993601,0.017439,0.000000
6.975967,0.200000,0.000000,0.196228,0.001579,0.003772,-0.001579,1.958001,1.959572,0.993601,0.017439,0.000000
6.991967,0.200000,0.000000,0.196191,0.001565,0.003809,-0.001565,1.958429,1.959985,0.993648,0.020578,0.000000
6.991967,0.200000,0.000000,0.196191,0.001565,0.003809,-0.001565,1.958429,1.959985,0.993648,0.020578,0.000000
7.007967,0.200000,0.000000,0.196169,0.001550,0.003831,-0.001550,1.958852,1.960394,0.993694,0.023716,0.000000
7.007967,0.200000,0.000000,0.196169,0.001550,0.003831,-0.001550,1.958852,1.960394,0.993694,0.023716,0.000000
7.023966,0.200000,0.000000,0.196160,0.001535,0.003840,-0.001535,1.959272,1.960799,0.993741,0.026854,0.000000
7.023966,0.200000,0.000000,0.196160,0.001535,0.003840,-0.001535,1.959272,1.960799,0.993741,0.026854,0.000000
7.039966,0.200000,0.000000,0.196160,0.001521,0.003840,-0.001521,1.959688,1.961200,0.993787,0.029992,0.000000
7.039966,0.200000,0.000000,0.196160,0.001521,0.003840,-0.001521,1.959688,1.961200,0.993787,0.029992,0.000000
7.055966,0.200000,0.000000,0.196168,0.001506,0.003832,-0.001506,1.960099,1.961597,0.993833,0.033131,0.000000
7.055966,0.200000,0.000000,0.196168,0.001506,0.003832,-0.001506,1.960099,1.961597,0.993833,0.033131,0.000000
7.071966,0.200000,0.000000,0.196183,0.001492,0.003817,-0.001492,1.960507,1.961990,0.993880,0.036269,0.000000
7.071966,0.200000,0.000000,0.196183,0.001492,0.003817,-0.001492,1.960507,1.961990,0.993880,0.036269,0.000000
7.087965,0.200000,0.000000,0.196202,0.001477,0.003798,-0.001477,1.960911,1.962380,0.993926,0.039408,0.000000
7.087965,0.200000,0.000000,0.196202,0.001477,0.003798,-0.001477,1.960911,1.962380,0.993926,0.039408,0.000000
7.103965,0.200000,0.000000,0.196224,0.001463,0.003776,-0.001463,1.961311,1.962766,0.993972,0.042547,0.000000
7.103965,0.200000,0.000000,0.196224,0.001463,0.003776,-0.001463,1.961311,1.962766,0.993972,0.042547,0.000000
7.119965,0.200000,0.000000,0.196250,0.001449,0.003750,-0.001449,1.961707,1.963148,0.994018,0.045687,0.000000
7.119965,0.200000,0.000000,0.196250,0.001449,0.003750,-0.001449,1.961707,1.963148,0.994018,0.045687,0.000000
7.135965,0.200000,0.000000,0.196279,0.001435,0.003721,-0.001435,1.962099,1.963526,0.994064,0.048827,0.000000
7.135965,0.200000,0.000000,0.196279,0.001435,0.003721,-0.001435,1.962099,1.963526,0.994064,0.048827,0.000000
7.151965,0.200000,0.000000,0.196308,0.001422,0.003692,-0.001422,1.962488,1.963901,0.994110,0.051968,0.000000
7.151965,0.200000,0.000000,0.196308,0.001422,0.003692,-0.001422,1.962488,1.963901,0.994110,0.051968,0.000000
7.167964,0.200000,0.000000,0.196340,0.001408,0.003660,-0.001408,1.962872,1.964272,0.994155,0.055109,0.000000
7.167964,0.200000,0.000000,0.196340,0.001408,0.003660,-0.001408,1.962872,1.964272,0.994155,0.055109,0.000000
7.183964,0.200000,0.000000,0.196372,0.001395,0.003628,-0.001395,1.963254,1.964640,0.994201,0.058251,0.000000
7.183964,0.200000,0.000000,0.196372,0.001395,0.003628,-0.001395,1.963254,1.964640,0.994201,0.058251,0.000000
7.199964,0.200000,0.000000,0.196405,0.001381,0.003595,-0.001381,1.963631,1.965004,0.994247,0.061393,0.000000
7.199964,0.200000,0.000000,0.196405,0.001381,0.003595,-0.001381,1.963631,1.965004,0.994247,0.061393,0.000000
7.215964,0.200000,0.000000,0.196439,0.001368,0.003561,-0.001368,1.964005,1.965365,0.994292,0.064535,0.000000
7.215964,0.200000,0.000000,0.196439,0.001368,0.003561,-0.001368,1.964005,1.965365,0.994292,0.064535,0.000000
7.231964,0.200000,0.000000,0.196473,0.001355,0.003527,-0.001355,1.964375,1.965723,0.994338,0.067679,0.000000
7.231964,0.200000,0.000000,0.196473,0.001355,0.003527,-0.001355,1.964375,1.965723,0.994338,0.067679,0.000000
7.247963,0.200000,0.000000,0.196507,0.001342,0.003493,-0.001342,1.964742,1.966076,0.994383,0.070822,0.000000
7.247963,0.200000,0.000000,0.196507,0.001342,0.003493,-0.001342,1.964742,1.966076,0.994383,0.070822,0.000000
7.263963,0.200000,0.000000,0.196541,0.001329,0.003459,-0.001329,1.965105,1.966427,0.994429,0.073967,0.000000
7.263963,0.200000,0.000000,0.196541,0.001329,0.003459,-0.001329,1.965105,1.966427,0.994429,0.073967,0.000000
7.279963,0.200000,0.000000,0.196576,0.001317,0.003424,-0.001317,1.965465,1.966774,0.994474,0.077112,0.000000
7.279963,0.200000,0.000000,0.196576,0.001317,0.003424,-0.001317,1.965465,1.966774,0.994474,0.077112,0.000000
7.295963,0.200000,0.000000,0.196610,0.001304,0.003390,-0.001304,1.965822,1.967118,0.994519,0.080257,0.000000
7.295963,0.200000,0.000000,0.196610,0.001304,0.003390,-0.001304,1.965822,1.967118,0.994519,0.080257,0.000000
7.311963,0.200000,0.000000,0.196644,0.001291,0.003356,-0.001291,1.966174,1.967458,0.994565,0.083403,0.000000
7.311963,0.200000,0.000000,0.196644,0.001291,0.003356,-0.001291,1.966174,1.967458,0.994565,0.083403,0.000000
7.327962,0.200000,0.000000,0.196678,0.001279,0.003322,-0.001279,1.966524,1.967796,0.994610,0.086550,0.000000
7.327962,0.200000,0.000000,0.196678,0.001279,0.003322,-0.001279,1.966524,1.967796,0.994610,0.086550,0.000000
7.343962,0.200000,0.000000,0.196712,0.001267,0.003288,-0.001267,1.966870,1.968130,0.994655,0.089697,0.000000
7.343962,0.200000,0.000000,0.196712,0.001267,0.003288,-0.001267,1.966870,1.968130,0.994655,0.089697,0.000000
7.359962,0.200000,0.000000,0.196745,0.001255,0.003255,-0.001255,1.967213,1.968461,0.994700,0.092844,0.000000
7.359962,0.200000,0.000000,0.196745,0.001255,0.003255,-0.001255,1.967213,1.968461,0.994700,0.092844,0.000000
7.375962,0.200000,0.000000,0.196779,0.001243,0.003221,-0.001243,1.967553,1.968789,0.994745,0.095992,0.000000
7.375962,0.200000,0.000000,0.196779,0.001243,0.003221,-0.001243,1.967553,1.968789,0.994745,0.095992,0.000000
7.391962,0.200000,0.000000,0.196812,0.001231,0.003188,-0.001231,1.967889,1.969113,0.994790,0.099141,0.000000
7.391962,0.200000,0.000000,0.196812,0.001231,0.003188,-0.001231,1.967889,1.969113,0.994790,0.099141,0.000000
7.407961,0.200000,0.000000,0.196845,0.001219,0.003155,-0.001219,1.968222,1.969434,0.994835,0.102290,0.000000
7.407961,0.200000,0.000000,0.196845,0.001219,0.003155,-0.001219,1.968222,1.969434,0.994835,0.102290,0.000000
7.423961,0.200000,0.000000,0.196877,0.001207,0.003123,-0.001207,1.968552,1.969753,0.994880,0.105440,0.000000
7.423961,0.200000,0.000000,0.196877,0.001207,0.003123,-0.001207,1.968552,1.969753,0.994880,0.105440,0.000000
7.439961,0.200000,0.000000,0.196910,0.001196,0.003090,-0.001196,1.968879,1.970068,0.994925,0.108590,0.000000
7.439961,0.200000,0.000000,0.196910,0.001196,0.003090,-0.001196,1.968879,1.970068,0.994925,0.108590,0.000000
7.455961,0.200000,0.000000,0.196942,0.001184,0.003058,-0.001184,1.969203,1.970381,0.994970,0.111741,0.000000
7.455961,0.200000,0.000000,0.196942,0.001184,0.003058,-0.001184,1.969203,1.970381,0.994970,0.111741,0.000000
7.471961,0.200000,0.000000,0.196974,0.001173,0.003026,-0.001173,1.969524,1.970690,0.995014,0.114892,0.000000
7.471961,0.200000,0.000000,0.196974,0.001173,0.003026,-0.001173,1.969524,1.970690,0.995014,0.114892,0.000000
7.487960,0.200000,0.000000,0.197005,0.001162,0.002995,-0.001162,1.969841,1.970996,0.995059,0.118044,0.000000
7.487960,0.200000,0.000000,0.197005,0.001162,0.002995,-0.001162,1.969841,1.970996,0.995059,0.118044,0.000000
7.503960,0.200000,0.000000,0.197036,0.001151,0.002964,-0.001151,1.970156,1.971300,0.995104,0.121196,0.000000
7.503960,0.200000,0.000000,0.197036,0.001151,0.002964,-0.001151,1.970156,1.971300,0.995104,0.121196,0.000000
7.519960,0.200000,0.000000,0.197067,0.001140,0.002933,-0.001140,1.970467,1.971600,0.995148,0.124349,0.000000
7.519960,0.200000,0.000000,0.197067,0.001140,0.002933,-0.001140,1.970467,1.971600,0.995148,0.124349,0.000000
7.535960,0.200000,0.000000,0.197098,0.001129,0.002902,-0.001129,1.970776,1.971898,0.995193,0.127502,0.000000
7.535960,0.200000,0.000000,0.197098,0.001129,0.002902,-0.001129,1.970776,1.971898,0.995193,0.127502,0.000000
7.551960,0.200000,0.000000,0.197128,0.001118,0.002872,-0.001118,1.971081,1.972193,0.995237,0.130656,0.000000
7.551960,0.200000,0.000000,0.197128,0.001118,0.002872,-0.001118,1.971081,1.972193,0.995237,0.130656,0.000000
7.567959,0.200000,0.000000,0.197158,0.001107,0.002842,-0.001107,1.971384,1.972485,0.995282,0.133810,0.000000
7.567959,0.200000,0.000000,0.197158,0.001107,0.002842,-0.001107,1.971384,1.972485,0.995282,0.133810,0.000000
7.583959,0.200000,0.000000,0.197188,0.001096,0.002812,-0.001096,1.971684,1.972774,0.995326,0.136965,0.000000
7.583959,0.200000,0.000000,0.197188,0.001096,0.002812,-0.001096,1.971684,1.972774,0.995326,0.136965,0.000000
7.599959,0.200000,0.000000,0.197217,0.001086,0.002783,-0.001086,1.971981,1.973061,0.995370,0.140120,0.000000
7.599959,0.200000,0.000000,0.197217,0.001086,0.002783,-0.001086,1.971981,1.973061,0.995370,0.140120,0.000000
7.615959,0.200000,0.000000,0.197246,0.001076,0.002754,-0.001076,1.972275,1.973344,0.995415,0.143276,0.000000
7.615959,0.200000,0.000000,0.197246,0.001076,0.002754,-0.001076,1.972275,1.973344,0.995415,0.143276,0.000000
7.631958,0.200000,0.000000,0.197275,0.001066,0.002725,-0.001066,1.972566,1.973625,0.995459,0.146432,0.000000
7.631958,0.200000,0.000000,0.197275,0.001066,0.002725,-0.001066,1.972566,1.973625,0.995459,0.146432,0.000000
7.647958,0.200000,0.000000,0.197304,0.001055,0.002696,-0.001055,1.972854,1.973904,0.995503,0.149588,0.000000
7.647958,0.200000,0.000000,0.197304,0.001055,0.002696,-0.001055,1.972854,1.973904,0.995503,0.149588,0.000000
7.663958,0.200000,0.000000,0.197332,0.001045,0.002668,-0.001045,1.973140,1.974179,0.995547,0.152745,0.000000
7.663958,0.200000,0.000000,0.197332,0.001045,0.002668,-0.001045,1.973140,1.974179,0.995547,0.152745,0.000000
7.679958,0.200000,0.000000,0.197360,0.001035,0.002640,-0.001035,1.973423,1.974452,0.995591,0.155903,0.000000
7.679958,0.200000,0.000000,0.197360,0.001035,0.002640,-0.001035,1.973423,1.974452,0.995591,0.155903,0.000000
7.695958,0.200000,0.000000,0.197388,0.001025,0.002612,-0.001025,1.973703,1.974723,0.995635,0.159061,0.000000
7.695958,0.200000,0.000000,0.197388,0.001025,0.002612,-0.001025,1.973703,1.974723,0.995635,0.159061,0.000000
7.711957,0.200000,0.000000,0.197416,0.001016,0.002584,-0.001016,1.973981,1.974991,0.995679,0.162219,0.000000
7.711957,0.200000,0.000000,0.197416,0.001016,0.002584,-0.001016,1.973981,1.974991,0.995679,0.162219,0.000000
7.727957,0.200000,0.000000,0.197443,0.001006,0.002557,-0.001006,1.974256,1.975256,0.995723,0.165378,0.000000
7.727957,0.200000,0.000000,0.197443,0.001006,0.002557,-0.001006,1.974256,1.975256,0.995723,0.165378,0.000000
7.743957,0.200000,0.000000,0.197470,0.000996,0.002530,-0.000996,1.974528,1.975519,0.995767,0.168537,0.000000
7.743957,0.200000,0.000000,0.197470,0.000996,0.002530,-0.000996,1.974528,1.975519,0.995767,0.168537,0.000000
7.759957,0.200000,0.000000,0.197497,0.000987,0.002503,-0.000987,1.974798,1.975779,0.995811,0.171697,0.000000
7.759957,0.200000,0.000000,0.197497,0.000987,0.002503,-0.000987,1.974798,1.975779,0.995811,0.171697,0.000000
7.775957,0.200000,0.000000,0.197523,0.000978,0.002477,-0.000978,1.975065,1.976037,0.995855,0.174857,0.000000
7.775957,0.200000,0.000000,0.197523,0.000978,0.002477,-0.000978,1.975065,1.976037,0.995855,0.174857,0.000000
7.791956,0.200000,0.000000,0.197550,0.000968,0.002450,-0.000968,1.975329,1.976292,0.995899,0.178017,0.000000
7.791956,0.200000,0.000000,0.197550,0.000968,0.002450,-0.000968,1.975329,1.976292,0.995899,0.178017,0.000000
7.807956,0.200000,0.000000,0.197576,0.000959,0.002424,-0.000959,1.975591,1.976545,0.995942,0.181178,0.000000
7.807956,0.200000,0.000000,0.197576,0.000959,0.002424,-0.000959,1.975591,1.976545,0.995942,0.181178,0.000000
7.823956,0.200000,0.000000,0.197601,0.000950,0.002399,-0.000950,1.975851,1.976795,0.995986,0.184339,0.000000
7.823956,0.200000,0.000000,0.197601,0.000950,0.002399,-0.000950,1.975851,1.976795,0.995986,0.184339,0.000000
7.839956,0.200000,0.000000,0.197627,0.000941,0.002373,-0.000941,1.976108,1.977043,0.996030,0.187501,0.000000
7.839956,0.200000,0.000000,0.197627,0.000941,0.002373,-0.000941,1.976108,1.977043,0.996030,0.187501,0.000000
7.855956,0.200000,0.000000,0.197652,0.000931,0.002348,-0.000931,1.976363,1.977289,0.996073,0.190663,0.000000
7.855956,0.200000,0.000000,0.197652,0.000931,0.002348,-0.000931,1.976363,1.977289,0.996073,0.190663,0.000000
7.871955,0.200000,0.000000,0.197677,0.000923,0.002323,-0.000923,1.976615,1.977532,0.996117,0.193826,0.000000
7.871955,0.200000,0.000000,0.197677,0.000923,0.002323,-0.000923,1.976615,1.977532,0.996117,0.193826,0.000000
7.887955,0.200000,0.000000,0.197702,0.000914,0.002298,-0.000914,1.976865,1.977773,0.996161,0.196989,0.000000
7.887955,0.200000,0.000000,0.197702,0.000914,0.002298,-0.000914,1.976865,1.977773,0.996161,0.196989,0.000000
7.903955,0.200000,0.000000,0.197727,0.000905,0.002273,-0.000905,1.977112,1.978012,0.996204,0.200152,0.000000
7.903955,0.200000,0.000000,0.197727,0.000905,0.002273,-0.000905,1.977112,1.978012,0.996204,0.200152,0.000000
7.919955,0.200000,0.000000,0.197751,0.000896,0.002249,-0.000896,1.977357,1.978248,0.996248,0.203316,0.000000
7.919955,0.200000,0.000000,0.197751,0.000896,0.002249,-0.000896,1.977357,1.978248,0.996248,0.203316,0.000000
7.935955,0.200000,0.000000,0.197775,0.000888,0.002225,-0.000888,1.977600,1.978482,0.996291,0.206480,0.000000
7.935955,0.200000,0.000000,0.197775,0.000888,0.002225,-0.000888,1.977600,1.978482,0.996291,0.206480,0.000000
7.951954,0.200000,0.000000,0.197799,0.000879,0.002201,-0.000879,1.977840,1.978714,0.996334,0.209644,0.000000
7.951954,0.200000,0.000000,0.197799,0.000879,0.002201,-0.000879,1.977840,1.978714,0.996334,0.209644,0.000000
7.967954,0.200000,0.000000,0.197822,0.000871,0.002178,-0.000871,1.978078,1.978944,0.996378,0.212809,0.000000
7.967954,0.200000,0.000000,0.197822,0.000871,0.002178,-0.000871,1.978078,1.978944,0.996378,0.212809,0.000000
7.983954,0.200000,0.000000,0.197846,0.000862,0.002154,-0.000862,1.978314,1.979171,0.996421,0.215975,0.000000
7.983954,0.200000,0.000000,0.197846,0.000862,0.002154,-0.000862,1.978314,1.979171,0.996421,0.215975,0.000000
7.999954,0.200000,0.000000,0.197869,0.000855,0.002131,-0.000855,1.978547,1.979397,0.996464,0.219140,0.000000
7.999954,0.200000,0.000000,0.197869,0.000855,0.002131,-0.000855,1.978547,1.979397,0.996464,0.219140,0.000000
8.015954,0.200000,0.000000,0.197892,0.000846,0.002108,-0.000846,1.978778,1.979620,0.996507,0.222306,0.000000
8.015954,0.200000,0.000000,0.197892,0.000846,0.002108,-0.000846,1.978778,1.979620,0.996507,0.222306,0.000000
8.031954,0.200000,0.000000,0.197915,0.000838,0.002085,-0.000838,1.979007,1.979841,0.996551,0.225472,0.000000
8.031954,0.200000,0.000000,0.197915,0.000838,0.002085,-0.000838,1.979007,1.979841,0.996551,0.225472,0.000000
8.047954,0.200000,0.000000,0.197937,0.000830,0.002063,-0.000830,1.979234,1.980060,0.996594,0.228639,0.000000
8.047954,0.200000,0.000000,0.197937,0.000830,0.002063,-0.000830,1.979234,1.980060,0.996594,0.228639,0.000000
8.063953,0.200000,0.000000,0.197959,0.000822,0.002041,-0.000822,1.979459,1.980276,0.996637,0.231806,0.000000
8.063953,0.200000,0.000000,0.197959,0.000822,0.002041,-0.000822,1.979459,1.980276,0.996637,0.231806,0.000000
8.079953,0.200000,0.000000,0.197981,0.000814,0.002019,-0.000814,1.979682,1.980491,0.996680,0.234974,0.000000
8.079953,0.200000,0.000000,0.197981,0.000814,0.002019,-0.000814,1.979682,1.980491,0.996680,0.234974,0.000000
8.095953,0.200000,0.000000,0.198003,0.000806,0.001997,-0.000806,1.979902,1.980704,0.996723,0.238141,0.000000
8.095953,0.200000,0.000000,0.198003,0.000806,0.001997,-0.000806,1.979902,1.980704,0.996723,0.238141,0.000000
8.111953,0.200000,0.000000,0.198025,0.000799,0.001975,-0.000799,1.980120,1.980915,0.996766,0.241309,0.000000
8.111953,0.200000,0.000000,0.198025,0.000799,0.001975,-0.000799,1.980120,1.980915,0.996766,0.241309,0.000000
8.127953,0.200000,0.000000,0.198046,0.000791,0.001954,-0.000791,1.980337,1.981123,0.996809,0.244478,0.000000
8.127953,0.200000,0.000000,0.198046,0.000791,0.001954,-0.000791,1.980337,1.981123,0.996809,0.244478,0.000000
8.143952,0.200000,0.000000,0.198068,0.000783,0.001932,-0.000783,1.980551,1.981330,0.996852,0.247647,0.000000
8.143952,0.200000,0.000000,0.198068,0.000783,0.001932,-0.000783,1.980551,1.981330,0.996852,0.247647,0.000000
8.159952,0.200000,0.000000,0.198089,0.000776,0.001911,-0.000776,1.980763,1.981534,0.996895,0.250816,0.000000
8.159952,0.200000,0.000000,0.198089,0.000776,0.001911,-0.000776,1.980763,1.981534,0.996895,0.250816,0.000000
8.175952,0.200000,0.000000,0.198110,0.000768,0.001890,-0.000768,1.980973,1.981737,0.996938,0.253985,0.000000
8.175952,0.200000,0.000000,0.198110,0.000768,0.001890,-0.000768,1.980973,1.981737,0.996938,0.253985,0.000000
8.191952,0.200000,0.000000,0.198130,0.000761,0.001870,-0.000761,1.981181,1.981938,0.996981,0.257155,0.000000
8.191952,0.200000,0.000000,0.198130,0.000761,0.001870,-0.000761,1.981181,1.981938,0.996981,0.257155,0.000000
8.207952,0.200000,0.000000,0.198151,0.000754,0.001849,-0.000754,1.981387,1.982137,0.997023,0.260325,0.000000
8.207952,0.200000,0.000000,0.198151,0.000754,0.001849,-0.000754,1.981387,1.982137,0.997023,0.260325,0.000000
8.223951,0.200000,0.000000,0.198171,0.000747,0.001829,-0.000747,1.981591,1.982334,0.997066,0.263496,0.000000
8.223951,0.200000,0.000000,0.198171,0.000747,0.001829,-0.000747,1.981591,1.982334,0.997066,0.263496,0.000000
8.239951,0.200000,0.000000,0.198191,0.000740,0.001809,-0.000740,1.981793,1.982529,0.997109,0.266666,0.000000
8.239951,0.200000,0.000000,0.198191,0.000740,0.001809,-0.000740,1.981793,1.982529,0.997109,0.266666,0.000000
8.255951,0.200000,0.000000,0.198211,0.000733,0.001789,-0.000733,1.981994,1.982722,0.997152,0.269838,0.000000
8.255951,0.200000,0.000000,0.198211,0.000733,0.001789,-0.000733,1.981994,1.982722,0.997152,0.269838,0.000000
8.271951,0.200000,0.000000,0.198230,0.000726,0.001770,-0.000726,1.982192,1.982913,0.997194,0.273009,0.000000
8.271951,0.200000,0.000000,0.198230,0.000726,0.001770,-0.000726,1.982192,1.982913,0.997194,0.273009,0.000000
8.287951,0.200000,0.000000,0.198250,0.000718,0.001750,-0.000718,1.982388,1.983103,0.997237,0.276181,0.000000
8.287951,0.200000,0.000000,0.198250,0.000718,0.001750,-0.000718,1.982388,1.983103,0.997237,0.276181,0.000000
8.303950,0.200000,0.000000,0.198269,0.000712,0.001731,-0.000712,1.982583,1.983291,0.997279,0.279353,0.000000
8.303950,0.200000,0.000000,0.198269,0.000712,0.001731,-0.000712,1.982583,1.983291,0.997279,0.279353,0.000000
8.319950,0.200000,0.000000,0.198288,0.000705,0.001712,-0.000705,1.982775,1.983477,0.997322,0.282525,0.000000
8.319950,0.200000,0.000000,0.198288,0.000705,0.001712,-0.000705,1.982775,1.983477,0.997322,0.282525,0.000000
8.335950,0.200000,0.000000,0.198307,0.000698,0.001693,-0.000698,1.982966,1.983661,0.997365,0.285698,0.000000
8.335950,0.200000,0.000000,0.198307,0.000698,0.001693,-0.000698,1.982966,1.983661,0.997365,0.285698,0.000000
8.351950,0.200000,0.000000,0.198326,0.000692,0.001674,-0.000692,1.983155,1.983843,0.997407,0.288871,0.000000
8.351950,0.200000,0.000000,0.198326,0.000692,0.001674,-0.000692,1.983155,1.983843,0.997407,0.288871,0.000000
8.367949,0.200000,0.000000,0.198345,0.000685,0.001655,-0.000685,1.983343,1.984024,0.997449,0.292044,0.000000
8.367949,0.200000,0.000000,0.198345,0.000685,0.001655,-0.000685,1.983343,1.984024,0.997449,0.292044,0.000000
8.383949,0.200000,0.000000,0.198363,0.000678,0.001637,-0.000678,1.983528,1.984203,0.997492,0.295217,0.000000
8.383949,0.200000,0.000000,0.198363,0.000678,0.001637,-0.000678,1.983528,1.984203,0.997492,0.295217,0.000000
8.399949,0.200000,0.000000,0.198381,0.000672,0.001619,-0.000672,1.983712,1.984380,0.997534,0.298391,0.000000
8.399949,0.200000,0.000000,0.198381,0.000672,0.001619,-0.000672,1.983712,1.984380,0.997534,0.298391,0.000000
8.415949,0.200000,0.000000,0.198399,0.000666,0.001601,-0.000666,1.983894,1.984555,0.997577,0.301565,0.000000
8.415949,0.200000,0.000000,0.198399,0.000666,0.001601,-0.000666,1.983894,1.984555,0.997577,0.301565,0.000000
8.431949,0.200000,0.000000,0.198417,0.000659,0.001583,-0.000659,1.984074,1.984729,0.997619,0.304740,0.000000
8.431949,0.200000,0.000000,0.198417,0.000659,0.001583,-0.000659,1.984074,1.984729,0.997619,0.304740,0.000000
8.447948,0.200000,0.000000,0.198435,0.000653,0.001565,-0.000653,1.984252,1.984901,0.997661,0.307914,0.000000
8.447948,0.200000,0.000000,0.198435,0.000653,0.001565,-0.000653,1.984252,1.984901,0.997661,0.307914,0.000000
8.463948,0.200000,0.000000,0.198452,0.000646,0.001548,-0.000646,1.984429,1.985072,0.997704,0.311089,0.000000
8.463948,0.200000,0.000000,0.198452,0.000646,0.001548,-0.000646,1.984429,1.985072,0.997704,0.311089,0.000000
8.479948,0.200000,0.000000,0.198470,0.000640,0.001530,-0.000640,1.984604,1.985241,0.997746,0.314264,0.000000
8.479948,0.200000,0.000000,0.198470,0.000640,0.001530,-0.000640,1.984604,1.985241,0.997746,0.314264,0.000000
8.495948,0.200000,0.000000,0.198487,0.000634,0.001513,-0.000634,1.984777,1.985408,0.997788,0.317440,0.000000
8.495948,0.200000,0.000000,0.198487,0.000634,0.001513,-0.000634,1.984777,1.985408,0.997788,0.317440,0.000000
8.511948,0.200000,0.000000,0.198504,0.000628,0.001496,-0.000628,1.984949,1.985574,0.997830,0.320616,0.000000
8.511948,0.200000,0.000000,0.198504,0.000628,0.001496,-0.000628,1.984949,1.985574,0.997830,0.320616,0.000000
8.527947,0.200000,0.000000,0.198521,0.000622,0.001479,-0.000622,1.985119,1.985738,0.997873,0.323792,0.000000
8.527947,0.200000,0.000000,0.198521,0.000622,0.001479,-0.000622,1.985119,1.985738,0.997873,0.323792,0.000000
8.543947,0.200000,0.000000,0.198537,0.000616,0.001463,-0.000616,1.985287,1.985900,0.997915,0.326968,0.000000
8.543947,0.200000,0.000000,0.198537,0.000616,0.001463,-0.000616,1.985287,1.985900,0.997915,0.326968,0.000000
8.559947,0.200000,0.000000,0.198554,0.000610,0.001446,-0.000610,1.985454,1.986061,0.997957,0.330145,0.000000
8.559947,0.200000,0.000000,0.198554,0.000610,0.001446,-0.000610,1.985454,1.986061,0.997957,0.330145,0.000000
8.575947,0.200000,0.000000,0.198570,0.000604,0.001430,-0.000604,1.985619,1.986220,0.997999,0.333322,0.000000
8.575947,0.200000,0.000000,0.198570,0.000604,0.001430,-0.000604,1.985619,1.986220,0.997999,0.333322,0.000000
8.591947,0.200000,0.000000,0.198587,0.000599,0.001413,-0.000599,1.985783,1.986378,0.998041,0.336499,0.000000
8.591947,0.200000,0.000000,0.198587,0.000599,0.001413,-0.000599,1.985783,1.986378,0.998041,0.336499,0.000000
8.607946,0.200000,0.000000,0.198603,0.000593,0.001397,-0.000593,1.985945,1.986535,0.998083,0.339676,0.000000
8.607946,0.200000,0.000000,0.198603,0.000593,0.001397,-0.000593,1.985945,1.986535,0.998083,0.339676,0.000000
8.623946,0.200000,0.000000,0.198619,0.000587,0.001381,-0.000587,1.986106,1.986690,0.998125,0.342854,0.000000
8.623946,0.200000,0.000000,0.198619,0.000587,0.001381,-0.000587,1.986106,1.986690,0.998125,0.342854,0.000000
8.639946,0.200000,0.000000,0.198634,0.000582,0.001366,-0.000582,1.986265,1.986843,0.998167,0.346032,0.000000
8.639946,0.200000,0.000000,0.198634,0.000582,0.001366,-0.000582,1.986265,1.986843,0.998167,0.346032,0.000000
8.655946,0.200000,0.000000,0.198650,0.000576,0.001350,-0.000576,1.986422,1.986995,0.998209,0.349210,0.000000
8.655946,0.200000,0.000000,0.198650,0.000576,0.001350,-0.000576,1.986422,1.986995,0.998209,0.349210,0.000000
8.671946,0.200000,0.000000,0.198666,0.000571,0.001334,-0.000571,1.986578,1.987146,0.998251,0.352388,0.000000
8.671946,0.200000,0.000000,0.198666,0.000571,0.001334,-0.000571,1.986578,1.987146,0.998251,0.352388,0.000000
8.687945,0.200000,0.000000,0.198681,0.000565,0.001319,-0.000565,1.986733,1.987295,0.998293,0.355567,0.000000
8.687945,0.200000,0.000000,0.198681,0.000565,0.001319,-0.000565,1.986733,1.987295,0.998293,0.355567,0.000000
8.703945,0.200000,0.000000,0.198696,0.000560,0.001304,-0.000560,1.986886,1.987442,0.998335,0.358746,0.000000
8.703945,0.200000,0.000000,0.198696,0.000560,0.001304,-0.000560,1.986886,1.987442,0.998335,0.358746,0.000000
8.719945,0.200000,0.000000,0.198711,0.000554,0.001289,-0.000554,1.987037,1.987588,0.998377,0.361925,0.000000
8.719945,0.200000,0.000000,0.198711,0.000554,0.001289,-0.000554,1.987037,1.987588,0.998377,0.361925,0.000000
8.735945,0.200000,0.000000,0.198726,0.000549,0.001274,-0.000549,1.987187,1.987733,0.998419,0.365104,0.000000
8.735945,0.200000,0.000000,0.198726,0.000549,0.001274,-0.000549,1.987187,1.987733,0.998419,0.365104,0.000000
8.751945,0.200000,0.000000,0.198741,0.000544,0.001259,-0.000544,1.987336,1.987877,0.998460,0.368284,0.000000
8.751945,0.200000,0.000000,0.198741,0.000544,0.001259,-0.000544,1.987336,1.987877,0.998460,0.368284,0.000000
8.767944,0.200000,0.000000,0.198755,0.000539,0.001245,-0.000539,1.987483,1.988019,0.998502,0.371463,0.000000
8.767944,0.200000,0.000000,0.198755,0.000539,0.001245,-0.000539,1.987483,1.988019,0.998502,0.371463,0.000000
8.783944,0.200000,0.000000,0.198770,0.000534,0.001230,-0.000534,1.987629,1.988159,0.998544,0.374643,0.000000
8.783944,0.200000,0.000000,0.198770,0.000534,0.001230,-0.000534,1.987629,1.988159,0.998544,0.374643,0.000000
8.799944,0.200000,0.000000,0.198784,0.000528,0.001216,-0.000528,1.987773,1.988299,0.998586,0.377824,0.000000
8.799944,0.200000,0.000000,0.198784,0.000528,0.001216,-0.000528,1.987773,1.988299,0.998586,0.377824,0.000000
8.815944,0.200000,0.000000,0.198798,0.000523,0.001202,-0.000523,1.987916,1.988437,0.998627,0.381004,0.000000
8.815944,0.200000,0.000000,0.198798,0.000523,0.001202,-0.000523,1.987916,1.988437,0.998627,0.381004,0.000000
8.831944,0.200000,0.000000,0.198812,0.000518,0.001188,-0.000518,1.988058,1.988574,0.998669,0.384185,0.000000
8.831944,0.200000,0.000000,0.198812,0.000518,0.001188,-0.000518,1.988058,1.988574,0.998669,0.384185,0.000000
8.847943,0.200000,0.000000,0.198826,0.000513,0.001174,-0.000513,1.988198,1.988709,0.998711,0.387366,0.000000
8.847943,0.200000,0.000000,0.198826,0.000513,0.001174,-0.000513,1.988198,1.988709,0.998711,0.387366,0.000000
8.863943,0.200000,0.000000,0.198840,0.000509,0.001160,-0.000509,1.988337,1.988843,0.998752,0.390547,0.000000
8.863943,0.200000,0.000000,0.198840,0.000509,0.001160,-0.000509,1.988337,1.988843,0.998752,0.390547,0.000000
8.879943,0.200000,0.000000,0.198854,0.000504,0.001146,-0.000504,1.988475,1.988976,0.998794,0.393728,0.000000
8.879943,0.200000,0.000000,0.198854,0.000504,0.001146,-0.000504,1.988475,1.988976,0.998794,0.393728,0.000000
8.895943,0.200000,0.000000,0.198867,0.000499,0.001133,-0.000499,1.988611,1.989107,0.998836,0.396910,0.000000
8.895943,0.200000,0.000000,0.198867,0.000499,0.001133,-0.000499,1.988611,1.989107,0.998836,0.396910,0.000000
8.911942,0.200000,0.000000,0.198881,0.000494,0.001119,-0.000494,1.988747,1.989238,0.998877,0.400092,0.000000
8.911942,0.200000,0.000000,0.198881,0.000494,0.001119,-0.000494,1.988747,1.989238,0.998877,0.400092,0.000000
8.927942,0.200000,0.000000,0.198894,0.000489,0.001106,-0.000489,1.988880,1.989367,0.998919,0.403274,0.000000
8.927942,0.200000,0.000000,0.198894,0.000489,0.001106,-0.000489,1.988880,1.989367,0.998919,0.403274,0.000000
8.943942,0.200000,0.000000,0.198907,0.000485,0.001093,-0.000485,1.989013,1.989495,0.998960,0.406456,0.000000
8.943942,0.200000,0.000000,0.198907,0.000485,0.001093,-0.000485,1.989013,1.989495,0.998960,0.406456,0.000000
8.959942,0.200000,0.000000,0.198920,0.000480,0.001080,-0.000480,1.989144,1.989621,0.999002,0.409639,0.000000
8.959942,0.200000,0.000000,0.198920,0.000480,0.001080,-0.000480,1.989144,1.989621,0.999002,0.409639,0.000000
8.975942,0.200000,0.000000,0.198933,0.000475,0.001067,-0.000475,1.989274,1.989747,0.999043,0.412821,0.000000
8.975942,0.200000,0.000000,0.198933,0.000475,0.001067,-0.000475,1.989274,1.989747,0.999043,0.412821,0.000000
8.991941,0.200000,0.000000,0.198946,0.000471,0.001054,-0.000471,1.989403,1.989871,0.999085,0.416004,0.000000
8.991941,0.200000,0.000000,0.198946,0.000471,0.001054,-0.000471,1.989403,1.989871,0.999085,0.416004,0.000000
9.007941,0.200000,0.000000,0.198958,0.000466,0.001042,-0.000466,1.989530,1.989994,0.999126,0.419187,0.000000
9.007941,0.200000,0.000000,0.198958,0.000466,0.001042,-0.000466,1.989530,1.989994,0.999126,0.419187,0.000000
9.023941,0.200000,0.000000,0.198971,0.000462,0.001029,-0.000462,1.989656,1.990116,0.999168,0.422370,0.000000
9.023941,0.200000,0.000000,0.198971,0.000462,0.001029,-0.000462,1.989656,1.990116,0.999168,0.422370,0.000000
9.039941,0.200000,0.000000,0.198983,0.000458,0.001017,-0.000458,1.989781,1.990236,0.999209,0.425554,0.000000
9.039941,0.200000,0.000000,0.198983,0.000458,0.001017,-0.000458,1.989781,1.990236,0.999209,0.425554,0.000000
9.055941,0.200000,0.000000,0.198996,0.000453,0.001004,-0.000453,1.989905,1.990356,0.999250,0.428737,0.000000
9.055941,0.200000,0.000000,0.198996,0.000453,0.001004,-0.000453,1.989905,1.990356,0.999250,0.428737,0.000000
9.071940,0.200000,0.000000,0.199008,0.000449,0.000992,-0.000449,1.990028,1.990474,0.999292,0.431921,0.000000
9.071940,0.200000,0.000000,0.199008,0.000449,0.000992,-0.000449,1.990028,1.990474,0.999292,0.431921,0.000000
9.087940,0.200000,0.000000,0.199020,0.000445,0.000980,-0.000445,1.990149,1.990591,0.999333,0.435105,0.000000
9.087940,0.200000,0.000000,0.199020,0.000445,0.000980,-0.000445,1.990149,1.990591,0.999333,0.435105,0.000000
9.103940,0.200000,0.000000,0.199032,0.000440,0.000968,-0.000440,1.990270,1.990707,0.999375,0.438290,0.000000
9.103940,0.200000,0.000000,0.199032,0.000440,0.000968,-0.000440,1.990270,1.990707,0.999375,0.438290,0.000000
9.119940,0.200000,0.000000,0.199043,0.000436,0.000957,-0.000436,1.990389,1.990822,0.999416,0.441474,0.000000
9.119940,0.200000,0.000000,0.199043,0.000436,0.000957,-0.000436,1.990389,1.990822,0.999416,0.441474,0.000000
9.135940,0.200000,0.000000,0.199055,0.000432,0.000945,-0.000432,1.990507,1.990936,0.999457,0.444659,0.000000
9.135940,0.200000,0.000000,0.199055,0.000432,0.000945,-0.000432,1.990507,1.990936,0.999457,0.444659,0.000000
9.151939,0.200000,0.000000,0.199067,0.000428,0.000933,-0.000428,1.990624,1.991049,0.999498,0.447843,0.000000
9.151939,0.200000,0.000000,0.199067,0.000428,0.000933,-0.000428,1.990624,1.991049,0.999498,0.447843,0.000000
9.167939,0.200000,0.000000,0.199078,0.000424,0.000922,-0.000424,1.990740,1.991161,0.999540,0.451028,0.000000
9.167939,0.200000,0.000000,0.199078,0.000424,0.000922,-0.000424,1.990740,1.991161,0.999540,0.451028,0.000000
9.183939,0.200000,0.000000,0.199090,0.000419,0.000910,-0.000419,1.990854,1.991271,0.999581,0.454214,0.000000
9.183939,0.200000,0.000000,0.199090,0.000419,0.000910,-0.000419,1.990854,1.991271,0.999581,0.454214,0.000000
9.199939,0.200000,0.000000,0.199101,0.000416,0.000899,-0.000416,1.990968,1.991381,0.999622,0.457399,0.000000
9.199939,0.200000,0.000000,0.199101,0.000416,0.000899,-0.000416,1.990968,1.991381,0.999622,0.457399,0.000000
9.215939,0.200000,0.000000,0.199112,0.000412,0.000888,-0.000412,1.991080,1.991490,0.999663,0.460585,0.000000
9.215939,0.200000,0.000000,0.199112,0.000412,0.000888,-0.000412,1.991080,1.991490,0.999663,0.460585,0.000000
9.231938,0.200000,0.000000,0.199123,0.000407,0.000877,-0.000407,1.991192,1.991597,0.999704,0.463770,0.000000
9.231938,0.200000,0.000000,0.199123,0.000407,0.000877,-0.000407,1.991192,1.991597,0.999704,0.463770,0.000000
9.247938,0.200000,0.000000,0.199134,0.000404,0.000866,-0.000404,1.991302,1.991704,0.999746,0.466956,0.000000
9.247938,0.200000,0.000000,0.199134,0.000404,0.000866,-0.000404,1.991302,1.991704,0.999746,0.466956,0.000000
9.263938,0.200000,0.000000,0.199145,0.000400,0.000855,-0.000400,1.991411,1.991809,0.999787,0.470142,0.000000
9.263938,0.200000,0.000000,0.199145,0.000400,0.000855,-0.000400,1.991411,1.991809,0.999787,0.470142,0.000000
9.279938,0.200000,0.000000,0.199156,0.000396,0.000844,-0.000396,1.991520,1.991914,0.999828,0.473328,0.000000
9.279938,0.200000,0.000000,0.199156,0.000396,0.000844,-0.000396,1.991520,1.991914,0.999828,0.473328,0.000000
9.295938,0.200000,0.000000,0.199166,0.000392,0.000834,-0.000392,1.991627,1.992017,0.999869,0.476515,0.000000
9.295938,0.200000,0.000000,0.199166,0.000392,0.000834,-0.000392,1.991627,1.992017,0.999869,0.476515,0.000000
9.311937,0.200000,0.000000,0.199177,0.000388,0.000823,-0.000388,1.991733,1.992120,0.999910,0.479701,0.000000
9.311937,0.200000,0.000000,0.199177,0.000388,0.000823,-0.000388,1.991733,1.992120,0.999910,0.479701,0.000000
9.327937,0.200000,0.000000,0.199187,0.000385,0.000813,-0.000385,1.991838,1.992221,0.999951,0.482888,0.000000
9.327937,0.200000,0.000000,0.199187,0.000385,0.000813,-0.000385,1.991838,1.992221,0.999951,0.482888,0.000000
9.343937,0.200000,0.000000,0.199198,0.000381,0.000802,-0.000381,1.991943,1.992322,0.999992,0.486075,0.000000
9.343937,0.200000,0.000000,0.199198,0.000381,0.000802,-0.000381,1.991943,1.992322,0.999992,0.486075,0.000000
9.359937,0.200000,0.000000,0.199208,0.000377,0.000792,-0.000377,1.992046,1.992421,1.000033,0.489262,0.000000
9.359937,0.200000,0.000000,0.199208,0.000377,0.000792,-0.000377,1.992046,1.992421,1.000033,0.489262,0.000000
9.375937,0.200000,0.000000,0.199218,0.000374,0.000782,-0.000374,1.992148,1.992520,1.000074,0.492449,0.000000
9.375937,0.200000,0.000000,0.199218,0.000374,0.000782,-0.000374,1.992148,1.992520,1.000074,0.492449,0.000000
9.391936,0.200000,0.000000,0.199228,0.000370,0.000772,-0.000370,1.992249,1.992617,1.000115,0.495637,0.000000
9.391936,0.200000,0.000000,0.199228,0.000370,0.000772,-0.000370,1.992249,1.992617,1.000115,0.495637,0.000000
9.407936,0.200000,0.000000,0.199238,0.000367,0.000762,-0.000367,1.992350,1.992714,1.000156,0.498824,0.000000
9.407936,0.200000,0.000000,0.199238,0.000367,0.000762,-0.000367,1.992350,1.992714,1.000156,0.498824,0.000000
9.423936,0.200000,0.000000,0.199248,0.000363,0.000752,-0.000363,1.992449,1.992810,1.000197,0.502012,0.000000
9.423936,0.200000,0.000000,0.199248,0.000363,0.000752,-0.000363,1.992449,1.992810,1.000197,0.502012,0.000000
9.439936,0.200000,0.000000,0.199258,0.000360,0.000742,-0.000360,1.992547,1.992905,1.000238,0.505200,0.000000
9.439936,0.200000,0.000000,0.199258,0.000360,0.000742,-0.000360,1.992547,1.992905,1.000238,0.505200,0.000000
9.455935,0.200000,0.000000,0.199267,0.000356,0.000733,-0.000356,1.992645,1.992999,1.000279,0.508388,0.000000
9.455935,0.200000,0.000000,0.199267,0.000356,0.000733,-0.000356,1.992645,1.992999,1.000279,0.508388,0.000000
9.471935,0.200000,0.000000,0.199277,0.000353,0.000723,-0.000353,1.992741,1.993092,1.000320,0.511576,0.000000
9.471935,0.200000,0.000000,0.199277,0.000353,0.000723,-0.000353,1.992741,1.993092,1.000320,0.511576,0.000000
9.487935,0.200000,0.000000,0.199286,0.000350,0.000714,-0.000350,1.992836,1.993184,1.000361,0.514764,0.000000
9.487935,0.200000,0.000000,0.199286,0.000350,0.000714,-0.000350,1.992836,1.993184,1.000361,0.514764,0.000000
9.503935,0.200000,0.000000,0.199296,0.000346,0.000704,-0.000346,1.992931,1.993276,1.000402,0.517953,0.000000
9.503935,0.200000,0.000000,0.199296,0.000346,0.000704,-0.000346,1.992931,1.993276,1.000402,0.517953,0.000000
9.519935,0.200000,0.000000,0.199305,0.000343,0.000695,-0.000343,1.993025,1.993366,1.000443,0.521141,0.000000
9.519935,0.200000,0.000000,0.199305,0.000343,0.000695,-0.000343,1.993025,1.993366,1.000443,0.521141,0.000000
9.535934,0.200000,0.000000,0.199314,0.000340,0.000686,-0.000340,1.993118,1.993456,1.000483,0.524330,0.000000
9.535934,0.200000,0.000000,0.199314,0.000340,0.000686,-0.000340,1.993118,1.993456,1.000483,0.524330,0.000000
9.551934,0.200000,0.000000,0.199323,0.000336,0.000677,-0.000336,1.993210,1.993544,1.000524,0.527519,0.000000
9.551934,0.200000,0.000000,0.199323,0.000336,0.000677,-0.000336,1.993210,1.993544,1.000524,0.527519,0.000000
9.567934,0.200000,0.000000,0.199332,0.000333,0.000668,-0.000333,1.993301,1.993632,1.000565,0.530708,0.000000
9.567934,0.200000,0.000000,0.199332,0.000333,0.000668,-0.000333,1.993301,1.993632,1.000565,0.530708,0.000000
9.583934,0.200000,0.000000,0.199341,0.000330,0.000659,-0.000330,1.993391,1.993719,1.000606,0.533897,0.000000
9.583934,0.200000,0.000000,0.199341,0.000330,0.000659,-0.000330,1.993391,1.993719,1.000606,0.533897,0.000000
9.599934,0.200000,0.000000,0.199350,0.000327,0.000650,-0.000327,1.993480,1.993805,1.000647,0.537087,0.000000
9.599934,0.200000,0.000000,0.199350,0.000327,0.000650,-0.000327,1.993480,1.993805,1.000647,0.537087,0.000000
9.615933,0.200000,0.000000,0.199359,0.000324,0.000641,-0.000324,1.993569,1.993891,1.000688,0.540276,0.000000
9.615933,0.200000,0.000000,0.199359,0.000324,0.000641,-0.000324,1.993569,1.993891,1.000688,0.540276,0.000000
9.631933,0.200000,0.000000,0.199368,0.000321,0.000632,-0.000321,1.993656,1.993975,1.000728,0.543466,0.000000
9.631933,0.200000,0.000000,0.199368,0.000321,0.000632,-0.000321,1.993656,1.993975,1.000728,0.543466,0.000000
9.647933,0.200000,0.000000,0.199376,0.000318,0.000624,-0.000318,1.993743,1.994059,1.000769,0.546655,0.000000
9.647933,0.200000,0.000000,0.199376,0.000318,0.000624,-0.000318,1.993743,1.994059,1.000769,0.546655,0.000000
9.663933,0.200000,0.000000,0.199385,0.000314,0.000615,-0.000314,1.993829,1.994142,1.000810,0.549845,0.000000
9.663933,0.200000,0.000000,0.199385,0.000314,0.000615,-0.000314,1.993829,1.994142,1.000810,0.549845,0.000000
9.679933,0.200000,0.000000,0.199393,0.000311,0.000607,-0.000311,1.993914,1.994224,1.000851,0.553035,0.000000
9.679933,0.200000,0.000000,0.199393,0.000311,0.000607,-0.000311,1.993914,1.994224,1.000851,0.553035,0.000000
9.695932,0.200000,0.000000,0.199402,0.000308,0.000598,-0.000308,1.993999,1.994305,1.000891,0.556226,0.000000
9.695932,0.200000,0.000000,0.199402,0.000308,0.000598,-0.000308,1.993999,1.994305,1.000891,0.556226,0.000000
9.711932,0.200000,0.000000,0.199410,0.000306,0.000590,-0.000306,1.994082,1.994386,1.000932,0.559416,0.000000
9.711932,0.200000,0.000000,0.199410,0.000306,0.000590,-0.000306,1.994082,1.994386,1.000932,0.559416,0.000000
9.727932,0.200000,0.000000,0.199418,0.000303,0.000582,-0.000303,1.994165,1.994466,1.000973,0.562606,0.000000
9.727932,0.200000,0.000000,0.199418,0.000303,0.000582,-0.000303,1.994165,1.994466,1.000973,0.562606,0.000000
9.743932,0.200000,0.000000,0.199426,0.000300,0.000574,-0.000300,1.994247,1.994545,1.001013,0.565797,0.000000
9.743932,0.200000,0.000000,0.199426,0.000300,0.000574,-0.000300,1.994247,1.994545,1.001013,0.565797,0.000000
9.759932,0.200000,0.000000,0.199434,0.000297,0.000566,-0.000297,1.994328,1.994623,1.001054,0.568988,0.000000
9.759932,0.200000,0.000000,0.199434,0.000297,0.000566,-0.000297,1.994328,1.994623,1.001054,0.568988,0.000000
9.775931,0.200000,0.000000,0.199442,0.000294,0.000558,-0.000294,1.994408,1.994701,1.001095,0.572178,0.000000
9.775931,0.200000,0.000000,0.199442,0.000294,0.000558,-0.000294,1.994408,1.994701,1.001095,0.572178,0.000000
9.791931,0.200000,0.000000,0.199450,0.000291,0.000550,-0.000291,1.994488,1.994778,1.001135,0.575369,0.000000
9.791931,0.200000,0.000000,0.199450,0.000291,0.000550,-0.000291,1.994488,1.994778,1.001135,0.575369,0.000000
9.807931,0.200000,0.000000,0.199458,0.000289,0.000542,-0.000289,1.994567,1.994854,1.001176,0.578560,0.000000
9.807931,0.200000,0.000000,0.199458,0.000289,0.000542,-0.000289,1.994567,1.994854,1.001176,0.578560,0.000000
9.823931,0.200000,0.000000,0.199466,0.000286,0.000534,-0.000286,1.994645,1.994929,1.001216,0.581752,0.000000
9.823931,0.200000,0.000000,0.199466,0.000286,0.000534,-0.000286,1.994645,1.994929,1.001216,0.581752,0.000000
9.839931,0.200000,0.000000,0.199473,0.000283,0.000527,-0.000283,1.994722,1.995004,1.001257,0.584943,0.000000
9.839931,0.200000,0.000000,0.199473,0.000283,0.000527,-0.000283,1.994722,1.995004,1.001257,0.584943,0.000000
9.855930,0.200000,0.000000,0.199481,0.000280,0.000519,-0.000280,1.994799,1.995078,1.001298,0.588134,0.000000
9.855930,0.200000,0.000000,0.199481,0.000280,0.000519,-0.000280,1.994799,1.995078,1.001298,0.588134,0.000000
9.871930,0.200000,0.000000,0.199488,0.000277,0.000512,-0.000277,1.994875,1.995151,1.001338,0.591326,0.000000
9.871930,0.200000,0.000000,0.199488,0.000277,0.000512,-0.000277,1.994875,1.995151,1.001338,0.591326,0.000000
9.887930,0.200000,0.000000,0.199496,0.000275,0.000504,-0.000275,1.994950,1.995223,1.001379,0.594518,0.000000
9.887930,0.200000,0.000000,0.199496,0.000275,0.000504,-0.000275,1.994950,1.995223,1.001379,0.594518,0.000000
9.903930,0.200000,0.000000,0.199503,0.000272,0.000497,-0.000272,1.995024,1.995295,1.001419,0.597709,0.000000
9.903930,0.200000,0.000000,0.199503,0.000272,0.000497,-0.000272,1.995024,1.995295,1.001419,0.597709,0.000000
9.919930,0.200000,0.000000,0.199511,0.000270,0.000489,-0.000270,1.995098,1.995366,1.001460,0.600901,0.000000
9.919930,0.200000,0.000000,0.199511,0.000270,0.000489,-0.000270,1.995098,1.995366,1.001460,0.600901,0.000000
9.935929,0.200000,0.000000,0.199518,0.000267,0.000482,-0.000267,1.995171,1.995437,1.001500,0.604093,0.000000
9.935929,0.200000,0.000000,0.199518,0.000267,0.000482,-0.000267,1.995171,1.995437,1.001500,0.604093,0.000000
9.951929,0.200000,0.000000,0.199525,0.000264,0.000475,-0.000264,1.995244,1.995507,1.001541,0.607285,0.000000
9.951929,0.200000,0.000000,0.199525,0.000264,0.000475,-0.000264,1.995244,1.995507,1.001541,0.607285,0.000000
9.967929,0.200000,0.000000,0.199532,0.000262,0.000468,-0.000262,1.995315,1.995576,1.001581,0.610478,0.000000
9.967929,0.200000,0.000000,0.199532,0.000262,0.000468,-0.000262,1.995315,1.995576,1.001581,0.610478,0.000000
9.983929,0.200000,0.000000,0.199539,0.000260,0.000461,-0.000260,1.995386,1.995644,1.001622,0.613670,0.000000
9.983929,0.200000,0.000000,0.199539,0.000260,0.000461,-0.000260,1.995386,1.995644,1.001622,0.613670,0.000000
9.999928,0.200000,0.000000,0.199546,0.000257,0.000454,-0.000257,1.995456,1.995712,1.001662,0.616863,0.000000
9.999928,0.200000,0.000000,0.199546,0.000257,0.000454,-0.000257,1.995456,1.995712,1.001662,0.616863,0.000000
10.015928,0.200000,0.000000,0.199553,0.000255,0.000447,-0.000255,1.995526,1.995779,1.001703,0.620055,0.000000
10.015928,0.200000,0.000000,0.199553,0.000255,0.000447,-0.000255,1.995526,1.995779,1.001703,0.620055,0.000000
10.031928,0.200000,0.000000,0.199560,0.000252,0.000440,-0.000252,1.995595,1.995846,1.001743,0.623248,0.000000
10.031928,0.200000,0.000000,0.199560,0.000252,0.000440,-0.000252,1.995595,1.995846,1.001743,0.623248,0.000000
10.047928,0.200000,0.000000,0.199567,0.000250,0.000433,-0.000250,1.995663,1.995911,1.001784,0.626441,0.000000
10.047928,0.200000,0.000000,0.199567,0.000250,0.000433,-0.000250,1.995663,1.995911,1.001784,0.626441,0.000000
10.063928,0.200000,0.000000,0.199573,0.000247,0.000427,-0.000247,1.995731,1.995977,1.001824,0.629634,0.000000
10.063928,0.200000,0.000000,0.199573,0.000247,0.000427,-0.000247,1.995731,1.995977,1.001824,0.629634,0.000000
10.079927,0.200000,0.000000,0.199580,0.000245,0.000420,-0.000245,1.995798,1.996041,1.001864,0.632827,0.000000
10.079927,0.200000,0.000000,0.199580,0.000245,0.000420,-0.000245,1.995798,1.996041,1.001864,0.632827,0.000000
10.095927,0.200000,0.000000,0.199587,0.000243,0.000413,-0.000243,1.995864,1.996105,1.001905,0.636020,0.000000
10.095927,0.200000,0.000000,0.199587,0.000243,0.000413,-0.000243,1.995864,1.996105,1.001905,0.636020,0.000000
10.111927,0.200000,0.000000,0.199593,0.000240,0.000407,-0.000240,1.995930,1.996169,1.001945,0.639213,0.000000
10.111927,0.200000,0.000000,0.199593,0.000240,0.000407,-0.000240,1.995930,1.996169,1.001945,0.639213,0.000000
10.127927,0.200000,0.000000,0.199600,0.000238,0.000400,-0.000238,1.995995,1.996232,1.001986,0.642406,0.000000
10.127927,0.200000,0.000000,0.199600,0.000238,0.000400,-0.000238,1.995995,1.996232,1.001986,0.642406,0.000000
10.143927,0.200000,0.000000,0.199606,0.000236,0.000394,-0.000236,1.996059,1.996294,1.002026,0.645600,0.000000
10.143927,0.200000,0.000000,0.199606,0.000236,0.000394,-0.000236,1.996059,1.996294,1.002026,0.645600,0.000000
10.159926,0.200000,0.000000,0.199612,0.000233,0.000388,-0.000233,1.996123,1.996355,1.002066,0.648793,0.000000
10.159926,0.200000,0.000000,0.199612,0.000233,0.000388,-0.000233,1.996123,1.996355,1.002066,0.648793,0.000000
10.175926,0.200000,0.000000,0.199619,0.000231,0.000381,-0.000231,1.996186,1.996416,1.002107,0.651987,0.000000
10.175926,0.200000,0.000000,0.199619,0.000231,0.000381,-0.000231,1.996186,1.996416,1.002107,0.651987,0.000000
10.191926,0.200000,0.000000,0.199625,0.000229,0.000375,-0.000229,1.996249,1.996477,1.002147,0.655181,0.000000
10.191926,0.200000,0.000000,0.199625,0.000229,0.000375,-0.000229,1.996249,1.996477,1.002147,0.655181,0.000000
10.207926,0.200000,0.000000,0.199631,0.000227,0.000369,-0.000227,1.996311,1.996536,1.002187,0.658374,0.000000
10.207926,0.200000,0.000000,0.199631,0.000227,0.000369,-0.000227,1.996311,1.996536,1.002187,0.658374,0.000000
10.223926,0.200000,0.000000,0.199637,0.000225,0.000363,-0.000225,1.996372,1.996596,1.002228,0.661568,0.000000
10.223926,0.200000,0.000000,0.199637,0.000225,0.000363,-0.000225,1.996372,1.996596,1.002228,0.661568,0.000000
10.239925,0.200000,0.000000,0.199643,0.000223,0.000357,-0.000223,1.996433,1.996655,1.002268,0.664762,0.000000
10.239925,0.200000,0.000000,0.199643,0.000223,0.000357,-0.000223,1.996433,1.996655,1.002268,0.664762,0.000000
10.255925,0.200000,0.000000,0.199649,0.000221,0.000351,-0.000221,1.996493,1.996713,1.002308,0.667957,0.000000
10.255925,0.200000,0.000000,0.199649,0.000221,0.000351,-0.000221,1.996493,1.996713,1.002308,0.667957,0.000000
10.271925,0.200000,0.000000,0.199655,0.000218,0.000345,-0.000218,1.996553,1.996770,1.002348,0.671151,0.000000
10.271925,0.200000,0.000000,0.199655,0.000218,0.000345,-0.000218,1.996553,1.996770,1.002348,0.671151,0.000000
10.287925,0.200000,0.000000,0.199661,0.000217,0.000339,-0.000217,1.996612,1.996827,1.002389,0.674345,0.000000
10.287925,0.200000,0.000000,0.199661,0.000217,0.000339,-0.000217,1.996612,1.996827,1.002389,0.674345,0.000000
10.303925,0.200000,0.000000,0.199667,0.000214,0.000333,-0.000214,1.996671,1.996884,1.002429,0.677540,0.000000
10.303925,0.200000,0.000000,0.199667,0.000214,0.000333,-0.000214,1.996671,1.996884,1.002429,0.677540,0.000000
10.319924,0.200000,0.000000,0.199672,0.000212,0.000328,-0.000212,1.996729,1.996940,1.002469,0.680734,0.000000
10.319924,0.200000,0.000000,0.199672,0.000212,0.000328,-0.000212,1.996729,1.996940,1.002469,0.680734,0.000000
10.335924,0.200000,0.000000,0.199678,0.000210,0.000322,-0.000210,1.996786,1.996995,1.002509,0.683929,0.000000
10.335924,0.200000,0.000000,0.199678,0.000210,0.000322,-0.000210,1.996786,1.996995,1.002509,0.683929,0.000000
10.351924,0.200000,0.000000,0.199684,0.000208,0.000316,-0.000208,1.996843,1.997050,1.002550,0.687123,0.000000
10.351924,0.200000,0.000000,0.199684,0.000208,0.000316,-0.000208,1.996843,1.997050,1.002550,0.687123,0.000000
10.367924,0.200000,0.000000,0.199689,0.000206,0.000311,-0.000206,1.996899,1.997104,1.002590,0.690318,0.000000
10.367924,0.200000,0.000000,0.199689,0.000206,0.000311,-0.000206,1.996899,1.997104,1.002590,0.690318,0.000000
10.383924,0.200000,0.000000,0.199695,0.000204,0.000305,-0.000204,1.996955,1.997158,1.002630,0.693513,0.000000
10.383924,0.200000,0.000000,0.199695,0.000204,0.000305,-0.000204,1.996955,1.997158,1.002630,0.693513,0.000000
10.399923,0.200000,0.000000,0.199700,0.000202,0.000300,-0.000202,1.997010,1.997211,1.002670,0.696708,0.000000
10.399923,0.200000,0.000000,0.199700,0.000202,0.000300,-0.000202,1.997010,1.997211,1.002670,0.696708,0.000000
10.415923,0.200000,0.000000,0.199706,0.000200,0.000294,-0.000200,1.997065,1.997264,1.002711,0.699903,0.000000
10.415923,0.200000,0.000000,0.199706,0.000200,0.000294,-0.000200,1.997065,1.997264,1.002711,0.699903,0.000000
10.431923,0.200000,0.000000,0.199711,0.000198,0.000289,-0.000198,1.997119,1.997317,1.002751,0.703098,0.000000
10.431923,0.200000,0.000000,0.199711,0.000198,0.000289,-0.000198,1.997119,1.997317,1.002751,0.703098,0.000000
10.447923,0.200000,0.000000,0.199716,0.000196,0.000284,-0.000196,1.997173,1.997368,1.002791,0.706293,0.000000
10.447923,0.200000,0.000000,0.199716,0.000196,0.000284,-0.000196,1.997173,1.997368,1.002791,0.706293,0.000000
10.463923,0.200000,0.000000,0.199722,0.000194,0.000278,-0.000194,1.997226,1.997420,1.002831,0.709489,0.000000
10.463923,0.200000,0.000000,0.199722,0.000194,0.000278,-0.000194,1.997226,1.997420,1.002831,0.709489,0.000000
10.479922,0.200000,0.000000,0.199727,0.000193,0.000273,-0.000193,1.997279,1.997470,1.002871,0.712684,0.000000
10.479922,0.200000,0.000000,0.199727,0.000193,0.000273,-0.000193,1.997279,1.997470,1.002871,0.712684,0.000000
10.495922,0.200000,0.000000,0.199732,0.000191,0.000268,-0.000191,1.997331,1.997521,1.002911,0.715879,0.000000
10.495922,0.200000,0.000000,0.199732,0.000191,0.000268,-0.000191,1.997331,1.997521,1.002911,0.715879,0.000000
10.511922,0.200000,0.000000,0.199737,0.000189,0.000263,-0.000189,1.997383,1.997571,1.002952,0.719075,0.000000
10.511922,0.200000,0.000000,0.199737,0.000189,0.000263,-0.000189,1.997383,1.997571,1.002952,0.719075,0.000000
10.527922,0.200000,0.000000,0.199742,0.000187,0.000258,-0.000187,1.997434,1.997620,1.002992,0.722271,0.000000
10.527922,0.200000,0.000000,0.199742,0.000187,0.000258,-0.000187,1.997434,1.997620,1.002992,0.722271,0.000000
10.543921,0.200000,0.000000,0.199747,0.000186,0.000253,-0.000186,1.997485,1.997669,1.003032,0.725466,0.000000
10.543921,0.200000,0.000000,0.199747,0.000186,0.000253,-0.000186,1.997485,1.997669,1.003032,0.725466,0.000000
10.559921,0.200000,0.000000,0.199752,0.000184,0.000248,-0.000184,1.997535,1.997717,1.003072,0.728662,0.000000
10.559921,0.200000,0.000000,0.199752,0.000184,0.000248,-0.000184,1.997535,1.997717,1.003072,0.728662,0.000000
10.575921,0.200000,0.000000,0.199757,0.000182,0.000243,-0.000182,1.997585,1.997765,1.003112,0.731858,0.000000
10.575921,0.200000,0.000000,0.199757,0.000182,0.000243,-0.000182,1.997585,1.997765,1.003112,0.731858,0.000000
10.591921,0.200000,0.000000,0.199762,0.000180,0.000238,-0.000180,1.997634,1.997813,1.003152,0.735054,0.000000
10.591921,0.200000,0.000000,0.199762,0.000180,0.000238,-0.000180,1.997634,1.997813,1.003152,0.735054,0.000000
10.607921,0.200000,0.000000,0.199767,0.000179,0.000233,-0.000179,1.997683,1.997860,1.003192,0.738250,0.000000
10.607921,0.200000,0.000000,0.199767,0.000179,0.000233,-0.000179,1.997683,1.997860,1.003192,0.738250,0.000000
10.623920,0.200000,0.000000,0.199772,0.000177,0.000228,-0.000177,1.997731,1.997907,1.003232,0.741446,0.000000
10.623920,0.200000,0.000000,0.199772,0.000177,0.000228,-0.000177,1.997731,1.997907,1.003232,0.741446,0.000000
10.639920,0.200000,0.000000,0.199777,0.000175,0.000223,-0.000175,1.997779,1.997953,1.003272,0.744642,0.000000
10.639920,0.200000,0.000000,0.199777,0.000175,0.000223,-0.000175,1.997779,1.997953,1.003272,0.744642,0.000000
10.655920,0.200000,0.000000,0.199781,0.000173,0.000219,-0.000173,1.997826,1.997998,1.003312,0.747838,0.000000
10.655920,0.200000,0.000000,0.199781,0.000173,0.000219,-0.000173,1.997826,1.997998,1.003312,0.747838,0.000000
10.671920,0.200000,0.000000,0.199786,0.000172,0.000214,-0.000172,1.997873,1.998044,1.003353,0.751035,0.000000
10.671920,0.200000,0.000000,0.199786,0.000172,0.000214,-0.000172,1.997873,1.998044,1.003353,0.751035,0.000000
10.687920,0.200000,0.000000,0.199790,0.000170,0.000210,-0.000170,1.997920,1.998089,1.003393,0.754231,0.000000
10.687920,0.200000,0.000000,0.199790,0.000170,0.000210,-0.000170,1.997920,1.998089,1.003393,0.754231,0.000000
10.703919,0.200000,0.000000,0.199795,0.000168,0.000205,-0.000168,1.997966,1.998133,1.003433,0.757428,0.000000
10.703919,0.200000,0.000000,0.199795,0.000168,0.000205,-0.000168,1.997966,1.998133,1.003433,0.757428,0.000000
10.719919,0.200000,0.000000,0.199800,0.000167,0.000200,-0.000167,1.998011,1.998177,1.003473,0.760624,0.000000
10.719919,0.200000,0.000000,0.199800,0.000167,0.000200,-0.000167,1.998011,1.998177,1.003473,0.760624,0.000000
10.735919,0.200000,0.000000,0.199804,0.000165,0.000196,-0.000165,1.998056,1.998221,1.003513,0.763821,0.000000
10.735919,0.200000,0.000000,0.199804,0.000165,0.000196,-0.000165,1.998056,1.998221,1.003513,0.763821,0.000000
10.751919,0.200000,0.000000,0.199808,0.000163,0.000192,-0.000163,1.998101,1.998264,1.003553,0.767017,0.000000
10.751919,0.200000,0.000000,0.199808,0.000163,0.000192,-0.000163,1.998101,1.998264,1.003553,0.767017,0.000000
10.767919,0.200000,0.000000,0.199813,0.000162,0.000187,-0.000162,1.998145,1.998307,1.003593,0.770214,0.000000
10.767919,0.200000,0.000000,0.199813,0.000162,0.000187,-0.000162,1.998145,1.998307,1.003593,0.770214,0.000000
10.783918,0.200000,0.000000,0.199817,0.000160,0.000183,-0.000160,1.998189,1.998349,1.003633,0.773411,0.000000
10.783918,0.200000,0.000000,0.199817,0.000160,0.000183,-0.000160,1.998189,1.998349,1.003633,0.773411,0.000000
10.799918,0.200000,0.000000,0.199822,0.000159,0.000178,-0.000159,1.998233,1.998391,1.003673,0.776608,0.000000
10.799918,0.200000,0.000000,0.199822,0.000159,0.000178,-0.000159,1.998233,1.998391,1.003673,0.776608,0.000000
10.815918,0.200000,0.000000,0.199826,0.000158,0.000174,-0.000158,1.998276,1.998432,1.003713,0.779805,0.000000
10.815918,0.200000,0.000000,0.199826,0.000158,0.000174,-0.000158,1.998276,1.998432,1.003713,0.779805,0.000000
10.831918,0.200000,0.000000,0.199830,0.000156,0.000170,-0.000156,1.998318,1.998474,1.003753,0.783002,0.000000
10.831918,0.200000,0.000000,0.199830,0.000156,0.000170,-0.000156,1.998318,1.998474,1.003753,0.783002,0.000000
10.847918,0.200000,0.000000,0.199834,0.000154,0.000166,-0.000154,1.998361,1.998514,1.003793,0.786199,0.000000
10.847918,0.200000,0.000000,0.199834,0.000154,0.000166,-0.000154,1.998361,1.998514,1.003793,0.786199,0.000000
10.863917,0.200000,0.000000,0.199838,0.000153,0.000162,-0.000153,1.998402,1.998555,1.003833,0.789396,0.000000
10.863917,0.200000,0.000000,0.199838,0.000153,0.000162,-0.000153,1.998402,1.998555,1.003833,0.789396,0.000000
10.879917,0.200000,0.000000,0.199842,0.000151,0.000158,-0.000151,1.998444,1.998595,1.003873,0.792593,0.000000
10.879917,0.200000,0.000000,0.199842,0.000151,0.000158,-0.000151,1.998444,1.998595,1.003873,0.792593,0.000000
10.895917,0.200000,0.000000,0.199847,0.000150,0.000153,-0.000150,1.998485,1.998634,1.003913,0.795791,0.000000
10.895917,0.200000,0.000000,0.199847,0.000150,0.000153,-0.000150,1.998485,1.998634,1.003913,0.795791,0.000000
10.911917,0.200000,0.000000,0.199851,0.000149,0.000149,-0.000149,1.998526,1.998673,1.003953,0.798988,0.000000
10.911917,0.200000,0.000000,0.199851,0.000149,0.000149,-0.000149,1.998526,1.998673,1.003953,0.798988,0.000000
10.927917,0.200000,0.000000,0.199855,0.000147,0.000145,-0.000147,1.998566,1.998712,1.003992,0.802186,0.000000
10.927917,0.200000,0.000000,0.199855,0.000147,0.000145,-0.000147,1.998566,1.998712,1.003992,0.802186,0.000000
10.943916,0.200000,0.000000,0.199859,0.000146,0.000141,-0.000146,1.998606,1.998751,1.004032,0.805383,0.000000
10.943916,0.200000,0.000000,0.199859,0.000146,0.000141,-0.000146,1.998606,1.998751,1.004032,0.805383,0.000000
10.959916,0.200000,0.000000,0.199862,0.000144,0.000138,-0.000144,1.998645,1.998789,1.004072,0.808581,0.000000
10.959916,0.200000,0.000000,0.199862,0.000144,0.000138,-0.000144,1.998645,1.998789,1.004072,0.808581,0.000000
10.975916,0.200000,0.000000,0.199866,0.000143,0.000134,-0.000143,1.998684,1.998827,1.004112,0.811778,0.000000
10.975916,0.200000,0.000000,0.199866,0.000143,0.000134,-0.000143,1.998684,1.998827,1.004112,0.811778,0.000000
10.991916,0.200000,0.000000,0.199870,0.000141,0.000130,-0.000141,1.998723,1.998864,1.004152,0.814976,0.000000
10.991916,0.200000,0.000000,0.199870,0.000141,0.000130,-0.000141,1.998723,1.998864,1.004152,0.814976,0.000000
11.007915,0.200000,0.000000,0.199874,0.000140,0.000126,-0.000140,1.998761,1.998901,1.004192,0.818174,0.000000
11.007915,0.200000,0.000000,0.199874,0.000140,0.000126,-0.000140,1.998761,1.998901,1.004192,0.818174,0.000000
11.023915,0.200000,0.000000,0.199878,0.000139,0.000122,-0.000139,1.998799,1.998938,1.004232,0.821371,0.000000
11.023915,0.200000,0.000000,0.199878,0.000139,0.000122,-0.000139,1.998799,1.998938,1.004232,0.821371,0.000000
11.039915,0.200000,0.000000,0.199881,0.000138,0.000119,-0.000138,1.998837,1.998974,1.004272,0.824569,0.000000
11.039915,0.200000,0.000000,0.199881,0.000138,0.000119,-0.000138,1.998837,1.998974,1.004272,0.824569,0.000000
11.055915,0.200000,0.000000,0.199885,0.000136,0.000115,-0.000136,1.998874,1.999010,1.004312,0.827767,0.000000
11.055915,0.200000,0.000000,0.199885,0.000136,0.000115,-0.000136,1.998874,1.999010,1.004312,0.827767,0.000000
11.071915,0.200000,0.000000,0.199889,0.000135,0.000111,-0.000135,1.998911,1.999045,1.004352,0.830965,0.000000
11.071915,0.200000,0.000000,0.199889,0.000135,0.000111,-0.000135,1.998911,1.999045,1.004352,0.830965,0.000000
11.087914,0.200000,0.000000,0.199892,0.000134,0.000108,-0.000134,1.998948,1.999081,1.004392,0.834163,0.000000
11.087914,0.200000,0.000000,0.199892,0.000134,0.000108,-0.000134,1.998948,1.999081,1.004392,0.834163,0.000000
11.103914,0.200000,0.000000,0.199896,0.000132,0.000104,-0.000132,1.998984,1.999116,1.004431,0.837361,0.000000
11.103914,0.200000,0.000000,0.199896,0.000132,0.000104,-0.000132,1.998984,1.999116,1.004431,0.837361,0.000000
11.119914,0.200000,0.000000,0.199900,0.000131,0.000100,-0.000131,1.999020,1.999150,1.004471,0.840559,0.000000
11.119914,0.200000,0.000000,0.199900,0.000131,0.000100,-0.000131,1.999020,1.999150,1.004471,0.840559,0.000000
11.135914,0.200000,0.000000,0.199903,0.000130,0.000097,-0.000130,1.999055,1.999185,1.004511,0.843758,0.000000
11.135914,0.200000,0.000000,0.199903,0.000130,0.000097,-0.000130,1.999055,1.999185,1.004511,0.843758,0.000000
11.151914,0.200000,0.000000,0.199907,0.000129,0.000093,-0.000129,1.999090,1.999218,1.004551,0.846956,0.000000
11.151914,0.200000,0.000000,0.199907,0.000129,0.000093,-0.000129,1.999090,1.999218,1.004551,0.846956,0.000000
11.167913,0.200000,0.000000,0.199910,0.000128,0.000090,-0.000128,1.999125,1.999252,1.004591,0.850154,0.000000
11.167913,0.200000,0.000000,0.199910,0.000128,0.000090,-0.000128,1.999125,1.999252,1.004591,0.850154,0.000000
11.183913,0.200000,0.000000,0.199914,0.000126,0.000086,-0.000126,1.999160,1.999285,1.004631,0.853353,0.000000
11.183913,0.200000,0.000000,0.199914,0.000126,0.000086,-0.000126,1.999160,1.999285,1.004631,0.853353,0.000000
11.199913,0.200000,0.000000,0.199917,0.000125,0.000083,-0.000125,1.999194,1.999318,1.004671,0.856551,0.000000
11.199913,0.200000,0.000000,0.199917,0.000125,0.000083,-0.000125,1.999194,1.999318,1.004671,0.856551,0.000000
11.215913,0.200000,0.000000,0.199920,0.000124,0.000080,-0.000124,1.999228,1.999351,1.004710,0.859749,0.000000
11.215913,0.200000,0.000000,0.199920,0.000124,0.000080,-0.000124,1.999228,1.999351,1.004710,0.859749,0.000000
11.231913,0.200000,0.000000,0.199924,0.000122,0.000076,-0.000122,1.999261,1.999383,1.004750,0.862948,0.000000
11.231913,0.200000,0.000000,0.199924,0.000122,0.000076,-0.000122,1.999261,1.999383,1.004750,0.862948,0.000000
11.247912,0.200000,0.000000,0.199927,0.000122,0.000073,-0.000122,1.999295,1.999416,1.004790,0.866147,0.000000
11.247912,0.200000,0.000000,0.199927,0.000122,0.000073,-0.000122,1.999295,1.999416,1.004790,0.866147,0.000000
11.263912,0.200000,0.000000,0.199930,0.000120,0.000070,-0.000120,1.999328,1.999447,1.004830,0.869345,0.000000
11.263912,0.200000,0.000000,0.199930,0.000120,0.000070,-0.000120,1.999328,1.999447,1.004830,0.869345,0.000000
11.279912,0.200000,0.000000,0.199933,0.000119,0.000067,-0.000119,1.999360,1.999479,1.004870,0.872544,0.000000
11.279912,0.200000,0.000000,0.199933,0.000119,0.000067,-0.000119,1.999360,1.999479,1.004870,0.872544,0.000000
11.295912,0.200000,0.000000,0.199937,0.000118,0.000063,-0.000118,1.999392,1.999510,1.004910,0.875743,0.000000
11.295912,0.200000,0.000000,0.199937,0.000118,0.000063,-0.000118,1.999392,1.999510,1.004910,0.875743,0.000000
11.311912,0.200000,0.000000,0.199940,0.000117,0.000060,-0.000117,1.999424,1.999541,1.004949,0.878941,0.000000
11.311912,0.200000,0.000000,0.199940,0.000117,0.000060,-0.000117,1.999424,1.999541,1.004949,0.878941,0.000000
11.327911,0.200000,0.000000,0.199943,0.000116,0.000057,-0.000116,1.999456,1.999571,1.004989,0.882140,0.000000
11.327911,0.200000,0.000000,0.199943,0.000116,0.000057,-0.000116,1.999456,1.999571,1.004989,0.882140,0.000000
11.343911,0.200000,0.000000,0.199946,0.000115,0.000054,-0.000115,1.999487,1.999601,1.005029,0.885339,0.000000
11.343911,0.200000,0.000000,0.199946,0.000115,0.000054,-0.000115,1.999487,1.999601,1.005029,0.885339,0.000000
11.359911,0.200000,0.000000,0.199949,0.000113,0.000051,-0.000113,1.999518,1.999631,1.005069,0.888538,0.000000
11.359911,0.200000,0.000000,0.199949,0.000113,0.000051,-0.000113,1.999518,1.999631,1.005069,0.888538,0.000000
11.375911,0.200000,0.000000,0.199952,0.000113,0.000048,-0.000113,1.999549,1.999661,1.005108,0.891737,0.000000
11.375911,0.200000,0.000000,0.199952,0.000113,0.000048,-0.000113,1.999549,1.999661,1.005108,0.891737,0.000000
11.391911,0.200000,0.000000,0.199955,0.000111,0.000045,-0.000111,1.999580,1.999690,1.005148,0.894936,0.000000
11.391911,0.200000,0.000000,0.199955,0.000111,0.000045,-0.000111,1.999580,1.999690,1.005148,0.894936,0.000000
11.407910,0.200000,0.000000,0.199958,0.000110,0.000042,-0.000110,1.999610,1.999720,1.005188,0.898135,0.000000
11.407910,0.200000,0.000000,0.199958,0.000110,0.000042,-0.000110,1.999610,1.999720,1.005188,0.898135,0.000000
11.423910,0.200000,0.000000,0.199961,0.000109,0.000039,-0.000109,1.999640,1.999748,1.005228,0.901334,0.000000
11.423910,0.200000,0.000000,0.199961,0.000109,0.000039,-0.000109,1.999640,1.999748,1.005228,0.901334,0.000000
11.439910,0.200000,0.000000,0.199964,0.000108,0.000036,-0.000108,1.999669,1.999777,1.005268,0.904533,0.000000
11.439910,0.200000,0.000000,0.199964,0.000108,0.000036,-0.000108,1.999669,1.999777,1.005268,0.904533,0.000000
11.455910,0.200000,0.000000,0.199967,0.000107,0.000033,-0.000107,1.999699,1.999805,1.005307,0.907733,0.000000
11.455910,0.200000,0.000000,0.199967,0.000107,0.000033,-0.000107,1.999699,1.999805,1.005307,0.907733,0.000000
11.471910,0.200000,0.000000,0.199970,0.000106,0.000030,-0.000106,1.999728,1.999833,1.005347,0.910932,0.000000
11.471910,0.200000,0.000000,0.199970,0.000106,0.000030,-0.000106,1.999728,1.999833,1.005347,0.910932,0.000000
11.487909,0.200000,0.000000,0.199973,0.000105,0.000027,-0.000105,1.999756,1.999861,1.005387,0.914131,0.000000
11.487909,0.200000,0.000000,0.199973,0.000105,0.000027,-0.000105,1.999756,1.999861,1.005387,0.914131,0.000000
11.503909,0.200000,0.000000,0.199976,0.000104,0.000024,-0.000104,1.999785,1.999889,1.005427,0.917331,0.000000
11.503909,0.200000,0.000000,0.199976,0.000104,0.000024,-0.000104,1.999785,1.999889,1.005427,0.917331,0.000000
11.519909,0.200000,0.000000,0.199978,0.000103,0.000022,-0.000103,1.999813,1.999916,1.005466,0.920530,0.000000
11.519909,0.200000,0.000000,0.199978,0.000103,0.000022,-0.000103,1.999813,1.999916,1.005466,0.920530,0.000000
11.535909,0.200000,0.000000,0.199981,0.000102,0.000019,-0.000102,1.999841,1.999943,1.005506,0.923729,0.000000
11.535909,0.200000,0.000000,0.199981,0.000102,0.000019,-0.000102,1.999841,1.999943,1.005506,0.923729,0.000000
11.551908,0.200000,0.000000,0.199984,0.000101,0.000016,-0.000101,1.999869,1.999969,1.005546,0.926929,0.000000
11.551908,0.200000,0.000000,0.199984,0.000101,0.000016,-0.000101,1.999869,1.999969,1.005546,0.926929,0.000000
11.567908,0.200000,0.000000,0.199987,0.000100,0.000013,-0.000100,1.999896,1.999996,1.005585,0.930129,0.000000
11.567908,0.200000,0.000000,0.199987,0.000100,0.000013,-0.000100,1.999896,1.999996,1.005585,0.930129,0.000000
11.583908,0.200000,0.000000,0.199989,0.000099,0.000011,-0.000099,1.999923,2.000022,1.005625,0.933328,0.000000
11.583908,0.200000,0.000000,0.199989,0.000099,0.000011,-0.000099,1.999923,2.000022,1.005625,0.933328,0.000000
11.599908,0.200000,0.000000,0.199992,0.000098,0.000008,-0.000098,1.999950,2.000048,1.005665,0.936528,0.000000
11.599908,0.200000,0.000000,0.199992,0.000098,0.000008,-0.000098,1.999950,2.000048,1.005665,0.936528,0.000000
11.615908,0.200000,0.000000,0.199995,0.000097,0.000005,-0.000097,1.999977,2.000074,1.005705,0.939727,0.000000
11.615908,0.200000,0.000000,0.199995,0.000097,0.000005,-0.000097,1.999977,2.000074,1.005705,0.939727,0.000000
11.631907,0.200000,0.000000,0.199997,0.000096,0.000003,-0.000096,2.000003,2.000099,1.005744,0.942927,0.000000
11.631907,0.200000,0.000000,0.199997,0.000096,0.000003,-0.000096,2.000003,2.000099,1.005744,0.942927,0.000000
11.647907,0.200000,0.000000,0.200000,0.000096,0.000000,-0.000096,2.000029,2.000124,1.005784,0.946127,0.000000
11.647907,0.200000,0.000000,0.200000,0.000096,0.000000,-0.000096,2.000029,2.000124,1.005784,0.946127,0.000000
11.663907,0.200000,0.000000,0.200002,0.000095,-0.000002,-0.000095,2.000055,2.000149,1.005824,0.949327,0.000000
11.663907,0.200000,0.000000,0.200002,0.000095,-0.000002,-0.000095,2.000055,2.000149,1.005824,0.949327,0.000000
11.679907,0.200000,0.000000,0.200005,0.000094,-0.000005,-0.000094,2.000081,2.000174,1.005863,0.952526,0.000000
11.679907,0.200000,0.000000,0.200005,0.000094,-0.000005,-0.000094,2.000081,2.000174,1.005863,0.952526,0.000000
11.695907,0.200000,0.000000,0.200007,0.000093,-0.000007,-0.000093,2.000106,2.000198,1.005903,0.955726,0.000000
11.695907,0.200000,0.000000,0.200007,0.000093,-0.000007,-0.000093,2.000106,2.000198,1.005903,0.955726,0.000000
11.711906,0.200000,0.000000,0.200010,0.000092,-0.000010,-0.000092,2.000131,2.000223,1.005943,0.958926,0.000000
11.711906,0.200000,0.000000,0.200010,0.000092,-0.000010,-0.000092,2.000131,2.000223,1.005943,0.958926,0.000000
11.727906,0.200000,0.000000,0.200012,0.000091,-0.000012,-0.000091,2.000156,2.000247,1.005982,0.962126,0.000000
11.727906,0.200000,0.000000,0.200012,0.000091,-0.000012,-0.000091,2.000156,2.000247,1.005982,0.962126,0.000000
11.743906,0.200000,0.000000,0.200015,0.000090,-0.000015,-0.000090,2.000181,2.000271,1.006022,0.965326,0.000000
11.743906,0.200000,0.000000,0.200015,0.000090,-0.000015,-0.000090,2.000181,2.000271,1.006022,0.965326,0.000000
11.759906,0.200000,0.000000,0.200017,0.000090,-0.000017,-0.000090,2.000205,2.000294,1.006062,0.968526,0.000000
11.759906,0.200000,0.000000,0.200017,0.000090,-0.000017,-0.000090,2.000205,2.000294,1.006062,0.968526,0.000000
11.775906,0.200000,0.000000,0.200020,0.000089,-0.000020,-0.000089,2.000229,2.000317,1.006101,0.971726,0.000000
11.775906,0.200000,0.000000,0.200020,0.000089,-0.000020,-0.000089,2.000229,2.000317,1.006101,0.971726,0.000000
11.791905,0.200000,0.000000,0.200022,0.000088,-0.000022,-0.000088,2.000253,2.000340,1.006141,0.974926,0.000000
11.791905,0.200000,0.000000,0.200022,0.000088,-0.000022,-0.000088,2.000253,2.000340,1.006141,0.974926,0.000000
11.807905,0.200000,0.000000,0.200024,0.000087,-0.000024,-0.000087,2.000277,2.000363,1.006181,0.978127,0.000000
11.807905,0.200000,0.000000,0.200024,0.000087,-0.000024,-0.000087,2.000277,2.000363,1.006181,0.978127,0.000000
11.823905,0.200000,0.000000,0.200027,0.000086,-0.000027,-0.000086,2.000301,2.000386,1.006220,0.981327,0.000000
11.823905,0.200000,0.000000,0.200027,0.000086,-0.000027,-0.000086,2.000301,2.000386,1.006220,0.981327,0.000000
11.839905,0.200000,0.000000,0.200029,0.000085,-0.000029,-0.000085,2.000324,2.000409,1.006260,0.984527,0.000000
11.839905,0.200000,0.000000,0.200029,0.000085,-0.000029,-0.000085,2.000324,2.000409,1.006260,0.984527,0.000000
11.855905,0.200000,0.000000,0.200031,0.000085,-0.000031,-0.000085,2.000347,2.000431,1.006300,0.987727,0.000000
11.855905,0.200000,0.000000,0.200031,0.000085,-0.000031,-0.000085,2.000347,2.000431,1.006300,0.987727,0.000000
11.871904,0.000000,0.000000,0.200034,0.000084,-0.200034,-0.000084,0.065170,0.065253,1.006339,0.990927,0.000000
11.871904,0.000000,0.000000,0.200034,0.000084,-0.200034,-0.000084,0.065170,0.065253,1.006339,0.990927,0.000000
11.887904,0.000000,0.000000,0.045897,0.000083,-0.045897,-0.000083,0.064544,0.064627,1.006342,0.991662,0.000000
11.887904,0.000000,0.000000,0.045897,0.000083,-0.045897,-0.000083,0.064544,0.064627,1.006342,0.991662,0.000000
11.903904,0.000000,0.000000,0.006182,0.000082,-0.006182,-0.000082,0.063925,0.064006,1.006343,0.991761,0.000000
11.903904,0.000000,0.000000,0.006182,0.000082,-0.006182,-0.000082,0.063925,0.064006,1.006343,0.991761,0.000000
11.919904,0.000000,0.000000,0.005511,0.000081,-0.005511,-0.000081,0.063311,0.063392,1.006344,0.991849,0.000000
11.919904,0.000000,0.000000,0.005511,0.000081,-0.005511,-0.000081,0.063311,0.063392,1.006344,0.991849,0.000000
11.935904,0.000000,0.000000,0.005613,0.000081,-0.005613,-0.000081,0.062703,0.062783,1.006345,0.991939,0.000000
11.935904,0.000000,0.000000,0.005613,0.000081,-0.005613,-0.000081,0.062703,0.062783,1.006345,0.991939,0.000000
11.951903,0.000000,0.000000,0.005696,0.000080,-0.005696,-0.000080,0.062101,0.062180,1.006346,0.992030,0.000000
11.951903,0.000000,0.000000,0.005696,0.000080,-0.005696,-0.000080,0.062101,0.062180,1.006346,0.992030,0.000000
11.967903,0.000000,0.000000,0.005751,0.000079,-0.005751,-0.000079,0.061505,0.061583,1.006347,0.992122,0.000000
11.967903,0.000000,0.000000,0.005751,0.000079,-0.005751,-0.000079,0.061505,0.061583,1.006347,0.992122,0.000000
11.983903,0.000000,0.000000,0.005783,0.000078,-0.005783,-0.000078,0.060915,0.060992,1.006348,0.992214,0.000000
11.983903,0.000000,0.000000,0.005783,0.000078,-0.005783,-0.000078,0.060915,0.060992,1.006348,0.992214,0.000000
11.999903,0.000000,0.000000,0.005797,0.000078,-0.005797,-0.000078,0.060330,0.060407,1.006349,0.992307,0.000000
11.999903,0.000000,0.000000,0.005797,0.000078,-0.005797,-0.000078,0.060330,0.060407,1.006349,0.992307,0.000000
12.015903,0.000000,0.000000,0.005797,0.000077,-0.005797,-0.000077,0.059751,0.059827,1.006350,0.992400,0.000000
12.015903,0.000000,0.000000,0.005797,0.000077,-0.005797,-0.000077,0.059751,0.059827,1.006350,0.992400,0.000000
12.031902,0.000000,0.000000,0.005786,0.000076,-0.005786,-0.000076,0.059177,0.059253,1.006351,0.992492,0.000000
12.031902,0.000000,0.000000,0.005786,0.000076,-0.005786,-0.000076,0.059177,0.059253,1.006351,0.992492,0.000000
12.047902,0.000000,0.000000,0.005767,0.000075,-0.005767,-0.000075,0.058609,0.058684,1.006352,0.992585,0.000000
12.047902,0.000000,0.000000,0.005767,0.000075,-0.005767,-0.000075,0.058609,0.058684,1.006352,0.992585,0.000000
12.063902,0.000000,0.000000,0.005740,0.000075,-0.005740,-0.000075,0.058046,0.058120,1.006353,0.992676,0.000000
12.063902,0.000000,0.000000,0.005740,0.000075,-0.005740,-0.000075,0.058046,0.058120,1.006353,0.992676,0.000000
12.079902,0.000000,0.000000,0.005707,0.000074,-0.005707,-0.000074,0.057489,0.057562,1.006354,0.992768,0.000000
12.079902,0.000000,0.000000,0.005707,0.000074,-0.005707,-0.000074,0.057489,0.057562,1.006354,0.992768,0.000000
12.095901,0.000000,0.000000,0.005671,0.000073,-0.005671,-0.000073,0.056937,0.057010,1.006355,0.992859,0.000000
12.095901,0.000000,0.000000,0.005671,0.000073,-0.005671,-0.000073,0.056937,0.057010,1.006355,0.992859,0.000000
12.111901,0.000000,0.000000,0.005631,0.000073,-0.005631,-0.000073,0.056391,0.056462,1.006356,0.992949,0.000000
12.111901,0.000000,0.000000,0.005631,0.000073,-0.005631,-0.000073,0.056391,0.056462,1.006356,0.992949,0.000000
12.127901,0.000000,0.000000,0.005588,0.000072,-0.005588,-0.000072,0.055849,0.055920,1.006357,0.993038,0.000000
12.127901,0.000000,0.000000,0.005588,0.000072,-0.005588,-0.000072,0.055849,0.055920,1.006357,0.993038,0.000000
12.143901,0.000000,0.000000,0.005544,0.000071,-0.005544,-0.000071,0.055313,0.055384,1.006358,0.993127,0.000000
12.143901,0.000000,0.000000,0.005544,0.000071,-0.005544,-0.000071,0.055313,0.055384,1.006358,0.993127,0.000000
12.159901,0.000000,0.000000,0.005498,0.000071,-0.005498,-0.000071,0.054782,0.054852,1.006359,0.993215,0.000000
12.159901,0.000000,0.000000,0.005498,0.000071,-0.005498,-0.000071,0.054782,0.054852,1.006359,0.993215,0.000000
12.175900,0.000000,0.000000,0.005451,0.000070,-0.005451,-0.000070,0.054256,0.054325,1.006360,0.993302,0.000000
12.175900,0.000000,0.000000,0.005451,0.000070,-0.005451,-0.000070,0.054256,0.054325,1.006360,0.993302,0.000000
12.191900,0.000000,0.000000,0.005404,0.000069,-0.005404,-0.000069,0.053735,0.053804,1.006361,0.993388,0.000000
12.191900,0.000000,0.000000,0.005404,0.000069,-0.005404,-0.000069,0.053735,0.053804,1.006361,0.993388,0.000000
12.207900,0.000000,0.000000,0.005356,0.000069,-0.005356,-0.000069,0.053219,0.053287,1.006362,0.993474,0.000000
12.207900,0.000000,0.000000,0.005356,0.000069,-0.005356,-0.000069,0.053219,0.053287,1.006362,0.993474,0.000000
12.223900,0.000000,0.000000,0.005307,0.000068,-0.005307,-0.000068,0.052709,0.052776,1.006363,0.993559,0.000000
12.223900,0.000000,0.000000,0.005307,0.000068,-0.005307,-0.000068,0.052709,0.052776,1.006363,0.993559,0.000000
12.239900,0.000000,0.000000,0.005259,0.000067,-0.005259,-0.000067,0.052203,0.052269,1.006364,0.993643,0.000000
12.239900,0.000000,0.000000,0.005259,0.000067,-0.005259,-0.000067,0.052203,0.052269,1.006364,0.993643,0.000000
12.255899,0.000000,0.000000,0.005210,0.000067,-0.005210,-0.000067,0.051701,0.051767,1.006365,0.993726,0.000000
12.255899,0.000000,0.000000,0.005210,0.000067,-0.005210,-0.000067,0.051701,0.051767,1.006365,0.993726,0.000000
12.271899,0.000000,0.000000,0.005162,0.000066,-0.005162,-0.000066,0.051205,0.051270,1.006366,0.993809,0.000000
12.271899,0.000000,0.000000,0.005162,0.000066,-0.005162,-0.000066,0.051205,0.051270,1.006366,0.993809,0.000000
12.287899,0.000000,0.000000,0.005113,0.000065,-0.005113,-0.000065,0.050714,0.050778,1.006367,0.993891,0.000000
12.287899,0.000000,0.000000,0.005113,0.000065,-0.005113,-0.000065,0.050714,0.050778,1.006367,0.993891,0.000000
12.303899,0.000000,0.000000,0.005065,0.000065,-0.005065,-0.000065,0.050227,0.050291,1.006368,0.993972,0.000000
12.303899,0.000000,0.000000,0.005065,0.000065,-0.005065,-0.000065,0.050227,0.050291,1.006368,0.993972,0.000000
12.319899,0.000000,0.000000,0.005017,0.000064,-0.005017,-0.000064,0.049744,0.049808,1.006369,0.994052,0.000000
12.319899,0.000000,0.000000,0.005017,0.000064,-0.005017,-0.000064,0.049744,0.049808,1.006369,0.994052,0.000000
12.335898,0.000000,0.000000,0.004970,0.000063,-0.004970,-0.000063,0.049267,0.049330,1.006370,0.994132,0.000000
12.335898,0.000000,0.000000,0.004970,0.000063,-0.004970,-0.000063,0.049267,0.049330,1.006370,0.994132,0.000000
12.351898,0.000000,0.000000,0.004922,0.000063,-0.004922,-0.000063,0.048794,0.048856,1.006371,0.994210,0.000000
12.351898,0.000000,0.000000,0.004922,0.000063,-0.004922,-0.000063,0.048794,0.048856,1.006371,0.994210,0.000000
12.367898,0.000000,0.000000,0.004875,0.000062,-0.004875,-0.000062,0.048326,0.048387,1.006372,0.994288,0.000000
12.367898,0.000000,0.000000,0.004875,0.000062,-0.004875,-0.000062,0.048326,0.048387,1.006372,0.994288,0.000000
12.383898,0.000000,2.000000,0.004829,0.000062,-0.004829,1.999938,-0.949738,1.045523,1.006372,0.994366,0.000000
12.383898,0.000000,2.000000,0.004829,0.000062,-0.004829,1.999938,-0.949738,1.045523,1.006372,0.994366,0.000000
12.399898,0.000000,2.000000,0.000865,1.994397,-0.000865,0.005603,-0.950225,1.045090,1.006373,0.994379,0.000000
12.399898,0.000000,2.000000,0.000865,1.994397,-0.000865,0.005603,-0.950225,1.045090,1.006373,0.994379,0.000000
12.415897,0.000000,2.000000,0.000624,1.994291,-0.000624,0.005709,-0.950707,1.044663,1.006374,0.994389,0.000000
12.415897,0.000000,2.000000,0.000624,1.994291,-0.000624,0.005709,-0.950707,1.044663,1.006374,0.994389,0.000000
12.431897,0.000000,2.000000,0.003343,1.994385,-0.003343,0.005615,-0.951184,1.044239,1.006373,0.994443,0.000000
12.431897,0.000000,2.000000,0.003343,1.994385,-0.003343,0.005615,-0.951184,1.044239,1.006373,0.994443,0.000000
12.447897,0.000000,2.000000,0.004639,1.994480,-0.004639,0.005520,-0.951657,1.043819,1.006369,0.994517,0.000000
12.447897,0.000000,2.000000,0.004639,1.994480,-0.004639,0.005520,-0.951657,1.043819,1.006369,0.994517,0.000000
12.463897,0.000000,2.000000,0.004619,1.994572,-0.004619,0.005428,-0.952125,1.043403,1.006363,0.994591,0.000000
12.463897,0.000000,2.000000,0.004619,1.994572,-0.004619,0.005428,-0.952125,1.043403,1.006363,0.994591,0.000000
12.479897,0.000000,2.000000,0.004571,1.994653,-0.004571,0.005347,-0.952589,1.042991,1.006355,0.994663,0.000000
12.479897,0.000000,2.000000,0.004571,1.994653,-0.004571,0.005347,-0.952589,1.042991,1.006355,0.994663,0.000000
12.495896,0.000000,2.000000,0.004523,1.994723,-0.004523,0.005277,-0.953048,1.042583,1.006345,0.994735,0.000000
12.495896,0.000000,2.000000,0.004523,1.994723,-0.004523,0.005277,-0.953048,1.042583,1.006345,0.994735,0.000000
12.511896,0.000000,2.000000,0.004476,1.994781,-0.004476,0.005219,-0.953503,1.042178,1.006333,0.994806,0.000000
12.511896,0.000000,2.000000,0.004476,1.994781,-0.004476,0.005219,-0.953503,1.042178,1.006333,0.994806,0.000000
12.527896,0.000000,2.000000,0.004430,1.994823,-0.004430,0.005177,-0.953953,1.041777,1.006319,0.994875,0.000000
12.527896,0.000000,2.000000,0.004430,1.994823,-0.004430,0.005177,-0.953953,1.041777,1.006319,0.994875,0.000000
12.543896,0.000000,2.000000,0.004384,1.994840,-0.004384,0.005160,-0.954400,1.041380,1.006303,0.994943,0.000000
12.543896,0.000000,2.000000,0.004384,1.994840,-0.004384,0.005160,-0.954400,1.041380,1.006303,0.994943,0.000000
12.559896,0.000000,2.000000,0.004340,1.994798,-0.004340,0.005202,-0.954843,1.040987,1.006285,0.995010,0.000000
12.559896,0.000000,2.000000,0.004340,1.994798,-0.004340,0.005202,-0.954843,1.040987,1.006285,0.995010,0.000000
12.575895,0.000000,2.000000,0.004296,1.994556,-0.004296,0.005444,-0.955285,1.040597,1.006265,0.995076,0.000000
12.575895,0.000000,2.000000,0.004296,1.994556,-0.004296,0.005444,-0.955285,1.040597,1.006265,0.995076,0.000000
12.591895,0.000000,2.000000,0.004253,1.992724,-0.004253,0.007276,-0.955741,1.040211,1.006244,0.995141,0.000000
12.591895,0.000000,2.000000,0.004253,1.992724,-0.004253,0.007276,-0.955741,1.040211,1.006244,0.995141,0.000000
12.607895,0.000000,2.000000,0.004210,2.003931,-0.004210,-0.003931,-0.956085,1.039829,1.006221,0.995204,0.000000
12.607895,0.000000,2.000000,0.004210,2.003931,-0.004210,-0.003931,-0.956085,1.039829,1.006221,0.995204,0.000000
12.623895,0.000000,2.000000,0.004173,1.991787,-0.004173,0.008213,-0.956542,1.039451,1.006196,0.995266,0.000000
12.623895,0.000000,2.000000,0.004173,1.991787,-0.004173,0.008213,-0.956542,1.039451,1.006196,0.995266,0.000000
12.639894,0.000000,2.000000,0.004131,1.994660,-0.004131,0.005340,-0.956968,1.039076,1.006170,0.995327,0.000000
12.639894,0.000000,2.000000,0.004131,1.994660,-0.004131,0.005340,-0.956968,1.039076,1.006170,0.995327,0.000000
12.655894,0.000000,2.000000,0.004090,1.995072,-0.004090,0.004928,-0.957387,1.038705,1.006142,0.995386,0.000000
12.655894,0.000000,2.000000,0.004090,1.995072,-0.004090,0.004928,-0.957387,1.038705,1.006142,0.995386,0.000000
12.671894,0.000000,2.000000,0.004051,1.995237,-0.004051,0.004763,-0.957800,1.038337,1.006112,0.995444,0.000000
12.671894,0.000000,2.000000,0.004051,1.995237,-0.004051,0.004763,-0.957800,1.038337,1.006112,0.995444,0.000000
12.687894,0.000000,2.000000,0.004011,1.995336,-0.004011,0.004664,-0.958209,1.037973,1.006082,0.995500,0.000000
12.687894,0.000000,2.000000,0.004011,1.995336,-0.004011,0.004664,-0.958209,1.037973,1.006082,0.995500,0.000000
12.703894,0.000000,2.000000,0.003973,1.995409,-0.003973,0.004591,-0.958614,1.037612,1.006049,0.995555,0.000000
12.703894,0.000000,2.000000,0.003973,1.995409,-0.003973,0.004591,-0.958614,1.037612,1.006049,0.995555,0.000000
12.719893,0.000000,2.000000,0.003934,1.995471,-0.003934,0.004529,-0.959015,1.037255,1.006016,0.995608,0.000000
12.719893,0.000000,2.000000,0.003934,1.995471,-0.003934,0.004529,-0.959015,1.037255,1.006016,0.995608,0.000000
12.735893,0.000000,2.000000,0.003897,1.995525,-0.003897,0.004475,-0.959412,1.036901,1.005981,0.995660,0.000000
12.735893,0.000000,2.000000,0.003897,1.995525,-0.003897,0.004475,-0.959412,1.036901,1.005981,0.995660,0.000000
12.751893,0.000000,2.000000,0.003859,1.995576,-0.003859,0.004424,-0.959805,1.036550,1.005946,0.995710,0.000000
12.751893,0.000000,2.000000,0.003859,1.995576,-0.003859,0.004424,-0.959805,1.036550,1.005946,0.995710,0.000000
12.767893,0.000000,2.000000,0.003822,1.995624,-0.003822,0.004376,-0.960194,1.036203,1.005909,0.995759,0.000000
12.767893,0.000000,2.000000,0.003822,1.995624,-0.003822,0.004376,-0.960194,1.036203,1.005909,0.995759,0.000000
12.783893,0.000000,2.000000,0.003785,1.995670,-0.003785,0.004330,-0.960579,1.035860,1.005871,0.995806,0.000000
12.783893,0.000000,2.000000,0.003785,1.995670,-0.003785,0.004330,-0.960579,1.035860,1.005871,0.995806,0.000000
12.799892,0.000000,2.000000,0.003748,1.995714,-0.003748,0.004286,-0.960961,1.035519,1.005832,0.995852,0.000000
12.799892,0.000000,2.000000,0.003748,1.995714,-0.003748,0.004286,-0.960961,1.035519,1.005832,0.995852,0.000000
12.815892,0.000000,2.000000,0.003712,1.995758,-0.003712,0.004242,-0.961339,1.035182,1.005792,0.995896,0.000000
12.815892,0.000000,2.000000,0.003712,1.995758,-0.003712,0.004242,-0.961339,1.035182,1.005792,0.995896,0.000000
12.831892,0.000000,2.000000,0.003676,1.995800,-0.003676,0.004200,-0.961713,1.034848,1.005751,0.995938,0.000000
12.831892,0.000000,2.000000,0.003676,1.995800,-0.003676,0.004200,-0.961713,1.034848,1.005751,0.995938,0.000000
12.847892,0.000000,2.000000,0.003640,1.995842,-0.003640,0.004158,-0.962084,1.034517,1.005710,0.995979,0.000000
12.847892,0.000000,2.000000,0.003640,1.995842,-0.003640,0.004158,-0.962084,1.034517,1.005710,0.995979,0.000000
12.863892,0.000000,2.000000,0.003605,1.995883,-0.003605,0.004117,-0.962451,1.034190,1.005667,0.996018,0.000000
12.863892,0.000000,2.000000,0.003605,1.995883,-0.003605,0.004117,-0.962451,1.034190,1.005667,0.996018,0.000000
12.879891,0.000000,2.000000,0.003570,1.995924,-0.003570,0.004076,-0.962814,1.033865,1.005624,0.996056,0.000000
12.879891,0.000000,2.000000,0.003570,1.995924,-0.003570,0.004076,-0.962814,1.033865,1.005624,0.996056,0.000000
12.895891,0.000000,2.000000,0.003535,1.995964,-0.003535,0.004036,-0.963174,1.033544,1.005581,0.996092,0.000000
12.895891,0.000000,2.000000,0.003535,1.995964,-0.003535,0.004036,-0.963174,1.033544,1.005581,0.996092,0.000000
12.911891,0.000000,2.000000,0.003500,1.996003,-0.003500,0.003997,-0.963531,1.033226,1.005536,0.996126,0.000000
12.911891,0.000000,2.000000,0.003500,1.996003,-0.003500,0.003997,-0.963531,1.033226,1.005536,0.996126,0.000000
12.927891,0.000000,2.000000,0.003469,1.996042,-0.003469,0.003958,-0.963884,1.032910,1.005491,0.996159,0.000000
12.927891,0.000000,2.000000,0.003469,1.996042,-0.003469,0.003958,-0.963884,1.032910,1.005491,0.996159,0.000000
12.943891,0.000000,2.000000,0.003468,1.996081,-0.003468,0.003919,-0.964234,1.032598,1.005446,0.996190,0.000000
12.943891,0.000000,2.000000,0.003468,1.996081,-0.003468,0.003919,-0.964234,1.032598,1.005446,0.996190,0.000000
12.959890,0.000000,2.000000,0.003436,1.996118,-0.003436,0.003882,-0.964581,1.032289,1.005399,0.996220,0.000000
12.959890,0.000000,2.000000,0.003436,1.996118,-0.003436,0.003882,-0.964581,1.032289,1.005399,0.996220,0.000000
12.975890,0.000000,2.000000,0.003402,1.996156,-0.003402,0.003844,-0.964924,1.031983,1.005353,0.996248,0.000000
12.975890,0.000000,2.000000,0.003402,1.996156,-0.003402,0.003844,-0.964924,1.031983,1.005353,0.996248,0.000000
12.991890,0.000000,2.000000,0.003369,1.996193,-0.003369,0.003807,-0.965263,1.031679,1.005306,0.996275,0.000000
12.991890,0.000000,2.000000,0.003369,1.996193,-0.003369,0.003807,-0.965263,1.031679,1.005306,0.996275,0.000000
13.007890,0.000000,2.000000,0.003337,1.996230,-0.003337,0.003770,-0.965600,1.031379,1.005259,0.996300,0.000000
13.007890,0.000000,2.000000,0.003337,1.996230,-0.003337,0.003770,-0.965600,1.031379,1.005259,0.996300,0.000000
13.023890,0.000000,2.000000,0.003304,1.996266,-0.003304,0.003734,-0.965933,1.031082,1.005211,0.996323,0.000000
13.023890,0.000000,2.000000,0.003304,1.996266,-0.003304,0.003734,-0.965933,1.031082,1.005211,0.996323,0.000000
13.039889,0.000000,2.000000,0.003272,1.996302,-0.003272,0.003698,-0.966264,1.030787,1.005164,0.996345,0.000000
13.039889,0.000000,2.000000,0.003272,1.996302,-0.003272,0.003698,-0.966264,1.030787,1.005164,0.996345,0.000000
13.055889,0.000000,2.000000,0.003240,1.996338,-0.003240,0.003662,-0.966590,1.030495,1.005116,0.996365,0.000000
13.055889,0.000000,2.000000,0.003240,1.996338,-0.003240,0.003662,-0.966590,1.030495,1.005116,0.996365,0.000000
13.071889,0.000000,2.000000,0.003209,1.996373,-0.003209,0.003627,-0.966914,1.030206,1.005068,0.996383,0.000000
13.071889,0.000000,2.000000,0.003209,1.996373,-0.003209,0.003627,-0.966914,1.030206,1.005068,0.996383,0.000000
13.087889,0.000000,2.000000,0.003177,1.996408,-0.003177,0.003592,-0.967235,1.029920,1.005020,0.996400,0.000000
13.087889,0.000000,2.000000,0.003177,1.996408,-0.003177,0.003592,-0.967235,1.029920,1.005020,0.996400,0.000000
13.103889,0.000000,2.000000,0.003146,1.996442,-0.003146,0.003558,-0.967553,1.029636,1.004972,0.996416,0.000000
13.103889,0.000000,2.000000,0.003146,1.996442,-0.003146,0.003558,-0.967553,1.029636,1.004972,0.996416,0.000000
13.119888,0.000000,2.000000,0.003116,1.996477,-0.003116,0.003523,-0.967867,1.029356,1.004924,0.996430,0.000000
13.119888,0.000000,2.000000,0.003116,1.996477,-0.003116,0.003523,-0.967867,1.029356,1.004924,0.996430,0.000000
13.135888,0.000000,2.000000,0.003085,1.996510,-0.003085,0.003490,-0.968179,1.029078,1.004877,0.996442,0.000000
13.135888,0.000000,2.000000,0.003085,1.996510,-0.003085,0.003490,-0.968179,1.029078,1.004877,0.996442,0.000000
13.151888,0.000000,2.000000,0.003055,1.996544,-0.003055,0.003456,-0.968487,1.028802,1.004829,0.996453,0.000000
13.151888,0.000000,2.000000,0.003055,1.996544,-0.003055,0.003456,-0.968487,1.028802,1.004829,0.996453,0.000000
13.167888,0.000000,2.000000,0.003025,1.996577,-0.003025,0.003423,-0.968793,1.028529,1.004781,0.996463,0.000000
13.167888,0.000000,2.000000,0.003025,1.996577,-0.003025,0.003423,-0.968793,1.028529,1.004781,0.996463,0.000000
13.183887,0.000000,2.000000,0.002995,1.996609,-0.002995,0.003391,-0.969096,1.028259,1.004734,0.996470,0.000000
13.183887,0.000000,2.000000,0.002995,1.996609,-0.002995,0.003391,-0.969096,1.028259,1.004734,0.996470,0.000000
13.199887,0.000000,2.000000,0.002966,1.996641,-0.002966,0.003359,-0.969396,1.027992,1.004687,0.996477,0.000000
13.199887,0.000000,2.000000,0.002966,1.996641,-0.002966,0.003359,-0.969396,1.027992,1.004687,0.996477,0.000000
13.215887,0.000000,2.000000,0.002937,1.996673,-0.002937,0.003327,-0.969692,1.027727,1.004640,0.996482,0.000000
13.215887,0.000000,2.000000,0.002937,1.996673,-0.002937,0.003327,-0.969692,1.027727,1.004640,0.996482,0.000000
13.231887,0.000000,0.000000,0.002908,1.996705,-0.002908,-1.996705,0.027613,0.029864,1.004594,0.996486,0.000000
13.231887,0.000000,0.000000,0.002908,1.996705,-0.002908,-1.996705,0.027613,0.029864,1.004594,0.996486,0.000000
13.247887,0.000000,0.000000,0.002660,0.002279,-0.002660,-0.002279,0.027348,0.029577,1.004552,0.996488,0.000000
13.247887,0.000000,0.000000,0.002660,0.002279,-0.002660,-0.002279,0.027348,0.029577,1.004552,0.996488,0.000000
13.263886,0.000000,0.000000,0.002769,0.002247,-0.002769,-0.002247,0.027086,0.029293,1.004507,0.996489,0.000000
13.263886,0.000000,0.000000,0.002769,0.002247,-0.002769,-0.002247,0.027086,0.029293,1.004507,0.996489,0.000000
13.279886,0.000000,0.000000,0.002757,0.002219,-0.002757,-0.002219,0.026826,0.029012,1.004463,0.996491,0.000000
13.279886,0.000000,0.000000,0.002757,0.002219,-0.002757,-0.002219,0.026826,0.029012,1.004463,0.996491,0.000000
13.295886,0.000000,0.000000,0.002740,0.002193,-0.002740,-0.002193,0.026568,0.028733,1.004419,0.996493,0.000000
13.295886,0.000000,0.000000,0.002740,0.002193,-0.002740,-0.002193,0.026568,0.028733,1.004419,0.996493,0.000000
13.311886,0.000000,0.000000,0.002721,0.002170,-0.002721,-0.002170,0.026313,0.028457,1.004376,0.996496,0.000000
13.311886,0.000000,0.000000,0.002721,0.002170,-0.002721,-0.002170,0.026313,0.028457,1.004376,0.996496,0.000000
13.327886,0.000000,0.000000,0.002702,0.002147,-0.002702,-0.002147,0.026060,0.028184,1.004333,0.996498,0.000000
13.327886,0.000000,0.000000,0.002702,0.002147,-0.002702,-0.002147,0.026060,0.028184,1.004333,0.996498,0.000000
13.343885,0.000000,0.000000,0.002681,0.002126,-0.002681,-0.002126,0.025810,0.027913,1.004290,0.996500,0.000000
13.343885,0.000000,0.000000,0.002681,0.002126,-0.002681,-0.002126,0.025810,0.027913,1.004290,0.996500,0.000000
13.359885,0.000000,0.000000,0.002659,0.002104,-0.002659,-0.002104,0.025562,0.027645,1.004247,0.996502,0.000000
13.359885,0.000000,0.000000,0.002659,0.002104,-0.002659,-0.002104,0.025562,0.027645,1.004247,0.996502,0.000000
13.375885,0.000000,0.000000,0.002636,0.002084,-0.002636,-0.002084,0.025317,0.027380,1.004205,0.996504,0.000000
13.375885,0.000000,0.000000,0.002636,0.002084,-0.002636,-0.002084,0.025317,0.027380,1.004205,0.996504,0.000000
13.391885,0.000000,0.000000,0.002614,0.002064,-0.002614,-0.002064,0.025074,0.027117,1.004164,0.996506,0.000000
13.391885,0.000000,0.000000,0.002614,0.002064,-0.002614,-0.002064,0.025074,0.027117,1.004164,0.996506,0.000000
13.407885,0.000000,0.000000,0.002591,0.002044,-0.002591,-0.002044,0.024833,0.026857,1.004122,0.996508,0.000000
13.407885,0.000000,0.000000,0.002591,0.002044,-0.002591,-0.002044,0.024833,0.026857,1.004122,0.996508,0.000000
13.423884,0.000000,0.000000,0.002567,0.002024,-0.002567,-0.002024,0.024595,0.026599,1.004081,0.996511,0.000000
13.423884,0.000000,0.000000,0.002567,0.002024,-0.002567,-0.002024,0.024595,0.026599,1.004081,0.996511,0.000000
13.439884,0.000000,0.000000,0.002544,0.002004,-0.002544,-0.002004,0.024359,0.026344,1.004040,0.996513,0.000000
13.439884,0.000000,0.000000,0.002544,0.002004,-0.002544,-0.002004,0.024359,0.026344,1.004040,0.996513,0.000000
13.455884,0.000000,0.000000,0.002521,0.001985,-0.002521,-0.001985,0.024125,0.026091,1.004000,0.996515,0.000000
13.455884,0.000000,0.000000,0.002521,0.001985,-0.002521,-0.001985,0.024125,0.026091,1.004000,0.996515,0.000000
13.471884,0.000000,0.000000,0.002497,0.001966,-0.002497,-0.001966,0.023893,0.025840,1.003960,0.996517,0.000000
13.471884,0.000000,0.000000,0.002497,0.001966,-0.002497,-0.001966,0.023893,0.025840,1.003960,0.996517,0.000000
13.487884,0.000000,0.000000,0.002474,0.001947,-0.002474,-0.001947,0.023664,0.025592,1.003921,0.996519,0.000000
13.487884,0.000000,0.000000,0.002474,0.001947,-0.002474,-0.001947,0.023664,0.025592,1.003921,0.996519,0.000000
13.503883,0.000000,0.000000,0.002451,0.001928,-0.002451,-0.001928,0.023437,0.025346,1.003882,0.996521,0.000000
13.503883,0.000000,0.000000,0.002451,0.001928,-0.002451,-0.001928,0.023437,0.025346,1.003882,0.996521,0.000000
13.519883,0.000000,0.000000,0.002428,0.001910,-0.002428,-0.001910,0.023212,0.025103,1.003843,0.996523,0.000000
13.519883,0.000000,0.000000,0.002428,0.001910,-0.002428,-0.001910,0.023212,0.025103,1.003843,0.996523,0.000000
13.535883,0.000000,0.000000,0.002405,0.001891,-0.002405,-0.001891,0.022989,0.024862,1.003804,0.996525,0.000000
13.535883,0.000000,0.000000,0.002405,0.001891,-0.002405,-0.001891,0.022989,0.024862,1.003804,0.996525,0.000000
13.551883,0.000000,0.000000,0.002382,0.001873,-0.002382,-0.001873,0.022768,0.024624,1.003766,0.996527,0.000000
13.551883,0.000000,0.000000,0.002382,0.001873,-0.002382,-0.001873,0.022768,0.024624,1.003766,0.996527,0.000000
13.567883,0.000000,0.000000,0.002359,0.001855,-0.002359,-0.001855,0.022550,0.024387,1.003729,0.996529,0.000000
13.567883,0.000000,0.000000,0.002359,0.001855,-0.002359,-0.001855,0.022550,0.024387,1.003729,0.996529,0.000000
13.583882,0.000000,0.000000,0.002337,0.001837,-0.002337,-0.001837,0.022333,0.024153,1.003691,0.996531,0.000000
13.583882,0.000000,0.000000,0.002337,0.001837,-0.002337,-0.001837,0.022333,0.024153,1.003691,0.996531,0.000000
13.599882,0.000000,0.000000,0.002314,0.001820,-0.002314,-0.001820,0.022119,0.023921,1.003654,0.996533,0.000000
13.599882,0.000000,0.000000,0.002314,0.001820,-0.002314,-0.001820,0.022119,0.023921,1.003654,0.996533,0.000000
13.615882,0.000000,0.000000,0.002292,0.001802,-0.002292,-0.001802,0.021906,0.023691,1.003618,0.996535,0.000000
13.615882,0.000000,0.000000,0.002292,0.001802,-0.002292,-0.001802,0.021906,0.023691,1.003618,0.996535,0.000000
13.631882,0.000000,0.000000,0.002270,0.001785,-0.002270,-0.001785,0.021696,0.023464,1.003581,0.996537,0.000000
13.631882,0.000000,0.000000,0.002270,0.001785,-0.002270,-0.001785,0.021696,0.023464,1.003581,0.996537,0.000000
13.647882,0.000000,0.000000,0.002249,0.001768,-0.002249,-0.001768,0.021488,0.023239,1.003546,0.996539,0.000000
13.647882,0.000000,0.000000,0.002249,0.001768,-0.002249,-0.001768,0.021488,0.023239,1.003546,0.996539,0.000000
13.663881,0.000000,0.000000,0.002227,0.001751,-0.002227,-0.001751,0.021282,0.023016,1.003510,0.996541,0.000000
13.663881,0.000000,0.000000,0.002227,0.001751,-0.002227,-0.001751,0.021282,0.023016,1.003510,0.996541,0.000000
13.679881,0.000000,0.000000,0.002206,0.001734,-0.002206,-0.001734,0.021077,0.022795,1.003475,0.996542,0.000000
13.679881,0.000000,0.000000,0.002206,0.001734,-0.002206,-0.001734,0.021077,0.022795,1.003475,0.996542,0.000000
13.695881,0.000000,0.000000,0.002185,0.001717,-0.002185,-0.001717,0.020875,0.022576,1.003440,0.996544,0.000000
13.695881,0.000000,0.000000,0.002185,0.001717,-0.002185,-0.001717,0.020875,0.022576,1.003440,0.996544,0.000000
13.711881,0.000000,0.000000,0.002164,0.001701,-0.002164,-0.001701,0.020675,0.022359,1.003405,0.996546,0.000000
13.711881,0.000000,0.000000,0.002164,0.001701,-0.002164,-0.001701,0.020675,0.022359,1.003405,0.996546,0.000000
13.727880,0.200000,0.000000,0.002143,0.001685,0.197857,-0.001685,1.955676,1.957344,1.003371,0.996548,0.000000
13.727880,0.200000,0.000000,0.002143,0.001685,0.197857,-0.001685,1.955676,1.957344,1.003371,0.996548,0.000000
13.743880,0.200000,0.000000,0.053737,0.001662,0.146263,-0.001662,1.956126,1.957778,1.002527,0.996711,0.000000
13.743880,0.200000,0.000000,0.053737,0.001662,0.146263,-0.001662,1.956126,1.957778,1.002527,0.996711,0.000000
13.759880,0.200000,0.000000,0.104833,0.001646,0.095167,-0.001646,1.956571,1.958208,1.000859,0.996886,0.000000
13.759880,0.200000,0.000000,0.104833,0.001646,0.095167,-0.001646,1.956571,1.958208,1.000859,0.996886,0.000000
13.775880,0.200000,0.000000,0.156005,0.001630,0.043995,-0.001630,1.957013,1.958634,0.998369,0.997065,0.000000
13.775880,0.200000,0.000000,0.156005,0.001630,0.043995,-0.001630,1.957013,1.958634,0.998369,0.997065,0.000000
13.791880,0.200000,0.000000,0.195542,0.001615,0.004458,-0.001615,1.957450,1.959055,0.995246,0.997245,0.000000
13.791880,0.200000,0.000000,0.195542,0.001615,0.004458,-0.001615,1.957450,1.959055,0.995246,0.997245,0.000000
13.807879,0.200000,0.000000,0.196299,0.001599,0.003701,-0.001599,1.957883,1.959473,0.992110,0.997425,0.000000
13.807879,0.200000,0.000000,0.196299,0.001599,0.003701,-0.001599,1.957883,1.959473,0.992110,0.997425,0.000000
13.823879,0.200000,0.000000,0.196259,0.001584,0.003741,-0.001584,1.958312,1.959887,0.988975,0.997604,0.000000
13.823879,0.200000,0.000000,0.196259,0.001584,0.003741,-0.001584,1.958312,1.959887,0.988975,0.997604,0.000000
13.839879,0.200000,0.000000,0.196222,0.001569,0.003778,-0.001569,1.958737,1.960297,0.985840,0.997783,0.000000
13.839879,0.200000,0.000000,0.196222,0.001569,0.003778,-0.001569,1.958737,1.960297,0.985840,0.997783,0.000000
13.855879,0.200000,0.000000,0.196200,0.001554,0.003800,-0.001554,1.959157,1.960702,0.982706,0.997962,0.000000
13.855879,0.200000,0.000000,0.196200,0.001554,0.003800,-0.001554,1.959157,1.960702,0.982706,0.997962,0.000000
13.871879,0.200000,0.000000,0.196190,0.001539,0.003810,-0.001539,1.959574,1.961104,0.979572,0.998141,0.000000
13.871879,0.200000,0.000000,0.196190,0.001539,0.003810,-0.001539,1.959574,1.961104,0.979572,0.998141,0.000000
13.887878,0.200000,0.000000,0.196191,0.001524,0.003809,-0.001524,1.959987,1.961502,0.976438,0.998320,0.000000
13.887878,0.200000,0.000000,0.196191,0.001524,0.003809,-0.001524,1.959987,1.961502,0.976438,0.998320,0.000000
13.903878,0.200000,0.000000,0.196198,0.001510,0.003802,-0.001510,1.960396,1.961897,0.973304,0.998499,0.000000
13.903878,0.200000,0.000000,0.196198,0.001510,0.003802,-0.001510,1.960396,1.961897,0.973304,0.998499,0.000000
13.919878,0.200000,0.000000,0.196212,0.001495,0.003788,-0.001495,1.960800,1.962287,0.970170,0.998677,0.000000
13.919878,0.200000,0.000000,0.196212,0.001495,0.003788,-0.001495,1.960800,1.962287,0.970170,0.998677,0.000000
13.935878,0.200000,0.000000,0.196231,0.001481,0.003769,-0.001481,1.961201,1.962674,0.967035,0.998856,0.000000
13.935878,0.200000,0.000000,0.196231,0.001481,0.003769,-0.001481,1.961201,1.962674,0.967035,0.998856,0.000000
13.951878,0.200000,0.000000,0.196254,0.001467,0.003746,-0.001467,1.961599,1.963057,0.963900,0.999034,0.000000
13.951878,0.200000,0.000000,0.196254,0.001467,0.003746,-0.001467,1.961599,1.963057,0.963900,0.999034,0.000000
13.967877,0.200000,0.000000,0.196279,0.001453,0.003721,-0.001453,1.961992,1.963436,0.960765,0.999213,0.000000
13.967877,0.200000,0.000000,0.196279,0.001453,0.003721,-0.001453,1.961992,1.963436,0.960765,0.999213,0.000000
13.983877,0.200000,0.000000,0.196307,0.001439,0.003693,-0.001439,1.962381,1.963812,0.957629,0.999391,0.000000
13.983877,0.200000,0.000000,0.196307,0.001439,0.003693,-0.001439,1.962381,1.963812,0.957629,0.999391,0.000000
13.999877,0.200000,0.000000,0.196337,0.001425,0.003663,-0.001425,1.962767,1.964184,0.954493,0.999570,0.000000
13.999877,0.200000,0.000000,0.196337,0.001425,0.003663,-0.001425,1.962767,1.964184,0.954493,0.999570,0.000000
14.015877,0.200000,0.000000,0.196368,0.001411,0.003632,-0.001411,1.963149,1.964553,0.951356,0.999748,0.000000
14.015877,0.200000,0.000000,0.196368,0.001411,0.003632,-0.001411,1.963149,1.964553,0.951356,0.999748,0.000000
14.031877,0.200000,0.000000,0.196400,0.001398,0.003600,-0.001398,1.963528,1.964918,0.948219,0.999926,0.000000
14.031877,0.200000,0.000000,0.196400,0.001398,0.003600,-0.001398,1.963528,1.964918,0.948219,0.999926,0.000000
14.047876,0.200000,0.000000,0.196433,0.001384,0.003567,-0.001384,1.963903,1.965280,0.945081,1.000104,0.000000
14.047876,0.200000,0.000000,0.196433,0.001384,0.003567,-0.001384,1.963903,1.965280,0.945081,1.000104,0.000000
14.063876,0.200000,0.000000,0.196466,0.001371,0.003534,-0.001371,1.964274,1.965638,0.941942,1.000283,0.000000
14.063876,0.200000,0.000000,0.196466,0.001371,0.003534,-0.001371,1.964274,1.965638,0.941942,1.000283,0.000000
14.079876,0.200000,0.000000,0.196500,0.001358,0.003500,-0.001358,1.964642,1.965992,0.938803,1.000461,0.000000
14.079876,0.200000,0.000000,0.196500,0.001358,0.003500,-0.001358,1.964642,1.965992,0.938803,1.000461,0.000000
14.095876,0.200000,0.000000,0.196534,0.001345,0.003466,-0.001345,1.965006,1.966344,0.935664,1.000639,0.000000
14.095876,0.200000,0.000000,0.196534,0.001345,0.003466,-0.001345,1.965006,1.966344,0.935664,1.000639,0.000000
14.111876,0.200000,0.000000,0.196568,0.001332,0.003432,-0.001332,1.965367,1.966692,0.932524,1.000817,0.000000
14.111876,0.200000,0.000000,0.196568,0.001332,0.003432,-0.001332,1.965367,1.966692,0.932524,1.000817,0.000000
14.127875,0.200000,0.000000,0.196602,0.001320,0.003398,-0.001320,1.965724,1.967036,0.929383,1.000995,0.000000
14.127875,0.200000,0.000000,0.196602,0.001320,0.003398,-0.001320,1.965724,1.967036,0.929383,1.000995,0.000000
14.143875,0.200000,0.000000,0.196636,0.001307,0.003364,-0.001307,1.966078,1.967378,0.926242,1.001173,0.000000
14.143875,0.200000,0.000000,0.196636,0.001307,0.003364,-0.001307,1.966078,1.967378,0.926242,1.001173,0.000000
14.159875,0.200000,0.000000,0.196670,0.001294,0.003330,-0.001294,1.966429,1.967716,0.923101,1.001351,0.000000
14.159875,0.200000,0.000000,0.196670,0.001294,0.003330,-0.001294,1.966429,1.967716,0.923101,1.001351,0.000000
14.175875,0.200000,0.000000,0.196703,0.001282,0.003297,-0.001282,1.966776,1.968051,0.919958,1.001529,0.000000
14.175875,0.200000,0.000000,0.196703,0.001282,0.003297,-0.001282,1.966776,1.968051,0.919958,1.001529,0.000000
14.191875,0.200000,0.000000,0.196737,0.001270,0.003263,-0.001270,1.967119,1.968382,0.916816,1.001707,0.000000
14.191875,0.200000,0.000000,0.196737,0.001270,0.003263,-0.001270,1.967119,1.968382,0.916816,1.001707,0.000000
14.207874,0.200000,0.000000,0.196770,0.001258,0.003230,-0.001258,1.967460,1.968711,0.913672,1.001885,0.000000
14.207874,0.200000,0.000000,0.196770,0.001258,0.003230,-0.001258,1.967460,1.968711,0.913672,1.001885,0.000000
14.223874,0.200000,0.000000,0.196803,0.001246,0.003197,-0.001246,1.967797,1.969036,0.910528,1.002063,0.000000
14.223874,0.200000,0.000000,0.196803,0.001246,0.003197,-0.001246,1.967797,1.969036,0.910528,1.002063,0.000000
14.239874,0.200000,0.000000,0.196836,0.001234,0.003164,-0.001234,1.968131,1.969358,0.907384,1.002241,0.000000
14.239874,0.200000,0.000000,0.196836,0.001234,0.003164,-0.001234,1.968131,1.969358,0.907384,1.002241,0.000000
14.255874,0.200000,0.000000,0.196869,0.001222,0.003131,-0.001222,1.968462,1.969677,0.904239,1.002418,0.000000
14.255874,0.200000,0.000000,0.196869,0.001222,0.003131,-0.001222,1.968462,1.969677,0.904239,1.002418,0.000000
14.271873,0.200000,0.000000,0.196901,0.001210,0.003099,-0.001210,1.968790,1.969993,0.901094,1.002596,0.000000
14.271873,0.200000,0.000000,0.196901,0.001210,0.003099,-0.001210,1.968790,1.969993,0.901094,1.002596,0.000000
14.287873,0.200000,0.000000,0.196933,0.001199,0.003067,-0.001199,1.969114,1.970307,0.897948,1.002774,0.000000
14.287873,0.200000,0.000000,0.196933,0.001199,0.003067,-0.001199,1.969114,1.970307,0.897948,1.002774,0.000000
14.303873,0.200000,0.000000,0.196965,0.001187,0.003035,-0.001187,1.969436,1.970617,0.894801,1.002952,0.000000
14.303873,0.200000,0.000000,0.196965,0.001187,0.003035,-0.001187,1.969436,1.970617,0.894801,1.002952,0.000000
14.319873,0.200000,0.000000,0.196997,0.001176,0.003003,-0.001176,1.969754,1.970924,0.891655,1.003129,0.000000
14.319873,0.200000,0.000000,0.196997,0.001176,0.003003,-0.001176,1.969754,1.970924,0.891655,1.003129,0.000000
14.335873,0.200000,0.000000,0.197028,0.001165,0.002972,-0.001165,1.970070,1.971228,0.888507,1.003307,0.000000
14.335873,0.200000,0.000000,0.197028,0.001165,0.002972,-0.001165,1.970070,1.971228,0.888507,1.003307,0.000000
14.351872,0.200000,0.000000,0.197059,0.001154,0.002941,-0.001154,1.970382,1.971529,0.885359,1.003485,0.000000
14.351872,0.200000,0.000000,0.197059,0.001154,0.002941,-0.001154,1.970382,1.971529,0.885359,1.003485,0.000000
14.367872,0.200000,0.000000,0.197090,0.001143,0.002910,-0.001143,1.970691,1.971828,0.882211,1.003662,0.000000
14.367872,0.200000,0.000000,0.197090,0.001143,0.002910,-0.001143,1.970691,1.971828,0.882211,1.003662,0.000000
14.383872,0.200000,0.000000,0.197120,0.001132,0.002880,-0.001132,1.970998,1.972123,0.879062,1.003840,0.000000
14.383872,0.200000,0.000000,0.197120,0.001132,0.002880,-0.001132,1.970998,1.972123,0.879062,1.003840,0.000000
14.399872,0.200000,0.000000,0.197150,0.001121,0.002850,-0.001121,1.971301,1.972416,0.875912,1.004017,0.000000
14.399872,0.200000,0.000000,0.197150,0.001121,0.002850,-0.001121,1.971301,1.972416,0.875912,1.004017,0.000000
14.415872,0.200000,0.000000,0.197180,0.001110,0.002820,-0.001110,1.971602,1.972706,0.872763,1.004195,0.000000
14.415872,0.200000,0.000000,0.197180,0.001110,0.002820,-0.001110,1.971602,1.972706,0.872763,1.004195,0.000000
14.431871,0.200000,0.000000,0.197209,0.001100,0.002791,-0.001100,1.971899,1.972993,0.869612,1.004372,0.000000
14.431871,0.200000,0.000000,0.197209,0.001100,0.002791,-0.001100,1.971899,1.972993,0.869612,1.004372,0.000000
14.447871,0.200000,0.000000,0.197239,0.001089,0.002761,-0.001089,1.972194,1.973277,0.866461,1.004550,0.000000
14.447871,0.200000,0.000000,0.197239,0.001089,0.002761,-0.001089,1.972194,1.973277,0.866461,1.004550,0.000000
14.463871,0.200000,0.000000,0.197268,0.001079,0.002732,-0.001079,1.972486,1.973559,0.863310,1.004727,0.000000
14.463871,0.200000,0.000000,0.197268,0.001079,0.002732,-0.001079,1.972486,1.973559,0.863310,1.004727,0.000000
14.479871,0.200000,0.000000,0.197296,0.001068,0.002704,-0.001068,1.972775,1.973838,0.860158,1.004904,0.000000
14.479871,0.200000,0.000000,0.197296,0.001068,0.002704,-0.001068,1.972775,1.973838,0.860158,1.004904,0.000000
14.495871,0.200000,0.000000,0.197325,0.001058,0.002675,-0.001058,1.973062,1.974114,0.857006,1.005082,0.000000
14.495871,0.200000,0.000000,0.197325,0.001058,0.002675,-0.001058,1.973062,1.974114,0.857006,1.005082,0.000000
14.511870,0.200000,0.000000,0.197353,0.001048,0.002647,-0.001048,1.973346,1.974388,0.853853,1.005259,0.000000
14.511870,0.200000,0.000000,0.197353,0.001048,0.002647,-0.001048,1.973346,1.974388,0.853853,1.005259,0.000000
14.527870,0.200000,0.000000,0.197381,0.001038,0.002619,-0.001038,1.973627,1.974659,0.850700,1.005436,0.000000
14.527870,0.200000,0.000000,0.197381,0.001038,0.002619,-0.001038,1.973627,1.974659,0.850700,1.005436,0.000000
14.543870,0.200000,0.000000,0.197408,0.001028,0.002592,-0.001028,1.973905,1.974927,0.847547,1.005614,0.000000
14.543870,0.200000,0.000000,0.197408,0.001028,0.002592,-0.001028,1.973905,1.974927,0.847547,1.005614,0.000000
14.559870,0.200000,0.000000,0.197436,0.001018,0.002564,-0.001018,1.974181,1.975193,0.844393,1.005791,0.000000
14.559870,0.200000,0.000000,0.197436,0.001018,0.002564,-0.001018,1.974181,1.975193,0.844393,1.005791,0.000000
14.575870,0.200000,0.000000,0.197463,0.001008,0.002537,-0.001008,1.974454,1.975456,0.841238,1.005968,0.000000
14.575870,0.200000,0.000000,0.197463,0.001008,0.002537,-0.001008,1.974454,1.975456,0.841238,1.005968,0.000000
14.591869,0.200000,0.000000,0.197490,0.000999,0.002510,-0.000999,1.974724,1.975717,0.838083,1.006145,0.000000
14.591869,0.200000,0.000000,0.197490,0.000999,0.002510,-0.000999,1.974724,1.975717,0.838083,1.006145,0.000000
14.607869,0.200000,0.000000,0.197516,0.000989,0.002484,-0.000989,1.974992,1.975976,0.834928,1.006323,0.000000
14.607869,0.200000,0.000000,0.197516,0.000989,0.002484,-0.000989,1.974992,1.975976,0.834928,1.006323,0.000000
14.623869,0.200000,0.000000,0.197543,0.000980,0.002457,-0.000980,1.975257,1.976231,0.831772,1.006500,0.000000
14.623869,0.200000,0.000000,0.197543,0.000980,0.002457,-0.000980,1.975257,1.976231,0.831772,1.006500,0.000000
14.639869,0.200000,0.000000,0.197569,0.000970,0.002431,-0.000970,1.975520,1.976485,0.828616,1.006677,0.000000
14.639869,0.200000,0.000000,0.197569,0.000970,0.002431,-0.000970,1.975520,1.976485,0.828616,1.006677,0.000000
14.655869,0.200000,0.000000,0.197595,0.000961,0.002405,-0.000961,1.975780,1.976736,0.825460,1.006854,0.000000
14.655869,0.200000,0.000000,0.197595,0.000961,0.002405,-0.000961,1.975780,1.976736,0.825460,1.006854,0.000000
14.671868,0.200000,0.000000,0.197620,0.000952,0.002380,-0.000952,1.976038,1.976984,0.822303,1.007031,0.000000
14.671868,0.200000,0.000000,0.197620,0.000952,0.002380,-0.000952,1.976038,1.976984,0.822303,1.007031,0.000000
14.687868,0.200000,0.000000,0.197646,0.000949,0.002354,-0.000949,1.976293,1.977231,0.819145,1.007208,0.000000
14.687868,0.200000,0.000000,0.197646,0.000949,0.002354,-0.000949,1.976293,1.977231,0.819145,1.007208,0.000000
14.703868,0.200000,0.000000,0.197671,0.000927,0.002329,-0.000927,1.976546,1.977474,0.815988,1.007385,0.000000
14.703868,0.200000,0.000000,0.197671,0.000927,0.002329,-0.000927,1.976546,1.977474,0.815988,1.007385,0.000000
14.719868,0.200000,0.000000,0.197695,0.000925,0.002305,-0.000925,1.976796,1.977716,0.812830,1.007562,0.000000
14.719868,0.200000,0.000000,0.197695,0.000925,0.002305,-0.000925,1.976796,1.977716,0.812830,1.007562,0.000000
14.735868,0.200000,0.000000,0.197720,0.000916,0.002280,-0.000916,1.977044,1.977955,0.809671,1.007739,0.000000
14.735868,0.200000,0.000000,0.197720,0.000916,0.002280,-0.000916,1.977044,1.977955,0.809671,1.007739,0.000000
14.751867,0.200000,0.000000,0.197744,0.000907,0.002256,-0.000907,1.977290,1.978192,0.806512,1.007916,0.000000
14.751867,0.200000,0.000000,0.197744,0.000907,0.002256,-0.000907,1.977290,1.978192,0.806512,1.007916,0.000000
14.767867,0.200000,0.000000,0.197769,0.000898,0.002231,-0.000898,1.977533,1.978427,0.803353,1.008093,0.000000
14.767867,0.200000,0.000000,0.197769,0.000898,0.002231,-0.000898,1.977533,1.978427,0.803353,1.008093,0.000000
14.783867,0.200000,0.000000,0.197792,0.000890,0.002208,-0.000890,1.977774,1.978659,0.800193,1.008270,0.000000
14.783867,0.200000,0.000000,0.197792,0.000890,0.002208,-0.000890,1.977774,1.978659,0.800193,1.008270,0.000000
14.799867,0.200000,0.000000,0.197816,0.000882,0.002184,-0.000882,1.978013,1.978889,0.797033,1.008447,0.000000
14.799867,0.200000,0.000000,0.197816,0.000882,0.002184,-0.000882,1.978013,1.978889,0.797033,1.008447,0.000000
14.815866,0.200000,0.000000,0.197840,0.000873,0.002160,-0.000873,1.978249,1.979117,0.793872,1.008624,0.000000
14.815866,0.200000,0.000000,0.197840,0.000873,0.002160,-0.000873,1.978249,1.979117,0.793872,1.008624,0.000000
14.831866,0.200000,0.000000,0.197863,0.000865,0.002137,-0.000865,1.978483,1.979343,0.790711,1.008801,0.000000
14.831866,0.200000,0.000000,0.197863,0.000865,0.002137,-0.000865,1.978483,1.979343,0.790711,1.008801,0.000000
14.847866,0.200000,0.000000,0.197886,0.000856,0.002114,-0.000856,1.978715,1.979567,0.787550,1.008977,0.000000
14.847866,0.200000,0.000000,0.197886,0.000856,0.002114,-0.000856,1.978715,1.979567,0.787550,1.008977,0.000000
14.863866,0.200000,0.000000,0.197909,0.000848,0.002091,-0.000848,1.978945,1.979788,0.784389,1.009154,0.000000
14.863866,0.200000,0.000000,0.197909,0.000848,0.002091,-0.000848,1.978945,1.979788,0.784389,1.009154,0.000000
14.879866,0.200000,0.000000,0.197931,0.000840,0.002069,-0.000840,1.979172,1.980008,0.781227,1.009331,0.000000
14.879866,0.200000,0.000000,0.197931,0.000840,0.002069,-0.000840,1.979172,1.980008,0.781227,1.009331,0.000000
14.895865,0.200000,0.000000,0.197953,0.000832,0.002047,-0.000832,1.979398,1.980225,0.778064,1.009508,0.000000
14.895865,0.200000,0.000000,0.197953,0.000832,0.002047,-0.000832,1.979398,1.980225,0.778064,1.009508,0.000000
14.911865,0.200000,0.000000,0.197976,0.000824,0.002024,-0.000824,1.979621,1.980440,0.774902,1.009684,0.000000
14.911865,0.200000,0.000000,0.197976,0.000824,0.002024,-0.000824,1.979621,1.980440,0.774902,1.009684,0.000000
14.927865,0.200000,0.000000,0.197997,0.000816,0.002003,-0.000816,1.979842,1.980653,0.771739,1.009861,0.000000
14.927865,0.200000,0.000000,0.197997,0.000816,0.002003,-0.000816,1.979842,1.980653,0.771739,1.009861,0.000000
14.943865,0.200000,0.000000,0.198019,0.000808,0.001981,-0.000808,1.980061,1.980865,0.768575,1.010038,0.000000
14.943865,0.200000,0.000000,0.198019,0.000808,0.001981,-0.000808,1.980061,1.980865,0.768575,1.010038,0.000000
14.959865,0.200000,0.000000,0.198041,0.000801,0.001959,-0.000801,1.980277,1.981074,0.765412,1.010214,0.000000
14.959865,0.200000,0.000000,0.198041,0.000801,0.001959,-0.000801,1.980277,1.981074,0.765412,1.010214,0.000000
14.975864,0.200000,0.000000,0.198062,0.000793,0.001938,-0.000793,1.980492,1.981281,0.762247,1.010391,0.000000
14.975864,0.200000,0.000000,0.198062,0.000793,0.001938,-0.000793,1.980492,1.981281,0.762247,1.010391,0.000000
14.991864,0.200000,0.000000,0.198083,0.000786,0.001917,-0.000786,1.980705,1.981486,0.759083,1.010568,0.000000
14.991864,0.200000,0.000000,0.198083,0.000786,0.001917,-0.000786,1.980705,1.981486,0.759083,1.010568,0.000000
15.007864,0.200000,0.000000,0.198104,0.000778,0.001896,-0.000778,1.980916,1.981689,0.755918,1.010744,0.000000
15.007864,0.200000,0.000000,0.198104,0.000778,0.001896,-0.000778,1.980916,1.981689,0.755918,1.010744,0.000000
15.023864,0.200000,0.000000,0.198125,0.000771,0.001875,-0.000771,1.981124,1.981890,0.752753,1.010921,0.000000
15.023864,0.200000,0.000000,0.198125,0.000771,0.001875,-0.000771,1.981124,1.981890,0.752753,1.010921,0.000000
15.039864,0.200000,0.000000,0.198145,0.000763,0.001855,-0.000763,1.981331,1.982090,0.749588,1.011097,0.000000
15.039864,0.200000,0.000000,0.198145,0.000763,0.001855,-0.000763,1.981331,1.982090,0.749588,1.011097,0.000000
15.055863,0.200000,0.000000,0.198165,0.000756,0.001835,-0.000756,1.981535,1.982287,0.746422,1.011274,0.000000
15.055863,0.200000,0.000000,0.198165,0.000756,0.001835,-0.000756,1.981535,1.982287,0.746422,1.011274,0.000000
15.071863,0.200000,0.000000,0.198186,0.000749,0.001814,-0.000749,1.981738,1.982483,0.743256,1.011450,0.000000
15.071863,0.200000,0.000000,0.198186,0.000749,0.001814,-0.000749,1.981738,1.982483,0.743256,1.011450,0.000000
15.087863,0.200000,0.000000,0.198205,0.000741,0.001795,-0.000741,1.981939,1.982676,0.740090,1.011627,0.000000
15.087863,0.200000,0.000000,0.198205,0.000741,0.001795,-0.000741,1.981939,1.982676,0.740090,1.011627,0.000000
15.103863,0.200000,0.000000,0.198225,0.000734,0.001775,-0.000734,1.982138,1.982868,0.736923,1.011803,0.000000
15.103863,0.200000,0.000000,0.198225,0.000734,0.001775,-0.000734,1.982138,1.982868,0.736923,1.011803,0.000000
15.119863,0.200000,0.000000,0.198245,0.000727,0.001755,-0.000727,1.982335,1.983058,0.733756,1.011980,0.000000
15.119863,0.200000,0.000000,0.198245,0.000727,0.001755,-0.000727,1.982335,1.983058,0.733756,1.011980,0.000000
15.135862,0.200000,0.000000,0.198264,0.000720,0.001736,-0.000720,1.982530,1.983246,0.730589,1.012156,0.000000
15.135862,0.200000,0.000000,0.198264,0.000720,0.001736,-0.000720,1.982530,1.983246,0.730589,1.012156,0.000000
15.151862,0.200000,0.000000,0.198283,0.000714,0.001717,-0.000714,1.982723,1.983432,0.727421,1.012333,0.000000
15.151862,0.200000,0.000000,0.198283,0.000714,0.001717,-0.000714,1.982723,1.983432,0.727421,1.012333,0.000000
15.167862,0.200000,0.000000,0.198302,0.000707,0.001698,-0.000707,1.982914,1.983617,0.724253,1.012509,0.000000
15.167862,0.200000,0.000000,0.198302,0.000707,0.001698,-0.000707,1.982914,1.983617,0.724253,1.012509,0.000000
15.183862,0.200000,0.000000,0.198321,0.000700,0.001679,-0.000700,1.983104,1.983800,0.721085,1.012686,0.000000
15.183862,0.200000,0.000000,0.198321,0.000700,0.001679,-0.000700,1.983104,1.983800,0.721085,1.012686,0.000000
15.199862,0.200000,0.000000,0.198340,0.000693,0.001660,-0.000693,1.983291,1.983981,0.717916,1.012862,0.000000
15.199862,0.200000,0.000000,0.198340,0.000693,0.001660,-0.000693,1.983291,1.983981,0.717916,1.012862,0.000000
15.215861,0.200000,0.000000,0.198358,0.000687,0.001642,-0.000687,1.983477,1.984160,0.714748,1.013038,0.000000
15.215861,0.200000,0.000000,0.198358,0.000687,0.001642,-0.000687,1.983477,1.984160,0.714748,1.013038,0.000000
15.231861,0.200000,0.000000,0.198376,0.000680,0.001624,-0.000680,1.983661,1.984338,0.711578,1.013215,0.000000
15.231861,0.200000,0.000000,0.198376,0.000680,0.001624,-0.000680,1.983661,1.984338,0.711578,1.013215,0.000000
15.247861,0.200000,0.000000,0.198394,0.000674,0.001606,-0.000674,1.983844,1.984514,0.708409,1.013391,0.000000
15.247861,0.200000,0.000000,0.198394,0.000674,0.001606,-0.000674,1.983844,1.984514,0.708409,1.013391,0.000000
15.263861,0.200000,0.000000,0.198412,0.000667,0.001588,-0.000667,1.984024,1.984688,0.705239,1.013567,0.000000
15.263861,0.200000,0.000000,0.198412,0.000667,0.001588,-0.000667,1.984024,1.984688,0.705239,1.013567,0.000000
15.279860,0.200000,0.000000,0.198430,0.000661,0.001570,-0.000661,1.984203,1.984860,0.702069,1.013743,0.000000
15.279860,0.200000,0.000000,0.198430,0.000661,0.001570,-0.000661,1.984203,1.984860,0.702069,1.013743,0.000000
15.295860,0.200000,0.000000,0.198448,0.000654,0.001552,-0.000654,1.984380,1.985031,0.698899,1.013920,0.000000
15.295860,0.200000,0.000000,0.198448,0.000654,0.001552,-0.000654,1.984380,1.985031,0.698899,1.013920,0.000000
15.311860,0.200000,0.000000,0.198465,0.000648,0.001535,-0.000648,1.984556,1.985201,0.695729,1.014096,0.000000
15.311860,0.200000,0.000000,0.198465,0.000648,0.001535,-0.000648,1.984556,1.985201,0.695729,1.014096,0.000000
15.327860,0.200000,0.000000,0.198482,0.000642,0.001518,-0.000642,1.984730,1.985368,0.692558,1.014272,0.000000
15.327860,0.200000,0.000000,0.198482,0.000642,0.001518,-0.000642,1.984730,1.985368,0.692558,1.014272,0.000000
15.343860,0.200000,0.000000,0.198499,0.000636,0.001501,-0.000636,1.984902,1.985534,0.689387,1.014448,0.000000
15.343860,0.200000,0.000000,0.198499,0.000636,0.001501,-0.000636,1.984902,1.985534,0.689387,1.014448,0.000000
15.359859,0.200000,0.000000,0.198516,0.000630,0.001484,-0.000630,1.985072,1.985699,0.686215,1.014625,0.000000
15.359859,0.200000,0.000000,0.198516,0.000630,0.001484,-0.000630,1.985072,1.985699,0.686215,1.014625,0.000000
15.375859,0.200000,0.000000,0.198533,0.000624,0.001467,-0.000624,1.985241,1.985862,0.683044,1.014801,0.000000
15.375859,0.200000,0.000000,0.198533,0.000624,0.001467,-0.000624,1.985241,1.985862,0.683044,1.014801,0.000000
15.391859,0.200000,0.000000,0.198550,0.000618,0.001450,-0.000618,1.985409,1.986023,0.679872,1.014977,0.000000
15.391859,0.200000,0.000000,0.198550,0.000618,0.001450,-0.000618,1.985409,1.986023,0.679872,1.014977,0.000000
15.407859,0.200000,0.000000,0.198566,0.000612,0.001434,-0.000612,1.985574,1.986183,0.676700,1.015153,0.000000
15.407859,0.200000,0.000000,0.198566,0.000612,0.001434,-0.000612,1.985574,1.986183,0.676700,1.015153,0.000000
15.423859,0.200000,0.000000,0.198582,0.000606,0.001418,-0.000606,1.985738,1.986341,0.673527,1.015329,0.000000
15.423859,0.200000,0.000000,0.198582,0.000606,0.001418,-0.000606,1.985738,1.986341,0.673527,1.015329,0.000000
15.439858,0.200000,0.000000,0.198598,0.000600,0.001402,-0.000600,1.985901,1.986498,0.670354,1.015505,0.000000
15.439858,0.200000,0.000000,0.198598,0.000600,0.001402,-0.000600,1.985901,1.986498,0.670354,1.015505,0.000000
15.455858,0.200000,0.000000,0.198614,0.000595,0.001386,-0.000595,1.986062,1.986653,0.667181,1.015681,0.000000
15.455858,0.200000,0.000000,0.198614,0.000595,0.001386,-0.000595,1.986062,1.986653,0.667181,1.015681,0.000000
15.471858,0.200000,0.000000,0.198630,0.000589,0.001370,-0.000589,1.986221,1.986807,0.664008,1.015857,0.000000
15.471858,0.200000,0.000000,0.198630,0.000589,0.001370,-0.000589,1.986221,1.986807,0.664008,1.015857,0.000000
15.487858,0.200000,0.000000,0.198646,0.000583,0.001354,-0.000583,1.986379,1.986959,0.660835,1.016033,0.000000
15.487858,0.200000,0.000000,0.198646,0.000583,0.001354,-0.000583,1.986379,1.986959,0.660835,1.016033,0.000000
15.503858,0.200000,0.000000,0.198661,0.000578,0.001339,-0.000578,1.986536,1.987110,0.657661,1.016209,0.000000
15.503858,0.200000,0.000000,0.198661,0.000578,0.001339,-0.000578,1.986536,1.987110,0.657661,1.016209,0.000000
15.519857,0.200000,0.000000,0.198677,0.000572,0.001323,-0.000572,1.986690,1.987259,0.654487,1.016386,0.000000
15.519857,0.200000,0.000000,0.198677,0.000572,0.001323,-0.000572,1.986690,1.987259,0.654487,1.016386,0.000000
15.535857,0.200000,0.000000,0.198692,0.000566,0.001308,-0.000566,1.986844,1.987407,0.651313,1.016562,0.000000
15.535857,0.200000,0.000000,0.198692,0.000566,0.001308,-0.000566,1.986844,1.987407,0.651313,1.016562,0.000000
15.551857,0.200000,0.000000,0.198707,0.000561,0.001293,-0.000561,1.986996,1.987554,0.648139,1.016738,0.000000
15.551857,0.200000,0.000000,0.198707,0.000561,0.001293,-0.000561,1.986996,1.987554,0.648139,1.016738,0.000000
15.567857,0.200000,0.000000,0.198722,0.000556,0.001278,-0.000556,1.987146,1.987699,0.644964,1.016914,0.000000
15.567857,0.200000,0.000000,0.198722,0.000556,0.001278,-0.000556,1.987146,1.987699,0.644964,1.016914,0.000000
15.583857,0.200000,0.000000,0.198737,0.000551,0.001263,-0.000551,1.987295,1.987843,0.641789,1.017089,0.000000
15.583857,0.200000,0.000000,0.198737,0.000551,0.001263,-0.000551,1.987295,1.987843,0.641789,1.017089,0.000000
15.599856,0.200000,0.000000,0.198751,0.000545,0.001249,-0.000545,1.987443,1.987985,0.638614,1.017265,0.000000
15.599856,0.200000,0.000000,0.198751,0.000545,0.001249,-0.000545,1.987443,1.987985,0.638614,1.017265,0.000000
15.615856,0.200000,0.000000,0.198766,0.000540,0.001234,-0.000540,1.987589,1.988126,0.635438,1.017441,0.000000
15.615856,0.200000,0.000000,0.198766,0.000540,0.001234,-0.000540,1.987589,1.988126,0.635438,1.017441,0.000000
15.631856,0.200000,0.000000,0.198780,0.000535,0.001220,-0.000535,1.987734,1.988266,0.632263,1.017617,0.000000
15.631856,0.200000,0.000000,0.198780,0.000535,0.001220,-0.000535,1.987734,1.988266,0.632263,1.017617,0.000000
15.647856,0.200000,0.000000,0.198794,0.000530,0.001206,-0.000530,1.987877,1.988404,0.629087,1.017793,0.000000
15.647856,0.200000,0.000000,0.198794,0.000530,0.001206,-0.000530,1.987877,1.988404,0.629087,1.017793,0.000000
15.663856,0.200000,0.000000,0.198809,0.000525,0.001191,-0.000525,1.988019,1.988541,0.625911,1.017969,0.000000
15.663856,0.200000,0.000000,0.198809,0.000525,0.001191,-0.000525,1.988019,1.988541,0.625911,1.017969,0.000000
15.679855,0.200000,0.000000,0.198822,0.000519,0.001178,-0.000519,1.988160,1.988677,0.622735,1.018145,0.000000
15.679855,0.200000,0.000000,0.198822,0.000519,0.001178,-0.000519,1.988160,1.988677,0.622735,1.018145,0.000000
15.695855,0.200000,0.000000,0.198836,0.000515,0.001164,-0.000515,1.988299,1.988811,0.619558,1.018321,0.000000
15.695855,0.200000,0.000000,0.198836,0.000515,0.001164,-0.000515,1.988299,1.988811,0.619558,1.018321,0.000000
15.711855,0.200000,0.000000,0.198850,0.000510,0.001150,-0.000510,1.988438,1.988944,0.616381,1.018497,0.000000
15.711855,0.200000,0.000000,0.198850,0.000510,0.001150,-0.000510,1.988438,1.988944,0.616381,1.018497,0.000000
15.727855,0.200000,0.000000,0.198864,0.000505,0.001136,-0.000505,1.988574,1.989076,0.613204,1.018672,0.000000
15.727855,0.200000,0.000000,0.198864,0.000505,0.001136,-0.000505,1.988574,1.989076,0.613204,1.018672,0.000000
15.743855,0.200000,0.000000,0.198877,0.000500,0.001123,-0.000500,1.988710,1.989207,0.610027,1.018848,0.000000
15.743855,0.200000,0.000000,0.198877,0.000500,0.001123,-0.000500,1.988710,1.989207,0.610027,1.018848,0.000000
15.759854,0.200000,0.000000,0.198890,0.000495,0.001110,-0.000495,1.988844,1.989336,0.606850,1.019024,0.000000
15.759854,0.200000,0.000000,0.198890,0.000495,0.001110,-0.000495,1.988844,1.989336,0.606850,1.019024,0.000000
15.775854,0.200000,0.000000,0.198903,0.000491,0.001097,-0.000491,1.988976,1.989464,0.603672,1.019200,0.000000
15.775854,0.200000,0.000000,0.198903,0.000491,0.001097,-0.000491,1.988976,1.989464,0.603672,1.019200,0.000000
15.791854,0.200000,0.000000,0.198916,0.000486,0.001084,-0.000486,1.989108,1.989591,0.600494,1.019376,0.000000
15.791854,0.200000,0.000000,0.198916,0.000486,0.001084,-0.000486,1.989108,1.989591,0.600494,1.019376,0.000000
15.807854,0.200000,0.000000,0.198929,0.000481,0.001071,-0.000481,1.989238,1.989717,0.597316,1.019551,0.000000
15.807854,0.200000,0.000000,0.198929,0.000481,0.001071,-0.000481,1.989238,1.989717,0.597316,1.019551,0.000000
15.823853,0.200000,0.000000,0.198942,0.000477,0.001058,-0.000477,1.989367,1.989841,0.594138,1.019727,0.000000
15.823853,0.200000,0.000000,0.198942,0.000477,0.001058,-0.000477,1.989367,1.989841,0.594138,1.019727,0.000000
15.839853,0.200000,0.000000,0.198955,0.000472,0.001045,-0.000472,1.989495,1.989965,0.590960,1.019903,0.000000
15.839853,0.200000,0.000000,0.198955,0.000472,0.001045,-0.000472,1.989495,1.989965,0.590960,1.019903,0.000000
15.855853,0.200000,0.000000,0.198967,0.000468,0.001033,-0.000468,1.989622,1.990087,0.587781,1.020079,0.000000
15.855853,0.200000,0.000000,0.198967,0.000468,0.001033,-0.000468,1.989622,1.990087,0.587781,1.020079,0.000000
15.871853,0.200000,0.000000,0.198980,0.000463,0.001020,-0.000463,1.989747,1.990208,0.584602,1.020254,0.000000
15.871853,0.200000,0.000000,0.198980,0.000463,0.001020,-0.000463,1.989747,1.990208,0.584602,1.020254,0.000000
15.887853,0.200000,0.000000,0.198992,0.000459,0.001008,-0.000459,1.989871,1.990327,0.581423,1.020430,0.000000
15.887853,0.200000,0.000000,0.198992,0.000459,0.001008,-0.000459,1.989871,1.990327,0.581423,1.020430,0.000000
15.903852,0.200000,0.000000,0.199004,0.000454,0.000996,-0.000454,1.989994,1.990446,0.578244,1.020606,0.000000
15.903852,0.200000,0.000000,0.199004,0.000454,0.000996,-0.000454,1.989994,1.990446,0.578244,1.020606,0.000000
15.919852,0.200000,0.000000,0.199016,0.000450,0.000984,-0.000450,1.990116,1.990564,0.575065,1.020782,0.000000
15.919852,0.200000,0.000000,0.199016,0.000450,0.000984,-0.000450,1.990116,1.990564,0.575065,1.020782,0.000000
15.935852,0.200000,0.000000,0.199028,0.000446,0.000972,-0.000446,1.990237,1.990680,0.571885,1.020957,0.000000
15.935852,0.200000,0.000000,0.199028,0.000446,0.000972,-0.000446,1.990237,1.990680,0.571885,1.020957,0.000000
15.951852,0.200000,0.000000,0.199040,0.000441,0.000960,-0.000441,1.990356,1.990795,0.568705,1.021133,0.000000
15.951852,0.200000,0.000000,0.199040,0.000441,0.000960,-0.000441,1.990356,1.990795,0.568705,1.021133,0.000000
15.967852,0.200000,0.000000,0.199052,0.000437,0.000948,-0.000437,1.990475,1.990909,0.565525,1.021308,0.000000
15.967852,0.200000,0.000000,0.199052,0.000437,0.000948,-0.000437,1.990475,1.990909,0.565525,1.021308,0.000000
15.983851,0.200000,0.000000,0.199064,0.000433,0.000936,-0.000433,1.990592,1.991022,0.562345,1.021484,0.000000
15.983851,0.200000,0.000000,0.199064,0.000433,0.000936,-0.000433,1.990592,1.991022,0.562345,1.021484,0.000000
15.999851,0.200000,0.000000,0.199075,0.000429,0.000925,-0.000429,1.990708,1.991134,0.559165,1.021660,0.000000
15.999851,0.200000,0.000000,0.199075,0.000429,0.000925,-0.000429,1.990708,1.991134,0.559165,1.021660,0.000000
16.015852,0.200000,0.000000,0.199087,0.000425,0.000913,-0.000425,1.990823,1.991245,0.555984,1.021835,0.000000
16.015852,0.200000,0.000000,0.199087,0.000425,0.000913,-0.000425,1.990823,1.991245,0.555984,1.021835,0.000000
16.031853,0.200000,0.000000,0.199098,0.000421,0.000902,-0.000421,1.990937,1.991355,0.552803,1.022011,0.000000
16.031853,0.200000,0.000000,0.199098,0.000421,0.000902,-0.000421,1.990937,1.991355,0.552803,1.022011,0.000000
16.047853,0.200000,0.000000,0.199109,0.000417,0.000891,-0.000417,1.991050,1.991464,0.549623,1.022187,0.000000
16.047853,0.200000,0.000000,0.199109,0.000417,0.000891,-0.000417,1.991050,1.991464,0.549623,1.022187,0.000000
16.063854,0.200000,0.000000,0.199120,0.000413,0.000880,-0.000413,1.991161,1.991572,0.546441,1.022362,0.000000
16.063854,0.200000,0.000000,0.199120,0.000413,0.000880,-0.000413,1.991161,1.991572,0.546441,1.022362,0.000000
16.079855,0.200000,0.000000,0.199131,0.000409,0.000869,-0.000409,1.991272,1.991678,0.543260,1.022538,0.000000
16.079855,0.200000,0.000000,0.199131,0.000409,0.000869,-0.000409,1.991272,1.991678,0.543260,1.022538,0.000000
16.095856,0.200000,0.000000,0.199142,0.000405,0.000858,-0.000405,1.991382,1.991784,0.540079,1.022713,0.000000
16.095856,0.200000,0.000000,0.199142,0.000405,0.000858,-0.000405,1.991382,1.991784,0.540079,1.022713,0.000000
16.111856,0.200000,0.000000,0.199153,0.000401,0.000847,-0.000401,1.991490,1.991889,0.536897,1.022889,0.000000
16.111856,0.200000,0.000000,0.199153,0.000401,0.000847,-0.000401,1.991490,1.991889,0.536897,1.022889,0.000000
16.127857,0.200000,0.000000,0.199163,0.000397,0.000837,-0.000397,1.991598,1.991993,0.533715,1.023064,0.000000
16.127857,0.200000,0.000000,0.199163,0.000397,0.000837,-0.000397,1.991598,1.991993,0.533715,1.023064,0.000000
16.143858,0.200000,0.000000,0.199174,0.000393,0.000826,-0.000393,1.991704,1.992095,0.530533,1.023240,0.000000
16.143858,0.200000,0.000000,0.199174,0.000393,0.000826,-0.000393,1.991704,1.992095,0.530533,1.023240,0.000000
16.159859,0.200000,0.000000,0.199184,0.000389,0.000816,-0.000389,1.991810,1.992197,0.527351,1.023415,0.000000
16.159859,0.200000,0.000000,0.199184,0.000389,0.000816,-0.000389,1.991810,1.992197,0.527351,1.023415,0.000000
16.175859,0.200000,0.000000,0.199195,0.000386,0.000805,-0.000386,1.991914,1.992298,0.524169,1.023591,0.000000
16.175859,0.200000,0.000000,0.199195,0.000386,0.000805,-0.000386,1.991914,1.992298,0.524169,1.023591,0.000000
16.191860,0.200000,0.000000,0.199205,0.000382,0.000795,-0.000382,1.992018,1.992398,0.520987,1.023766,0.000000
16.191860,0.200000,0.000000,0.199205,0.000382,0.000795,-0.000382,1.992018,1.992398,0.520987,1.023766,0.000000
16.207861,0.200000,0.000000,0.199215,0.000378,0.000785,-0.000378,1.992120,1.992496,0.517804,1.023942,0.000000
16.207861,0.200000,0.000000,0.199215,0.000378,0.000785,-0.000378,1.992120,1.992496,0.517804,1.023942,0.000000
16.223862,0.200000,0.000000,0.199225,0.000375,0.000775,-0.000375,1.992222,1.992594,0.514621,1.024117,0.000000
16.223862,0.200000,0.000000,0.199225,0.000375,0.000775,-0.000375,1.992222,1.992594,0.514621,1.024117,0.000000
16.239862,0.200000,0.000000,0.199235,0.000371,0.000765,-0.000371,1.992322,1.992691,0.511438,1.024293,0.000000
16.239862,0.200000,0.000000,0.199235,0.000371,0.000765,-0.000371,1.992322,1.992691,0.511438,1.024293,0.000000
16.255863,0.200000,0.000000,0.199245,0.000368,0.000755,-0.000368,1.992422,1.992787,0.508255,1.024468,0.000000
16.255863,0.200000,0.000000,0.199245,0.000368,0.000755,-0.000368,1.992422,1.992787,0.508255,1.024468,0.000000
16.271864,0.200000,0.000000,0.199255,0.000364,0.000745,-0.000364,1.992520,1.992882,0.505072,1.024644,0.000000
16.271864,0.200000,0.000000,0.199255,0.000364,0.000745,-0.000364,1.992520,1.992882,0.505072,1.024644,0.000000
16.287865,0.200000,0.000000,0.199265,0.000361,0.000735,-0.000361,1.992618,1.992977,0.501889,1.024819,0.000000
16.287865,0.200000,0.000000,0.199265,0.000361,0.000735,-0.000361,1.992618,1.992977,0.501889,1.024819,0.000000
16.303865,0.200000,0.000000,0.199274,0.000357,0.000726,-0.000357,1.992715,1.993070,0.498705,1.024994,0.000000
16.303865,0.200000,0.000000,0.199274,0.000357,0.000726,-0.000357,1.992715,1.993070,0.498705,1.024994,0.000000
16.319866,0.200000,0.000000,0.199284,0.000354,0.000716,-0.000354,1.992810,1.993162,0.495521,1.025170,0.000000
16.319866,0.200000,0.000000,0.199284,0.000354,0.000716,-0.000354,1.992810,1.993162,0.495521,1.025170,0.000000
16.335867,0.200000,0.000000,0.199293,0.000350,0.000707,-0.000350,1.992905,1.993254,0.492337,1.025345,0.000000
16.335867,0.200000,0.000000,0.199293,0.000350,0.000707,-0.000350,1.992905,1.993254,0.492337,1.025345,0.000000
16.351868,0.200000,0.000000,0.199302,0.000347,0.000698,-0.000347,1.992999,1.993345,0.489153,1.025521,0.000000
16.351868,0.200000,0.000000,0.199302,0.000347,0.000698,-0.000347,1.992999,1.993345,0.489153,1.025521,0.000000
16.367868,0.200000,0.000000,0.199312,0.000344,0.000688,-0.000344,1.993092,1.993434,0.485969,1.025696,0.000000
16.367868,0.200000,0.000000,0.199312,0.000344,0.000688,-0.000344,1.993092,1.993434,0.485969,1.025696,0.000000
16.383869,0.200000,0.000000,0.199321,0.000340,0.000679,-0.000340,1.993185,1.993523,0.482785,1.025871,0.000000
16.383869,0.200000,0.000000,0.199321,0.000340,0.000679,-0.000340,1.993185,1.993523,0.482785,1.025871,0.000000
16.399870,0.200000,0.000000,0.199330,0.000337,0.000670,-0.000337,1.993276,1.993611,0.479601,1.026047,0.000000
16.399870,0.200000,0.000000,0.199330,0.000337,0.000670,-0.000337,1.993276,1.993611,0.479601,1.026047,0.000000
16.415871,0.200000,0.000000,0.199339,0.000334,0.000661,-0.000334,1.993366,1.993698,0.476416,1.026222,0.000000
16.415871,0.200000,0.000000,0.199339,0.000334,0.000661,-0.000334,1.993366,1.993698,0.476416,1.026222,0.000000
16.431871,0.200000,0.000000,0.199348,0.000331,0.000652,-0.000331,1.993456,1.993785,0.473231,1.026397,0.000000
16.431871,0.200000,0.000000,0.199348,0.000331,0.000652,-0.000331,1.993456,1.993785,0.473231,1.026397,0.000000
16.447872,0.200000,0.000000,0.199356,0.000328,0.000644,-0.000328,1.993545,1.993870,0.470046,1.026573,0.000000
16.447872,0.200000,0.000000,0.199356,0.000328,0.000644,-0.000328,1.993545,1.993870,0.470046,1.026573,0.000000
16.463873,0.200000,0.000000,0.199365,0.000324,0.000635,-0.000324,1.993633,1.993955,0.466861,1.026748,0.000000
16.463873,0.200000,0.000000,0.199365,0.000324,0.000635,-0.000324,1.993633,1.993955,0.466861,1.026748,0.000000
16.479874,0.200000,0.000000,0.199374,0.000321,0.000626,-0.000321,1.993720,1.994039,0.463676,1.026923,0.000000
16.479874,0.200000,0.000000,0.199374,0.000321,0.000626,-0.000321,1.993720,1.994039,0.463676,1.026923,0.000000
16.495874,0.200000,0.000000,0.199382,0.000318,0.000618,-0.000318,1.993806,1.994122,0.460491,1.027099,0.000000
16.495874,0.200000,0.000000,0.199382,0.000318,0.000618,-0.000318,1.993806,1.994122,0.460491,1.027099,0.000000
16.511875,0.200000,0.000000,0.199391,0.000315,0.000609,-0.000315,1.993891,1.994205,0.457305,1.027274,0.000000
16.511875,0.200000,0.000000,0.199391,0.000315,0.000609,-0.000315,1.993891,1.994205,0.457305,1.027274,0.000000
16.527876,0.200000,0.000000,0.199399,0.000312,0.000601,-0.000312,1.993976,1.994286,0.454120,1.027449,0.000000
16.527876,0.200000,0.000000,0.199399,0.000312,0.000601,-0.000312,1.993976,1.994286,0.454120,1.027449,0.000000
16.543877,0.200000,0.000000,0.199408,0.000309,0.000592,-0.000309,1.994059,1.994367,0.450934,1.027625,0.000000
16.543877,0.200000,0.000000,0.199408,0.000309,0.000592,-0.000309,1.994059,1.994367,0.450934,1.027625,0.000000
16.559877,0.200000,0.000000,0.199416,0.000306,0.000584,-0.000306,1.994142,1.994447,0.447748,1.027800,0.000000
16.559877,0.200000,0.000000,0.199416,0.000306,0.000584,-0.000306,1.994142,1.994447,0.447748,1.027800,0.000000
16.575878,0.200000,0.000000,0.199424,0.000303,0.000576,-0.000303,1.994225,1.994526,0.444562,1.027975,0.000000
16.575878,0.200000,0.000000,0.199424,0.000303,0.000576,-0.000303,1.994225,1.994526,0.444562,1.027975,0.000000
16.591879,0.200000,0.000000,0.199432,0.000300,0.000568,-0.000300,1.994306,1.994605,0.441376,1.028150,0.000000
16.591879,0.200000,0.000000,0.199432,0.000300,0.000568,-0.000300,1.994306,1.994605,0.441376,1.028150,0.000000
16.607880,0.200000,0.000000,0.199440,0.000298,0.000560,-0.000298,1.994387,1.994683,0.438190,1.028326,0.000000
16.607880,0.200000,0.000000,0.199440,0.000298,0.000560,-0.000298,1.994387,1.994683,0.438190,1.028326,0.000000
16.623880,0.200000,0.000000,0.199448,0.000295,0.000552,-0.000295,1.994466,1.994760,0.435004,1.028501,0.000000
16.623880,0.200000,0.000000,0.199448,0.000295,0.000552,-0.000295,1.994466,1.994760,0.435004,1.028501,0.000000
16.639881,0.200000,0.000000,0.199456,0.000292,0.000544,-0.000292,1.994545,1.994836,0.431817,1.028676,0.000000
16.639881,0.200000,0.000000,0.199456,0.000292,0.000544,-0.000292,1.994545,1.994836,0.431817,1.028676,0.000000
16.655882,0.200000,0.000000,0.199463,0.000289,0.000537,-0.000289,1.994624,1.994911,0.428631,1.028851,0.000000
16.655882,0.200000,0.000000,0.199463,0.000289,0.000537,-0.000289,1.994624,1.994911,0.428631,1.028851,0.000000
16.671883,0.200000,0.000000,0.199471,0.000287,0.000529,-0.000287,1.994701,1.994986,0.425444,1.029027,0.000000
16.671883,0.200000,0.000000,0.199471,0.000287,0.000529,-0.000287,1.994701,1.994986,0.425444,1.029027,0.000000
16.687883,0.200000,0.000000,0.199479,0.000284,0.000521,-0.000284,1.994778,1.995060,0.422257,1.029202,0.000000
16.687883,0.200000,0.000000,0.199479,0.000284,0.000521,-0.000284,1.994778,1.995060,0.422257,1.029202,0.000000
16.703884,0.200000,0.000000,0.199486,0.000281,0.000514,-0.000281,1.994854,1.995134,0.419070,1.029377,0.000000
16.703884,0.200000,0.000000,0.199486,0.000281,0.000514,-0.000281,1.994854,1.995134,0.419070,1.029377,0.000000
16.719885,0.200000,0.000000,0.199494,0.000278,0.000506,-0.000278,1.994930,1.995206,0.415883,1.029552,0.000000
16.719885,0.200000,0.000000,0.199494,0.000278,0.000506,-0.000278,1.994930,1.995206,0.415883,1.029552,0.000000
16.735886,0.200000,0.000000,0.199501,0.000276,0.000499,-0.000276,1.995004,1.995278,0.412696,1.029727,0.000000
16.735886,0.200000,0.000000,0.199501,0.000276,0.000499,-0.000276,1.995004,1.995278,0.412696,1.029727,0.000000
16.751886,0.200000,0.000000,0.199509,0.000273,0.000491,-0.000273,1.995078,1.995350,0.409508,1.029903,0.000000
16.751886,0.200000,0.000000,0.199509,0.000273,0.000491,-0.000273,1.995078,1.995350,0.409508,1.029903,0.000000
16.767887,0.200000,0.000000,0.199516,0.000270,0.000484,-0.000270,1.995151,1.995420,0.406321,1.030078,0.000000
16.767887,0.200000,0.000000,0.199516,0.000270,0.000484,-0.000270,1.995151,1.995420,0.406321,1.030078,0.000000
16.783888,0.200000,0.000000,0.199523,0.000268,0.000477,-0.000268,1.995224,1.995490,0.403133,1.030253,0.000000
16.783888,0.200000,0.000000,0.199523,0.000268,0.000477,-0.000268,1.995224,1.995490,0.403133,1.030253,0.000000
16.799889,0.200000,0.000000,0.199530,0.000265,0.000470,-0.000265,1.995296,1.995559,0.399946,1.030428,0.000000
16.799889,0.200000,0.000000,0.199530,0.000265,0.000470,-0.000265,1.995296,1.995559,0.399946,1.030428,0.000000
16.815889,0.200000,0.000000,0.199537,0.000263,0.000463,-0.000263,1.995367,1.995628,0.396758,1.030603,0.000000
16.815889,0.200000,0.000000,0.199537,0.000263,0.000463,-0.000263,1.995367,1.995628,0.396758,1.030603,0.000000
16.831890,0.200000,0.000000,0.199544,0.000261,0.000456,-0.000261,1.995437,1.995696,0.393570,1.030778,0.000000
16.831890,0.200000,0.000000,0.199544,0.000261,0.000456,-0.000261,1.995437,1.995696,0.393570,1.030778,0.000000
16.847891,0.200000,0.000000,0.199551,0.000258,0.000449,-0.000258,1.995507,1.995763,0.390382,1.030954,0.000000
16.847891,0.200000,0.000000,0.199551,0.000258,0.000449,-0.000258,1.995507,1.995763,0.390382,1.030954,0.000000
16.863892,0.200000,0.000000,0.199558,0.000255,0.000442,-0.000255,1.995576,1.995830,0.387194,1.031129,0.000000
16.863892,0.200000,0.000000,0.199558,0.000255,0.000442,-0.000255,1.995576,1.995830,0.387194,1.031129,0.000000
16.879892,0.200000,0.000000,0.199565,0.000253,0.000435,-0.000253,1.995644,1.995896,0.384006,1.031304,0.000000
16.879892,0.200000,0.000000,0.199565,0.000253,0.000435,-0.000253,1.995644,1.995896,0.384006,1.031304,0.000000
16.895893,0.200000,0.000000,0.199571,0.000250,0.000429,-0.000250,1.995712,1.995961,0.380817,1.031479,0.000000
16.895893,0.200000,0.000000,0.199571,0.000250,0.000429,-0.000250,1.995712,1.995961,0.380817,1.031479,0.000000
16.911894,0.200000,0.000000,0.199578,0.000248,0.000422,-0.000248,1.995779,1.996026,0.377629,1.031654,0.000000
16.911894,0.200000,0.000000,0.199578,0.000248,0.000422,-0.000248,1.995779,1.996026,0.377629,1.031654,0.000000
16.927895,0.200000,0.000000,0.199585,0.000246,0.000415,-0.000246,1.995846,1.996090,0.374440,1.031829,0.000000
16.927895,0.200000,0.000000,0.199585,0.000246,0.000415,-0.000246,1.995846,1.996090,0.374440,1.031829,0.000000
16.943895,0.200000,0.000000,0.199591,0.000243,0.000409,-0.000243,1.995912,1.996154,0.371252,1.032004,0.000000
16.943895,0.200000,0.000000,0.199591,0.000243,0.000409,-0.000243,1.995912,1.996154,0.371252,1.032004,0.000000
16.959896,0.200000,0.000000,0.199598,0.000241,0.000402,-0.000241,1.995977,1.996217,0.368063,1.032179,0.000000
16.959896,0.200000,0.000000,0.199598,0.000241,0.000402,-0.000241,1.995977,1.996217,0.368063,1.032179,0.000000
16.975897,0.200000,0.000000,0.199604,0.000239,0.000396,-0.000239,1.996042,1.996279,0.364874,1.032354,0.000000
16.975897,0.200000,0.000000,0.199604,0.000239,0.000396,-0.000239,1.996042,1.996279,0.364874,1.032354,0.000000
16.991898,0.200000,0.000000,0.199610,0.000236,0.000390,-0.000236,1.996106,1.996341,0.361685,1.032529,0.000000
16.991898,0.200000,0.000000,0.199610,0.000236,0.000390,-0.000236,1.996106,1.996341,0.361685,1.032529,0.000000
17.007898,0.200000,0.000000,0.199617,0.000234,0.000383,-0.000234,1.996169,1.996402,0.358496,1.032705,0.000000
17.007898,0.200000,0.000000,0.199617,0.000234,0.000383,-0.000234,1.996169,1.996402,0.358496,1.032705,0.000000
17.023899,0.200000,0.000000,0.199623,0.000232,0.000377,-0.000232,1.996232,1.996462,0.355307,1.032880,0.000000
17.023899,0.200000,0.000000,0.199623,0.000232,0.000377,-0.000232,1.996232,1.996462,0.355307,1.032880,0.000000
17.039900,0.200000,0.000000,0.199629,0.000229,0.000371,-0.000229,1.996294,1.996522,0.352118,1.033055,0.000000
17.039900,0.200000,0.000000,0.199629,0.000229,0.000371,-0.000229,1.996294,1.996522,0.352118,1.033055,0.000000
17.055901,0.200000,0.000000,0.199635,0.000227,0.000365,-0.000227,1.996356,1.996582,0.348928,1.033230,0.000000
17.055901,0.200000,0.000000,0.199635,0.000227,0.000365,-0.000227,1.996356,1.996582,0.348928,1.033230,0.000000
17.071901,0.200000,0.000000,0.199641,0.000225,0.000359,-0.000225,1.996417,1.996641,0.345739,1.033405,0.000000
17.071901,0.200000,0.000000,0.199641,0.000225,0.000359,-0.000225,1.996417,1.996641,0.345739,1.033405,0.000000
17.087902,0.200000,0.000000,0.199647,0.000223,0.000353,-0.000223,1.996477,1.996699,0.342549,1.033580,0.000000
17.087902,0.200000,0.000000,0.199647,0.000223,0.000353,-0.000223,1.996477,1.996699,0.342549,1.033580,0.000000
17.103903,0.200000,0.000000,0.199653,0.000221,0.000347,-0.000221,1.996537,1.996757,0.339360,1.033755,0.000000
17.103903,0.200000,0.000000,0.199653,0.000221,0.000347,-0.000221,1.996537,1.996757,0.339360,1.033755,0.000000
17.119904,0.200000,0.000000,0.199659,0.000219,0.000341,-0.000219,1.996596,1.996814,0.336170,1.033930,0.000000
17.119904,0.200000,0.000000,0.199659,0.000219,0.000341,-0.000219,1.996596,1.996814,0.336170,1.033930,0.000000
17.135904,0.200000,0.000000,0.199665,0.000217,0.000335,-0.000217,1.996655,1.996870,0.332980,1.034105,0.000000
17.135904,0.200000,0.000000,0.199665,0.000217,0.000335,-0.000217,1.996655,1.996870,0.332980,1.034105,0.000000
17.151905,0.200000,0.000000,0.199671,0.000215,0.000329,-0.000215,1.996713,1.996926,0.329790,1.034280,0.000000
17.151905,0.200000,0.000000,0.199671,0.000215,0.000329,-0.000215,1.996713,1.996926,0.329790,1.034280,0.000000
17.167906,0.200000,0.000000,0.199676,0.000212,0.000324,-0.000212,1.996771,1.996982,0.326600,1.034455,0.000000
17.167906,0.200000,0.000000,0.199676,0.000212,0.000324,-0.000212,1.996771,1.996982,0.326600,1.034455,0.000000
17.183907,0.200000,0.000000,0.199682,0.000211,0.000318,-0.000211,1.996827,1.997037,0.323410,1.034630,0.000000
17.183907,0.200000,0.000000,0.199682,0.000211,0.000318,-0.000211,1.996827,1.997037,0.323410,1.034630,0.000000
17.199907,0.200000,0.000000,0.199688,0.000208,0.000312,-0.000208,1.996884,1.997091,0.320220,1.034805,0.000000
17.199907,0.200000,0.000000,0.199688,0.000208,0.000312,-0.000208,1.996884,1.997091,0.320220,1.034805,0.000000
17.215908,0.200000,0.000000,0.199693,0.000207,0.000307,-0.000207,1.996940,1.997145,0.317029,1.034980,0.000000
17.215908,0.200000,0.000000,0.199693,0.000207,0.000307,-0.000207,1.996940,1.997145,0.317029,1.034980,0.000000
17.231909,0.200000,0.000000,0.199699,0.000205,0.000301,-0.000205,1.996995,1.997199,0.313839,1.035155,0.000000
17.231909,0.200000,0.000000,0.199699,0.000205,0.000301,-0.000205,1.996995,1.997199,0.313839,1.035155,0.000000
17.247910,0.200000,0.000000,0.199704,0.000203,0.000296,-0.000203,1.997050,1.997252,0.310649,1.035330,0.000000
17.247910,0.200000,0.000000,0.199704,0.000203,0.000296,-0.000203,1.997050,1.997252,0.310649,1.035330,0.000000
17.263910,0.200000,0.000000,0.199710,0.000201,0.000290,-0.000201,1.997105,1.997304,0.307458,1.035505,0.000000
17.263910,0.200000,0.000000,0.199710,0.000201,0.000290,-0.000201,1.997105,1.997304,0.307458,1.035505,0.000000
17.279911,0.200000,0.000000,0.199715,0.000199,0.000285,-0.000199,1.997158,1.997356,0.304267,1.035680,0.000000
17.279911,0.200000,0.000000,0.199715,0.000199,0.000285,-0.000199,1.997158,1.997356,0.304267,1.035680,0.000000
17.295912,0.200000,0.000000,0.199720,0.000197,0.000280,-0.000197,1.997212,1.997408,0.301077,1.035855,0.000000
17.295912,0.200000,0.000000,0.199720,0.000197,0.000280,-0.000197,1.997212,1.997408,0.301077,1.035855,0.000000
17.311913,0.200000,0.000000,0.199725,0.000195,0.000275,-0.000195,1.997265,1.997458,0.297886,1.036030,0.000000
17.311913,0.200000,0.000000,0.199725,0.000195,0.000275,-0.000195,1.997265,1.997458,0.297886,1.036030,0.000000
17.327913,0.200000,0.000000,0.199731,0.000193,0.000269,-0.000193,1.997317,1.997509,0.294695,1.036205,0.000000
17.327913,0.200000,0.000000,0.199731,0.000193,0.000269,-0.000193,1.997317,1.997509,0.294695,1.036205,0.000000
17.343914,0.200000,0.000000,0.199736,0.000191,0.000264,-0.000191,1.997369,1.997559,0.291504,1.036380,0.000000
17.343914,0.200000,0.000000,0.199736,0.000191,0.000264,-0.000191,1.997369,1.997559,0.291504,1.036380,0.000000
17.359915,0.200000,0.000000,0.199741,0.000190,0.000259,-0.000190,1.997420,1.997608,0.288313,1.036555,0.000000
17.359915,0.200000,0.000000,0.199741,0.000190,0.000259,-0.000190,1.997420,1.997608,0.288313,1.036555,0.000000
17.375916,0.200000,0.000000,0.199746,0.000188,0.000254,-0.000188,1.997471,1.997657,0.285122,1.036729,0.000000
17.375916,0.200000,0.000000,0.199746,0.000188,0.000254,-0.000188,1.997471,1.997657,0.285122,1.036729,0.000000
17.391916,0.200000,0.000000,0.199751,0.000186,0.000249,-0.000186,1.997521,1.997706,0.281931,1.036904,0.000000
17.391916,0.200000,0.000000,0.199751,0.000186,0.000249,-0.000186,1.997521,1.997706,0.281931,1.036904,0.000000
17.407917,0.200000,0.000000,0.199756,0.000184,0.000244,-0.000184,1.997571,1.997754,0.278739,1.037079,0.000000
17.407917,0.200000,0.000000,0.199756,0.000184,0.000244,-0.000184,1.997571,1.997754,0.278739,1.037079,0.000000
17.423918,0.200000,0.000000,0.199761,0.000182,0.000239,-0.000182,1.997620,1.997802,0.275548,1.037254,0.000000
17.423918,0.200000,0.000000,0.199761,0.000182,0.000239,-0.000182,1.997620,1.997802,0.275548,1.037254,0.000000
17.439919,0.200000,0.000000,0.199766,0.000181,0.000234,-0.000181,1.997669,1.997849,0.272356,1.037429,0.000000
17.439919,0.200000,0.000000,0.199766,0.000181,0.000234,-0.000181,1.997669,1.997849,0.272356,1.037429,0.000000
17.455919,0.200000,0.000000,0.199770,0.000179,0.000230,-0.000179,1.997718,1.997896,0.269165,1.037604,0.000000
17.455919,0.200000,0.000000,0.199770,0.000179,0.000230,-0.000179,1.997718,1.997896,0.269165,1.037604,0.000000
17.471920,0.200000,0.000000,0.199775,0.000177,0.000225,-0.000177,1.997766,1.997942,0.265973,1.037779,0.000000
17.471920,0.200000,0.000000,0.199775,0.000177,0.000225,-0.000177,1.997766,1.997942,0.265973,1.037779,0.000000
17.487921,0.200000,0.000000,0.199780,0.000176,0.000220,-0.000176,1.997813,1.997988,0.262782,1.037954,0.000000
17.487921,0.200000,0.000000,0.199780,0.000176,0.000220,-0.000176,1.997813,1.997988,0.262782,1.037954,0.000000
17.503922,0.200000,0.000000,0.199784,0.000174,0.000216,-0.000174,1.997860,1.998033,0.259590,1.038129,0.000000
17.503922,0.200000,0.000000,0.199784,0.000174,0.000216,-0.000174,1.997860,1.998033,0.259590,1.038129,0.000000
17.519922,0.200000,0.000000,0.199789,0.000172,0.000211,-0.000172,1.997907,1.998078,0.256398,1.038304,0.000000
17.519922,0.200000,0.000000,0.199789,0.000172,0.000211,-0.000172,1.997907,1.998078,0.256398,1.038304,0.000000
17.535923,0.200000,0.000000,0.199794,0.000170,0.000206,-0.000170,1.997953,1.998123,0.253206,1.038479,0.000000
17.535923,0.200000,0.000000,0.199794,0.000170,0.000206,-0.000170,1.997953,1.998123,0.253206,1.038479,0.000000
17.551924,0.200000,0.000000,0.199798,0.000169,0.000202,-0.000169,1.997999,1.998167,0.250014,1.038653,0.000000
17.551924,0.200000,0.000000,0.199798,0.000169,0.000202,-0.000169,1.997999,1.998167,0.250014,1.038653,0.000000
17.567924,0.200000,0.000000,0.199803,0.000167,0.000197,-0.000167,1.998044,1.998210,0.246822,1.038828,0.000000
17.567924,0.200000,0.000000,0.199803,0.000167,0.000197,-0.000167,1.998044,1.998210,0.246822,1.038828,0.000000
17.583925,0.200000,0.000000,0.199807,0.000166,0.000193,-0.000166,1.998089,1.998254,0.243630,1.039003,0.000000
17.583925,0.200000,0.000000,0.199807,0.000166,0.000193,-0.000166,1.998089,1.998254,0.243630,1.039003,0.000000
17.599926,0.200000,0.000000,0.199812,0.000164,0.000188,-0.000164,1.998133,1.998296,0.240438,1.039178,0.000000
17.599926,0.200000,0.000000,0.199812,0.000164,0.000188,-0.000164,1.998133,1.998296,0.240438,1.039178,0.000000
17.615927,0.200000,0.000000,0.199816,0.000163,0.000184,-0.000163,1.998177,1.998339,0.237245,1.039353,0.000000
17.615927,0.200000,0.000000,0.199816,0.000163,0.000184,-0.000163,1.998177,1.998339,0.237245,1.039353,0.000000
17.631927,0.200000,0.000000,0.199820,0.000161,0.000180,-0.000161,1.998221,1.998381,0.234053,1.039528,0.000000
17.631927,0.200000,0.000000,0.199820,0.000161,0.000180,-0.000161,1.998221,1.998381,0.234053,1.039528,0.000000
17.647928,0.200000,0.000000,0.199825,0.000159,0.000175,-0.000159,1.998264,1.998423,0.230861,1.039703,0.000000
17.647928,0.200000,0.000000,0.199825,0.000159,0.000175,-0.000159,1.998264,1.998423,0.230861,1.039703,0.000000
17.663929,0.200000,0.000000,0.199829,0.000158,0.000171,-0.000158,1.998307,1.998464,0.227668,1.039877,0.000000
17.663929,0.200000,0.000000,0.199829,0.000158,0.000171,-0.000158,1.998307,1.998464,0.227668,1.039877,0.000000
17.679930,0.200000,0.000000,0.199833,0.000156,0.000167,-0.000156,1.998349,1.998505,0.224476,1.040052,0.000000
17.679930,0.200000,0.000000,0.199833,0.000156,0.000167,-0.000156,1.998349,1.998505,0.224476,1.040052,0.000000
17.695930,0.200000,0.000000,0.199837,0.000155,0.000163,-0.000155,1.998391,1.998545,0.221283,1.040227,0.000000
17.695930,0.200000,0.000000,0.199837,0.000155,0.000163,-0.000155,1.998391,1.998545,0.221283,1.040227,0.000000
17.711931,0.200000,0.000000,0.199841,0.000153,0.000159,-0.000153,1.998433,1.998585,0.218090,1.040402,0.000000
17.711931,0.200000,0.000000,0.199841,0.000153,0.000159,-0.000153,1.998433,1.998585,0.218090,1.040402,0.000000
17.727932,0.200000,0.000000,0.199845,0.000152,0.000155,-0.000152,1.998474,1.998625,0.214898,1.040577,0.000000
17.727932,0.200000,0.000000,0.199845,0.000152,0.000155,-0.000152,1.998474,1.998625,0.214898,1.040577,0.000000
17.743933,0.200000,0.000000,0.199849,0.000151,0.000151,-0.000151,1.998514,1.998664,0.211705,1.040752,0.000000
17.743933,0.200000,0.000000,0.199849,0.000151,0.000151,-0.000151,1.998514,1.998664,0.211705,1.040752,0.000000
17.759933,0.200000,0.000000,0.199853,0.000149,0.000147,-0.000149,1.998555,1.998703,0.208512,1.040927,0.000000
17.759933,0.200000,0.000000,0.199853,0.000149,0.000147,-0.000149,1.998555,1.998703,0.208512,1.040927,0.000000
17.775934,0.200000,0.000000,0.199857,0.000147,0.000143,-0.000147,1.998595,1.998742,0.205319,1.041101,0.000000
17.775934,0.200000,0.000000,0.199857,0.000147,0.000143,-0.000147,1.998595,1.998742,0.205319,1.041101,0.000000
17.791935,0.200000,0.000000,0.199861,0.000146,0.000139,-0.000146,1.998634,1.998780,0.202126,1.041276,0.000000
17.791935,0.200000,0.000000,0.199861,0.000146,0.000139,-0.000146,1.998634,1.998780,0.202126,1.041276,0.000000
17.807936,0.200000,0.000000,0.199865,0.000145,0.000135,-0.000145,1.998674,1.998818,0.198933,1.041451,0.000000
17.807936,0.200000,0.000000,0.199865,0.000145,0.000135,-0.000145,1.998674,1.998818,0.198933,1.041451,0.000000
17.823936,0.200000,0.000000,0.199869,0.000143,0.000131,-0.000143,1.998712,1.998855,0.195740,1.041626,0.000000
17.823936,0.200000,0.000000,0.199869,0.000143,0.000131,-0.000143,1.998712,1.998855,0.195740,1.041626,0.000000
17.839937,0.200000,0.000000,0.199873,0.000142,0.000127,-0.000142,1.998751,1.998892,0.192547,1.041801,0.000000
17.839937,0.200000,0.000000,0.199873,0.000142,0.000127,-0.000142,1.998751,1.998892,0.192547,1.041801,0.000000
17.855938,0.200000,0.000000,0.199877,0.000141,0.000123,-0.000141,1.998789,1.998929,0.189353,1.041975,0.000000
17.855938,0.200000,0.000000,0.199877,0.000141,0.000123,-0.000141,1.998789,1.998929,0.189353,1.041975,0.000000
17.871939,0.200000,0.000000,0.199880,0.000139,0.000120,-0.000139,1.998827,1.998965,0.186160,1.042150,0.000000
17.871939,0.200000,0.000000,0.199880,0.000139,0.000120,-0.000139,1.998827,1.998965,0.186160,1.042150,0.000000
17.887939,0.200000,0.000000,0.199884,0.000138,0.000116,-0.000138,1.998864,1.999001,0.182967,1.042325,0.000000
17.887939,0.200000,0.000000,0.199884,0.000138,0.000116,-0.000138,1.998864,1.999001,0.182967,1.042325,0.000000
17.903940,0.200000,0.000000,0.199888,0.000137,0.000112,-0.000137,1.998901,1.999037,0.179773,1.042500,0.000000
17.903940,0.200000,0.000000,0.199888,0.000137,0.000112,-0.000137,1.998901,1.999037,0.179773,1.042500,0.000000
17.919941,0.200000,0.000000,0.199891,0.000135,0.000109,-0.000135,1.998938,1.999072,0.176580,1.042675,0.000000
17.919941,0.200000,0.000000,0.199891,0.000135,0.000109,-0.000135,1.998938,1.999072,0.176580,1.042675,0.000000
17.935942,0.200000,0.000000,0.199895,0.000134,0.000105,-0.000134,1.998974,1.999107,0.173386,1.042849,0.000000
17.935942,0.200000,0.000000,0.199895,0.000134,0.000105,-0.000134,1.998974,1.999107,0.173386,1.042849,0.000000
17.951942,0.200000,0.000000,0.199898,0.000133,0.000102,-0.000133,1.999010,1.999142,0.170193,1.043024,0.000000
17.951942,0.200000,0.000000,0.199898,0.000133,0.000102,-0.000133,1.999010,1.999142,0.170193,1.043024,0.000000
17.967943,0.200000,0.000000,0.199902,0.000132,0.000098,-0.000132,1.999046,1.999177,0.166999,1.043199,0.000000
17.967943,0.200000,0.000000,0.199902,0.000132,0.000098,-0.000132,1.999046,1.999177,0.166999,1.043199,0.000000
17.983944,0.200000,0.000000,0.199906,0.000130,0.000094,-0.000130,1.999081,1.999210,0.163805,1.043374,0.000000
17.983944,0.200000,0.000000,0.199906,0.000130,0.000094,-0.000130,1.999081,1.999210,0.163805,1.043374,0.000000
17.999945,0.200000,0.000000,0.199909,0.000129,0.000091,-0.000129,1.999116,1.999244,0.160612,1.043548,0.000000
17.999945,0.200000,0.000000,0.199909,0.000129,0.000091,-0.000129,1.999116,1.999244,0.160612,1.043548,0.000000
18.015945,0.200000,0.000000,0.199912,0.000128,0.000088,-0.000128,1.999150,1.999278,0.157418,1.043723,0.000000
18.015945,0.200000,0.000000,0.199912,0.000128,0.000088,-0.000128,1.999150,1.999278,0.157418,1.043723,0.000000
18.031946,0.200000,0.000000,0.199916,0.000127,0.000084,-0.000127,1.999185,1.999311,0.154224,1.043898,0.000000
18.031946,0.200000,0.000000,0.199916,0.000127,0.000084,-0.000127,1.999185,1.999311,0.154224,1.043898,0.000000
18.047947,0.200000,0.000000,0.199919,0.000125,0.000081,-0.000125,1.999219,1.999343,0.151030,1.044073,0.000000
18.047947,0.200000,0.000000,0.199919,0.000125,0.000081,-0.000125,1.999219,1.999343,0.151030,1.044073,0.000000
18.063948,0.200000,0.000000,0.199923,0.000124,0.000077,-0.000124,1.999252,1.999376,0.147836,1.044247,0.000000
18.063948,0.200000,0.000000,0.199923,0.000124,0.000077,-0.000124,1.999252,1.999376,0.147836,1.044247,0.000000
18.079948,0.200000,0.000000,0.199926,0.000123,0.000074,-0.000123,1.999286,1.999408,0.144642,1.044422,0.000000
18.079948,0.200000,0.000000,0.199926,0.000123,0.000074,-0.000123,1.999286,1.999408,0.144642,1.044422,0.000000
18.095949,0.200000,0.000000,0.199929,0.000122,0.000071,-0.000122,1.999319,1.999440,0.141448,1.044597,0.000000
18.095949,0.200000,0.000000,0.199929,0.000122,0.000071,-0.000122,1.999319,1.999440,0.141448,1.044597,0.000000
18.111950,0.200000,0.000000,0.199932,0.000121,0.000068,-0.000121,1.999351,1.999471,0.138254,1.044772,0.000000
18.111950,0.200000,0.000000,0.199932,0.000121,0.000068,-0.000121,1.999351,1.999471,0.138254,1.044772,0.000000
18.127951,0.200000,0.000000,0.199936,0.000120,0.000064,-0.000120,1.999384,1.999502,0.135059,1.044946,0.000000
18.127951,0.200000,0.000000,0.199936,0.000120,0.000064,-0.000120,1.999384,1.999502,0.135059,1.044946,0.000000
18.143951,0.200000,0.000000,0.199939,0.000118,0.000061,-0.000118,1.999416,1.999533,0.131865,1.045121,0.000000
18.143951,0.200000,0.000000,0.199939,0.000118,0.000061,-0.000118,1.999416,1.999533,0.131865,1.045121,0.000000
18.159952,0.200000,0.000000,0.199942,0.000117,0.000058,-0.000117,1.999447,1.999564,0.128671,1.045296,0.000000
18.159952,0.200000,0.000000,0.199942,0.000117,0.000058,-0.000117,1.999447,1.999564,0.128671,1.045296,0.000000
18.175953,0.200000,0.000000,0.199945,0.000116,0.000055,-0.000116,1.999479,1.999594,0.125477,1.045471,0.000000
18.175953,0.200000,0.000000,0.199945,0.000116,0.000055,-0.000116,1.999479,1.999594,0.125477,1.045471,0.000000
18.191954,0.200000,0.000000,0.199948,0.000115,0.000052,-0.000115,1.999510,1.999624,0.122282,1.045645,0.000000
18.191954,0.200000,0.000000,0.199948,0.000115,0.000052,-0.000115,1.999510,1.999624,0.122282,1.045645,0.000000
18.207954,0.200000,0.000000,0.199951,0.000114,0.000049,-0.000114,1.999541,1.999654,0.119088,1.045820,0.000000
18.207954,0.200000,0.000000,0.199951,0.000114,0.000049,-0.000114,1.999541,1.999654,0.119088,1.045820,0.000000
18.223955,0.200000,0.000000,0.199954,0.000113,0.000046,-0.000113,1.999571,1.999683,0.115893,1.045995,0.000000
18.223955,0.200000,0.000000,0.199954,0.000113,0.000046,-0.000113,1.999571,1.999683,0.115893,1.045995,0.000000
18.239956,0.200000,0.000000,0.199957,0.000112,0.000043,-0.000112,1.999602,1.999713,0.112699,1.046170,0.000000
18.239956,0.200000,0.000000,0.199957,0.000112,0.000043,-0.000112,1.999602,1.999713,0.112699,1.046170,0.000000
18.255957,0.200000,0.000000,0.199960,0.000111,0.000040,-0.000111,1.999632,1.999742,0.109504,1.046344,0.000000
18.255957,0.200000,0.000000,0.199960,0.000111,0.000040,-0.000111,1.999632,1.999742,0.109504,1.046344,0.000000
18.271957,0.200000,0.000000,0.199963,0.000110,0.000037,-0.000110,1.999661,1.999770,0.106309,1.046519,0.000000
18.271957,0.200000,0.000000,0.199963,0.000110,0.000037,-0.000110,1.999661,1.999770,0.106309,1.046519,0.000000
18.287958,0.200000,0.000000,0.199966,0.000108,0.000034,-0.000108,1.999691,1.999799,0.103115,1.046694,0.000000
18.287958,0.200000,0.000000,0.199966,0.000108,0.000034,-0.000108,1.999691,1.999799,0.103115,1.046694,0.000000
18.303959,0.200000,0.000000,0.199969,0.000107,0.000031,-0.000107,1.999720,1.999827,0.099920,1.046868,0.000000
18.303959,0.200000,0.000000,0.199969,0.000107,0.000031,-0.000107,1.999720,1.999827,0.099920,1.046868,0.000000
18.319960,0.200000,0.000000,0.199972,0.000107,0.000028,-0.000107,1.999749,1.999854,0.096725,1.047043,0.000000
18.319960,0.200000,0.000000,0.199972,0.000107,0.000028,-0.000107,1.999749,1.999854,0.096725,1.047043,0.000000
18.335960,0.200000,0.000000,0.199975,0.000105,0.000025,-0.000105,1.999777,1.999882,0.093530,1.047218,0.000000
18.335960,0.200000,0.000000,0.199975,0.000105,0.000025,-0.000105,1.999777,1.999882,0.093530,1.047218,0.000000
18.351961,0.200000,0.000000,0.199977,0.000104,0.000023,-0.000104,1.999805,1.999909,0.090336,1.047393,0.000000
18.351961,0.200000,0.000000,0.199977,0.000104,0.000023,-0.000104,1.999805,1.999909,0.090336,1.047393,0.000000
18.367962,0.200000,0.000000,0.199980,0.000103,0.000020,-0.000103,1.999833,1.999936,0.087141,1.047567,0.000000
18.367962,0.200000,0.000000,0.199980,0.000103,0.000020,-0.000103,1.999833,1.999936,0.087141,1.047567,0.000000
18.383963,0.200000,0.000000,0.199983,0.000103,0.000017,-0.000103,1.999861,1.999963,0.083946,1.047742,0.000000
18.383963,0.200000,0.000000,0.199983,0.000103,0.000017,-0.000103,1.999861,1.999963,0.083946,1.047742,0.000000
18.399963,0.200000,0.000000,0.199986,0.000102,0.000014,-0.000102,1.999889,1.999990,0.080751,1.047917,0.000000
18.399963,0.200000,0.000000,0.199986,0.000102,0.000014,-0.000102,1.999889,1.999990,0.080751,1.047917,0.000000
18.415964,0.200000,0.000000,0.199988,0.000101,0.000012,-0.000101,1.999916,2.000016,0.077556,1.048091,0.000000
18.415964,0.200000,0.000000,0.199988,0.000101,0.000012,-0.000101,1.999916,2.000016,0.077556,1.048091,0.000000
18.431965,0.200000,0.000000,0.199991,0.000100,0.000009,-0.000100,1.999943,2.000042,0.074361,1.048266,0.000000
18.431965,0.200000,0.000000,0.199991,0.000100,0.000009,-0.000100,1.999943,2.000042,0.074361,1.048266,0.000000
18.447966,0.200000,0.000000,0.199994,0.000099,0.000006,-0.000099,1.999969,2.000067,0.071166,1.048441,0.000000
18.447966,0.200000,0.000000,0.199994,0.000099,0.000006,-0.000099,1.999969,2.000067,0.071166,1.048441,0.000000
18.463966,0.200000,0.000000,0.199996,0.000098,0.000004,-0.000098,1.999996,2.000093,0.067970,1.048615,0.000000
18.463966,0.200000,0.000000,0.199996,0.000098,0.000004,-0.000098,1.999996,2.000093,0.067970,1.048615,0.000000
18.479967,0.200000,0.000000,0.199999,0.000097,0.000001,-0.000097,2.000022,2.000118,0.064775,1.048790,0.000000
18.479967,0.200000,0.000000,0.199999,0.000097,0.000001,-0.000097,2.000022,2.000118,0.064775,1.048790,0.000000
18.495968,0.200000,0.000000,0.200001,0.000096,-0.000001,-0.000096,2.000048,2.000143,0.061580,1.048965,0.000000
18.495968,0.200000,0.000000,0.200001,0.000096,-0.000001,-0.000096,2.000048,2.000143,0.061580,1.048965,0.000000
18.511969,0.200000,0.000000,0.200004,0.000095,-0.000004,-0.000095,2.000074,2.000168,0.058385,1.049139,0.000000
18.511969,0.200000,0.000000,0.200004,0.000095,-0.000004,-0.000095,2.000074,2.000168,0.058385,1.049139,0.000000
18.527969,0.200000,0.000000,0.200007,0.000094,-0.000007,-0.000094,2.000099,2.000193,0.055189,1.049314,0.000000
18.527969,0.200000,0.000000,0.200007,0.000094,-0.000007,-0.000094,2.000099,2.000193,0.055189,1.049314,0.000000
18.543970,0.200000,0.000000,0.200009,0.000093,-0.000009,-0.000093,2.000124,2.000217,0.051994,1.049489,0.000000
18.543970,0.200000,0.000000,0.200009,0.000093,-0.000009,-0.000093,2.000124,2.000217,0.051994,1.049489,0.000000
18.559971,0.200000,0.000000,0.200012,0.000092,-0.000012,-0.000092,2.000149,2.000241,0.048798,1.049663,0.000000
18.559971,0.200000,0.000000,0.200012,0.000092,-0.000012,-0.000092,2.000149,2.000241,0.048798,1.049663,0.000000
18.575972,0.200000,0.000000,0.200014,0.000091,-0.000014,-0.000091,2.000174,2.000265,0.045603,1.049838,0.000000
18.575972,0.200000,0.000000,0.200014,0.000091,-0.000014,-0.000091,2.000174,2.000265,0.045603,1.049838,0.000000
18.591972,0.200000,0.000000,0.200016,0.000090,-0.000016,-0.000090,2.000199,2.000288,0.042408,1.050013,0.000000
18.591972,0.200000,0.000000,0.200016,0.000090,-0.000016,-0.000090,2.000199,2.000288,0.042408,1.050013,0.000000
18.607973,0.200000,0.000000,0.200019,0.000089,-0.000019,-0.000089,2.000223,2.000312,0.039212,1.050187,0.000000
18.607973,0.200000,0.000000,0.200019,0.000089,-0.000019,-0.000089,2.000223,2.000312,0.039212,1.050187,0.000000
18.623974,0.200000,0.000000,0.200021,0.000089,-0.000021,-0.000089,2.000247,2.000335,0.036016,1.050362,0.000000
18.623974,0.200000,0.000000,0.200021,0.000089,-0.000021,-0.000089,2.000247,2.000335,0.036016,1.050362,0.000000
18.639975,0.200000,0.000000,0.200024,0.000088,-0.000024,-0.000088,2.000271,2.000358,0.032821,1.050537,0.000000
18.639975,0.200000,0.000000,0.200024,0.000088,-0.000024,-0.000088,2.000271,2.000358,0.032821,1.050537,0.000000
18.655975,0.200000,0.000000,0.200026,0.000087,-0.000026,-0.000087,2.000294,2.000381,0.029625,1.050711,0.000000
18.655975,0.200000,0.000000,0.200026,0.000087,-0.000026,-0.000087,2.000294,2.000381,0.029625,1.050711,0.000000
18.671976,0.200000,0.000000,0.200028,0.000086,-0.000028,-0.000086,2.000318,2.000403,0.026429,1.050886,0.000000
18.671976,0.200000,0.000000,0.200028,0.000086,-0.000028,-0.000086,2.000318,2.000403,0.026429,1.050886,0.000000
18.687977,0.200000,0.000000,0.200030,0.000085,-0.000030,-0.000085,2.000341,2.000426,0.023234,1.051061,0.000000
18.687977,0.200000,0.000000,0.200030,0.000085,-0.000030,-0.000085,2.000341,2.000426,0.023234,1.051061,0.000000
18.703978,0.200000,0.000000,0.200033,0.000084,-0.000033,-0.000084,2.000364,2.000448,0.020038,1.051235,0.000000
18.703978,0.200000,0.000000,0.200033,0.000084,-0.000033,-0.000084,2.000364,2.000448,0.020038,1.051235,0.000000
18.719978,0.200000,0.000000,0.200035,0.000084,-0.000035,-0.000084,2.000386,2.000469,0.016842,1.051410,0.000000
18.719978,0.200000,0.000000,0.200035,0.000084,-0.000035,-0.000084,2.000386,2.000469,0.016842,1.051410,0.000000
18.735979,0.000000,0.000000,0.200037,0.000083,-0.200037,-0.000083,0.065209,0.065291,0.013646,1.051584,0.000000
18.735979,0.000000,0.000000,0.200037,0.000083,-0.200037,-0.000083,0.065209,0.065291,0.013646,1.051584,0.000000
18.751980,0.000000,0.000000,0.045625,0.000083,-0.045625,-0.000083,0.064583,0.064665,0.012916,1.051595,0.000000
18.751980,0.000000,0.000000,0.045625,0.000083,-0.045625,-0.000083,0.064583,0.064665,0.012916,1.051595,0.000000
18.767981,0.000000,0.000000,0.006178,0.000082,-0.006178,-0.000082,0.063963,0.064044,0.012818,1.051600,0.000000
18.767981,0.000000,0.000000,0.006178,0.000082,-0.006178,-0.000082,0.063963,0.064044,0.012818,1.051600,0.000000
18.783981,0.000000,0.000000,0.005514,0.000081,-0.005514,-0.000081,0.063349,0.063429,0.012730,1.051604,0.000000
18.783981,0.000000,0.000000,0.005514,0.000081,-0.005514,-0.000081,0.063349,0.063429,0.012730,1.051604,0.000000
18.799982,0.000000,0.000000,0.005616,0.000080,-0.005616,-0.000080,0.062741,0.062820,0.012640,1.051609,0.000000
18.799982,0.000000,0.000000,0.005616,0.000080,-0.005616,-0.000080,0.062741,0.062820,0.012640,1.051609,0.000000
18.815983,0.000000,0.000000,0.005699,0.000079,-0.005699,-0.000079,0.062138,0.062217,0.012549,1.051614,0.000000
18.815983,0.000000,0.000000,0.005699,0.000079,-0.005699,-0.000079,0.062138,0.062217,0.012549,1.051614,0.000000
18.831984,0.000000,0.000000,0.005754,0.000079,-0.005754,-0.000079,0.061542,0.061620,0.012457,1.051619,0.000000
18.831984,0.000000,0.000000,0.005754,0.000079,-0.005754,-0.000079,0.061542,0.061620,0.012457,1.051619,0.000000
18.847984,0.000000,0.000000,0.005786,0.000078,-0.005786,-0.000078,0.060951,0.061028,0.012365,1.051624,0.000000
18.847984,0.000000,0.000000,0.005786,0.000078,-0.005786,-0.000078,0.060951,0.061028,0.012365,1.051624,0.000000
18.863985,0.000000,0.000000,0.005800,0.000077,-0.005800,-0.000077,0.060366,0.060442,0.012272,1.051629,0.000000
18.863985,0.000000,0.000000,0.005800,0.000077,-0.005800,-0.000077,0.060366,0.060442,0.012272,1.051629,0.000000
18.879986,0.000000,0.000000,0.005801,0.000076,-0.005801,-0.000076,0.059786,0.059862,0.012179,1.051634,0.000000
18.879986,0.000000,0.000000,0.005801,0.000076,-0.005801,-0.000076,0.059786,0.059862,0.012179,1.051634,0.000000
18.895987,0.000000,0.000000,0.005790,0.000076,-0.005790,-0.000076,0.059212,0.059287,0.012087,1.051639,0.000000
18.895987,0.000000,0.000000,0.005790,0.000076,-0.005790,-0.000076,0.059212,0.059287,0.012087,1.051639,0.000000
18.911987,0.000000,0.000000,0.005770,0.000075,-0.005770,-0.000075,0.058644,0.058718,0.011995,1.051644,0.000000
18.911987,0.000000,0.000000,0.005770,0.000075,-0.005770,-0.000075,0.058644,0.058718,0.011995,1.051644,0.000000
18.927988,0.000000,0.000000,0.005743,0.000074,-0.005743,-0.000074,0.058081,0.058154,0.011903,1.051649,0.000000
18.927988,0.000000,0.000000,0.005743,0.000074,-0.005743,-0.000074,0.058081,0.058154,0.011903,1.051649,0.000000
18.943989,0.000000,0.000000,0.005710,0.000073,-0.005710,-0.000073,0.057523,0.057596,0.011812,1.051654,0.000000
18.943989,0.000000,0.000000,0.005710,0.000073,-0.005710,-0.000073,0.057523,0.057596,0.011812,1.051654,0.000000
18.959990,0.000000,0.000000,0.005674,0.000073,-0.005674,-0.000073,0.056971,0.057043,0.011721,1.051658,0.000000
18.959990,0.000000,0.000000,0.005674,0.000073,-0.005674,-0.000073,0.056971,0.057043,0.011721,1.051658,0.000000
18.975990,0.000000,0.000000,0.005634,0.000072,-0.005634,-0.000072,0.056424,0.056496,0.011631,1.051663,0.000000
18.975990,0.000000,0.000000,0.005634,0.000072,-0.005634,-0.000072,0.056424,0.056496,0.011631,1.051663,0.000000
18.991991,0.000000,0.000000,0.005592,0.000071,-0.005592,-0.000071,0.055883,0.055953,0.011542,1.051668,0.000000
18.991991,0.000000,0.000000,0.005592,0.000071,-0.005592,-0.000071,0.055883,0.055953,0.011542,1.051668,0.000000
19.007992,0.000000,0.000000,0.005547,0.000071,-0.005547,-0.000071,0.055346,0.055416,0.011453,1.051673,0.000000
19.007992,0.000000,0.000000,0.005547,0.000071,-0.005547,-0.000071,0.055346,0.055416,0.011453,1.051673,0.000000
19.023993,0.000000,0.000000,0.005501,0.000070,-0.005501,-0.000070,0.054815,0.054884,0.011365,1.051678,0.000000
19.023993,0.000000,0.000000,0.005501,0.000070,-0.005501,-0.000070,0.054815,0.054884,0.011365,1.051678,0.000000
19.039993,0.000000,0.000000,0.005454,0.000069,-0.005454,-0.000069,0.054289,0.054357,0.011278,1.051682,0.000000
19.039993,0.000000,0.000000,0.005454,0.000069,-0.005454,-0.000069,0.054289,0.054357,0.011278,1.051682,0.000000
19.055994,0.000000,0.000000,0.005407,0.000069,-0.005407,-0.000069,0.053767,0.053835,0.011191,1.051687,0.000000
19.055994,0.000000,0.000000,0.005407,0.000069,-0.005407,-0.000069,0.053767,0.053835,0.011191,1.051687,0.000000
19.071995,0.000000,0.000000,0.005359,0.000068,-0.005359,-0.000068,0.053251,0.053319,0.011106,1.051691,0.000000
19.071995,0.000000,0.000000,0.005359,0.000068,-0.005359,-0.000068,0.053251,0.053319,0.011106,1.051691,0.000000
19.087996,0.000000,0.000000,0.005310,0.000067,-0.005310,-0.000067,0.052740,0.052807,0.011021,1.051696,0.000000
19.087996,0.000000,0.000000,0.005310,0.000067,-0.005310,-0.000067,0.052740,0.052807,0.011021,1.051696,0.000000
19.103996,0.000000,0.000000,0.005262,0.000067,-0.005262,-0.000067,0.052234,0.052300,0.010937,1.051700,0.000000
19.103996,0.000000,0.000000,0.005262,0.000067,-0.005262,-0.000067,0.052234,0.052300,0.010937,1.051700,0.000000
19.119997,0.000000,0.000000,0.005213,0.000066,-0.005213,-0.000066,0.051732,0.051798,0.010854,1.051705,0.000000
19.119997,0.000000,0.000000,0.005213,0.000066,-0.005213,-0.000066,0.051732,0.051798,0.010854,1.051705,0.000000
19.135998,0.000000,0.000000,0.005164,0.000065,-0.005164,-0.000065,0.051236,0.051300,0.010771,1.051709,0.000000
19.135998,0.000000,0.000000,0.005164,0.000065,-0.005164,-0.000065,0.051236,0.051300,0.010771,1.051709,0.000000
19.151999,0.000000,0.000000,0.005116,0.000065,-0.005116,-0.000065,0.050744,0.050808,0.010689,1.051714,0.000000
19.151999,0.000000,0.000000,0.005116,0.000065,-0.005116,-0.000065,0.050744,0.050808,0.010689,1.051714,0.000000
19.167999,0.000000,0.000000,0.005068,0.000064,-0.005068,-0.000064,0.050257,0.050320,0.010608,1.051718,0.000000
19.167999,0.000000,0.000000,0.005068,0.000064,-0.005068,-0.000064,0.050257,0.050320,0.010608,1.051718,0.000000
19.184000,0.000000,0.000000,0.005020,0.000064,-0.005020,-0.000064,0.049774,0.049837,0.010528,1.051722,0.000000
19.184000,0.000000,0.000000,0.005020,0.000064,-0.005020,-0.000064,0.049774,0.049837,0.010528,1.051722,0.000000
19.200001,0.000000,0.000000,0.004972,0.000063,-0.004972,-0.000063,0.049296,0.049359,0.010449,1.051727,0.000000
19.200001,0.000000,0.000000,0.004972,0.000063,-0.004972,-0.000063,0.049296,0.049359,0.010449,1.051727,0.000000
19.216002,0.000000,0.000000,0.004925,0.000062,-0.004925,-0.000062,0.048823,0.048885,0.010370,1.051731,0.000000
19.216002,0.000000,0.000000,0.004925,0.000062,-0.004925,-0.000062,0.048823,0.048885,0.010370,1.051731,0.000000
19.232002,0.000000,2.000000,0.004878,0.000062,-0.004878,1.999938,-0.949246,1.046016,0.010292,1.051735,0.000000
19.232002,0.000000,2.000000,0.004878,0.000062,-0.004878,1.999938,-0.949246,1.046016,0.010292,1.051735,0.000000
19.248003,0.000000,2.000000,0.003717,1.994398,-0.003717,0.005602,-0.949736,1.045578,0.010233,1.051739,0.000000
19.248003,0.000000,2.000000,0.003717,1.994398,-0.003717,0.005602,-0.949736,1.045578,0.010233,1.051739,0.000000
19.264004,0.000000,2.000000,0.003417,1.994325,-0.003417,0.005675,-0.950223,1.045146,0.010178,1.051742,0.000000
19.264004,0.000000,2.000000,0.003417,1.994325,-0.003417,0.005675,-0.950223,1.045146,0.010178,1.051742,0.000000
19.280005,0.000000,2.000000,0.000634,1.994469,-0.000634,0.005531,-0.950705,1.044718,0.010168,1.051743,0.000000
19.280005,0.000000,2.000000,0.000634,1.994469,-0.000634,0.005531,-0.950705,1.044718,0.010168,1.051743,0.000000
19.296005,0.000000,2.000000,0.002083,1.994558,-0.002083,0.005442,-0.951181,1.044293,0.010135,1.051743,0.000000
19.296005,0.000000,2.000000,0.002083,1.994558,-0.002083,0.005442,-0.951181,1.044293,0.010135,1.051743,0.000000
19.312006,0.000000,2.000000,0.004618,1.994632,-0.004618,0.005368,-0.951654,1.043873,0.010061,1.051740,0.000000
19.312006,0.000000,2.000000,0.004618,1.994632,-0.004618,0.005368,-0.951654,1.043873,0.010061,1.051740,0.000000
19.328007,0.000000,2.000000,0.004623,1.994712,-0.004623,0.005288,-0.952121,1.043456,0.009987,1.051735,0.000000
19.328007,0.000000,2.000000,0.004623,1.994712,-0.004623,0.005288,-0.952121,1.043456,0.009987,1.051735,0.000000
19.344007,0.000000,2.000000,0.004575,1.994784,-0.004575,0.005216,-0.952584,1.043043,0.009914,1.051728,0.000000
19.344007,0.000000,2.000000,0.004575,1.994784,-0.004575,0.005216,-0.952584,1.043043,0.009914,1.051728,0.000000
19.360008,0.000000,2.000000,0.004528,1.994851,-0.004528,0.005149,-0.953043,1.042634,0.009842,1.051719,0.000000
19.360008,0.000000,2.000000,0.004528,1.994851,-0.004528,0.005149,-0.953043,1.042634,0.009842,1.051719,0.000000
19.376009,0.000000,2.000000,0.004481,1.994915,-0.004481,0.005085,-0.953497,1.042229,0.009772,1.051707,0.000000
19.376009,0.000000,2.000000,0.004481,1.994915,-0.004481,0.005085,-0.953497,1.042229,0.009772,1.051707,0.000000
19.392010,0.000000,2.000000,0.004434,1.994974,-0.004434,0.005026,-0.953946,1.041827,0.009702,1.051694,0.000000
19.392010,0.000000,2.000000,0.004434,1.994974,-0.004434,0.005026,-0.953946,1.041827,0.009702,1.051694,0.000000
19.408010,0.000000,2.000000,0.004389,1.995031,-0.004389,0.004969,-0.954391,1.041430,0.009633,1.051679,0.000000
19.408010,0.000000,2.000000,0.004389,1.995031,-0.004389,0.004969,-0.954391,1.041430,0.009633,1.051679,0.000000
19.424011,0.000000,2.000000,0.004345,1.995086,-0.004345,0.004914,-0.954832,1.041036,0.009566,1.051662,0.000000
19.424011,0.000000,2.000000,0.004345,1.995086,-0.004345,0.004914,-0.954832,1.041036,0.009566,1.051662,0.000000
19.440012,0.000000,2.000000,0.004302,1.995138,-0.004302,0.004862,-0.955269,1.040646,0.009500,1.051643,0.000000
19.440012,0.000000,2.000000,0.004302,1.995138,-0.004302,0.004862,-0.955269,1.040646,0.009500,1.051643,0.000000
19.456013,0.000000,2.000000,0.004259,1.995189,-0.004259,0.004811,-0.955702,1.040260,0.009435,1.051622,0.000000
19.456013,0.000000,2.000000,0.004259,1.995189,-0.004259,0.004811,-0.955702,1.040260,0.009435,1.051622,0.000000
19.472013,0.000000,2.000000,0.004217,1.995239,-0.004217,0.004761,-0.956130,1.039877,0.009371,1.051600,0.000000
19.472013,0.000000,2.000000,0.004217,1.995239,-0.004217,0.004761,-0.956130,1.039877,0.009371,1.051600,0.000000
19.488014,0.000000,2.000000,0.004176,1.995287,-0.004176,0.004713,-0.956554,1.039498,0.009309,1.051576,0.000000
19.488014,0.000000,2.000000,0.004176,1.995287,-0.004176,0.004713,-0.956554,1.039498,0.009309,1.051576,0.000000
19.504015,0.000000,2.000000,0.004135,1.995335,-0.004135,0.004665,-0.956974,1.039123,0.009248,1.051550,0.000000
19.504015,0.000000,2.000000,0.004135,1.995335,-0.004135,0.004665,-0.956974,1.039123,0.009248,1.051550,0.000000
19.520016,0.000000,2.000000,0.004095,1.995381,-0.004095,0.004619,-0.957390,1.038751,0.009188,1.051523,0.000000
19.520016,0.000000,2.000000,0.004095,1.995381,-0.004095,0.004619,-0.957390,1.038751,0.009188,1.051523,0.000000
19.536016,0.000000,2.000000,0.004055,1.995427,-0.004055,0.004573,-0.957802,1.038383,0.009130,1.051494,0.000000
19.536016,0.000000,2.000000,0.004055,1.995427,-0.004055,0.004573,-0.957802,1.038383,0.009130,1.051494,0.000000
19.552017,0.000000,2.000000,0.004016,1.995471,-0.004016,0.004529,-0.958210,1.038018,0.009073,1.051464,0.000000
19.552017,0.000000,2.000000,0.004016,1.995471,-0.004016,0.004529,-0.958210,1.038018,0.009073,1.051464,0.000000
19.568018,0.000000,2.000000,0.003977,1.995516,-0.003977,0.004484,-0.958615,1.037657,0.009018,1.051433,0.000000
19.568018,0.000000,2.000000,0.003977,1.995516,-0.003977,0.004484,-0.958615,1.037657,0.009018,1.051433,0.000000
19.584019,0.000000,2.000000,0.003939,1.995559,-0.003939,0.004441,-0.959015,1.037299,0.008964,1.051400,0.000000
19.584019,0.000000,2.000000,0.003939,1.995559,-0.003939,0.004441,-0.959015,1.037299,0.008964,1.051400,0.000000
19.600019,0.000000,2.000000,0.003901,1.995602,-0.003901,0.004398,-0.959412,1.036945,0.008912,1.051366,0.000000
19.600019,0.000000,2.000000,0.003901,1.995602,-0.003901,0.004398,-0.959412,1.036945,0.008912,1.051366,0.000000
19.616020,0.000000,2.000000,0.003863,1.995645,-0.003863,0.004355,-0.959804,1.036594,0.008861,1.051331,0.000000
19.616020,0.000000,2.000000,0.003863,1.995645,-0.003863,0.004355,-0.959804,1.036594,0.008861,1.051331,0.000000
19.632021,0.000000,2.000000,0.003825,1.995687,-0.003825,0.004313,-0.960193,1.036247,0.008812,1.051294,0.000000
19.632021,0.000000,2.000000,0.003825,1.995687,-0.003825,0.004313,-0.960193,1.036247,0.008812,1.051294,0.000000
19.648022,0.000000,2.000000,0.003788,1.995729,-0.003788,0.004271,-0.960578,1.035903,0.008764,1.051257,0.000000
19.648022,0.000000,2.000000,0.003788,1.995729,-0.003788,0.004271,-0.960578,1.035903,0.008764,1.051257,0.000000
19.664022,0.000000,2.000000,0.003752,1.995770,-0.003752,0.004230,-0.960960,1.035562,0.008718,1.051218,0.000000
19.664022,0.000000,2.000000,0.003752,1.995770,-0.003752,0.004230,-0.960960,1.035562,0.008718,1.051218,0.000000
19.680023,0.000000,2.000000,0.003715,1.995811,-0.003715,0.004189,-0.961338,1.035224,0.008674,1.051179,0.000000
19.680023,0.000000,2.000000,0.003715,1.995811,-0.003715,0.004189,-0.961338,1.035224,0.008674,1.051179,0.000000
19.696024,0.000000,2.000000,0.003679,1.995851,-0.003679,0.004149,-0.961712,1.034890,0.008631,1.051139,0.000000
19.696024,0.000000,2.000000,0.003679,1.995851,-0.003679,0.004149,-0.961712,1.034890,0.008631,1.051139,0.000000
19.712025,0.000000,2.000000,0.003643,1.995891,-0.003643,0.004109,-0.962082,1.034559,0.008589,1.051098,0.000000
19.712025,0.000000,2.000000,0.003643,1.995891,-0.003643,0.004109,-0.962082,1.034559,0.008589,1.051098,0.000000
19.728025,0.000000,2.000000,0.003608,1.995931,-0.003608,0.004069,-0.962449,1.034231,0.008549,1.051056,0.000000
19.728025,0.000000,2.000000,0.003608,1.995931,-0.003608,0.004069,-0.962449,1.034231,0.008549,1.051056,0.000000
19.744026,0.000000,2.000000,0.003573,1.995969,-0.003573,0.004031,-0.962813,1.033906,0.008511,1.051013,0.000000
19.744026,0.000000,2.000000,0.003573,1.995969,-0.003573,0.004031,-0.962813,1.033906,0.008511,1.051013,0.000000
19.760027,0.000000,2.000000,0.003538,1.996008,-0.003538,0.003992,-0.963173,1.033584,0.008475,1.050970,0.000000
19.760027,0.000000,2.000000,0.003538,1.996008,-0.003538,0.003992,-0.963173,1.033584,0.008475,1.050970,0.000000
19.776028,0.000000,2.000000,0.003503,1.996047,-0.003503,0.003953,-0.963530,1.033265,0.008440,1.050926,0.000000
19.776028,0.000000,2.000000,0.003503,1.996047,-0.003503,0.003953,-0.963530,1.033265,0.008440,1.050926,0.000000
19.792028,0.000000,2.000000,0.003470,1.996085,-0.003470,0.003915,-0.963883,1.032950,0.008407,1.050882,0.000000
19.792028,0.000000,2.000000,0.003470,1.996085,-0.003470,0.003915,-0.963883,1.032950,0.008407,1.050882,0.000000
19.808029,0.000000,2.000000,0.003440,1.996122,-0.003440,0.003878,-0.964233,1.032637,0.008375,1.050837,0.000000
19.808029,0.000000,2.000000,0.003440,1.996122,-0.003440,0.003878,-0.964233,1.032637,0.008375,1.050837,0.000000
19.824030,0.000000,2.000000,0.003437,1.996159,-0.003437,0.003841,-0.964579,1.032328,0.008344,1.050791,0.000000
19.824030,0.000000,2.000000,0.003437,1.996159,-0.003437,0.003841,-0.964579,1.032328,0.008344,1.050791,0.000000
19.840031,0.000000,2.000000,0.003405,1.996196,-0.003405,0.003804,-0.964922,1.032021,0.008316,1.050745,0.000000
19.840031,0.000000,2.000000,0.003405,1.996196,-0.003405,0.003804,-0.964922,1.032021,0.008316,1.050745,0.000000
19.856031,0.000000,2.000000,0.003372,1.996233,-0.003372,0.003767,-0.965262,1.031717,0.008289,1.050698,0.000000
19.856031,0.000000,2.000000,0.003372,1.996233,-0.003372,0.003767,-0.965262,1.031717,0.008289,1.050698,0.000000
19.872032,0.000000,2.000000,0.003339,1.996269,-0.003339,0.003731,-0.965599,1.031417,0.008263,1.050651,0.000000
19.872032,0.000000,2.000000,0.003339,1.996269,-0.003339,0.003731,-0.965599,1.031417,0.008263,1.050651,0.000000
19.888033,0.000000,2.000000,0.003306,1.996305,-0.003306,0.003695,-0.965932,1.031119,0.008239,1.050604,0.000000
19.888033,0.000000,2.000000,0.003306,1.996305,-0.003306,0.003695,-0.965932,1.031119,0.008239,1.050604,0.000000
19.904034,0.000000,2.000000,0.003274,1.996340,-0.003274,0.003660,-0.966262,1.030824,0.008217,1.050557,0.000000
19.904034,0.000000,2.000000,0.003274,1.996340,-0.003274,0.003660,-0.966262,1.030824,0.008217,1.050557,0.000000
19.920034,0.000000,2.000000,0.003242,1.996375,-0.003242,0.003625,-0.966589,1.030532,0.008196,1.050509,0.000000
19.920034,0.000000,2.000000,0.003242,1.996375,-0.003242,0.003625,-0.966589,1.030532,0.008196,1.050509,0.000000
19.936035,0.000000,2.000000,0.003211,1.996410,-0.003211,0.003590,-0.966913,1.030242,0.008177,1.050462,0.000000
19.936035,0.000000,2.000000,0.003211,1.996410,-0.003211,0.003590,-0.966913,1.030242,0.008177,1.050462,0.000000
19.952036,0.000000,2.000000,0.003180,1.996445,-0.003180,0.003555,-0.967234,1.029956,0.008159,1.050414,0.000000
19.952036,0.000000,2.000000,0.003180,1.996445,-0.003180,0.003555,-0.967234,1.029956,0.008159,1.050414,0.000000
19.968037,0.000000,2.000000,0.003148,1.996479,-0.003148,0.003521,-0.967551,1.029672,0.008143,1.050366,0.000000
19.968037,0.000000,2.000000,0.003148,1.996479,-0.003148,0.003521,-0.967551,1.029672,0.008143,1.050366,0.000000
19.984037,0.000000,2.000000,0.003118,1.996512,-0.003118,0.003488,-0.967866,1.029391,0.008128,1.050318,0.000000
19.984037,0.000000,2.000000,0.003118,1.996512,-0.003118,0.003488,-0.967866,1.029391,0.008128,1.050318,0.000000
20.000038,0.000000,2.000000,0.003087,1.996546,-0.003087,0.003454,-0.968177,1.029112,0.008115,1.050271,0.000000
20.000038,0.000000,2.000000,0.003087,1.996546,-0.003087,0.003454,-0.968177,1.029112,0.008115,1.050271,0.000000
20.016039,0.000000,2.000000,0.003057,1.996579,-0.003057,0.003421,-0.968486,1.028837,0.008104,1.050223,0.000000
20.016039,0.000000,2.000000,0.003057,1.996579,-0.003057,0.003421,-0.968486,1.028837,0.008104,1.050223,0.000000
20.032040,0.000000,2.000000,0.003027,1.996612,-0.003027,0.003388,-0.968792,1.028563,0.008094,1.050176,0.000000
20.032040,0.000000,2.000000,0.003027,1.996612,-0.003027,0.003388,-0.968792,1.028563,0.008094,1.050176,0.000000
20.048040,0.000000,2.000000,0.002998,1.996644,-0.002998,0.003356,-0.969094,1.028293,0.008085,1.050129,0.000000
20.048040,0.000000,2.000000,0.002998,1.996644,-0.002998,0.003356,-0.969094,1.028293,0.008085,1.050129,0.000000
20.064041,0.000000,2.000000,0.002968,1.996676,-0.002968,0.003324,-0.969394,1.028025,0.008078,1.050082,0.000000
20.064041,0.000000,2.000000,0.002968,1.996676,-0.002968,0.003324,-0.969394,1.028025,0.008078,1.050082,0.000000
20.080042,0.000000,2.000000,0.002939,1.996708,-0.002939,0.003292,-0.969691,1.027760,0.008072,1.050035,0.000000
20.080042,0.000000,2.000000,0.002939,1.996708,-0.002939,0.003292,-0.969691,1.027760,0.008072,1.050035,0.000000
20.096043,0.000000,0.000000,0.002910,1.996739,-0.002910,-1.996739,0.027615,0.029897,0.008068,1.049989,0.000000
20.096043,0.000000,0.000000,0.002910,1.996739,-0.002910,-1.996739,0.027615,0.029897,0.008068,1.049989,0.000000
20.112043,0.000000,0.000000,0.002632,0.002311,-0.002632,-0.002311,0.027350,0.029610,0.008066,1.049947,0.000000
20.112043,0.000000,0.000000,0.002632,0.002311,-0.002632,-0.002311,0.027350,0.029610,0.008066,1.049947,0.000000
20.128044,0.000000,0.000000,0.002769,0.002278,-0.002769,-0.002278,0.027087,0.029325,0.008063,1.049902,0.000000
20.128044,0.000000,0.000000,0.002769,0.002278,-0.002769,-0.002278,0.027087,0.029325,0.008063,1.049902,0.000000
20.144045,0.000000,0.000000,0.002758,0.002250,-0.002758,-0.002250,0.026827,0.029044,0.008061,1.049858,0.000000
20.144045,0.000000,0.000000,0.002758,0.002250,-0.002758,-0.002250,0.026827,0.029044,0.008061,1.049858,0.000000
20.160046,0.000000,0.000000,0.002741,0.002224,-0.002741,-0.002224,0.026570,0.028765,0.008058,1.049815,0.000000
20.160046,0.000000,0.000000,0.002741,0.002224,-0.002741,-0.002224,0.026570,0.028765,0.008058,1.049815,0.000000
20.176046,0.000000,0.000000,0.002723,0.002200,-0.002723,-0.002200,0.026315,0.028489,0.008055,1.049771,0.000000
20.176046,0.000000,0.000000,0.002723,0.002200,-0.002723,-0.002200,0.026315,0.028489,0.008055,1.049771,0.000000
20.192047,0.000000,0.000000,0.002703,0.002177,-0.002703,-0.002177,0.026062,0.028215,0.008053,1.049728,0.000000
20.192047,0.000000,0.000000,0.002703,0.002177,-0.002703,-0.002177,0.026062,0.028215,0.008053,1.049728,0.000000
20.208048,0.000000,0.000000,0.002682,0.002155,-0.002682,-0.002155,0.025812,0.027944,0.008050,1.049685,0.000000
20.208048,0.000000,0.000000,0.002682,0.002155,-0.002682,-0.002155,0.025812,0.027944,0.008050,1.049685,0.000000
20.224049,0.000000,0.000000,0.002660,0.002134,-0.002660,-0.002134,0.025564,0.027676,0.008047,1.049643,0.000000
20.224049,0.000000,0.000000,0.002660,0.002134,-0.002660,-0.002134,0.025564,0.027676,0.008047,1.049643,0.000000
20.240049,0.000000,0.000000,0.002638,0.002113,-0.002638,-0.002113,0.025319,0.027410,0.008045,1.049600,0.000000
20.240049,0.000000,0.000000,0.002638,0.002113,-0.002638,-0.002113,0.025319,0.027410,0.008045,1.049600,0.000000
20.256050,0.000000,0.000000,0.002615,0.002092,-0.002615,-0.002092,0.025076,0.027147,0.008042,1.049559,0.000000
20.256050,0.000000,0.000000,0.002615,0.002092,-0.002615,-0.002092,0.025076,0.027147,0.008042,1.049559,0.000000
20.272051,0.000000,0.000000,0.002592,0.002072,-0.002592,-0.002072,0.024835,0.026887,0.008039,1.049517,0.000000
20.272051,0.000000,0.000000,0.002592,0.002072,-0.002592,-0.002072,0.024835,0.026887,0.008039,1.049517,0.000000
20.288052,0.000000,0.000000,0.002569,0.002052,-0.002569,-0.002052,0.024596,0.026628,0.008037,1.049476,0.000000
20.288052,0.000000,0.000000,0.002569,0.002052,-0.002569,-0.002052,0.024596,0.026628,0.008037,1.049476,0.000000
20.304052,0.000000,0.000000,0.002545,0.002032,-0.002545,-0.002032,0.024360,0.026373,0.008034,1.049436,0.000000
20.304052,0.000000,0.000000,0.002545,0.002032,-0.002545,-0.002032,0.024360,0.026373,0.008034,1.049436,0.000000
20.320053,0.000000,0.000000,0.002522,0.002013,-0.002522,-0.002013,0.024126,0.026120,0.008031,1.049395,0.000000
20.320053,0.000000,0.000000,0.002522,0.002013,-0.002522,-0.002013,0.024126,0.026120,0.008031,1.049395,0.000000
20.336054,0.000000,0.000000,0.002499,0.001993,-0.002499,-0.001993,0.023895,0.025869,0.008029,1.049356,0.000000
20.336054,0.000000,0.000000,0.002499,0.001993,-0.002499,-0.001993,0.023895,0.025869,0.008029,1.049356,0.000000
20.352055,0.000000,0.000000,0.002475,0.001974,-0.002475,-0.001974,0.023665,0.025621,0.008026,1.049316,0.000000
20.352055,0.000000,0.000000,0.002475,0.001974,-0.002475,-0.001974,0.023665,0.025621,0.008026,1.049316,0.000000
20.368055,0.000000,0.000000,0.002452,0.001955,-0.002452,-0.001955,0.023438,0.025375,0.008023,1.049277,0.000000
20.368055,0.000000,0.000000,0.002452,0.001955,-0.002452,-0.001955,0.023438,0.025375,0.008023,1.049277,0.000000
20.384056,0.000000,0.000000,0.002429,0.001936,-0.002429,-0.001936,0.023213,0.025131,0.008021,1.049238,0.000000
20.384056,0.000000,0.000000,0.002429,0.001936,-0.002429,-0.001936,0.023213,0.025131,0.008021,1.049238,0.000000
20.400057,0.000000,0.000000,0.002406,0.001918,-0.002406,-0.001918,0.022990,0.024890,0.008018,1.049200,0.000000
20.400057,0.000000,0.000000,0.002406,0.001918,-0.002406,-0.001918,0.022990,0.024890,0.008018,1.049200,0.000000
20.416058,0.000000,0.000000,0.002383,0.001899,-0.002383,-0.001899,0.022770,0.024651,0.008016,1.049162,0.000000
20.416058,0.000000,0.000000,0.002383,0.001899,-0.002383,-0.001899,0.022770,0.024651,0.008016,1.049162,0.000000
20.432058,0.000000,0.000000,0.002360,0.001881,-0.002360,-0.001881,0.022551,0.024414,0.008013,1.049124,0.000000
20.432058,0.000000,0.000000,0.002360,0.001881,-0.002360,-0.001881,0.022551,0.024414,0.008013,1.049124,0.000000
20.448059,0.000000,0.000000,0.002338,0.001863,-0.002338,-0.001863,0.022335,0.024180,0.008011,1.049087,0.000000
20.448059,0.000000,0.000000,0.002338,0.001863,-0.002338,-0.001863,0.022335,0.024180,0.008011,1.049087,0.000000
20.464060,0.000000,0.000000,0.002316,0.001845,-0.002316,-0.001845,0.022120,0.023948,0.008008,1.049050,0.000000
20.464060,0.000000,0.000000,0.002316,0.001845,-0.002316,-0.001845,0.022120,0.023948,0.008008,1.049050,0.000000
20.480061,0.000000,0.000000,0.002293,0.001827,-0.002293,-0.001827,0.021908,0.023718,0.008006,1.049013,0.000000
20.480061,0.000000,0.000000,0.002293,0.001827,-0.002293,-0.001827,0.021908,0.023718,0.008006,1.049013,0.000000
20.496061,0.000000,0.000000,0.002271,0.001810,-0.002271,-0.001810,0.021698,0.023490,0.008004,1.048977,0.000000
20.496061,0.000000,0.000000,0.002271,0.001810,-0.002271,-0.001810,0.021698,0.023490,0.008004,1.048977,0.000000
20.512062,0.000000,0.000000,0.002250,0.001792,-0.002250,-0.001792,0.021489,0.023265,0.008001,1.048941,0.000000
20.512062,0.000000,0.000000,0.002250,0.001792,-0.002250,-0.001792,0.021489,0.023265,0.008001,1.048941,0.000000
20.528063,0.000000,0.000000,0.002228,0.001775,-0.002228,-0.001775,0.021283,0.023041,0.007999,1.048905,0.000000
20.528063,0.000000,0.000000,0.002228,0.001775,-0.002228,-0.001775,0.021283,0.023041,0.007999,1.048905,0.000000
20.544064,0.000000,0.000000,0.002207,0.001758,-0.002207,-0.001758,0.021079,0.022820,0.007997,1.048870,0.000000
20.544064,0.000000,0.000000,0.002207,0.001758,-0.002207,-0.001758,0.021079,0.022820,0.007997,1.048870,0.000000
20.560064,0.000000,0.000000,0.002186,0.001741,-0.002186,-0.001741,0.020876,0.022601,0.007994,1.048835,0.000000
20.560064,0.000000,0.000000,0.002186,0.001741,-0.002186,-0.001741,0.020876,0.022601,0.007994,1.048835,0.000000
20.576065,0.000000,0.000000,0.002165,0.001725,-0.002165,-0.001725,0.020676,0.022384,0.007992,1.048801,0.000000
20.576065,0.000000,0.000000,0.002165,0.001725,-0.002165,-0.001725,0.020676,0.022384,0.007992,1.048801,0.000000
20.592066,0.200000,0.000000,0.002144,0.001708,0.197856,-0.001708,1.955677,1.957369,0.007990,1.048766,0.000000
20.592066,0.200000,0.000000,0.002144,0.001708,0.197856,-0.001708,1.955677,1.957369,0.007990,1.048766,0.000000
20.608067,0.200000,0.000000,0.054261,0.001685,0.145739,-0.001685,1.956127,1.957803,0.007787,1.047922,0.000000
20.608067,0.200000,0.000000,0.054261,0.001685,0.145739,-0.001685,1.956127,1.957803,0.007787,1.047922,0.000000
20.624067,0.200000,0.000000,0.105133,0.001669,0.094867,-0.001669,1.956573,1.958232,0.007571,1.046254,0.000000
20.624067,0.200000,0.000000,0.105133,0.001669,0.094867,-0.001669,1.956573,1.958232,0.007571,1.046254,0.000000
20.640068,0.200000,0.000000,0.156197,0.001653,0.043803,-0.001653,1.957014,1.958658,0.007353,1.043764,0.000000
20.640068,0.200000,0.000000,0.156197,0.001653,0.043803,-0.001653,1.957014,1.958658,0.007353,1.043764,0.000000
20.656069,0.200000,0.000000,0.195547,0.001637,0.004453,-0.001637,1.957451,1.959079,0.007135,1.040643,0.000000
20.656069,0.200000,0.000000,0.195547,0.001637,0.004453,-0.001637,1.957451,1.959079,0.007135,1.040643,0.000000
20.672070,0.200000,0.000000,0.196301,0.001621,0.003699,-0.001621,1.957884,1.959497,0.006916,1.037510,0.000000
20.672070,0.200000,0.000000,0.196301,0.001621,0.003699,-0.001621,1.957884,1.959497,0.006916,1.037510,0.000000
20.688070,0.200000,0.000000,0.196260,0.001606,0.003740,-0.001606,1.958313,1.959910,0.006698,1.034377,0.000000
20.688070,0.200000,0.000000,0.196260,0.001606,0.003740,-0.001606,1.958313,1.959910,0.006698,1.034377,0.000000
20.704071,0.200000,0.000000,0.196223,0.001590,0.003777,-0.001590,1.958738,1.960320,0.006481,1.031245,0.000000
20.704071,0.200000,0.000000,0.196223,0.001590,0.003777,-0.001590,1.958738,1.960320,0.006481,1.031245,0.000000
20.720072,0.200000,0.000000,0.196201,0.001575,0.003799,-0.001575,1.959159,1.960725,0.006263,1.028114,0.000000
20.720072,0.200000,0.000000,0.196201,0.001575,0.003799,-0.001575,1.959159,1.960725,0.006263,1.028114,0.000000
20.736073,0.200000,0.000000,0.196191,0.001560,0.003809,-0.001560,1.959575,1.961127,0.006045,1.024982,0.000000
20.736073,0.200000,0.000000,0.196191,0.001560,0.003809,-0.001560,1.959575,1.961127,0.006045,1.024982,0.000000
20.752073,0.200000,0.000000,0.196191,0.001546,0.003809,-0.001546,1.959988,1.961525,0.005828,1.021851,0.000000
20.752073,0.200000,0.000000,0.196191,0.001546,0.003809,-0.001546,1.959988,1.961525,0.005828,1.021851,0.000000
20.768074,0.200000,0.000000,0.196199,0.001531,0.003801,-0.001531,1.960397,1.961919,0.005610,1.018719,0.000000
20.768074,0.200000,0.000000,0.196199,0.001531,0.003801,-0.001531,1.960397,1.961919,0.005610,1.018719,0.000000
20.784075,0.200000,0.000000,0.196213,0.001516,0.003787,-0.001516,1.960802,1.962309,0.005393,1.015587,0.000000
20.784075,0.200000,0.000000,0.196213,0.001516,0.003787,-0.001516,1.960802,1.962309,0.005393,1.015587,0.000000
20.800076,0.200000,0.000000,0.196232,0.001502,0.003768,-0.001502,1.961203,1.962696,0.005176,1.012455,0.000000
20.800076,0.200000,0.000000,0.196232,0.001502,0.003768,-0.001502,1.961203,1.962696,0.005176,1.012455,0.000000
20.816076,0.200000,0.000000,0.196254,0.001487,0.003746,-0.001487,1.961600,1.963078,0.004958,1.009323,0.000000
20.816076,0.200000,0.000000,0.196254,0.001487,0.003746,-0.001487,1.961600,1.963078,0.004958,1.009323,0.000000
20.832077,0.200000,0.000000,0.196280,0.001473,0.003720,-0.001473,1.961993,1.963458,0.004741,1.006190,0.000000
20.832077,0.200000,0.000000,0.196280,0.001473,0.003720,-0.001473,1.961993,1.963458,0.004741,1.006190,0.000000
20.848078,0.200000,0.000000,0.196308,0.001459,0.003692,-0.001459,1.962383,1.963833,0.004524,1.003056,0.000000
20.848078,0.200000,0.000000,0.196308,0.001459,0.003692,-0.001459,1.962383,1.963833,0.004524,1.003056,0.000000
20.864079,0.200000,0.000000,0.196338,0.001445,0.003662,-0.001445,1.962768,1.964205,0.004307,0.999922,0.000000
20.864079,0.200000,0.000000,0.196338,0.001445,0.003662,-0.001445,1.962768,1.964205,0.004307,0.999922,0.000000
20.880079,0.200000,0.000000,0.196369,0.001431,0.003631,-0.001431,1.963151,1.964574,0.004090,0.996788,0.000000
20.880079,0.200000,0.000000,0.196369,0.001431,0.003631,-0.001431,1.963151,1.964574,0.004090,0.996788,0.000000
20.896080,0.200000,0.000000,0.196401,0.001418,0.003599,-0.001418,1.963529,1.964939,0.003873,0.993653,0.000000
20.896080,0.200000,0.000000,0.196401,0.001418,0.003599,-0.001418,1.963529,1.964939,0.003873,0.993653,0.000000
20.912081,0.200000,0.000000,0.196434,0.001404,0.003566,-0.001404,1.963904,1.965300,0.003656,0.990518,0.000000
20.912081,0.200000,0.000000,0.196434,0.001404,0.003566,-0.001404,1.963904,1.965300,0.003656,0.990518,0.000000
20.928082,0.200000,0.000000,0.196467,0.001390,0.003533,-0.001390,1.964275,1.965658,0.003439,0.987382,0.000000
20.928082,0.200000,0.000000,0.196467,0.001390,0.003533,-0.001390,1.964275,1.965658,0.003439,0.987382,0.000000
20.944082,0.200000,0.000000,0.196501,0.001377,0.003499,-0.001377,1.964643,1.966012,0.003222,0.984245,0.000000
20.944082,0.200000,0.000000,0.196501,0.001377,0.003499,-0.001377,1.964643,1.966012,0.003222,0.984245,0.000000
20.960083,0.200000,0.000000,0.196534,0.001364,0.003466,-0.001364,1.965007,1.966363,0.003005,0.981108,0.000000
20.960083,0.200000,0.000000,0.196534,0.001364,0.003466,-0.001364,1.965007,1.966363,0.003005,0.981108,0.000000
20.976084,0.200000,0.000000,0.196569,0.001351,0.003431,-0.001351,1.965368,1.966711,0.002788,0.977970,0.000000
20.976084,0.200000,0.000000,0.196569,0.001351,0.003431,-0.001351,1.965368,1.966711,0.002788,0.977970,0.000000
20.992085,0.200000,0.000000,0.196603,0.001338,0.003397,-0.001338,1.965725,1.967056,0.002571,0.974832,0.000000
20.992085,0.200000,0.000000,0.196603,0.001338,0.003397,-0.001338,1.965725,1.967056,0.002571,0.974832,0.000000
21.008085,0.200000,0.000000,0.196637,0.001325,0.003363,-0.001325,1.966079,1.967397,0.002354,0.971694,0.000000
21.008085,0.200000,0.000000,0.196637,0.001325,0.003363,-0.001325,1.966079,1.967397,0.002354,0.971694,0.000000
21.024086,0.200000,0.000000,0.196670,0.001313,0.003330,-0.001313,1.966430,1.967735,0.002138,0.968554,0.000000
21.024086,0.200000,0.000000,0.196670,0.001313,0.003330,-0.001313,1.966430,1.967735,0.002138,0.968554,0.000000
21.040087,0.200000,0.000000,0.196704,0.001300,0.003296,-0.001300,1.966777,1.968069,0.001921,0.965414,0.000000
21.040087,0.200000,0.000000,0.196704,0.001300,0.003296,-0.001300,1.966777,1.968069,0.001921,0.965414,0.000000
21.056087,0.200000,0.000000,0.196738,0.001287,0.003262,-0.001287,1.967121,1.968401,0.001704,0.962274,0.000000
21.056087,0.200000,0.000000,0.196738,0.001287,0.003262,-0.001287,1.967121,1.968401,0.001704,0.962274,0.000000
21.072088,0.200000,0.000000,0.196771,0.001275,0.003229,-0.001275,1.967461,1.968729,0.001487,0.959133,0.000000
21.072088,0.200000,0.000000,0.196771,0.001275,0.003229,-0.001275,1.967461,1.968729,0.001487,0.959133,0.000000
21.088089,0.200000,0.000000,0.196804,0.001263,0.003196,-0.001263,1.967798,1.969054,0.001271,0.955992,0.000000
21.088089,0.200000,0.000000,0.196804,0.001263,0.003196,-0.001263,1.967798,1.969054,0.001271,0.955992,0.000000
21.104090,0.200000,0.000000,0.196837,0.001251,0.003163,-0.001251,1.968132,1.969376,0.001054,0.952850,0.000000
21.104090,0.200000,0.000000,0.196837,0.001251,0.003163,-0.001251,1.968132,1.969376,0.001054,0.952850,0.000000
21.120090,0.200000,0.000000,0.196870,0.001239,0.003130,-0.001239,1.968463,1.969695,0.000837,0.949707,0.000000
21.120090,0.200000,0.000000,0.196870,0.001239,0.003130,-0.001239,1.968463,1.969695,0.000837,0.949707,0.000000
21.136091,0.200000,0.000000,0.196902,0.001227,0.003098,-0.001227,1.968791,1.970011,0.000621,0.946565,0.000000
21.136091,0.200000,0.000000,0.196902,0.001227,0.003098,-0.001227,1.968791,1.970011,0.000621,0.946565,0.000000
21.152092,0.200000,0.000000,0.196934,0.001215,0.003066,-0.001215,1.969115,1.970324,0.000404,0.943421,0.000000
21.152092,0.200000,0.000000,0.196934,0.001215,0.003066,-0.001215,1.969115,1.970324,0.000404,0.943421,0.000000
21.168093,0.200000,0.000000,0.196966,0.001204,0.003034,-0.001204,1.969437,1.970634,0.000187,0.940277,0.000000
21.168093,0.200000,0.000000,0.196966,0.001204,0.003034,-0.001204,1.969437,1.970634,0.000187,0.940277,0.000000
21.184093,0.200000,0.000000,0.196998,0.001192,0.003002,-0.001192,1.969755,1.970941,-0.000029,0.937132,0.000000
21.184093,0.200000,0.000000,0.196998,0.001192,0.003002,-0.001192,1.969755,1.970941,-0.000029,0.937132,0.000000
21.200094,0.200000,0.000000,0.197029,0.001181,0.002971,-0.001181,1.970071,1.971245,-0.000246,0.933987,0.000000
21.200094,0.200000,0.000000,0.197029,0.001181,0.002971,-0.001181,1.970071,1.971245,-0.000246,0.933987,0.000000
21.216095,0.200000,0.000000,0.197060,0.001170,0.002940,-0.001170,1.970383,1.971546,-0.000462,0.930842,0.000000
21.216095,0.200000,0.000000,0.197060,0.001170,0.002940,-0.001170,1.970383,1.971546,-0.000462,0.930842,0.000000
21.232096,0.200000,0.000000,0.197090,0.001158,0.002910,-0.001158,1.970692,1.971844,-0.000679,0.927696,0.000000
21.232096,0.200000,0.000000,0.197090,0.001158,0.002910,-0.001158,1.970692,1.971844,-0.000679,0.927696,0.000000
21.248096,0.200000,0.000000,0.197121,0.001147,0.002879,-0.001147,1.970999,1.972139,-0.000895,0.924549,0.000000
21.248096,0.200000,0.000000,0.197121,0.001147,0.002879,-0.001147,1.970999,1.972139,-0.000895,0.924549,0.000000
21.264097,0.200000,0.000000,0.197151,0.001136,0.002849,-0.001136,1.971302,1.972432,-0.001111,0.921402,0.000000
21.264097,0.200000,0.000000,0.197151,0.001136,0.002849,-0.001136,1.971302,1.972432,-0.001111,0.921402,0.000000
21.280098,0.200000,0.000000,0.197181,0.001125,0.002819,-0.001125,1.971603,1.972722,-0.001328,0.918255,0.000000
21.280098,0.200000,0.000000,0.197181,0.001125,0.002819,-0.001125,1.971603,1.972722,-0.001328,0.918255,0.000000
21.296099,0.200000,0.000000,0.197210,0.001115,0.002790,-0.001115,1.971900,1.973009,-0.001544,0.915107,0.000000
21.296099,0.200000,0.000000,0.197210,0.001115,0.002790,-0.001115,1.971900,1.973009,-0.001544,0.915107,0.000000
21.312099,0.200000,0.000000,0.197240,0.001104,0.002760,-0.001104,1.972195,1.973293,-0.001761,0.911959,0.000000
21.312099,0.200000,0.000000,0.197240,0.001104,0.002760,-0.001104,1.972195,1.973293,-0.001761,0.911959,0.000000
21.328100,0.200000,0.000000,0.197268,0.001094,0.002732,-0.001094,1.972487,1.973575,-0.001977,0.908810,0.000000
21.328100,0.200000,0.000000,0.197268,0.001094,0.002732,-0.001094,1.972487,1.973575,-0.001977,0.908810,0.000000
21.344101,0.200000,0.000000,0.197297,0.001083,0.002703,-0.001083,1.972776,1.973853,-0.002193,0.905660,0.000000
21.344101,0.200000,0.000000,0.197297,0.001083,0.002703,-0.001083,1.972776,1.973853,-0.002193,0.905660,0.000000
21.360102,0.200000,0.000000,0.197326,0.001073,0.002674,-0.001073,1.973063,1.974129,-0.002410,0.902511,0.000000
21.360102,0.200000,0.000000,0.197326,0.001073,0.002674,-0.001073,1.973063,1.974129,-0.002410,0.902511,0.000000
21.376102,0.200000,0.000000,0.197354,0.001062,0.002646,-0.001062,1.973346,1.974403,-0.002626,0.899360,0.000000
21.376102,0.200000,0.000000,0.197354,0.001062,0.002646,-0.001062,1.973346,1.974403,-0.002626,0.899360,0.000000
21.392103,0.200000,0.000000,0.197382,0.001052,0.002618,-0.001052,1.973627,1.974674,-0.002842,0.896210,0.000000
21.392103,0.200000,0.000000,0.197382,0.001052,0.002618,-0.001052,1.973627,1.974674,-0.002842,0.896210,0.000000
21.408104,0.200000,0.000000,0.197409,0.001042,0.002591,-0.001042,1.973906,1.974942,-0.003058,0.893059,0.000000
21.408104,0.200000,0.000000,0.197409,0.001042,0.002591,-0.001042,1.973906,1.974942,-0.003058,0.893059,0.000000
21.424105,0.200000,0.000000,0.197437,0.001032,0.002563,-0.001032,1.974181,1.975208,-0.003275,0.889907,0.000000
21.424105,0.200000,0.000000,0.197437,0.001032,0.002563,-0.001032,1.974181,1.975208,-0.003275,0.889907,0.000000
21.440105,0.200000,0.000000,0.197464,0.001022,0.002536,-0.001022,1.974454,1.975471,-0.003491,0.886755,0.000000
21.440105,0.200000,0.000000,0.197464,0.001022,0.002536,-0.001022,1.974454,1.975471,-0.003491,0.886755,0.000000
21.456106,0.200000,0.000000,0.197490,0.001013,0.002510,-0.001013,1.974725,1.975732,-0.003707,0.883603,0.000000
21.456106,0.200000,0.000000,0.197490,0.001013,0.002510,-0.001013,1.974725,1.975732,-0.003707,0.883603,0.000000
21.472107,0.200000,0.000000,0.197517,0.001003,0.002483,-0.001003,1.974993,1.975990,-0.003923,0.880450,0.000000
21.472107,0.200000,0.000000,0.197517,0.001003,0.002483,-0.001003,1.974993,1.975990,-0.003923,0.880450,0.000000
21.488108,0.200000,0.000000,0.197543,0.000994,0.002457,-0.000994,1.975258,1.976246,-0.004139,0.877296,0.000000
21.488108,0.200000,0.000000,0.197543,0.000994,0.002457,-0.000994,1.975258,1.976246,-0.004139,0.877296,0.000000
21.504108,0.200000,0.000000,0.197569,0.000984,0.002431,-0.000984,1.975521,1.976499,-0.004355,0.874143,0.000000
21.504108,0.200000,0.000000,0.197569,0.000984,0.002431,-0.000984,1.975521,1.976499,-0.004355,0.874143,0.000000
21.520109,0.200000,0.000000,0.197595,0.000974,0.002405,-0.000974,1.975781,1.976750,-0.004571,0.870989,0.000000
21.520109,0.200000,0.000000,0.197595,0.000974,0.002405,-0.000974,1.975781,1.976750,-0.004571,0.870989,0.000000
21.536110,0.200000,0.000000,0.197621,0.000965,0.002379,-0.000965,1.976039,1.976998,-0.004787,0.867834,0.000000
21.536110,0.200000,0.000000,0.197621,0.000965,0.002379,-0.000965,1.976039,1.976998,-0.004787,0.867834,0.000000
21.552111,0.200000,0.000000,0.197646,0.000956,0.002354,-0.000956,1.976294,1.977244,-0.005003,0.864679,0.000000
21.552111,0.200000,0.000000,0.197646,0.000956,0.002354,-0.000956,1.976294,1.977244,-0.005003,0.864679,0.000000
21.568111,0.200000,0.000000,0.197671,0.000947,0.002329,-0.000947,1.976547,1.977488,-0.005219,0.861524,0.000000
21.568111,0.200000,0.000000,0.197671,0.000947,0.002329,-0.000947,1.976547,1.977488,-0.005219,0.861524,0.000000
21.584112,0.200000,0.000000,0.197696,0.000938,0.002304,-0.000938,1.976797,1.977729,-0.005435,0.858368,0.000000
21.584112,0.200000,0.000000,0.197696,0.000938,0.002304,-0.000938,1.976797,1.977729,-0.005435,0.858368,0.000000
21.600113,0.200000,0.000000,0.197721,0.000929,0.002279,-0.000929,1.977045,1.977969,-0.005651,0.855212,0.000000
21.600113,0.200000,0.000000,0.197721,0.000929,0.002279,-0.000929,1.977045,1.977969,-0.005651,0.855212,0.000000
21.616114,0.200000,0.000000,0.197745,0.000920,0.002255,-0.000920,1.977291,1.978205,-0.005867,0.852055,0.000000
21.616114,0.200000,0.000000,0.197745,0.000920,0.002255,-0.000920,1.977291,1.978205,-0.005867,0.852055,0.000000
21.632114,0.200000,0.000000,0.197769,0.000911,0.002231,-0.000911,1.977534,1.978440,-0.006083,0.848898,0.000000
21.632114,0.200000,0.000000,0.197769,0.000911,0.002231,-0.000911,1.977534,1.978440,-0.006083,0.848898,0.000000
21.648115,0.200000,0.000000,0.197793,0.000902,0.002207,-0.000902,1.977775,1.978672,-0.006299,0.845741,0.000000
21.648115,0.200000,0.000000,0.197793,0.000902,0.002207,-0.000902,1.977775,1.978672,-0.006299,0.845741,0.000000
21.664116,0.200000,0.000000,0.197817,0.000894,0.002183,-0.000894,1.978014,1.978902,-0.006515,0.842583,0.000000
21.664116,0.200000,0.000000,0.197817,0.000894,0.002183,-0.000894,1.978014,1.978902,-0.006515,0.842583,0.000000
21.680117,0.200000,0.000000,0.197840,0.000885,0.002160,-0.000885,1.978250,1.979130,-0.006731,0.839425,0.000000
21.680117,0.200000,0.000000,0.197840,0.000885,0.002160,-0.000885,1.978250,1.979130,-0.006731,0.839425,0.000000
21.696117,0.200000,0.000000,0.197863,0.000877,0.002137,-0.000877,1.978484,1.979356,-0.006947,0.836267,0.000000
21.696117,0.200000,0.000000,0.197863,0.000877,0.002137,-0.000877,1.978484,1.979356,-0.006947,0.836267,0.000000
21.712118,0.200000,0.000000,0.197886,0.000868,0.002114,-0.000868,1.978716,1.979579,-0.007163,0.833108,0.000000
21.712118,0.200000,0.000000,0.197886,0.000868,0.002114,-0.000868,1.978716,1.979579,-0.007163,0.833108,0.000000
21.728119,0.200000,0.000000,0.197909,0.000860,0.002091,-0.000860,1.978946,1.979801,-0.007378,0.829949,0.000000
21.728119,0.200000,0.000000,0.197909,0.000860,0.002091,-0.000860,1.978946,1.979801,-0.007378,0.829949,0.000000
21.744120,0.200000,0.000000,0.197932,0.000852,0.002068,-0.000852,1.979173,1.980020,-0.007594,0.826789,0.000000
21.744120,0.200000,0.000000,0.197932,0.000852,0.002068,-0.000852,1.979173,1.980020,-0.007594,0.826789,0.000000
21.760120,0.200000,0.000000,0.197954,0.000844,0.002046,-0.000844,1.979398,1.980237,-0.007810,0.823629,0.000000
21.760120,0.200000,0.000000,0.197954,0.000844,0.002046,-0.000844,1.979398,1.980237,-0.007810,0.823629,0.000000
21.776121,0.200000,0.000000,0.197976,0.000836,0.002024,-0.000836,1.979621,1.980452,-0.008026,0.820469,0.000000
21.776121,0.200000,0.000000,0.197976,0.000836,0.002024,-0.000836,1.979621,1.980452,-0.008026,0.820469,0.000000
21.792122,0.200000,0.000000,0.197998,0.000827,0.002002,-0.000827,1.979842,1.980665,-0.008242,0.817308,0.000000
21.792122,0.200000,0.000000,0.197998,0.000827,0.002002,-0.000827,1.979842,1.980665,-0.008242,0.817308,0.000000
21.808123,0.200000,0.000000,0.198020,0.000820,0.001980,-0.000820,1.980061,1.980876,-0.008457,0.814147,0.000000
21.808123,0.200000,0.000000,0.198020,0.000820,0.001980,-0.000820,1.980061,1.980876,-0.008457,0.814147,0.000000
21.824123,0.200000,0.000000,0.198041,0.000812,0.001959,-0.000812,1.980278,1.981085,-0.008673,0.810986,0.000000
21.824123,0.200000,0.000000,0.198041,0.000812,0.001959,-0.000812,1.980278,1.981085,-0.008673,0.810986,0.000000
21.840124,0.200000,0.000000,0.198063,0.000804,0.001937,-0.000804,1.980493,1.981292,-0.008889,0.807825,0.000000
21.840124,0.200000,0.000000,0.198063,0.000804,0.001937,-0.000804,1.980493,1.981292,-0.008889,0.807825,0.000000
21.856125,0.200000,0.000000,0.198084,0.000796,0.001916,-0.000796,1.980705,1.981497,-0.009104,0.804663,0.000000
21.856125,0.200000,0.000000,0.198084,0.000796,0.001916,-0.000796,1.980705,1.981497,-0.009104,0.804663,0.000000
21.872126,0.200000,0.000000,0.198105,0.000789,0.001895,-0.000789,1.980916,1.981700,-0.009320,0.801500,0.000000
21.872126,0.200000,0.000000,0.198105,0.000789,0.001895,-0.000789,1.980916,1.981700,-0.009320,0.801500,0.000000
21.888126,0.200000,0.000000,0.198125,0.000781,0.001875,-0.000781,1.981125,1.981902,-0.009536,0.798338,0.000000
21.888126,0.200000,0.000000,0.198125,0.000781,0.001875,-0.000781,1.981125,1.981902,-0.009536,0.798338,0.000000
21.904127,0.200000,0.000000,0.198146,0.000774,0.001854,-0.000774,1.981331,1.982101,-0.009751,0.795175,0.000000
21.904127,0.200000,0.000000,0.198146,0.000774,0.001854,-0.000774,1.981331,1.982101,-0.009751,0.795175,0.000000
21.920128,0.200000,0.000000,0.198166,0.000766,0.001834,-0.000766,1.981536,1.982298,-0.009967,0.792011,0.000000
21.920128,0.200000,0.000000,0.198166,0.000766,0.001834,-0.000766,1.981536,1.982298,-0.009967,0.792011,0.000000
21.936129,0.200000,0.000000,0.198186,0.000759,0.001814,-0.000759,1.981739,1.982494,-0.010182,0.788848,0.000000
21.936129,0.200000,0.000000,0.198186,0.000759,0.001814,-0.000759,1.981739,1.982494,-0.010182,0.788848,0.000000
21.952129,0.200000,0.000000,0.198206,0.000752,0.001794,-0.000752,1.981939,1.982687,-0.010398,0.785684,0.000000
21.952129,0.200000,0.000000,0.198206,0.000752,0.001794,-0.000752,1.981939,1.982687,-0.010398,0.785684,0.000000
21.968130,0.200000,0.000000,0.198226,0.000744,0.001774,-0.000744,1.982138,1.982879,-0.010614,0.782519,0.000000
21.968130,0.200000,0.000000,0.198226,0.000744,0.001774,-0.000744,1.982138,1.982879,-0.010614,0.782519,0.000000
21.984131,0.200000,0.000000,0.198245,0.000737,0.001755,-0.000737,1.982335,1.983069,-0.010829,0.779355,0.000000
21.984131,0.200000,0.000000,0.198245,0.000737,0.001755,-0.000737,1.982335,1.983069,-0.010829,0.779355,0.000000
22.000132,0.200000,0.000000,0.198265,0.000730,0.001735,-0.000730,1.982530,1.983257,-0.011045,0.776190,0.000000
22.000132,0.200000,0.000000,0.198265,0.000730,0.001735,-0.000730,1.982530,1.983257,-0.011045,0.776190,0.000000
22.016132,0.200000,0.000000,0.198284,0.000723,0.001716,-0.000723,1.982723,1.983443,-0.011260,0.773025,0.000000
22.016132,0.200000,0.000000,0.198284,0.000723,0.001716,-0.000723,1.982723,1.983443,-0.011260,0.773025,0.000000
22.032133,0.200000,0.000000,0.198303,0.000716,0.001697,-0.000716,1.982915,1.983627,-0.011476,0.769859,0.000000
22.032133,0.200000,0.000000,0.198303,0.000716,0.001697,-0.000716,1.982915,1.983627,-0.011476,0.769859,0.000000
22.048134,0.200000,0.000000,0.198321,0.000710,0.001679,-0.000710,1.983104,1.983810,-0.011691,0.766693,0.000000
22.048134,0.200000,0.000000,0.198321,0.000710,0.001679,-0.000710,1.983104,1.983810,-0.011691,0.766693,0.000000
22.064135,0.200000,0.000000,0.198340,0.000703,0.001660,-0.000703,1.983292,1.983991,-0.011907,0.763527,0.000000
22.064135,0.200000,0.000000,0.198340,0.000703,0.001660,-0.000703,1.983292,1.983991,-0.011907,0.763527,0.000000
22.080135,0.200000,0.000000,0.198359,0.000696,0.001641,-0.000696,1.983478,1.984170,-0.012122,0.760361,0.000000
22.080135,0.200000,0.000000,0.198359,0.000696,0.001641,-0.000696,1.983478,1.984170,-0.012122,0.760361,0.000000
22.096136,0.200000,0.000000,0.198377,0.000689,0.001623,-0.000689,1.983662,1.984348,-0.012338,0.757194,0.000000
22.096136,0.200000,0.000000,0.198377,0.000689,0.001623,-0.000689,1.983662,1.984348,-0.012338,0.757194,0.000000
22.112137,0.200000,0.000000,0.198395,0.000683,0.001605,-0.000683,1.983844,1.984523,-0.012553,0.754027,0.000000
22.112137,0.200000,0.000000,0.198395,0.000683,0.001605,-0.000683,1.983844,1.984523,-0.012553,0.754027,0.000000
22.128138,0.200000,0.000000,0.198413,0.000676,0.001587,-0.000676,1.984025,1.984698,-0.012768,0.750860,0.000000
22.128138,0.200000,0.000000,0.198413,0.000676,0.001587,-0.000676,1.984025,1.984698,-0.012768,0.750860,0.000000
22.144138,0.200000,0.000000,0.198431,0.000670,0.001569,-0.000670,1.984204,1.984870,-0.012984,0.747692,0.000000
22.144138,0.200000,0.000000,0.198431,0.000670,0.001569,-0.000670,1.984204,1.984870,-0.012984,0.747692,0.000000
22.160139,0.200000,0.000000,0.198448,0.000663,0.001552,-0.000663,1.984381,1.985041,-0.013199,0.744524,0.000000
22.160139,0.200000,0.000000,0.198448,0.000663,0.001552,-0.000663,1.984381,1.985041,-0.013199,0.744524,0.000000
22.176140,0.200000,0.000000,0.198465,0.000657,0.001535,-0.000657,1.984557,1.985210,-0.013414,0.741356,0.000000
22.176140,0.200000,0.000000,0.198465,0.000657,0.001535,-0.000657,1.984557,1.985210,-0.013414,0.741356,0.000000
22.192141,0.200000,0.000000,0.198483,0.000651,0.001517,-0.000651,1.984730,1.985378,-0.013630,0.738188,0.000000
22.192141,0.200000,0.000000,0.198483,0.000651,0.001517,-0.000651,1.984730,1.985378,-0.013630,0.738188,0.000000
22.208141,0.200000,0.000000,0.198500,0.000644,0.001500,-0.000644,1.984903,1.985543,-0.013845,0.735019,0.000000
22.208141,0.200000,0.000000,0.198500,0.000644,0.001500,-0.000644,1.984903,1.985543,-0.013845,0.735019,0.000000
22.224142,0.200000,0.000000,0.198517,0.000639,0.001483,-0.000639,1.985073,1.985708,-0.014060,0.731850,0.000000
22.224142,0.200000,0.000000,0.198517,0.000639,0.001483,-0.000639,1.985073,1.985708,-0.014060,0.731850,0.000000
22.240143,0.200000,0.000000,0.198533,0.000632,0.001467,-0.000632,1.985242,1.985871,-0.014276,0.728681,0.000000
22.240143,0.200000,0.000000,0.198533,0.000632,0.001467,-0.000632,1.985242,1.985871,-0.014276,0.728681,0.000000
22.256144,0.200000,0.000000,0.198550,0.000626,0.001450,-0.000626,1.985409,1.986032,-0.014491,0.725511,0.000000
22.256144,0.200000,0.000000,0.198550,0.000626,0.001450,-0.000626,1.985409,1.986032,-0.014491,0.725511,0.000000
22.272144,0.200000,0.000000,0.198566,0.000620,0.001434,-0.000620,1.985575,1.986192,-0.014706,0.722342,0.000000
22.272144,0.200000,0.000000,0.198566,0.000620,0.001434,-0.000620,1.985575,1.986192,-0.014706,0.722342,0.000000
22.288145,0.200000,0.000000,0.198583,0.000615,0.001417,-0.000615,1.985739,1.986350,-0.014922,0.719172,0.000000
22.288145,0.200000,0.000000,0.198583,0.000615,0.001417,-0.000615,1.985739,1.986350,-0.014922,0.719172,0.000000
22.304146,0.200000,0.000000,0.198599,0.000608,0.001401,-0.000608,1.985901,1.986506,-0.015137,0.716001,0.000000
22.304146,0.200000,0.000000,0.198599,0.000608,0.001401,-0.000608,1.985901,1.986506,-0.015137,0.716001,0.000000
22.320147,0.200000,0.000000,0.198615,0.000603,0.001385,-0.000603,1.986062,1.986662,-0.015352,0.712831,0.000000
22.320147,0.200000,0.000000,0.198615,0.000603,0.001385,-0.000603,1.986062,1.986662,-0.015352,0.712831,0.000000
22.336147,0.200000,0.000000,0.198631,0.000597,0.001369,-0.000597,1.986222,1.986815,-0.015567,0.709660,0.000000
22.336147,0.200000,0.000000,0.198631,0.000597,0.001369,-0.000597,1.986222,1.986815,-0.015567,0.709660,0.000000
22.352148,0.200000,0.000000,0.198646,0.000591,0.001354,-0.000591,1.986380,1.986968,-0.015783,0.706489,0.000000
22.352148,0.200000,0.000000,0.198646,0.000591,0.001354,-0.000591,1.986380,1.986968,-0.015783,0.706489,0.000000
22.368149,0.200000,0.000000,0.198662,0.000586,0.001338,-0.000586,1.986536,1.987118,-0.015998,0.703318,0.000000
22.368149,0.200000,0.000000,0.198662,0.000586,0.001338,-0.000586,1.986536,1.987118,-0.015998,0.703318,0.000000
22.384150,0.200000,0.000000,0.198677,0.000580,0.001323,-0.000580,1.986691,1.987268,-0.016213,0.700146,0.000000
22.384150,0.200000,0.000000,0.198677,0.000580,0.001323,-0.000580,1.986691,1.987268,-0.016213,0.700146,0.000000
22.400150,0.200000,0.000000,0.198692,0.000574,0.001308,-0.000574,1.986844,1.987415,-0.016428,0.696974,0.000000
22.400150,0.200000,0.000000,0.198692,0.000574,0.001308,-0.000574,1.986844,1.987415,-0.016428,0.696974,0.000000
22.416151,0.200000,0.000000,0.198707,0.000569,0.001293,-0.000569,1.986996,1.987562,-0.016643,0.693802,0.000000
22.416151,0.200000,0.000000,0.198707,0.000569,0.001293,-0.000569,1.986996,1.987562,-0.016643,0.693802,0.000000
22.432152,0.200000,0.000000,0.198722,0.000563,0.001278,-0.000563,1.987147,1.987707,-0.016858,0.690630,0.000000
22.432152,0.200000,0.000000,0.198722,0.000563,0.001278,-0.000563,1.987147,1.987707,-0.016858,0.690630,0.000000
22.448153,0.200000,0.000000,0.198737,0.000558,0.001263,-0.000558,1.987296,1.987851,-0.017074,0.687458,0.000000
22.448153,0.200000,0.000000,0.198737,0.000558,0.001263,-0.000558,1.987296,1.987851,-0.017074,0.687458,0.000000
22.464153,0.200000,0.000000,0.198752,0.000553,0.001248,-0.000553,1.987443,1.987993,-0.017289,0.684285,0.000000
22.464153,0.200000,0.000000,0.198752,0.000553,0.001248,-0.000553,1.987443,1.987993,-0.017289,0.684285,0.000000
22.480154,0.200000,0.000000,0.198766,0.000547,0.001234,-0.000547,1.987589,1.988134,-0.017504,0.681112,0.000000
22.480154,0.200000,0.000000,0.198766,0.000547,0.001234,-0.000547,1.987589,1.988134,-0.017504,0.681112,0.000000
22.496155,0.200000,0.000000,0.198781,0.000542,0.001219,-0.000542,1.987734,1.988274,-0.017719,0.677939,0.000000
22.496155,0.200000,0.000000,0.198781,0.000542,0.001219,-0.000542,1.987734,1.988274,-0.017719,0.677939,0.000000
22.512156,0.200000,0.000000,0.198795,0.000537,0.001205,-0.000537,1.987878,1.988412,-0.017934,0.674765,0.000000
22.512156,0.200000,0.000000,0.198795,0.000537,0.001205,-0.000537,1.987878,1.988412,-0.017934,0.674765,0.000000
22.528156,0.200000,0.000000,0.198809,0.000532,0.001191,-0.000532,1.988020,1.988549,-0.018149,0.671592,0.000000
22.528156,0.200000,0.000000,0.198809,0.000532,0.001191,-0.000532,1.988020,1.988549,-0.018149,0.671592,0.000000
22.544157,0.200000,0.000000,0.198823,0.000527,0.001177,-0.000527,1.988160,1.988684,-0.018364,0.668418,0.000000
22.544157,0.200000,0.000000,0.198823,0.000527,0.001177,-0.000527,1.988160,1.988684,-0.018364,0.668418,0.000000
22.560158,0.200000,0.000000,0.198837,0.000522,0.001163,-0.000522,1.988300,1.988819,-0.018579,0.665244,0.000000
22.560158,0.200000,0.000000,0.198837,0.000522,0.001163,-0.000522,1.988300,1.988819,-0.018579,0.665244,0.000000
22.576159,0.200000,0.000000,0.198850,0.000517,0.001150,-0.000517,1.988438,1.988952,-0.018794,0.662069,0.000000
22.576159,0.200000,0.000000,0.198850,0.000517,0.001150,-0.000517,1.988438,1.988952,-0.018794,0.662069,0.000000
22.592159,0.200000,0.000000,0.198864,0.000512,0.001136,-0.000512,1.988575,1.989084,-0.019009,0.658895,0.000000
22.592159,0.200000,0.000000,0.198864,0.000512,0.001136,-0.000512,1.988575,1.989084,-0.019009,0.658895,0.000000
22.608160,0.200000,0.000000,0.198877,0.000507,0.001123,-0.000507,1.988710,1.989214,-0.019224,0.655720,0.000000
22.608160,0.200000,0.000000,0.198877,0.000507,0.001123,-0.000507,1.988710,1.989214,-0.019224,0.655720,0.000000
22.624161,0.200000,0.000000,0.198891,0.000502,0.001109,-0.000502,1.988844,1.989343,-0.019439,0.652545,0.000000
22.624161,0.200000,0.000000,0.198891,0.000502,0.001109,-0.000502,1.988844,1.989343,-0.019439,0.652545,0.000000
22.640162,0.200000,0.000000,0.198904,0.000497,0.001096,-0.000497,1.988977,1.989471,-0.019654,0.649370,0.000000
22.640162,0.200000,0.000000,0.198904,0.000497,0.001096,-0.000497,1.988977,1.989471,-0.019654,0.649370,0.000000
22.656162,0.200000,0.000000,0.198917,0.000493,0.001083,-0.000493,1.989108,1.989598,-0.019869,0.646194,0.000000
22.656162,0.200000,0.000000,0.198917,0.000493,0.001083,-0.000493,1.989108,1.989598,-0.019869,0.646194,0.000000
22.672163,0.200000,0.000000,0.198930,0.000488,0.001070,-0.000488,1.989239,1.989724,-0.020084,0.643019,0.000000
22.672163,0.200000,0.000000,0.198930,0.000488,0.001070,-0.000488,1.989239,1.989724,-0.020084,0.643019,0.000000
22.688164,0.200000,0.000000,0.198943,0.000483,0.001057,-0.000483,1.989368,1.989848,-0.020299,0.639843,0.000000
22.688164,0.200000,0.000000,0.198943,0.000483,0.001057,-0.000483,1.989368,1.989848,-0.020299,0.639843,0.000000
22.704165,0.200000,0.000000,0.198955,0.000479,0.001045,-0.000479,1.989496,1.989972,-0.020514,0.636667,0.000000
22.704165,0.200000,0.000000,0.198955,0.000479,0.001045,-0.000479,1.989496,1.989972,-0.020514,0.636667,0.000000
22.720165,0.200000,0.000000,0.198968,0.000474,0.001032,-0.000474,1.989622,1.990093,-0.020729,0.633491,0.000000
22.720165,0.200000,0.000000,0.198968,0.000474,0.001032,-0.000474,1.989622,1.990093,-0.020729,0.633491,0.000000
22.736166,0.200000,0.000000,0.198980,0.000469,0.001020,-0.000469,1.989748,1.990214,-0.020944,0.630314,0.000000
22.736166,0.200000,0.000000,0.198980,0.000469,0.001020,-0.000469,1.989748,1.990214,-0.020944,0.630314,0.000000
22.752167,0.200000,0.000000,0.198992,0.000465,0.001008,-0.000465,1.989872,1.990334,-0.021159,0.627138,0.000000
22.752167,0.200000,0.000000,0.198992,0.000465,0.001008,-0.000465,1.989872,1.990334,-0.021159,0.627138,0.000000
22.768167,0.200000,0.000000,0.199005,0.000460,0.000995,-0.000460,1.989995,1.990453,-0.021374,0.623961,0.000000
22.768167,0.200000,0.000000,0.199005,0.000460,0.000995,-0.000460,1.989995,1.990453,-0.021374,0.623961,0.000000
22.784168,0.200000,0.000000,0.199017,0.000456,0.000983,-0.000456,1.990116,1.990570,-0.021589,0.620784,0.000000
22.784168,0.200000,0.000000,0.199017,0.000456,0.000983,-0.000456,1.990116,1.990570,-0.021589,0.620784,0.000000
22.800169,0.200000,0.000000,0.199029,0.000452,0.000971,-0.000452,1.990237,1.990686,-0.021804,0.617607,0.000000
22.800169,0.200000,0.000000,0.199029,0.000452,0.000971,-0.000452,1.990237,1.990686,-0.021804,0.617607,0.000000
22.816170,0.200000,0.000000,0.199041,0.000447,0.000959,-0.000447,1.990357,1.990802,-0.022018,0.614429,0.000000
22.816170,0.200000,0.000000,0.199041,0.000447,0.000959,-0.000447,1.990357,1.990802,-0.022018,0.614429,0.000000
22.832170,0.200000,0.000000,0.199052,0.000443,0.000948,-0.000443,1.990475,1.990916,-0.022233,0.611252,0.000000
22.832170,0.200000,0.000000,0.199052,0.000443,0.000948,-0.000443,1.990475,1.990916,-0.022233,0.611252,0.000000
22.848171,0.200000,0.000000,0.199064,0.000439,0.000936,-0.000439,1.990592,1.991029,-0.022448,0.608074,0.000000
22.848171,0.200000,0.000000,0.199064,0.000439,0.000936,-0.000439,1.990592,1.991029,-0.022448,0.608074,0.000000
22.864172,0.200000,0.000000,0.199075,0.000435,0.000925,-0.000435,1.990708,1.991141,-0.022663,0.604896,0.000000
22.864172,0.200000,0.000000,0.199075,0.000435,0.000925,-0.000435,1.990708,1.991141,-0.022663,0.604896,0.000000
22.880173,0.200000,0.000000,0.199087,0.000430,0.000913,-0.000430,1.990823,1.991251,-0.022878,0.601718,0.000000
22.880173,0.200000,0.000000,0.199087,0.000430,0.000913,-0.000430,1.990823,1.991251,-0.022878,0.601718,0.000000
22.896173,0.200000,0.000000,0.199098,0.000426,0.000902,-0.000426,1.990937,1.991361,-0.023093,0.598539,0.000000
22.896173,0.200000,0.000000,0.199098,0.000426,0.000902,-0.000426,1.990937,1.991361,-0.023093,0.598539,0.000000
22.912174,0.200000,0.000000,0.199109,0.000422,0.000891,-0.000422,1.991050,1.991470,-0.023307,0.595361,0.000000
22.912174,0.200000,0.000000,0.199109,0.000422,0.000891,-0.000422,1.991050,1.991470,-0.023307,0.595361,0.000000
22.928175,0.200000,0.000000,0.199120,0.000418,0.000880,-0.000418,1.991162,1.991578,-0.023522,0.592182,0.000000
22.928175,0.200000,0.000000,0.199120,0.000418,0.000880,-0.000418,1.991162,1.991578,-0.023522,0.592182,0.000000
22.944176,0.200000,0.000000,0.199131,0.000414,0.000869,-0.000414,1.991272,1.991684,-0.023737,0.589003,0.000000
22.944176,0.200000,0.000000,0.199131,0.000414,0.000869,-0.000414,1.991272,1.991684,-0.023737,0.589003,0.000000
22.960176,0.200000,0.000000,0.199142,0.000411,0.000858,-0.000411,1.991382,1.991790,-0.023952,0.585824,0.000000
22.960176,0.200000,0.000000,0.199142,0.000411,0.000858,-0.000411,1.991382,1.991790,-0.023952,0.585824,0.000000
22.976177,0.200000,0.000000,0.199153,0.000407,0.000847,-0.000407,1.991490,1.991895,-0.024167,0.582645,0.000000
22.976177,0.200000,0.000000,0.199153,0.000407,0.000847,-0.000407,1.991490,1.991895,-0.024167,0.582645,0.000000
22.992178,0.200000,0.000000,0.199164,0.000403,0.000836,-0.000403,1.991598,1.991998,-0.024381,0.579466,0.000000
22.992178,0.200000,0.000000,0.199164,0.000403,0.000836,-0.000403,1.991598,1.991998,-0.024381,0.579466,0.000000
23.008179,0.200000,0.000000,0.199174,0.000399,0.000826,-0.000399,1.991704,1.992101,-0.024596,0.576286,0.000000
23.008179,0.200000,0.000000,0.199174,0.000399,0.000826,-0.000399,1.991704,1.992101,-0.024596,0.576286,0.000000
23.024179,0.200000,0.000000,0.199185,0.000395,0.000815,-0.000395,1.991810,1.992203,-0.024811,0.573107,0.000000
23.024179,0.200000,0.000000,0.199185,0.000395,0.000815,-0.000395,1.991810,1.992203,-0.024811,0.573107,0.000000
23.040180,0.200000,0.000000,0.199195,0.000391,0.000805,-0.000391,1.991914,1.992303,-0.025026,0.569927,0.000000
23.040180,0.200000,0.000000,0.199195,0.000391,0.000805,-0.000391,1.991914,1.992303,-0.025026,0.569927,0.000000
23.056181,0.200000,0.000000,0.199205,0.000387,0.000795,-0.000387,1.992018,1.992403,-0.025240,0.566747,0.000000
23.056181,0.200000,0.000000,0.199205,0.000387,0.000795,-0.000387,1.992018,1.992403,-0.025240,0.566747,0.000000
23.072182,0.200000,0.000000,0.199215,0.000384,0.000785,-0.000384,1.992120,1.992502,-0.025455,0.563566,0.000000
23.072182,0.200000,0.000000,0.199215,0.000384,0.000785,-0.000384,1.992120,1.992502,-0.025455,0.563566,0.000000
23.088182,0.200000,0.000000,0.199226,0.000380,0.000775,-0.000380,1.992222,1.992600,-0.025670,0.560386,0.000000
23.088182,0.200000,0.000000,0.199226,0.000380,0.000775,-0.000380,1.992222,1.992600,-0.025670,0.560386,0.000000
23.104183,0.200000,0.000000,0.199235,0.000377,0.000765,-0.000377,1.992322,1.992697,-0.025885,0.557206,0.000000
23.104183,0.200000,0.000000,0.199235,0.000377,0.000765,-0.000377,1.992322,1.992697,-0.025885,0.557206,0.000000
23.120184,0.200000,0.000000,0.199245,0.000373,0.000755,-0.000373,1.992422,1.992793,-0.026099,0.554025,0.000000
23.120184,0.200000,0.000000,0.199245,0.000373,0.000755,-0.000373,1.992422,1.992793,-0.026099,0.554025,0.000000
23.136185,0.200000,0.000000,0.199255,0.000369,0.000745,-0.000369,1.992521,1.992888,-0.026314,0.550844,0.000000
23.136185,0.200000,0.000000,0.199255,0.000369,0.000745,-0.000369,1.992521,1.992888,-0.026314,0.550844,0.000000
23.152185,0.200000,0.000000,0.199265,0.000366,0.000735,-0.000366,1.992618,1.992982,-0.026529,0.547663,0.000000
23.152185,0.200000,0.000000,0.199265,0.000366,0.000735,-0.000366,1.992618,1.992982,-0.026529,0.547663,0.000000
23.168186,0.200000,0.000000,0.199274,0.000362,0.000726,-0.000362,1.992715,1.993075,-0.026743,0.544482,0.000000
23.168186,0.200000,0.000000,0.199274,0.000362,0.000726,-0.000362,1.992715,1.993075,-0.026743,0.544482,0.000000
23.184187,0.200000,0.000000,0.199284,0.000359,0.000716,-0.000359,1.992811,1.993168,-0.026958,0.541301,0.000000
23.184187,0.200000,0.000000,0.199284,0.000359,0.000716,-0.000359,1.992811,1.993168,-0.026958,0.541301,0.000000
23.200188,0.200000,0.000000,0.199293,0.000356,0.000707,-0.000356,1.992906,1.993259,-0.027173,0.538119,0.000000
23.200188,0.200000,0.000000,0.199293,0.000356,0.000707,-0.000356,1.992906,1.993259,-0.027173,0.538119,0.000000
23.216188,0.200000,0.000000,0.199303,0.000352,0.000697,-0.000352,1.993000,1.993350,-0.027387,0.534938,0.000000
23.216188,0.200000,0.000000,0.199303,0.000352,0.000697,-0.000352,1.993000,1.993350,-0.027387,0.534938,0.000000
23.232189,0.200000,0.000000,0.199312,0.000349,0.000688,-0.000349,1.993093,1.993439,-0.027602,0.531756,0.000000
23.232189,0.200000,0.000000,0.199312,0.000349,0.000688,-0.000349,1.993093,1.993439,-0.027602,0.531756,0.000000
23.248190,0.200000,0.000000,0.199321,0.000345,0.000679,-0.000345,1.993185,1.993528,-0.027817,0.528574,0.000000
23.248190,0.200000,0.000000,0.199321,0.000345,0.000679,-0.000345,1.993185,1.993528,-0.027817,0.528574,0.000000
23.264191,0.200000,0.000000,0.199330,0.000342,0.000670,-0.000342,1.993276,1.993616,-0.028031,0.525392,0.000000
23.264191,0.200000,0.000000,0.199330,0.000342,0.000670,-0.000342,1.993276,1.993616,-0.028031,0.525392,0.000000
23.280191,0.200000,0.000000,0.199339,0.000338,0.000661,-0.000338,1.993367,1.993703,-0.028246,0.522210,0.000000
23.280191,0.200000,0.000000,0.199339,0.000338,0.000661,-0.000338,1.993367,1.993703,-0.028246,0.522210,0.000000
23.296192,0.200000,0.000000,0.199348,0.000335,0.000652,-0.000335,1.993456,1.993790,-0.028461,0.519027,0.000000
23.296192,0.200000,0.000000,0.199348,0.000335,0.000652,-0.000335,1.993456,1.993790,-0.028461,0.519027,0.000000
23.312193,0.200000,0.000000,0.199357,0.000332,0.000643,-0.000332,1.993545,1.993875,-0.028675,0.515845,0.000000
23.312193,0.200000,0.000000,0.199357,0.000332,0.000643,-0.000332,1.993545,1.993875,-0.028675,0.515845,0.000000
23.328194,0.200000,0.000000,0.199365,0.000329,0.000635,-0.000329,1.993633,1.993960,-0.028890,0.512662,0.000000
23.328194,0.200000,0.000000,0.199365,0.000329,0.000635,-0.000329,1.993633,1.993960,-0.028890,0.512662,0.000000
23.344194,0.200000,0.000000,0.199374,0.000326,0.000626,-0.000326,1.993720,1.994044,-0.029104,0.509479,0.000000
23.344194,0.200000,0.000000,0.199374,0.000326,0.000626,-0.000326,1.993720,1.994044,-0.029104,0.509479,0.000000
23.360195,0.200000,0.000000,0.199383,0.000323,0.000617,-0.000323,1.993806,1.994127,-0.029319,0.506297,0.000000
23.360195,0.200000,0.000000,0.199383,0.000323,0.000617,-0.000323,1.993806,1.994127,-0.029319,0.506297,0.000000
23.376196,0.200000,0.000000,0.199391,0.000320,0.000609,-0.000320,1.993891,1.994209,-0.029534,0.503114,0.000000
23.376196,0.200000,0.000000,0.199391,0.000320,0.000609,-0.000320,1.993891,1.994209,-0.029534,0.503114,0.000000
23.392197,0.200000,0.000000,0.199399,0.000317,0.000601,-0.000317,1.993976,1.994291,-0.029748,0.499930,0.000000
23.392197,0.200000,0.000000,0.199399,0.000317,0.000601,-0.000317,1.993976,1.994291,-0.029748,0.499930,0.000000
23.408197,0.200000,0.000000,0.199408,0.000314,0.000592,-0.000314,1.994060,1.994372,-0.029963,0.496747,0.000000
23.408197,0.200000,0.000000,0.199408,0.000314,0.000592,-0.000314,1.994060,1.994372,-0.029963,0.496747,0.000000
23.424198,0.200000,0.000000,0.199416,0.000311,0.000584,-0.000311,1.994143,1.994452,-0.030177,0.493564,0.000000
23.424198,0.200000,0.000000,0.199416,0.000311,0.000584,-0.000311,1.994143,1.994452,-0.030177,0.493564,0.000000
23.440199,0.200000,0.000000,0.199424,0.000308,0.000576,-0.000308,1.994225,1.994531,-0.030392,0.490380,0.000000
23.440199,0.200000,0.000000,0.199424,0.000308,0.000576,-0.000308,1.994225,1.994531,-0.030392,0.490380,0.000000
23.456200,0.200000,0.000000,0.199432,0.000305,0.000568,-0.000305,1.994306,1.994609,-0.030606,0.487196,0.000000
23.456200,0.200000,0.000000,0.199432,0.000305,0.000568,-0.000305,1.994306,1.994609,-0.030606,0.487196,0.000000
23.472200,0.200000,0.000000,0.199440,0.000302,0.000560,-0.000302,1.994387,1.994687,-0.030821,0.484013,0.000000
23.472200,0.200000,0.000000,0.199440,0.000302,0.000560,-0.000302,1.994387,1.994687,-0.030821,0.484013,0.000000
23.488201,0.200000,0.000000,0.199448,0.000299,0.000552,-0.000299,1.994467,1.994764,-0.031035,0.480829,0.000000
23.488201,0.200000,0.000000,0.199448,0.000299,0.000552,-0.000299,1.994467,1.994764,-0.031035,0.480829,0.000000
23.504202,0.200000,0.000000,0.199456,0.000296,0.000544,-0.000296,1.994546,1.994840,-0.031250,0.477645,0.000000
23.504202,0.200000,0.000000,0.199456,0.000296,0.000544,-0.000296,1.994546,1.994840,-0.031250,0.477645,0.000000
23.520203,0.200000,0.000000,0.199464,0.000293,0.000536,-0.000293,1.994624,1.994915,-0.031464,0.474460,0.000000
23.520203,0.200000,0.000000,0.199464,0.000293,0.000536,-0.000293,1.994624,1.994915,-0.031464,0.474460,0.000000
23.536203,0.200000,0.000000,0.199471,0.000290,0.000529,-0.000290,1.994702,1.994990,-0.031679,0.471276,0.000000
23.536203,0.200000,0.000000,0.199471,0.000290,0.000529,-0.000290,1.994702,1.994990,-0.031679,0.471276,0.000000
23.552204,0.200000,0.000000,0.199479,0.000288,0.000521,-0.000288,1.994778,1.995064,-0.031894,0.468092,0.000000
23.552204,0.200000,0.000000,0.199479,0.000288,0.000521,-0.000288,1.994778,1.995064,-0.031894,0.468092,0.000000
23.568205,0.200000,0.000000,0.199487,0.000285,0.000513,-0.000285,1.994854,1.995138,-0.032108,0.464907,0.000000
23.568205,0.200000,0.000000,0.199487,0.000285,0.000513,-0.000285,1.994854,1.995138,-0.032108,0.464907,0.000000
23.584206,0.200000,0.000000,0.199494,0.000282,0.000506,-0.000282,1.994930,1.995210,-0.032322,0.461722,0.000000
23.584206,0.200000,0.000000,0.199494,0.000282,0.000506,-0.000282,1.994930,1.995210,-0.032322,0.461722,0.000000
23.600206,0.200000,0.000000,0.199501,0.000280,0.000499,-0.000280,1.995004,1.995282,-0.032537,0.458537,0.000000
23.600206,0.200000,0.000000,0.199501,0.000280,0.000499,-0.000280,1.995004,1.995282,-0.032537,0.458537,0.000000
23.616207,0.200000,0.000000,0.199509,0.000277,0.000491,-0.000277,1.995078,1.995353,-0.032751,0.455353,0.000000
23.616207,0.200000,0.000000,0.199509,0.000277,0.000491,-0.000277,1.995078,1.995353,-0.032751,0.455353,0.000000
23.632208,0.200000,0.000000,0.199516,0.000274,0.000484,-0.000274,1.995151,1.995424,-0.032966,0.452167,0.000000
23.632208,0.200000,0.000000,0.199516,0.000274,0.000484,-0.000274,1.995151,1.995424,-0.032966,0.452167,0.000000
23.648209,0.200000,0.000000,0.199523,0.000271,0.000477,-0.000271,1.995224,1.995494,-0.033180,0.448982,0.000000
23.648209,0.200000,0.000000,0.199523,0.000271,0.000477,-0.000271,1.995224,1.995494,-0.033180,0.448982,0.000000
23.664209,0.200000,0.000000,0.199530,0.000269,0.000470,-0.000269,1.995296,1.995563,-0.033395,0.445797,0.000000
23.664209,0.200000,0.000000,0.199530,0.000269,0.000470,-0.000269,1.995296,1.995563,-0.033395,0.445797,0.000000
23.680210,0.200000,0.000000,0.199537,0.000266,0.000463,-0.000266,1.995367,1.995632,-0.033609,0.442612,0.000000
23.680210,0.200000,0.000000,0.199537,0.000266,0.000463,-0.000266,1.995367,1.995632,-0.033609,0.442612,0.000000
23.696211,0.200000,0.000000,0.199544,0.000264,0.000456,-0.000264,1.995437,1.995700,-0.033824,0.439426,0.000000
23.696211,0.200000,0.000000,0.199544,0.000264,0.000456,-0.000264,1.995437,1.995700,-0.033824,0.439426,0.000000
23.712212,0.200000,0.000000,0.199551,0.000261,0.000449,-0.000261,1.995507,1.995767,-0.034038,0.436241,0.000000
23.712212,0.200000,0.000000,0.199551,0.000261,0.000449,-0.000261,1.995507,1.995767,-0.034038,0.436241,0.000000
23.728212,0.200000,0.000000,0.199558,0.000259,0.000442,-0.000259,1.995576,1.995834,-0.034253,0.433055,0.000000
23.728212,0.200000,0.000000,0.199558,0.000259,0.000442,-0.000259,1.995576,1.995834,-0.034253,0.433055,0.000000
23.744213,0.200000,0.000000,0.199565,0.000257,0.000435,-0.000257,1.995645,1.995900,-0.034467,0.429869,0.000000
23.744213,0.200000,0.000000,0.199565,0.000257,0.000435,-0.000257,1.995645,1.995900,-0.034467,0.429869,0.000000
23.760214,0.200000,0.000000,0.199572,0.000254,0.000428,-0.000254,1.995713,1.995965,-0.034682,0.426683,0.000000
23.760214,0.200000,0.000000,0.199572,0.000254,0.000428,-0.000254,1.995713,1.995965,-0.034682,0.426683,0.000000
23.776215,0.200000,0.000000,0.199578,0.000251,0.000422,-0.000251,1.995780,1.996030,-0.034896,0.423497,0.000000
23.776215,0.200000,0.000000,0.199578,0.000251,0.000422,-0.000251,1.995780,1.996030,-0.034896,0.423497,0.000000
23.792215,0.200000,0.000000,0.199585,0.000249,0.000415,-0.000249,1.995846,1.996094,-0.035110,0.420311,0.000000
23.792215,0.200000,0.000000,0.199585,0.000249,0.000415,-0.000249,1.995846,1.996094,-0.035110,0.420311,0.000000
23.808216,0.200000,0.000000,0.199591,0.000246,0.000409,-0.000246,1.995912,1.996157,-0.035325,0.417125,0.000000
23.808216,0.200000,0.000000,0.199591,0.000246,0.000409,-0.000246,1.995912,1.996157,-0.035325,0.417125,0.000000
23.824217,0.200000,0.000000,0.199598,0.000244,0.000402,-0.000244,1.995977,1.996220,-0.035539,0.413938,0.000000
23.824217,0.200000,0.000000,0.199598,0.000244,0.000402,-0.000244,1.995977,1.996220,-0.035539,0.413938,0.000000
23.840218,0.200000,0.000000,0.199604,0.000242,0.000396,-0.000242,1.996042,1.996282,-0.035754,0.410752,0.000000
23.840218,0.200000,0.000000,0.199604,0.000242,0.000396,-0.000242,1.996042,1.996282,-0.035754,0.410752,0.000000
23.856218,0.200000,0.000000,0.199611,0.000240,0.000389,-0.000240,1.996106,1.996344,-0.035968,0.407565,0.000000
23.856218,0.200000,0.000000,0.199611,0.000240,0.000389,-0.000240,1.996106,1.996344,-0.035968,0.407565,0.000000
23.872219,0.200000,0.000000,0.199617,0.000237,0.000383,-0.000237,1.996169,1.996405,-0.036182,0.404379,0.000000
23.872219,0.200000,0.000000,0.199617,0.000237,0.000383,-0.000237,1.996169,1.996405,-0.036182,0.404379,0.000000
23.888220,0.200000,0.000000,0.199623,0.000235,0.000377,-0.000235,1.996232,1.996466,-0.036397,0.401192,0.000000
23.888220,0.200000,0.000000,0.199623,0.000235,0.000377,-0.000235,1.996232,1.996466,-0.036397,0.401192,0.000000
23.904221,0.200000,0.000000,0.199629,0.000233,0.000371,-0.000233,1.996294,1.996526,-0.036611,0.398005,0.000000
23.904221,0.200000,0.000000,0.199629,0.000233,0.000371,-0.000233,1.996294,1.996526,-0.036611,0.398005,0.000000
23.920221,0.200000,0.000000,0.199635,0.000231,0.000365,-0.000231,1.996356,1.996585,-0.036826,0.394818,0.000000
23.920221,0.200000,0.000000,0.199635,0.000231,0.000365,-0.000231,1.996356,1.996585,-0.036826,0.394818,0.000000
23.936222,0.200000,0.000000,0.199641,0.000228,0.000359,-0.000228,1.996417,1.996644,-0.037040,0.391631,0.000000
23.936222,0.200000,0.000000,0.199641,0.000228,0.000359,-0.000228,1.996417,1.996644,-0.037040,0.391631,0.000000
23.952223,0.200000,0.000000,0.199647,0.000226,0.000353,-0.000226,1.996477,1.996702,-0.037254,0.388444,0.000000
23.952223,0.200000,0.000000,0.199647,0.000226,0.000353,-0.000226,1.996477,1.996702,-0.037254,0.388444,0.000000
23.968224,0.200000,0.000000,0.199653,0.000224,0.000347,-0.000224,1.996537,1.996760,-0.037469,0.385257,0.000000
23.968224,0.200000,0.000000,0.199653,0.000224,0.000347,-0.000224,1.996537,1.996760,-0.037469,0.385257,0.000000
23.984224,0.200000,0.000000,0.199659,0.000222,0.000341,-0.000222,1.996596,1.996817,-0.037683,0.382069,0.000000
23.984224,0.200000,0.000000,0.199659,0.000222,0.000341,-0.000222,1.996596,1.996817,-0.037683,0.382069,0.000000
24.000225,0.200000,0.000000,0.199665,0.000220,0.000335,-0.000220,1.996655,1.996873,-0.037897,0.378882,0.000000
24.000225,0.200000,0.000000,0.199665,0.000220,0.000335,-0.000220,1.996655,1.996873,-0.037897,0.378882,0.000000
24.016226,0.200000,0.000000,0.199671,0.000218,0.000329,-0.000218,1.996713,1.996930,-0.038112,0.375694,0.000000
24.016226,0.200000,0.000000,0.199671,0.000218,0.000329,-0.000218,1.996713,1.996930,-0.038112,0.375694,0.000000
24.032227,0.200000,0.000000,0.199676,0.000215,0.000324,-0.000215,1.996771,1.996985,-0.038326,0.372507,0.000000
24.032227,0.200000,0.000000,0.199676,0.000215,0.000324,-0.000215,1.996771,1.996985,-0.038326,0.372507,0.000000
24.048227,0.200000,0.000000,0.199682,0.000214,0.000318,-0.000214,1.996828,1.997040,-0.038540,0.369319,0.000000
24.048227,0.200000,0.000000,0.199682,0.000214,0.000318,-0.000214,1.996828,1.997040,-0.038540,0.369319,0.000000
24.064228,0.200000,0.000000,0.199688,0.000211,0.000312,-0.000211,1.996884,1.997095,-0.038755,0.366131,0.000000
24.064228,0.200000,0.000000,0.199688,0.000211,0.000312,-0.000211,1.996884,1.997095,-0.038755,0.366131,0.000000
24.080229,0.200000,0.000000,0.199693,0.000210,0.000307,-0.000210,1.996940,1.997148,-0.038969,0.362943,0.000000
24.080229,0.200000,0.000000,0.199693,0.000210,0.000307,-0.000210,1.996940,1.997148,-0.038969,0.362943,0.000000
24.096230,0.200000,0.000000,0.199699,0.000207,0.000301,-0.000207,1.996995,1.997202,-0.039183,0.359755,0.000000
24.096230,0.200000,0.000000,0.199699,0.000207,0.000301,-0.000207,1.996995,1.997202,-0.039183,0.359755,0.000000
24.112230,0.200000,0.000000,0.199704,0.000205,0.000296,-0.000205,1.997050,1.997255,-0.039398,0.356567,0.000000
24.112230,0.200000,0.000000,0.199704,0.000205,0.000296,-0.000205,1.997050,1.997255,-0.039398,0.356567,0.000000
24.128231,0.200000,0.000000,0.199710,0.000204,0.000290,-0.000204,1.997105,1.997307,-0.039612,0.353379,0.000000
24.128231,0.200000,0.000000,0.199710,0.000204,0.000290,-0.000204,1.997105,1.997307,-0.039612,0.353379,0.000000
24.144232,0.200000,0.000000,0.199715,0.000202,0.000285,-0.000202,1.997159,1.997359,-0.039826,0.350191,0.000000
24.144232,0.200000,0.000000,0.199715,0.000202,0.000285,-0.000202,1.997159,1.997359,-0.039826,0.350191,0.000000
24.160233,0.200000,0.000000,0.199720,0.000200,0.000280,-0.000200,1.997212,1.997410,-0.040041,0.347002,0.000000
24.160233,0.200000,0.000000,0.199720,0.000200,0.000280,-0.000200,1.997212,1.997410,-0.040041,0.347002,0.000000
24.176233,0.200000,0.000000,0.199725,0.000198,0.000275,-0.000198,1.997265,1.997461,-0.040255,0.343814,0.000000
24.176233,0.200000,0.000000,0.199725,0.000198,0.000275,-0.000198,1.997265,1.997461,-0.040255,0.343814,0.000000
24.192234,0.200000,0.000000,0.199731,0.000196,0.000269,-0.000196,1.997317,1.997512,-0.040469,0.340625,0.000000
24.192234,0.200000,0.000000,0.199731,0.000196,0.000269,-0.000196,1.997317,1.997512,-0.040469,0.340625,0.000000
24.208235,0.200000,0.000000,0.199736,0.000194,0.000264,-0.000194,1.997369,1.997562,-0.040683,0.337437,0.000000
24.208235,0.200000,0.000000,0.199736,0.000194,0.000264,-0.000194,1.997369,1.997562,-0.040683,0.337437,0.000000
24.224236,0.200000,0.000000,0.199741,0.000192,0.000259,-0.000192,1.997420,1.997611,-0.040898,0.334248,0.000000
24.224236,0.200000,0.000000,0.199741,0.000192,0.000259,-0.000192,1.997420,1.997611,-0.040898,0.334248,0.000000
24.240236,0.200000,0.000000,0.199746,0.000190,0.000254,-0.000190,1.997471,1.997660,-0.041112,0.331059,0.000000
24.240236,0.200000,0.000000,0.199746,0.000190,0.000254,-0.000190,1.997471,1.997660,-0.041112,0.331059,0.000000
24.256237,0.200000,0.000000,0.199751,0.000188,0.000249,-0.000188,1.997521,1.997709,-0.041326,0.327871,0.000000
24.256237,0.200000,0.000000,0.199751,0.000188,0.000249,-0.000188,1.997521,1.997709,-0.041326,0.327871,0.000000
24.272238,0.200000,0.000000,0.199756,0.000187,0.000244,-0.000187,1.997571,1.997757,-0.041541,0.324682,0.000000
24.272238,0.200000,0.000000,0.199756,0.000187,0.000244,-0.000187,1.997571,1.997757,-0.041541,0.324682,0.000000
24.288239,0.200000,0.000000,0.199761,0.000185,0.000239,-0.000185,1.997620,1.997804,-0.041755,0.321493,0.000000
24.288239,0.200000,0.000000,0.199761,0.000185,0.000239,-0.000185,1.997620,1.997804,-0.041755,0.321493,0.000000
24.304239,0.200000,0.000000,0.199766,0.000183,0.000234,-0.000183,1.997669,1.997851,-0.041969,0.318304,0.000000
24.304239,0.200000,0.000000,0.199766,0.000183,0.000234,-0.000183,1.997669,1.997851,-0.041969,0.318304,0.000000
24.320240,0.200000,0.000000,0.199770,0.000181,0.000230,-0.000181,1.997718,1.997898,-0.042183,0.315115,0.000000
24.320240,0.200000,0.000000,0.199770,0.000181,0.000230,-0.000181,1.997718,1.997898,-0.042183,0.315115,0.000000
24.336241,0.200000,0.000000,0.199775,0.000180,0.000225,-0.000180,1.997766,1.997944,-0.042398,0.311925,0.000000
24.336241,0.200000,0.000000,0.199775,0.000180,0.000225,-0.000180,1.997766,1.997944,-0.042398,0.311925,0.000000
24.352242,0.200000,0.000000,0.199780,0.000178,0.000220,-0.000178,1.997813,1.997990,-0.042612,0.308736,0.000000
24.352242,0.200000,0.000000,0.199780,0.000178,0.000220,-0.000178,1.997813,1.997990,-0.042612,0.308736,0.000000
24.368242,0.200000,0.000000,0.199785,0.000176,0.000215,-0.000176,1.997860,1.998036,-0.042826,0.305547,0.000000
24.368242,0.200000,0.000000,0.199785,0.000176,0.000215,-0.000176,1.997860,1.998036,-0.042826,0.305547,0.000000
24.384243,0.200000,0.000000,0.199789,0.000175,0.000211,-0.000175,1.997907,1.998080,-0.043040,0.302357,0.000000
24.384243,0.200000,0.000000,0.199789,0.000175,0.000211,-0.000175,1.997907,1.998080,-0.043040,0.302357,0.000000
24.400244,0.200000,0.000000,0.199794,0.000173,0.000206,-0.000173,1.997953,1.998125,-0.043255,0.299168,0.000000
24.400244,0.200000,0.000000,0.199794,0.000173,0.000206,-0.000173,1.997953,1.998125,-0.043255,0.299168,0.000000
24.416245,0.200000,0.000000,0.199798,0.000171,0.000202,-0.000171,1.997999,1.998169,-0.043469,0.295978,0.000000
24.416245,0.200000,0.000000,0.199798,0.000171,0.000202,-0.000171,1.997999,1.998169,-0.043469,0.295978,0.000000
24.432245,0.200000,0.000000,0.199803,0.000170,0.000197,-0.000170,1.998044,1.998213,-0.043683,0.292788,0.000000
24.432245,0.200000,0.000000,0.199803,0.000170,0.000197,-0.000170,1.998044,1.998213,-0.043683,0.292788,0.000000
24.448246,0.200000,0.000000,0.199807,0.000168,0.000193,-0.000168,1.998089,1.998256,-0.043897,0.289599,0.000000
24.448246,0.200000,0.000000,0.199807,0.000168,0.000193,-0.000168,1.998089,1.998256,-0.043897,0.289599,0.000000
24.464247,0.200000,0.000000,0.199812,0.000166,0.000188,-0.000166,1.998133,1.998299,-0.044111,0.286409,0.000000
24.464247,0.200000,0.000000,0.199812,0.000166,0.000188,-0.000166,1.998133,1.998299,-0.044111,0.286409,0.000000
24.480247,0.200000,0.000000,0.199816,0.000165,0.000184,-0.000165,1.998177,1.998341,-0.044326,0.283219,0.000000
24.480247,0.200000,0.000000,0.199816,0.000165,0.000184,-0.000165,1.998177,1.998341,-0.044326,0.283219,0.000000
24.496248,0.200000,0.000000,0.199820,0.000163,0.000180,-0.000163,1.998221,1.998383,-0.044540,0.280029,0.000000
24.496248,0.200000,0.000000,0.199820,0.000163,0.000180,-0.000163,1.998221,1.998383,-0.044540,0.280029,0.000000
24.512249,0.200000,0.000000,0.199825,0.000162,0.000175,-0.000162,1.998264,1.998425,-0.044754,0.276839,0.000000
24.512249,0.200000,0.000000,0.199825,0.000162,0.000175,-0.000162,1.998264,1.998425,-0.044754,0.276839,0.000000
24.528250,0.200000,0.000000,0.199829,0.000160,0.000171,-0.000160,1.998307,1.998466,-0.044968,0.273649,0.000000
24.528250,0.200000,0.000000,0.199829,0.000160,0.000171,-0.000160,1.998307,1.998466,-0.044968,0.273649,0.000000
24.544250,0.200000,0.000000,0.199833,0.000159,0.000167,-0.000159,1.998349,1.998507,-0.045183,0.270459,0.000000
24.544250,0.200000,0.000000,0.199833,0.000159,0.000167,-0.000159,1.998349,1.998507,-0.045183,0.270459,0.000000
24.560251,0.200000,0.000000,0.199837,0.000157,0.000163,-0.000157,1.998391,1.998547,-0.045397,0.267269,0.000000
24.560251,0.200000,0.000000,0.199837,0.000157,0.000163,-0.000157,1.998391,1.998547,-0.045397,0.267269,0.000000
24.576252,0.200000,0.000000,0.199841,0.000156,0.000159,-0.000156,1.998433,1.998587,-0.045611,0.264078,0.000000
24.576252,0.200000,0.000000,0.199841,0.000156,0.000159,-0.000156,1.998433,1.998587,-0.045611,0.264078,0.000000
24.592253,0.200000,0.000000,0.199845,0.000154,0.000155,-0.000154,1.998474,1.998627,-0.045825,0.260888,0.000000
24.592253,0.200000,0.000000,0.199845,0.000154,0.000155,-0.000154,1.998474,1.998627,-0.045825,0.260888,0.000000
24.608253,0.200000,0.000000,0.199849,0.000153,0.000151,-0.000153,1.998515,1.998666,-0.046039,0.257698,0.000000
24.608253,0.200000,0.000000,0.199849,0.000153,0.000151,-0.000153,1.998515,1.998666,-0.046039,0.257698,0.000000
24.624254,0.200000,0.000000,0.199853,0.000151,0.000147,-0.000151,1.998555,1.998705,-0.046254,0.254507,0.000000
24.624254,0.200000,0.000000,0.199853,0.000151,0.000147,-0.000151,1.998555,1.998705,-0.046254,0.254507,0.000000
24.640255,0.200000,0.000000,0.199857,0.000150,0.000143,-0.000150,1.998595,1.998744,-0.046468,0.251317,0.000000
24.640255,0.200000,0.000000,0.199857,0.000150,0.000143,-0.000150,1.998595,1.998744,-0.046468,0.251317,0.000000
24.656256,0.200000,0.000000,0.199861,0.000148,0.000139,-0.000148,1.998634,1.998782,-0.046682,0.248126,0.000000
24.656256,0.200000,0.000000,0.199861,0.000148,0.000139,-0.000148,1.998634,1.998782,-0.046682,0.248126,0.000000
24.672256,0.200000,0.000000,0.199865,0.000147,0.000135,-0.000147,1.998674,1.998820,-0.046896,0.244935,0.000000
24.672256,0.200000,0.000000,0.199865,0.000147,0.000135,-0.000147,1.998674,1.998820,-0.046896,0.244935,0.000000
24.688257,0.200000,0.000000,0.199869,0.000145,0.000131,-0.000145,1.998713,1.998857,-0.047110,0.241745,0.000000
24.688257,0.200000,0.000000,0.199869,0.000145,0.000131,-0.000145,1.998713,1.998857,-0.047110,0.241745,0.000000
24.704258,0.200000,0.000000,0.199873,0.000144,0.000127,-0.000144,1.998751,1.998894,-0.047324,0.238554,0.000000
24.704258,0.200000,0.000000,0.199873,0.000144,0.000127,-0.000144,1.998751,1.998894,-0.047324,0.238554,0.000000
24.720259,0.200000,0.000000,0.199877,0.000143,0.000123,-0.000143,1.998789,1.998931,-0.047539,0.235363,0.000000
24.720259,0.200000,0.000000,0.199877,0.000143,0.000123,-0.000143,1.998789,1.998931,-0.047539,0.235363,0.000000
24.736259,0.200000,0.000000,0.199880,0.000141,0.000120,-0.000141,1.998827,1.998967,-0.047753,0.232172,0.000000
24.736259,0.200000,0.000000,0.199880,0.000141,0.000120,-0.000141,1.998827,1.998967,-0.047753,0.232172,0.000000
24.752260,0.200000,0.000000,0.199884,0.000140,0.000116,-0.000140,1.998864,1.999003,-0.047967,0.228981,0.000000
24.752260,0.200000,0.000000,0.199884,0.000140,0.000116,-0.000140,1.998864,1.999003,-0.047967,0.228981,0.000000
24.768261,0.200000,0.000000,0.199888,0.000139,0.000112,-0.000139,1.998901,1.999039,-0.048181,0.225790,0.000000
24.768261,0.200000,0.000000,0.199888,0.000139,0.000112,-0.000139,1.998901,1.999039,-0.048181,0.225790,0.000000
24.784262,0.200000,0.000000,0.199891,0.000138,0.000109,-0.000138,1.998938,1.999074,-0.048395,0.222599,0.000000
24.784262,0.200000,0.000000,0.199891,0.000138,0.000109,-0.000138,1.998938,1.999074,-0.048395,0.222599,0.000000
24.800262,0.200000,0.000000,0.199895,0.000136,0.000105,-0.000136,1.998974,1.999109,-0.048609,0.219408,0.000000
24.800262,0.200000,0.000000,0.199895,0.000136,0.000105,-0.000136,1.998974,1.999109,-0.048609,0.219408,0.000000
24.816263,0.200000,0.000000,0.199899,0.000135,0.000101,-0.000135,1.999010,1.999144,-0.048824,0.216217,0.000000
24.816263,0.200000,0.000000,0.199899,0.000135,0.000101,-0.000135,1.999010,1.999144,-0.048824,0.216217,0.000000
24.832264,0.200000,0.000000,0.199902,0.000134,0.000098,-0.000134,1.999046,1.999178,-0.049038,0.213025,0.000000
24.832264,0.200000,0.000000,0.199902,0.000134,0.000098,-0.000134,1.999046,1.999178,-0.049038,0.213025,0.000000
24.848265,0.200000,0.000000,0.199906,0.000132,0.000094,-0.000132,1.999081,1.999212,-0.049252,0.209834,0.000000
24.848265,0.200000,0.000000,0.199906,0.000132,0.000094,-0.000132,1.999081,1.999212,-0.049252,0.209834,0.000000
24.864265,0.200000,0.000000,0.199909,0.000131,0.000091,-0.000131,1.999116,1.999246,-0.049466,0.206643,0.000000
24.864265,0.200000,0.000000,0.199909,0.000131,0.000091,-0.000131,1.999116,1.999246,-0.049466,0.206643,0.000000
24.880266,0.200000,0.000000,0.199912,0.000129,0.000088,-0.000129,1.999151,1.999279,-0.049680,0.203451,0.000000
24.880266,0.200000,0.000000,0.199912,0.000129,0.000088,-0.000129,1.999151,1.999279,-0.049680,0.203451,0.000000
24.896267,0.200000,0.000000,0.199916,0.000128,0.000084,-0.000128,1.999185,1.999312,-0.049894,0.200260,0.000000
24.896267,0.200000,0.000000,0.199916,0.000128,0.000084,-0.000128,1.999185,1.999312,-0.049894,0.200260,0.000000
24.912268,0.200000,0.000000,0.199919,0.000127,0.000081,-0.000127,1.999219,1.999345,-0.050108,0.197068,0.000000
24.912268,0.200000,0.000000,0.199919,0.000127,0.000081,-0.000127,1.999219,1.999345,-0.050108,0.197068,0.000000
24.928268,0.200000,0.000000,0.199923,0.000126,0.000077,-0.000126,1.999252,1.999378,-0.050322,0.193877,0.000000
24.928268,0.200000,0.000000,0.199923,0.000126,0.000077,-0.000126,1.999252,1.999378,-0.050322,0.193877,0.000000
24.944269,0.200000,0.000000,0.199926,0.000125,0.000074,-0.000125,1.999286,1.999410,-0.050537,0.190685,0.000000
24.944269,0.200000,0.000000,0.199926,0.000125,0.000074,-0.000125,1.999286,1.999410,-0.050537,0.190685,0.000000
24.960270,0.200000,0.000000,0.199929,0.000123,0.000071,-0.000123,1.999319,1.999442,-0.050751,0.187493,0.000000
24.960270,0.200000,0.000000,0.199929,0.000123,0.000071,-0.000123,1.999319,1.999442,-0.050751,0.187493,0.000000
24.976271,0.200000,0.000000,0.199932,0.000122,0.000068,-0.000122,1.999351,1.999473,-0.050965,0.184302,0.000000
24.976271,0.200000,0.000000,0.199932,0.000122,0.000068,-0.000122,1.999351,1.999473,-0.050965,0.184302,0.000000
24.992271,0.200000,0.000000,0.199936,0.000121,0.000064,-0.000121,1.999384,1.999504,-0.051179,0.181110,0.000000
24.992271,0.200000,0.000000,0.199936,0.000121,0.000064,-0.000121,1.999384,1.999504,-0.051179,0.181110,0.000000
25.008272,0.200000,0.000000,0.199939,0.000120,0.000061,-0.000120,1.999416,1.999535,-0.051393,0.177918,0.000000
25.008272,0.200000,0.000000,0.199939,0.000120,0.000061,-0.000120,1.999416,1.999535,-0.051393,0.177918,0.000000
25.024273,0.200000,0.000000,0.199942,0.000119,0.000058,-0.000119,1.999447,1.999566,-0.051607,0.174726,0.000000
25.024273,0.200000,0.000000,0.199942,0.000119,0.000058,-0.000119,1.999447,1.999566,-0.051607,0.174726,0.000000
25.040274,0.200000,0.000000,0.199945,0.000118,0.000055,-0.000118,1.999479,1.999596,-0.051821,0.171534,0.000000
25.040274,0.200000,0.000000,0.199945,0.000118,0.000055,-0.000118,1.999479,1.999596,-0.051821,0.171534,0.000000
25.056274,0.200000,0.000000,0.199948,0.000116,0.000052,-0.000116,1.999510,1.999626,-0.052035,0.168342,0.000000
25.056274,0.200000,0.000000,0.199948,0.000116,0.000052,-0.000116,1.999510,1.999626,-0.052035,0.168342,0.000000
25.072275,0.200000,0.000000,0.199951,0.000115,0.000049,-0.000115,1.999541,1.999656,-0.052249,0.165150,0.000000
25.072275,0.200000,0.000000,0.199951,0.000115,0.000049,-0.000115,1.999541,1.999656,-0.052249,0.165150,0.000000
25.088276,0.200000,0.000000,0.199954,0.000114,0.000046,-0.000114,1.999571,1.999685,-0.052464,0.161958,0.000000
25.088276,0.200000,0.000000,0.199954,0.000114,0.000046,-0.000114,1.999571,1.999685,-0.052464,0.161958,0.000000
25.104277,0.200000,0.000000,0.199957,0.000113,0.000043,-0.000113,1.999602,1.999714,-0.052678,0.158766,0.000000
25.104277,0.200000,0.000000,0.199957,0.000113,0.000043,-0.000113,1.999602,1.999714,-0.052678,0.158766,0.000000
25.120277,0.200000,0.000000,0.199960,0.000112,0.000040,-0.000112,1.999632,1.999743,-0.052892,0.155574,0.000000
25.120277,0.200000,0.000000,0.199960,0.000112,0.000040,-0.000112,1.999632,1.999743,-0.052892,0.155574,0.000000
25.136278,0.200000,0.000000,0.199963,0.000111,0.000037,-0.000111,1.999661,1.999772,-0.053106,0.152381,0.000000
25.136278,0.200000,0.000000,0.199963,0.000111,0.000037,-0.000111,1.999661,1.999772,-0.053106,0.152381,0.000000
25.152279,0.200000,0.000000,0.199966,0.000110,0.000034,-0.000110,1.999691,1.999800,-0.053320,0.149189,0.000000
25.152279,0.200000,0.000000,0.199966,0.000110,0.000034,-0.000110,1.999691,1.999800,-0.053320,0.149189,0.000000
25.168280,0.200000,0.000000,0.199969,0.000109,0.000031,-0.000109,1.999720,1.999828,-0.053534,0.145997,0.000000
25.168280,0.200000,0.000000,0.199969,0.000109,0.000031,-0.000109,1.999720,1.999828,-0.053534,0.145997,0.000000
25.184280,0.200000,0.000000,0.199972,0.000108,0.000028,-0.000108,1.999749,1.999856,-0.053748,0.142804,0.000000
25.184280,0.200000,0.000000,0.199972,0.000108,0.000028,-0.000108,1.999749,1.999856,-0.053748,0.142804,0.000000
25.200281,0.200000,0.000000,0.199975,0.000107,0.000025,-0.000107,1.999777,1.999884,-0.053962,0.139612,0.000000
25.200281,0.200000,0.000000,0.199975,0.000107,0.000025,-0.000107,1.999777,1.999884,-0.053962,0.139612,0.000000
25.216282,0.200000,0.000000,0.199977,0.000106,0.000023,-0.000106,1.999805,1.999911,-0.054176,0.136420,0.000000
25.216282,0.200000,0.000000,0.199977,0.000106,0.000023,-0.000106,1.999805,1.999911,-0.054176,0.136420,0.000000
25.232283,0.200000,0.000000,0.199980,0.000105,0.000020,-0.000105,1.999833,1.999938,-0.054390,0.133227,0.000000
25.232283,0.200000,0.000000,0.199980,0.000105,0.000020,-0.000105,1.999833,1.999938,-0.054390,0.133227,0.000000
25.248283,0.200000,0.000000,0.199983,0.000104,0.000017,-0.000104,1.999861,1.999964,-0.054604,0.130035,0.000000
25.248283,0.200000,0.000000,0.199983,0.000104,0.000017,-0.000104,1.999861,1.999964,-0.054604,0.130035,0.000000
25.264284,0.200000,0.000000,0.199986,0.000103,0.000014,-0.000103,1.999889,1.999991,-0.054819,0.126842,0.000000
25.264284,0.200000,0.000000,0.199986,0.000103,0.000014,-0.000103,1.999889,1.999991,-0.054819,0.126842,0.000000
25.280285,0.200000,0.000000,0.199988,0.000102,0.000012,-0.000102,1.999916,2.000017,-0.055033,0.123649,0.000000
25.280285,0.200000,0.000000,0.199988,0.000102,0.000012,-0.000102,1.999916,2.000017,-0.055033,0.123649,0.000000
25.296286,0.200000,0.000000,0.199991,0.000101,0.000009,-0.000101,1.999943,2.000043,-0.055247,0.120457,0.000000
25.296286,0.200000,0.000000,0.199991,0.000101,0.000009,-0.000101,1.999943,2.000043,-0.055247,0.120457,0.000000
25.312286,0.200000,0.000000,0.199994,0.000100,0.000006,-0.000100,1.999970,2.000069,-0.055461,0.117264,0.000000
25.312286,0.200000,0.000000,0.199994,0.000100,0.000006,-0.000100,1.999970,2.000069,-0.055461,0.117264,0.000000
25.328287,0.200000,0.000000,0.199996,0.000099,0.000004,-0.000099,1.999996,2.000094,-0.055675,0.114071,0.000000
25.328287,0.200000,0.000000,0.199996,0.000099,0.000004,-0.000099,1.999996,2.000094,-0.055675,0.114071,0.000000
25.344288,0.200000,0.000000,0.199999,0.000098,0.000001,-0.000098,2.000022,2.000120,-0.055889,0.110878,0.000000
25.344288,0.200000,0.000000,0.199999,0.000098,0.000001,-0.000098,2.000022,2.000120,-0.055889,0.110878,0.000000
25.360289,0.200000,0.000000,0.200001,0.000097,-0.000001,-0.000097,2.000048,2.000145,-0.056103,0.107685,0.000000
25.360289,0.200000,0.000000,0.200001,0.000097,-0.000001,-0.000097,2.000048,2.000145,-0.056103,0.107685,0.000000
25.376289,0.200000,0.000000,0.200004,0.000096,-0.000004,-0.000096,2.000074,2.000170,-0.056317,0.104493,0.000000
25.376289,0.200000,0.000000,0.200004,0.000096,-0.000004,-0.000096,2.000074,2.000170,-0.056317,0.104493,0.000000
25.392290,0.200000,0.000000,0.200007,0.000095,-0.000007,-0.000095,2.000099,2.000194,-0.056531,0.101300,0.000000
25.392290,0.200000,0.000000,0.200007,0.000095,-0.000007,-0.000095,2.000099,2.000194,-0.056531,0.101300,0.000000
25.408291,0.200000,0.000000,0.200009,0.000094,-0.000009,-0.000094,2.000124,2.000218,-0.056745,0.098107,0.000000
25.408291,0.200000,0.000000,0.200009,0.000094,-0.000009,-0.000094,2.000124,2.000218,-0.056745,0.098107,0.000000
25.424292,0.200000,0.000000,0.200012,0.000094,-0.000012,-0.000094,2.000149,2.000242,-0.056959,0.094914,0.000000
25.424292,0.200000,0.000000,0.200012,0.000094,-0.000012,-0.000094,2.000149,2.000242,-0.056959,0.094914,0.000000
25.440292,0.200000,0.000000,0.200014,0.000093,-0.000014,-0.000093,2.000174,2.000266,-0.057173,0.091721,0.000000
25.440292,0.200000,0.000000,0.200014,0.000093,-0.000014,-0.000093,2.000174,2.000266,-0.057173,0.091721,0.000000
25.456293,0.200000,0.000000,0.200016,0.000092,-0.000016,-0.000092,2.000199,2.000290,-0.057387,0.088527,0.000000
25.456293,0.200000,0.000000,0.200016,0.000092,-0.000016,-0.000092,2.000199,2.000290,-0.057387,0.088527,0.000000
25.472294,0.200000,0.000000,0.200019,0.000091,-0.000019,-0.000091,2.000223,2.000313,-0.057601,0.085334,0.000000
25.472294,0.200000,0.000000,0.200019,0.000091,-0.000019,-0.000091,2.000223,2.000313,-0.057601,0.085334,0.000000
25.488295,0.200000,0.000000,0.200021,0.000090,-0.000021,-0.000090,2.000247,2.000336,-0.057815,0.082141,0.000000
25.488295,0.200000,0.000000,0.200021,0.000090,-0.000021,-0.000090,2.000247,2.000336,-0.057815,0.082141,0.000000
25.504295,0.200000,0.000000,0.200024,0.000089,-0.000024,-0.000089,2.000271,2.000359,-0.058029,0.078948,0.000000
25.504295,0.200000,0.000000,0.200024,0.000089,-0.000024,-0.000089,2.000271,2.000359,-0.058029,0.078948,0.000000
25.520296,0.200000,0.000000,0.200026,0.000088,-0.000026,-0.000088,2.000294,2.000382,-0.058243,0.075755,0.000000
25.520296,0.200000,0.000000,0.200026,0.000088,-0.000026,-0.000088,2.000294,2.000382,-0.058243,0.075755,0.000000
25.536297,0.200000,0.000000,0.200028,0.000087,-0.000028,-0.000087,2.000318,2.000405,-0.058457,0.072561,0.000000
25.536297,0.200000,0.000000,0.200028,0.000087,-0.000028,-0.000087,2.000318,2.000405,-0.058457,0.072561,0.000000
25.552298,0.200000,0.000000,0.200030,0.000087,-0.000030,-0.000087,2.000341,2.000427,-0.058671,0.069368,0.000000
25.552298,0.200000,0.000000,0.200030,0.000087,-0.000030,-0.000087,2.000341,2.000427,-0.058671,0.069368,0.000000
25.568298,0.200000,0.000000,0.200033,0.000086,-0.000033,-0.000086,2.000364,2.000449,-0.058886,0.066175,0.000000
25.568298,0.200000,0.000000,0.200033,0.000086,-0.000033,-0.000086,2.000364,2.000449,-0.058886,0.066175,0.000000
25.584299,0.000000,0.000000,0.200035,0.000085,-0.200035,-0.000085,0.065186,0.065271,-0.059100,0.062981,0.000000
25.584299,0.000000,0.000000,0.200035,0.000085,-0.200035,-0.000085,0.065186,0.065271,-0.059100,0.062981,0.000000
25.600300,0.000000,0.000000,0.045477,0.000084,-0.045477,-0.000084,0.064561,0.064644,-0.059112,0.062254,0.000000
25.600300,0.000000,0.000000,0.045477,0.000084,-0.045477,-0.000084,0.064561,0.064644,-0.059112,0.062254,0.000000
25.616301,0.000000,0.000000,0.006172,0.000084,-0.006172,-0.000084,0.063941,0.064024,-0.059118,0.062155,0.000000
25.616301,0.000000,0.000000,0.006172,0.000084,-0.006172,-0.000084,0.063941,0.064024,-0.059118,0.062155,0.000000
25.632301,0.000000,0.000000,0.005511,0.000083,-0.005511,-0.000083,0.063327,0.063409,-0.059124,0.062067,0.000000
25.632301,0.000000,0.000000,0.005511,0.000083,-0.005511,-0.000083,0.063327,0.063409,-0.059124,0.062067,0.000000
25.648302,0.000000,0.000000,0.005613,0.000082,-0.005613,-0.000082,0.062719,0.062800,-0.059130,0.061978,0.000000
25.648302,0.000000,0.000000,0.005613,0.000082,-0.005613,-0.000082,0.062719,0.062800,-0.059130,0.061978,0.000000
25.664303,0.000000,0.000000,0.005696,0.000081,-0.005696,-0.000081,0.062117,0.062197,-0.059136,0.061887,0.000000
25.664303,0.000000,0.000000,0.005696,0.000081,-0.005696,-0.000081,0.062117,0.062197,-0.059136,0.061887,0.000000
25.680304,0.000000,0.000000,0.005751,0.000080,-0.005751,-0.000080,0.061521,0.061600,-0.059142,0.061795,0.000000
25.680304,0.000000,0.000000,0.005751,0.000080,-0.005751,-0.000080,0.061521,0.061600,-0.059142,0.061795,0.000000
25.696304,0.000000,0.000000,0.005784,0.000080,-0.005784,-0.000080,0.060930,0.061009,-0.059148,0.061703,0.000000
25.696304,0.000000,0.000000,0.005784,0.000080,-0.005784,-0.000080,0.060930,0.061009,-0.059148,0.061703,0.000000
25.712305,0.000000,0.000000,0.005798,0.000079,-0.005798,-0.000079,0.060345,0.060423,-0.059154,0.061610,0.000000
25.712305,0.000000,0.000000,0.005798,0.000079,-0.005798,-0.000079,0.060345,0.060423,-0.059154,0.061610,0.000000
25.728306,0.000000,0.000000,0.005798,0.000078,-0.005798,-0.000078,0.059766,0.059843,-0.059160,0.061517,0.000000
25.728306,0.000000,0.000000,0.005798,0.000078,-0.005798,-0.000078,0.059766,0.059843,-0.059160,0.061517,0.000000
25.744307,0.000000,0.000000,0.005787,0.000077,-0.005787,-0.000077,0.059192,0.059269,-0.059166,0.061425,0.000000
25.744307,0.000000,0.000000,0.005787,0.000077,-0.005787,-0.000077,0.059192,0.059269,-0.059166,0.061425,0.000000
25.760307,0.000000,0.000000,0.005768,0.000077,-0.005768,-0.000077,0.058624,0.058700,-0.059172,0.061333,0.000000
25.760307,0.000000,0.000000,0.005768,0.000077,-0.005768,-0.000077,0.058624,0.058700,-0.059172,0.061333,0.000000
25.776308,0.000000,0.000000,0.005741,0.000076,-0.005741,-0.000076,0.058061,0.058136,-0.059178,0.061241,0.000000
25.776308,0.000000,0.000000,0.005741,0.000076,-0.005741,-0.000076,0.058061,0.058136,-0.059178,0.061241,0.000000
25.792309,0.000000,0.000000,0.005708,0.000075,-0.005708,-0.000075,0.057504,0.057578,-0.059184,0.061150,0.000000
25.792309,0.000000,0.000000,0.005708,0.000075,-0.005708,-0.000075,0.057504,0.057578,-0.059184,0.061150,0.000000
25.808310,0.000000,0.000000,0.005672,0.000074,-0.005672,-0.000074,0.056952,0.057025,-0.059190,0.061060,0.000000
25.808310,0.000000,0.000000,0.005672,0.000074,-0.005672,-0.000074,0.056952,0.057025,-0.059190,0.061060,0.000000
25.824310,0.000000,0.000000,0.005632,0.000074,-0.005632,-0.000074,0.056405,0.056478,-0.059196,0.060970,0.000000
25.824310,0.000000,0.000000,0.005632,0.000074,-0.005632,-0.000074,0.056405,0.056478,-0.059196,0.060970,0.000000
25.840311,0.000000,0.000000,0.005590,0.000073,-0.005590,-0.000073,0.055863,0.055936,-0.059202,0.060880,0.000000
25.840311,0.000000,0.000000,0.005590,0.000073,-0.005590,-0.000073,0.055863,0.055936,-0.059202,0.060880,0.000000
25.856312,0.000000,0.000000,0.005545,0.000072,-0.005545,-0.000072,0.055327,0.055399,-0.059208,0.060792,0.000000
25.856312,0.000000,0.000000,0.005545,0.000072,-0.005545,-0.000072,0.055327,0.055399,-0.059208,0.060792,0.000000
25.872313,0.000000,0.000000,0.005499,0.000072,-0.005499,-0.000072,0.054796,0.054867,-0.059214,0.060704,0.000000
25.872313,0.000000,0.000000,0.005499,0.000072,-0.005499,-0.000072,0.054796,0.054867,-0.059214,0.060704,0.000000
25.888313,0.000000,0.000000,0.005452,0.000071,-0.005452,-0.000071,0.054270,0.054340,-0.059220,0.060617,0.000000
25.888313,0.000000,0.000000,0.005452,0.000071,-0.005452,-0.000071,0.054270,0.054340,-0.059220,0.060617,0.000000
25.904314,0.000000,0.000000,0.005405,0.000070,-0.005405,-0.000070,0.053749,0.053819,-0.059225,0.060531,0.000000
25.904314,0.000000,0.000000,0.005405,0.000070,-0.005405,-0.000070,0.053749,0.053819,-0.059225,0.060531,0.000000
25.920315,0.000000,0.000000,0.005357,0.000070,-0.005357,-0.000070,0.053233,0.053302,-0.059231,0.060445,0.000000
25.920315,0.000000,0.000000,0.005357,0.000070,-0.005357,-0.000070,0.053233,0.053302,-0.059231,0.060445,0.000000
25.936316,0.000000,0.000000,0.005308,0.000069,-0.005308,-0.000069,0.052722,0.052790,-0.059236,0.060361,0.000000
25.936316,0.000000,0.000000,0.005308,0.000069,-0.005308,-0.000069,0.052722,0.052790,-0.059236,0.060361,0.000000
25.952316,0.000000,0.000000,0.005260,0.000068,-0.005260,-0.000068,0.052216,0.052283,-0.059242,0.060277,0.000000
25.952316,0.000000,0.000000,0.005260,0.000068,-0.005260,-0.000068,0.052216,0.052283,-0.059242,0.060277,0.000000
25.968317,0.000000,0.000000,0.005211,0.000068,-0.005211,-0.000068,0.051715,0.051782,-0.059248,0.060193,0.000000
25.968317,0.000000,0.000000,0.005211,0.000068,-0.005211,-0.000068,0.051715,0.051782,-0.059248,0.060193,0.000000
25.984318,0.000000,0.000000,0.005163,0.000067,-0.005163,-0.000067,0.051218,0.051284,-0.059253,0.060111,0.000000
25.984318,0.000000,0.000000,0.005163,0.000067,-0.005163,-0.000067,0.051218,0.051284,-0.059253,0.060111,0.000000
26.000319,0.000000,0.000000,0.005114,0.000066,-0.005114,-0.000066,0.050726,0.050792,-0.059258,0.060029,0.000000
26.000319,0.000000,0.000000,0.005114,0.000066,-0.005114,-0.000066,0.050726,0.050792,-0.059258,0.060029,0.000000
26.016319,0.000000,0.000000,0.005066,0.000066,-0.005066,-0.000066,0.050239,0.050304,-0.059264,0.059948,0.000000
26.016319,0.000000,0.000000,0.005066,0.000066,-0.005066,-0.000066,0.050239,0.050304,-0.059264,0.059948,0.000000
26.032320,0.000000,0.000000,0.005018,0.000065,-0.005018,-0.000065,0.049757,0.049822,-0.059269,0.059868,0.000000
26.032320,0.000000,0.000000,0.005018,0.000065,-0.005018,-0.000065,0.049757,0.049822,-0.059269,0.059868,0.000000
26.048321,0.000000,0.000000,0.004971,0.000064,-0.004971,-0.000064,0.049279,0.049343,-0.059274,0.059789,0.000000
26.048321,0.000000,0.000000,0.004971,0.000064,-0.004971,-0.000064,0.049279,0.049343,-0.059274,0.059789,0.000000
26.064322,0.000000,0.000000,0.004923,0.000064,-0.004923,-0.000064,0.048806,0.048870,-0.059279,0.059710,0.000000
26.064322,0.000000,0.000000,0.004923,0.000064,-0.004923,-0.000064,0.048806,0.048870,-0.059279,0.059710,0.000000
26.080322,0.000000,0.000000,0.004876,0.000063,-0.004876,-0.000063,0.048338,0.048400,-0.059284,0.059632,0.000000
26.080322,0.000000,0.000000,0.004876,0.000063,-0.004876,-0.000063,0.048338,0.048400,-0.059284,0.059632,0.000000
26.096323,0.000000,2.000000,0.004830,0.000063,-0.004830,1.999937,-0.949726,1.045536,-0.059290,0.059555,0.000000
26.096323,0.000000,2.000000,0.004830,0.000063,-0.004830,1.999937,-0.949726,1.045536,-0.059290,0.059555,0.000000
26.112324,0.000000,2.000000,0.004583,1.994391,-0.004583,0.005609,-0.950213,1.045103,-0.059295,0.059482,0.000000
26.112324,0.000000,2.000000,0.004583,1.994391,-0.004583,0.005609,-0.950213,1.045103,-0.059295,0.059482,0.000000
26.128325,0.000000,2.000000,0.004669,1.994306,-0.004669,0.005694,-0.950695,1.044676,-0.059299,0.059408,0.000000
26.128325,0.000000,2.000000,0.004669,1.994306,-0.004669,0.005694,-0.950695,1.044676,-0.059299,0.059408,0.000000
26.144325,0.000000,2.000000,0.001784,1.994455,-0.001784,0.005545,-0.951172,1.044251,-0.059301,0.059379,0.000000
26.144325,0.000000,2.000000,0.001784,1.994455,-0.001784,0.005545,-0.951172,1.044251,-0.059301,0.059379,0.000000
26.160326,0.000000,2.000000,0.001006,1.994560,-0.001006,0.005440,-0.951645,1.043831,-0.059301,0.059363,0.000000
26.160326,0.000000,2.000000,0.001006,1.994560,-0.001006,0.005440,-0.951645,1.043831,-0.059301,0.059363,0.000000
26.176327,0.000000,2.000000,0.003747,1.994633,-0.003747,0.005367,-0.952112,1.043415,-0.059300,0.059303,0.000000
26.176327,0.000000,2.000000,0.003747,1.994633,-0.003747,0.005367,-0.952112,1.043415,-0.059300,0.059303,0.000000
26.192327,0.000000,2.000000,0.004563,1.994710,-0.004563,0.005290,-0.952576,1.043002,-0.059295,0.059230,0.000000
26.192327,0.000000,2.000000,0.004563,1.994710,-0.004563,0.005290,-0.952576,1.043002,-0.059295,0.059230,0.000000
26.208328,0.000000,2.000000,0.004532,1.994784,-0.004532,0.005216,-0.953034,1.042594,-0.059289,0.059158,0.000000
26.208328,0.000000,2.000000,0.004532,1.994784,-0.004532,0.005216,-0.953034,1.042594,-0.059289,0.059158,0.000000
26.224329,0.000000,2.000000,0.004485,1.994852,-0.004485,0.005148,-0.953488,1.042189,-0.059281,0.059087,0.000000
26.224329,0.000000,2.000000,0.004485,1.994852,-0.004485,0.005148,-0.953488,1.042189,-0.059281,0.059087,0.000000
26.240330,0.000000,2.000000,0.004438,1.994916,-0.004438,0.005084,-0.953938,1.041788,-0.059271,0.059016,0.000000
26.240330,0.000000,2.000000,0.004438,1.994916,-0.004438,0.005084,-0.953938,1.041788,-0.059271,0.059016,0.000000
26.256330,0.000000,2.000000,0.004392,1.994976,-0.004392,0.005024,-0.954384,1.041391,-0.059258,0.058947,0.000000
26.256330,0.000000,2.000000,0.004392,1.994976,-0.004392,0.005024,-0.954384,1.041391,-0.059258,0.058947,0.000000
26.272331,0.000000,2.000000,0.004347,1.995034,-0.004347,0.004966,-0.954825,1.040998,-0.059244,0.058879,0.000000
26.272331,0.000000,2.000000,0.004347,1.995034,-0.004347,0.004966,-0.954825,1.040998,-0.059244,0.058879,0.000000
26.288332,0.000000,2.000000,0.004303,1.995088,-0.004303,0.004912,-0.955261,1.040608,-0.059228,0.058812,0.000000
26.288332,0.000000,2.000000,0.004303,1.995088,-0.004303,0.004912,-0.955261,1.040608,-0.059228,0.058812,0.000000
26.304333,0.000000,2.000000,0.004260,1.995141,-0.004260,0.004859,-0.955694,1.040222,-0.059210,0.058746,0.000000
26.304333,0.000000,2.000000,0.004260,1.995141,-0.004260,0.004859,-0.955694,1.040222,-0.059210,0.058746,0.000000
26.320333,0.000000,2.000000,0.004217,1.995192,-0.004217,0.004808,-0.956122,1.039840,-0.059190,0.058682,0.000000
26.320333,0.000000,2.000000,0.004217,1.995192,-0.004217,0.004808,-0.956122,1.039840,-0.059190,0.058682,0.000000
26.336334,0.000000,2.000000,0.004176,1.995241,-0.004176,0.004759,-0.956546,1.039462,-0.059169,0.058619,0.000000
26.336334,0.000000,2.000000,0.004176,1.995241,-0.004176,0.004759,-0.956546,1.039462,-0.059169,0.058619,0.000000
26.352335,0.000000,2.000000,0.004135,1.995290,-0.004135,0.004710,-0.956967,1.039087,-0.059146,0.058557,0.000000
26.352335,0.000000,2.000000,0.004135,1.995290,-0.004135,0.004710,-0.956967,1.039087,-0.059146,0.058557,0.000000
26.368336,0.000000,2.000000,0.004094,1.995337,-0.004094,0.004663,-0.957383,1.038715,-0.059121,0.058496,0.000000
26.368336,0.000000,2.000000,0.004094,1.995337,-0.004094,0.004663,-0.957383,1.038715,-0.059121,0.058496,0.000000
26.384336,0.000000,2.000000,0.004055,1.995383,-0.004055,0.004617,-0.957795,1.038347,-0.059095,0.058437,0.000000
26.384336,0.000000,2.000000,0.004055,1.995383,-0.004055,0.004617,-0.957795,1.038347,-0.059095,0.058437,0.000000
26.400337,0.000000,2.000000,0.004015,1.995429,-0.004015,0.004571,-0.958203,1.037983,-0.059067,0.058379,0.000000
26.400337,0.000000,2.000000,0.004015,1.995429,-0.004015,0.004571,-0.958203,1.037983,-0.059067,0.058379,0.000000
26.416338,0.000000,2.000000,0.003976,1.995474,-0.003976,0.004526,-0.958607,1.037622,-0.059038,0.058322,0.000000
26.416338,0.000000,2.000000,0.003976,1.995474,-0.003976,0.004526,-0.958607,1.037622,-0.059038,0.058322,0.000000
26.432339,0.000000,2.000000,0.003938,1.995518,-0.003938,0.004482,-0.959008,1.037265,-0.059008,0.058267,0.000000
26.432339,0.000000,2.000000,0.003938,1.995518,-0.003938,0.004482,-0.959008,1.037265,-0.059008,0.058267,0.000000
26.448339,0.000000,2.000000,0.003900,1.995561,-0.003900,0.004439,-0.959404,1.036911,-0.058976,0.058213,0.000000
26.448339,0.000000,2.000000,0.003900,1.995561,-0.003900,0.004439,-0.959404,1.036911,-0.058976,0.058213,0.000000
26.464340,0.000000,2.000000,0.003862,1.995604,-0.003862,0.004396,-0.959797,1.036561,-0.058943,0.058161,0.000000
26.464340,0.000000,2.000000,0.003862,1.995604,-0.003862,0.004396,-0.959797,1.036561,-0.058943,0.058161,0.000000
26.480341,0.000000,2.000000,0.003825,1.995647,-0.003825,0.004353,-0.960186,1.036213,-0.058908,0.058110,0.000000
26.480341,0.000000,2.000000,0.003825,1.995647,-0.003825,0.004353,-0.960186,1.036213,-0.058908,0.058110,0.000000
26.496342,0.000000,2.000000,0.003788,1.995689,-0.003788,0.004311,-0.960571,1.035869,-0.058873,0.058061,0.000000
26.496342,0.000000,2.000000,0.003788,1.995689,-0.003788,0.004311,-0.960571,1.035869,-0.058873,0.058061,0.000000
26.512342,0.000000,2.000000,0.003751,1.995730,-0.003751,0.004270,-0.960953,1.035529,-0.058837,0.058014,0.000000
26.512342,0.000000,2.000000,0.003751,1.995730,-0.003751,0.004270,-0.960953,1.035529,-0.058837,0.058014,0.000000
26.528343,0.000000,2.000000,0.003715,1.995771,-0.003715,0.004229,-0.961331,1.035192,-0.058799,0.057967,0.000000
26.528343,0.000000,2.000000,0.003715,1.995771,-0.003715,0.004229,-0.961331,1.035192,-0.058799,0.057967,0.000000
26.544344,0.000000,2.000000,0.003679,1.995812,-0.003679,0.004188,-0.961705,1.034858,-0.058761,0.057923,0.000000
26.544344,0.000000,2.000000,0.003679,1.995812,-0.003679,0.004188,-0.961705,1.034858,-0.058761,0.057923,0.000000
26.560345,0.000000,2.000000,0.003643,1.995852,-0.003643,0.004148,-0.962076,1.034527,-0.058721,0.057880,0.000000
26.560345,0.000000,2.000000,0.003643,1.995852,-0.003643,0.004148,-0.962076,1.034527,-0.058721,0.057880,0.000000
26.576345,0.000000,2.000000,0.003607,1.995892,-0.003607,0.004108,-0.962443,1.034199,-0.058681,0.057838,0.000000
26.576345,0.000000,2.000000,0.003607,1.995892,-0.003607,0.004108,-0.962443,1.034199,-0.058681,0.057838,0.000000
26.592346,0.000000,2.000000,0.003572,1.995932,-0.003572,0.004068,-0.962806,1.033875,-0.058640,0.057798,0.000000
26.592346,0.000000,2.000000,0.003572,1.995932,-0.003572,0.004068,-0.962806,1.033875,-0.058640,0.057798,0.000000
26.608347,0.000000,2.000000,0.003537,1.995971,-0.003537,0.004029,-0.963166,1.033553,-0.058599,0.057760,0.000000
26.608347,0.000000,2.000000,0.003537,1.995971,-0.003537,0.004029,-0.963166,1.033553,-0.058599,0.057760,0.000000
26.624348,0.000000,2.000000,0.003503,1.996009,-0.003503,0.003991,-0.963523,1.033235,-0.058556,0.057723,0.000000
26.624348,0.000000,2.000000,0.003503,1.996009,-0.003503,0.003991,-0.963523,1.033235,-0.058556,0.057723,0.000000
26.640348,0.000000,2.000000,0.003468,1.996048,-0.003468,0.003952,-0.963876,1.032920,-0.058513,0.057688,0.000000
26.640348,0.000000,2.000000,0.003468,1.996048,-0.003468,0.003952,-0.963876,1.032920,-0.058513,0.057688,0.000000
26.656349,0.000000,2.000000,0.003435,1.996086,-0.003435,0.003914,-0.964226,1.032607,-0.058470,0.057655,0.000000
26.656349,0.000000,2.000000,0.003435,1.996086,-0.003435,0.003914,-0.964226,1.032607,-0.058470,0.057655,0.000000
26.672350,0.000000,2.000000,0.003404,1.996123,-0.003404,0.003877,-0.964573,1.032298,-0.058426,0.057623,0.000000
26.672350,0.000000,2.000000,0.003404,1.996123,-0.003404,0.003877,-0.964573,1.032298,-0.058426,0.057623,0.000000
26.688351,0.000000,2.000000,0.003403,1.996160,-0.003403,0.003840,-0.964916,1.031992,-0.058381,0.057592,0.000000
26.688351,0.000000,2.000000,0.003403,1.996160,-0.003403,0.003840,-0.964916,1.031992,-0.058381,0.057592,0.000000
26.704351,0.000000,2.000000,0.003371,1.996197,-0.003371,0.003803,-0.965256,1.031688,-0.058335,0.057563,0.000000
26.704351,0.000000,2.000000,0.003371,1.996197,-0.003371,0.003803,-0.965256,1.031688,-0.058335,0.057563,0.000000
26.720352,0.000000,2.000000,0.003338,1.996234,-0.003338,0.003766,-0.965592,1.031388,-0.058289,0.057536,0.000000
26.720352,0.000000,2.000000,0.003338,1.996234,-0.003338,0.003766,-0.965592,1.031388,-0.058289,0.057536,0.000000
26.736353,0.000000,2.000000,0.003306,1.996270,-0.003306,0.003730,-0.965926,1.031090,-0.058243,0.057510,0.000000
26.736353,0.000000,2.000000,0.003306,1.996270,-0.003306,0.003730,-0.965926,1.031090,-0.058243,0.057510,0.000000
26.752354,0.000000,2.000000,0.003274,1.996306,-0.003274,0.003694,-0.966256,1.030795,-0.058197,0.057486,0.000000
26.752354,0.000000,2.000000,0.003274,1.996306,-0.003274,0.003694,-0.966256,1.030795,-0.058197,0.057486,0.000000
26.768354,0.000000,2.000000,0.003242,1.996341,-0.003242,0.003659,-0.966583,1.030504,-0.058150,0.057463,0.000000
26.768354,0.000000,2.000000,0.003242,1.996341,-0.003242,0.003659,-0.966583,1.030504,-0.058150,0.057463,0.000000
26.784355,0.000000,2.000000,0.003211,1.996376,-0.003211,0.003624,-0.966907,1.030215,-0.058103,0.057442,0.000000
26.784355,0.000000,2.000000,0.003211,1.996376,-0.003211,0.003624,-0.966907,1.030215,-0.058103,0.057442,0.000000
26.800356,0.000000,2.000000,0.003179,1.996411,-0.003179,0.003589,-0.967228,1.029928,-0.058056,0.057422,0.000000
26.800356,0.000000,2.000000,0.003179,1.996411,-0.003179,0.003589,-0.967228,1.029928,-0.058056,0.057422,0.000000
26.816357,0.000000,2.000000,0.003148,1.996445,-0.003148,0.003555,-0.967545,1.029645,-0.058009,0.057404,0.000000
26.816357,0.000000,2.000000,0.003148,1.996445,-0.003148,0.003555,-0.967545,1.029645,-0.058009,0.057404,0.000000
26.832357,0.000000,2.000000,0.003118,1.996479,-0.003118,0.003521,-0.967860,1.029364,-0.057962,0.057388,0.000000
26.832357,0.000000,2.000000,0.003118,1.996479,-0.003118,0.003521,-0.967860,1.029364,-0.057962,0.057388,0.000000
26.848358,0.000000,2.000000,0.003087,1.996513,-0.003087,0.003487,-0.968172,1.029086,-0.057915,0.057373,0.000000
26.848358,0.000000,2.000000,0.003087,1.996513,-0.003087,0.003487,-0.968172,1.029086,-0.057915,0.057373,0.000000
26.864359,0.000000,2.000000,0.003057,1.996546,-0.003057,0.003454,-0.968480,1.028810,-0.057868,0.057359,0.000000
26.864359,0.000000,2.000000,0.003057,1.996546,-0.003057,0.003454,-0.968480,1.028810,-0.057868,0.057359,0.000000
26.880360,0.000000,2.000000,0.003027,1.996579,-0.003027,0.003421,-0.968786,1.028537,-0.057821,0.057347,0.000000
26.880360,0.000000,2.000000,0.003027,1.996579,-0.003027,0.003421,-0.968786,1.028537,-0.057821,0.057347,0.000000
26.896360,0.000000,2.000000,0.002997,1.996612,-0.002997,0.003388,-0.969089,1.028267,-0.057774,0.057337,0.000000
26.896360,0.000000,2.000000,0.002997,1.996612,-0.002997,0.003388,-0.969089,1.028267,-0.057774,0.057337,0.000000
26.912361,0.000000,2.000000,0.002968,1.996644,-0.002968,0.003356,-0.969389,1.027999,-0.057728,0.057328,0.000000
26.912361,0.000000,2.000000,0.002968,1.996644,-0.002968,0.003356,-0.969389,1.027999,-0.057728,0.057328,0.000000
26.928362,0.000000,2.000000,0.002939,1.996676,-0.002939,0.003324,-0.969686,1.027734,-0.057681,0.057320,0.000000
26.928362,0.000000,2.000000,0.002939,1.996676,-0.002939,0.003324,-0.969686,1.027734,-0.057681,0.057320,0.000000
26.944363,0.000000,0.000000,0.002910,1.996708,-0.002910,-1.996708,0.027620,0.029872,-0.057635,0.057314,0.000000
26.944363,0.000000,0.000000,0.002910,1.996708,-0.002910,-1.996708,0.027620,0.029872,-0.057635,0.057314,0.000000
26.960363,0.000000,0.000000,0.002530,0.002288,-0.002530,-0.002288,0.027355,0.029585,-0.057595,0.057310,0.000000
26.960363,0.000000,0.000000,0.002530,0.002288,-0.002530,-0.002288,0.027355,0.029585,-0.057595,0.057310,0.000000
26.976364,0.000000,0.000000,0.002766,0.002252,-0.002766,-0.002252,0.027093,0.029301,-0.057551,0.057306,0.000000
26.976364,0.000000,0.000000,0.002766,0.002252,-0.002766,-0.002252,0.027093,0.029301,-0.057551,0.057306,0.000000
26.992365,0.000000,0.000000,0.002757,0.002223,-0.002757,-0.002223,0.026833,0.029019,-0.057507,0.057301,0.000000
26.992365,0.000000,0.000000,0.002757,0.002223,-0.002757,-0.002223,0.026833,0.029019,-0.057507,0.057301,0.000000
27.008366,0.000000,0.000000,0.002740,0.002196,-0.002740,-0.002196,0.026575,0.028741,-0.057463,0.057297,0.000000
27.008366,0.000000,0.000000,0.002740,0.002196,-0.002740,-0.002196,0.026575,0.028741,-0.057463,0.057297,0.000000
27.024366,0.000000,0.000000,0.002722,0.002172,-0.002722,-0.002172,0.026320,0.028465,-0.057420,0.057293,0.000000
27.024366,0.000000,0.000000,0.002722,0.002172,-0.002722,-0.002172,0.026320,0.028465,-0.057420,0.057293,0.000000
27.040367,0.000000,0.000000,0.002702,0.002149,-0.002702,-0.002149,0.026068,0.028192,-0.057377,0.057288,0.000000
27.040367,0.000000,0.000000,0.002702,0.002149,-0.002702,-0.002149,0.026068,0.028192,-0.057377,0.057288,0.000000
27.056368,0.000000,0.000000,0.002681,0.002127,-0.002681,-0.002127,0.025817,0.027921,-0.057334,0.057284,0.000000
27.056368,0.000000,0.000000,0.002681,0.002127,-0.002681,-0.002127,0.025817,0.027921,-0.057334,0.057284,0.000000
27.072369,0.000000,0.000000,0.002659,0.002105,-0.002659,-0.002105,0.025570,0.027653,-0.057292,0.057279,0.000000
27.072369,0.000000,0.000000,0.002659,0.002105,-0.002659,-0.002105,0.025570,0.027653,-0.057292,0.057279,0.000000
27.088369,0.000000,0.000000,0.002637,0.002084,-0.002637,-0.002084,0.025324,0.027387,-0.057250,0.057275,0.000000
27.088369,0.000000,0.000000,0.002637,0.002084,-0.002637,-0.002084,0.025324,0.027387,-0.057250,0.057275,0.000000
27.104370,0.000000,0.000000,0.002614,0.002064,-0.002614,-0.002064,0.025081,0.027124,-0.057208,0.057270,0.000000
27.104370,0.000000,0.000000,0.002614,0.002064,-0.002614,-0.002064,0.025081,0.027124,-0.057208,0.057270,0.000000
27.120371,0.000000,0.000000,0.002591,0.002044,-0.002591,-0.002044,0.024840,0.026864,-0.057167,0.057266,0.000000
27.120371,0.000000,0.000000,0.002591,0.002044,-0.002591,-0.002044,0.024840,0.026864,-0.057167,0.057266,0.000000
27.136372,0.000000,0.000000,0.002568,0.002024,-0.002568,-0.002024,0.024602,0.026606,-0.057126,0.057261,0.000000
27.136372,0.000000,0.000000,0.002568,0.002024,-0.002568,-0.002024,0.024602,0.026606,-0.057126,0.057261,0.000000
27.152372,0.000000,0.000000,0.002544,0.002005,-0.002544,-0.002005,0.024366,0.026351,-0.057086,0.057257,0.000000
27.152372,0.000000,0.000000,0.002544,0.002005,-0.002544,-0.002005,0.024366,0.026351,-0.057086,0.057257,0.000000
27.168373,0.000000,0.000000,0.002521,0.001985,-0.002521,-0.001985,0.024132,0.026098,-0.057046,0.057253,0.000000
27.168373,0.000000,0.000000,0.002521,0.001985,-0.002521,-0.001985,0.024132,0.026098,-0.057046,0.057253,0.000000
27.184374,0.000000,0.000000,0.002498,0.001966,-0.002498,-0.001966,0.023900,0.025847,-0.057006,0.057249,0.000000
27.184374,0.000000,0.000000,0.002498,0.001966,-0.002498,-0.001966,0.023900,0.025847,-0.057006,0.057249,0.000000
27.200375,0.000000,0.000000,0.002474,0.001947,-0.002474,-0.001947,0.023671,0.025599,-0.056967,0.057244,0.000000
27.200375,0.000000,0.000000,0.002474,0.001947,-0.002474,-0.001947,0.023671,0.025599,-0.056967,0.057244,0.000000
27.216375,0.000000,0.000000,0.002451,0.001929,-0.002451,-0.001929,0.023443,0.025353,-0.056928,0.057240,0.000000
27.216375,0.000000,0.000000,0.002451,0.001929,-0.002451,-0.001929,0.023443,0.025353,-0.056928,0.057240,0.000000
27.232376,0.000000,0.000000,0.002428,0.001910,-0.002428,-0.001910,0.023218,0.025110,-0.056889,0.057236,0.000000
27.232376,0.000000,0.000000,0.002428,0.001910,-0.002428,-0.001910,0.023218,0.025110,-0.056889,0.057236,0.000000
27.248377,0.000000,0.000000,0.002405,0.001892,-0.002405,-0.001892,0.022995,0.024869,-0.056851,0.057232,0.000000
27.248377,0.000000,0.000000,0.002405,0.001892,-0.002405,-0.001892,0.022995,0.024869,-0.056851,0.057232,0.000000
27.264378,0.000000,0.000000,0.002382,0.001874,-0.002382,-0.001874,0.022775,0.024630,-0.056813,0.057228,0.000000
27.264378,0.000000,0.000000,0.002382,0.001874,-0.002382,-0.001874,0.022775,0.024630,-0.056813,0.057228,0.000000
27.280378,0.000000,0.000000,0.002360,0.001856,-0.002360,-0.001856,0.022556,0.024394,-0.056775,0.057224,0.000000
27.280378,0.000000,0.000000,0.002360,0.001856,-0.002360,-0.001856,0.022556,0.024394,-0.056775,0.057224,0.000000
27.296379,0.000000,0.000000,0.002337,0.001838,-0.002337,-0.001838,0.022339,0.024160,-0.056738,0.057220,0.000000
27.296379,0.000000,0.000000,0.002337,0.001838,-0.002337,-0.001838,0.022339,0.024160,-0.056738,0.057220,0.000000
27.312380,0.000000,0.000000,0.002315,0.001820,-0.002315,-0.001820,0.022125,0.023928,-0.056701,0.057216,0.000000
27.312380,0.000000,0.000000,0.002315,0.001820,-0.002315,-0.001820,0.022125,0.023928,-0.056701,0.057216,0.000000
27.328381,0.000000,0.000000,0.002293,0.001803,-0.002293,-0.001803,0.021913,0.023698,-0.056665,0.057212,0.000000
27.328381,0.000000,0.000000,0.002293,0.001803,-0.002293,-0.001803,0.021913,0.023698,-0.056665,0.057212,0.000000
27.344381,0.000000,0.000000,0.002271,0.001785,-0.002271,-0.001785,0.021702,0.023470,-0.056629,0.057208,0.000000
27.344381,0.000000,0.000000,0.002271,0.001785,-0.002271,-0.001785,0.021702,0.023470,-0.056629,0.057208,0.000000
27.360382,0.000000,0.000000,0.002249,0.001768,-0.002249,-0.001768,0.021494,0.023245,-0.056593,0.057204,0.000000
27.360382,0.000000,0.000000,0.002249,0.001768,-0.002249,-0.001768,0.021494,0.023245,-0.056593,0.057204,0.000000
27.376383,0.000000,0.000000,0.002227,0.001751,-0.002227,-0.001751,0.021288,0.023022,-0.056558,0.057200,0.000000
27.376383,0.000000,0.000000,0.002227,0.001751,-0.002227,-0.001751,0.021288,0.023022,-0.056558,0.057200,0.000000
27.392384,0.000000,0.000000,0.002206,0.001734,-0.002206,-0.001734,0.021083,0.022801,-0.056523,0.057197,0.000000
27.392384,0.000000,0.000000,0.002206,0.001734,-0.002206,-0.001734,0.021083,0.022801,-0.056523,0.057197,0.000000
27.408384,0.000000,0.000000,0.002185,0.001718,-0.002185,-0.001718,0.020881,0.022582,-0.056488,0.057193,0.000000
27.408384,0.000000,0.000000,0.002185,0.001718,-0.002185,-0.001718,0.020881,0.022582,-0.056488,0.057193,0.000000
27.424385,0.000000,0.000000,0.002164,0.001701,-0.002164,-0.001701,0.020680,0.022365,-0.056453,0.057189,0.000000
27.424385,0.000000,0.000000,0.002164,0.001701,-0.002164,-0.001701,0.020680,0.022365,-0.056453,0.057189,0.000000
