t,v_cmd,w_cmd,v_meas,w_meas,e_v,e_w,left_voltage,right_voltage,x_gt,y_gt,yaw_gt
0.016000,0.200000,0.000000,0.003197,0.000000,0.196803,-0.000000,2.077280,2.077280,0.000000,0.000010,0.000000
0.032000,0.200000,0.000000,0.051483,0.000000,0.148517,0.000000,1.885365,1.885365,0.000824,0.000008,0.000000
0.048000,0.200000,0.000000,0.103045,0.000000,0.096955,0.000000,1.908307,1.908307,0.002472,0.000006,0.000000
0.064000,0.200000,0.000000,0.154389,0.000000,0.045611,0.000000,1.909924,1.909924,0.004943,0.000005,0.000000
0.080000,0.200000,0.000000,0.190810,0.000000,0.009190,0.000000,1.912828,1.912828,0.007996,0.000004,0.000000
0.096000,0.200000,0.000000,0.191743,0.000000,0.008257,0.000000,1.915017,1.915017,0.011063,0.000003,0.000000
0.112000,0.200000,0.000000,0.191882,0.000000,0.008118,0.000000,1.916798,1.916798,0.014134,0.000002,0.000000
0.128000,0.200000,0.000000,0.191984,0.000000,0.008016,0.000000,1.918235,1.918235,0.017205,0.000002,0.000000
0.144000,0.200000,0.000000,0.192066,0.000000,0.007934,0.000000,1.919398,1.919398,0.020278,0.000002,0.000000
0.160000,0.200000,0.000000,0.192133,0.000000,0.007867,0.000000,1.920341,1.920341,0.023352,0.000001,0.000000
0.176000,0.200000,0.000000,0.192188,0.000000,0.007812,0.000000,1.921106,1.921106,0.026427,0.000001,0.000000
0.192000,0.200000,0.000000,0.192233,0.000000,0.007767,0.000000,1.921731,1.921731,0.029503,0.000001,0.000000
0.208000,0.200000,0.000000,0.192270,0.000000,0.007730,0.000000,1.922241,1.922241,0.032580,0.000001,0.000000
0.224000,0.200000,0.000000,0.192301,0.000000,0.007699,0.000000,1.922660,1.922660,0.035656,0.000000,0.000000
0.240000,0.200000,0.000000,0.192326,0.000000,0.007674,0.000000,1.923005,1.923005,0.038734,0.000000,0.000000
0.256000,0.200000,0.000000,0.192348,0.000000,0.007652,0.000000,1.923291,1.923291,0.041811,0.000000,0.000000
0.272000,0.200000,0.000000,0.192366,0.000000,0.007634,0.000000,1.923530,1.923530,0.044889,0.000000,0.000000
0.288000,0.200000,0.000000,0.192381,0.000000,0.007619,0.000000,1.923731,1.923731,0.047967,0.000000,0.000000
0.304000,0.200000,0.000000,0.192395,0.000000,0.007605,0.000000,1.923901,1.923901,0.051045,0.000000,0.000000
0.320000,0.200000,0.000000,0.192407,0.000000,0.007593,0.000000,1.924047,1.924047,0.054124,0.000000,0.000000
0.336000,0.200000,0.000000,0.192417,0.000000,0.007583,0.000000,1.924173,1.924173,0.057203,0.000000,0.000000
0.352000,0.200000,0.000000,0.192426,0.000000,0.007574,0.000000,1.924284,1.924284,0.060281,0.000000,0.000000
0.368000,0.200000,0.000000,0.192434,0.000000,0.007566,0.000000,1.924381,1.924381,0.063360,-0.000000,0.000000
0.384000,0.200000,0.000000,0.192442,0.000000,0.007558,0.000000,1.924469,1.924469,0.066439,-0.000000,0.000000
0.400000,0.200000,0.000000,0.192449,0.000000,0.007551,0.000000,1.924548,1.924548,0.069519,-0.000000,0.000000
0.416000,0.200000,0.000000,0.192455,0.000000,0.007545,0.000000,1.924621,1.924621,0.072598,-0.000000,0.000000
0.432000,0.200000,0.000000,0.192461,0.000000,0.007539,0.000000,1.924689,1.924689,0.075677,-0.000000,0.000000
0.448000,0.200000,0.000000,0.192467,0.000000,0.007533,0.000000,1.924752,1.924752,0.078757,-0.000000,0.000000
0.464000,0.200000,0.000000,0.192473,0.000000,0.007527,0.000000,1.924812,1.924812,0.081836,-0.000000,0.000000
0.480000,0.200000,0.000000,0.192478,0.000000,0.007522,0.000000,1.924869,1.924869,0.084916,-0.000000,0.000000
0.496000,0.200000,0.000000,0.192483,0.000000,0.007517,0.000000,1.924924,1.924924,0.087996,-0.000000,0.000000
0.512000,0.200000,0.000000,0.192489,0.000000,0.007511,0.000000,1.924977,1.924977,0.091076,-0.000000,0.000000
0.528000,0.200000,0.000000,0.192494,0.000000,0.007506,0.000000,1.925028,1.925028,0.094155,-0.000000,0.000000
0.544000,0.200000,0.000000,0.192499,0.000000,0.007501,0.000000,1.925079,1.925079,0.097235,-0.000000,0.000000
0.560000,0.200000,0.000000,0.192503,0.000000,0.007497,0.000000,1.925128,1.925128,0.100315,-0.000000,0.000000
0.576000,0.200000,0.000000,0.192508,0.000000,0.007492,0.000000,1.925177,1.925177,0.103396,-0.000000,0.000000
0.592000,0.200000,0.000000,0.192513,0.000000,0.007487,0.000000,1.925225,1.925225,0.106476,-0.000000,0.000000
0.608000,0.200000,0.000000,0.192518,0.000000,0.007482,0.000000,1.925273,1.925273,0.109556,-0.000000,0.000000
0.624000,0.200000,0.000000,0.192522,0.000000,0.007478,0.000000,1.925320,1.925320,0.112636,-0.000000,0.000000
0.640000,0.200000,0.000000,0.192527,0.000000,0.007473,0.000000,1.925367,1.925367,0.115717,-0.000000,0.000000
0.656000,0.200000,0.000000,0.192532,0.000000,0.007468,0.000000,1.925414,1.925414,0.118797,-0.000000,0.000000
0.672000,0.200000,0.000000,0.192536,0.000000,0.007464,0.000000,1.925460,1.925460,0.121878,-0.000000,0.000000
0.688000,0.200000,0.000000,0.192541,0.000000,0.007459,0.000000,1.925506,1.925506,0.124959,-0.000000,0.000000
0.704000,0.200000,0.000000,0.192545,0.000000,0.007455,0.000000,1.925552,1.925552,0.128039,-0.000000,0.000000
0.720000,0.200000,0.000000,0.192550,0.000000,0.007450,0.000000,1.925599,1.925599,0.131120,-0.000000,0.000000
0.736000,0.200000,0.000000,0.192555,0.000000,0.007445,0.000000,1.925644,1.925644,0.134201,-0.000000,0.000000
0.752000,0.200000,0.000000,0.192559,0.000000,0.007441,0.000000,1.925690,1.925690,0.137282,-0.000000,0.000000
0.768000,0.200000,0.000000,0.192564,0.000000,0.007436,0.000000,1.925736,1.925736,0.140363,-0.000000,0.000000
0.784000,0.200000,0.000000,0.192568,0.000000,0.007432,0.000000,1.925781,1.925781,0.143444,-0.000000,0.000000
0.800000,0.200000,0.000000,0.192573,0.000000,0.007427,0.000000,1.925827,1.925827,0.146525,-0.000000,0.000000
0.816000,0.200000,0.000000,0.192577,0.000000,0.007423,0.000000,1.925873,1.925873,0.149606,-0.000000,0.000000
0.831999,0.200000,0.000000,0.192582,0.000000,0.007418,0.000000,1.925918,1.925918,0.152688,-0.000000,0.000000
0.847999,0.200000,0.000000,0.192587,0.000000,0.007413,0.000000,1.925963,1.925963,0.155769,-0.000000,0.000000
0.863999,0.200000,0.000000,0.192591,0.000000,0.007409,0.000000,1.926009,1.926009,0.158851,-0.000000,0.000000
0.879999,0.200000,0.000000,0.192596,0.000000,0.007404,0.000000,1.926054,1.926054,0.161932,-0.000000,0.000000
0.895999,0.200000,0.000000,0.192600,0.000000,0.007400,0.000000,1.926100,1.926100,0.165014,-0.000000,0.000000
0.911999,0.200000,0.000000,0.192605,0.000000,0.007395,0.000000,1.926145,1.926145,0.168095,-0.000000,0.000000
0.927999,0.200000,0.000000,0.192609,0.000000,0.007391,0.000000,1.926190,1.926190,0.171177,-0.000000,0.000000
0.943999,0.200000,0.000000,0.192614,0.000000,0.007386,0.000000,1.926235,1.926235,0.174259,-0.000000,0.000000
0.959999,0.200000,0.000000,0.192618,0.000000,0.007382,0.000000,1.926280,1.926280,0.177341,-0.000000,0.000000
0.975999,0.200000,0.000000,0.192623,0.000000,0.007377,0.000000,1.926326,1.926326,0.180423,-0.000000,0.000000
0.991999,0.200000,0.000000,0.192627,0.000000,0.007373,0.000000,1.926371,1.926371,0.183505,-0.000000,0.000000
1.007999,0.200000,0.000000,0.192632,0.000000,0.007368,0.000000,1.926416,1.926416,0.186587,-0.000000,0.000000
1.023999,0.200000,0.000000,0.192636,0.000000,0.007364,0.000000,1.926461,1.926461,0.189669,-0.000000,0.000000
1.039999,0.200000,0.000000,0.192641,0.000000,0.007359,0.000000,1.926506,1.926506,0.192751,-0.000000,0.000000
1.055999,0.200000,0.000000,0.192645,0.000000,0.007355,0.000000,1.926551,1.926551,0.195834,-0.000000,0.000000
1.071999,0.200000,0.000000,0.192650,0.000000,0.007350,0.000000,1.926596,1.926596,0.198916,-0.000000,0.000000
1.087999,0.200000,0.000000,0.192654,0.000000,0.007346,0.000000,1.926641,1.926641,0.201999,-0.000000,0.000000
1.103999,0.200000,0.000000,0.192659,0.000000,0.007341,0.000000,1.926686,1.926686,0.205081,-0.000000,0.000000
1.119999,0.200000,0.000000,0.192663,0.000000,0.007337,0.000000,1.926731,1.926731,0.208164,-0.000000,0.000000
1.135999,0.200000,0.000000,0.192668,0.000000,0.007332,0.000000,1.926776,1.926776,0.211246,-0.000000,0.000000
1.151999,0.200000,0.000000,0.192672,0.000000,0.007328,0.000000,1.926820,1.926820,0.214329,-0.000000,0.000000
1.168000,0.200000,0.000000,0.192677,0.000000,0.007323,0.000000,1.926865,1.926865,0.217412,-0.000000,0.000000
1.184000,0.200000,0.000000,0.192681,0.000000,0.007319,0.000000,1.926910,1.926910,0.220495,-0.000000,0.000000
1.200000,0.200000,0.000000,0.192686,0.000000,0.007314,0.000000,1.926955,1.926955,0.223578,-0.000000,0.000000
1.216000,0.200000,0.000000,0.192690,0.000000,0.007310,0.000000,1.927000,1.927000,0.226661,-0.000000,0.000000
1.232000,0.200000,0.000000,0.192695,0.000000,0.007305,0.000000,1.927044,1.927044,0.229744,-0.000000,0.000000
1.248000,0.200000,0.000000,0.192699,0.000000,0.007301,0.000000,1.927089,1.927089,0.232827,-0.000000,0.000000
1.264000,0.200000,0.000000,0.192704,0.000000,0.007296,0.000000,1.927134,1.927134,0.235911,-0.000000,0.000000
1.280000,0.200000,0.000000,0.192708,0.000000,0.007292,0.000000,1.927178,1.927178,0.238994,-0.000000,0.000000
1.296000,0.200000,0.000000,0.192713,0.000000,0.007287,0.000000,1.927223,1.927223,0.242077,-0.000000,0.000000
1.312000,0.200000,0.000000,0.192717,0.000000,0.007283,0.000000,1.927267,1.927267,0.245161,-0.000000,0.000000
1.328000,0.200000,0.000000,0.192721,0.000000,0.007279,0.000000,1.927312,1.927312,0.248244,-0.000000,0.000000
1.344000,0.200000,0.000000,0.192726,0.000000,0.007274,0.000000,1.927356,1.927356,0.251328,-0.000000,0.000000
1.360000,0.200000,0.000000,0.192730,0.000000,0.007270,0.000000,1.927401,1.927401,0.254412,-0.000000,0.000000
1.376000,0.200000,0.000000,0.192735,0.000000,0.007265,0.000000,1.927446,1.927446,0.257495,-0.000000,0.000000
1.392000,0.200000,0.000000,0.192739,0.000000,0.007261,0.000000,1.927490,1.927490,0.260579,-0.000000,0.000000
1.408000,0.200000,0.000000,0.192744,0.000000,0.007256,0.000000,1.927534,1.927534,0.263663,-0.000000,0.000000
1.424000,0.200000,0.000000,0.192748,0.000000,0.007252,0.000000,1.927579,1.927579,0.266747,-0.000000,0.000000
1.440000,0.200000,0.000000,0.192753,0.000000,0.007247,0.000000,1.927623,1.927623,0.269831,-0.000000,0.000000
1.456000,0.200000,0.000000,0.192757,0.000000,0.007243,0.000000,1.927667,1.927667,0.272915,-0.000000,0.000000
1.472000,0.200000,0.000000,0.192761,0.000000,0.007239,0.000000,1.927712,1.927712,0.275999,-0.000000,0.000000
1.488000,0.200000,0.000000,0.192766,0.000000,0.007234,0.000000,1.927756,1.927756,0.279084,-0.000000,0.000000
1.504000,0.200000,0.000000,0.192770,0.000000,0.007230,0.000000,1.927800,1.927800,0.282168,-0.000000,0.000000
1.520000,0.200000,0.000000,0.192775,0.000000,0.007225,0.000000,1.927845,1.927845,0.285252,-0.000000,0.000000
1.536000,0.200000,0.000000,0.192779,0.000000,0.007221,0.000000,1.927889,1.927889,0.288337,-0.000000,0.000000
1.552000,0.200000,0.000000,0.192784,0.000000,0.007216,0.000000,1.927933,1.927933,0.291421,-0.000000,0.000000
1.568000,0.200000,0.000000,0.192788,0.000000,0.007212,0.000000,1.927977,1.927977,0.294506,-0.000000,0.000000
1.584000,0.200000,0.000000,0.192792,0.000000,0.007208,0.000000,1.928021,1.928021,0.297591,-0.000000,0.000000
1.600000,0.200000,0.000000,0.192797,0.000000,0.007203,0.000000,1.928065,1.928065,0.300675,-0.000000,0.000000
1.616000,0.200000,0.000000,0.192801,0.000000,0.007199,0.000000,1.928110,1.928110,0.303760,-0.000000,0.000000
1.632000,0.200000,0.000000,0.192806,0.000000,0.007194,0.000000,1.928154,1.928154,0.306845,-0.000000,0.000000
1.648000,0.200000,0.000000,0.192810,0.000000,0.007190,0.000000,1.928198,1.928198,0.309930,-0.000000,0.000000
1.664001,0.200000,0.000000,0.192814,0.000000,0.007186,0.000000,1.928242,1.928242,0.313015,-0.000000,0.000000
1.680001,0.200000,0.000000,0.192819,0.000000,0.007181,0.000000,1.928286,1.928286,0.316100,-0.000000,0.000000
1.696001,0.200000,0.000000,0.192823,0.000000,0.007177,0.000000,1.928330,1.928330,0.319185,-0.000000,0.000000
1.712001,0.200000,0.000000,0.192828,0.000000,0.007172,0.000000,1.928373,1.928373,0.322271,-0.000000,0.000000
1.728001,0.200000,0.000000,0.192832,0.000000,0.007168,0.000000,1.928417,1.928417,0.325356,-0.000000,0.000000
1.744001,0.200000,0.000000,0.192836,0.000000,0.007164,0.000000,1.928461,1.928461,0.328441,-0.000000,0.000000
1.760001,0.200000,0.000000,0.192841,0.000000,0.007159,0.000000,1.928505,1.928505,0.331527,-0.000000,0.000000
1.776001,0.200000,0.000000,0.192845,0.000000,0.007155,0.000000,1.928549,1.928549,0.334612,-0.000000,0.000000
1.792001,0.200000,0.000000,0.192850,0.000000,0.007150,0.000000,1.928593,1.928593,0.337698,-0.000000,0.000000
1.808001,0.200000,0.000000,0.192854,0.000000,0.007146,0.000000,1.928637,1.928637,0.340784,-0.000000,0.000000
1.824001,0.200000,0.000000,0.192858,0.000000,0.007142,0.000000,1.928680,1.928680,0.343869,-0.000000,0.000000
1.840001,0.200000,0.000000,0.192863,0.000000,0.007137,0.000000,1.928724,1.928724,0.346955,-0.000000,0.000000
1.856001,0.200000,0.000000,0.192867,0.000000,0.007133,0.000000,1.928768,1.928768,0.350041,-0.000000,0.000000
1.872001,0.200000,0.000000,0.192871,0.000000,0.007129,0.000000,1.928811,1.928811,0.353127,-0.000000,0.000000
1.888001,0.200000,0.000000,0.192876,0.000000,0.007124,0.000000,1.928855,1.928855,0.356213,-0.000000,0.000000
1.904001,0.200000,0.000000,0.192880,0.000000,0.007120,0.000000,1.928899,1.928899,0.359299,-0.000000,0.000000
1.920001,0.200000,0.000000,0.192885,0.000000,0.007115,0.000000,1.928942,1.928942,0.362385,-0.000000,0.000000
1.936001,0.200000,0.000000,0.192889,0.000000,0.007111,0.000000,1.928986,1.928986,0.365471,-0.000000,0.000000
1.952001,0.200000,0.000000,0.192893,0.000000,0.007107,0.000000,1.929029,1.929029,0.368558,-0.000000,0.000000
1.968001,0.200000,0.000000,0.192898,0.000000,0.007102,0.000000,1.929073,1.929073,0.371644,-0.000000,0.000000
1.984001,0.200000,0.000000,0.192902,0.000000,0.007098,0.000000,1.929116,1.929116,0.374730,-0.000000,0.000000
2.000001,0.200000,0.000000,0.192906,0.000000,0.007094,0.000000,1.929160,1.929160,0.377817,-0.000000,0.000000
2.016001,0.200000,0.000000,0.192911,0.000000,0.007089,0.000000,1.929203,1.929203,0.380903,-0.000000,0.000000
2.032001,0.200000,0.000000,0.192915,0.000000,0.007085,0.000000,1.929247,1.929247,0.383990,-0.000000,0.000000
2.048001,0.200000,0.000000,0.192919,0.000000,0.007081,0.000000,1.929290,1.929290,0.387077,-0.000000,0.000000
2.064001,0.200000,0.000000,0.192924,0.000000,0.007076,0.000000,1.929333,1.929333,0.390164,-0.000000,0.000000
2.080001,0.200000,0.000000,0.192928,0.000000,0.007072,0.000000,1.929377,1.929377,0.393250,-0.000000,0.000000
2.096001,0.200000,0.000000,0.192932,0.000000,0.007068,0.000000,1.929420,1.929420,0.396337,-0.000000,0.000000
2.112001,0.200000,0.000000,0.192937,0.000000,0.007063,0.000000,1.929463,1.929463,0.399424,-0.000000,0.000000
2.128001,0.200000,0.000000,0.192941,0.000000,0.007059,0.000000,1.929507,1.929507,0.402511,-0.000000,0.000000
2.144001,0.200000,0.000000,0.192945,0.000000,0.007055,0.000000,1.929550,1.929550,0.405599,-0.000000,0.000000
2.160002,0.200000,0.000000,0.192950,0.000000,0.007050,0.000000,1.929593,1.929593,0.408686,-0.000000,0.000000
2.176002,0.200000,0.000000,0.192954,0.000000,0.007046,0.000000,1.929636,1.929636,0.411773,-0.000000,0.000000
2.192002,0.200000,0.000000,0.192958,0.000000,0.007042,0.000000,1.929679,1.929679,0.414860,-0.000000,0.000000
2.208002,0.200000,0.000000,0.192963,0.000000,0.007037,0.000000,1.929723,1.929723,0.417948,-0.000000,0.000000
2.224002,0.200000,0.000000,0.192967,0.000000,0.007033,0.000000,1.929766,1.929766,0.421035,-0.000000,0.000000
2.240002,0.200000,0.000000,0.192971,0.000000,0.007029,0.000000,1.929809,1.929809,0.424123,-0.000000,0.000000
2.256002,0.200000,0.000000,0.192976,0.000000,0.007024,0.000000,1.929852,1.929852,0.427210,-0.000000,0.000000
2.272002,0.200000,0.000000,0.192980,0.000000,0.007020,0.000000,1.929895,1.929895,0.430298,-0.000000,0.000000
2.288002,0.200000,0.000000,0.192984,0.000000,0.007016,0.000000,1.929938,1.929938,0.433386,-0.000000,0.000000
2.304002,0.200000,0.000000,0.192988,0.000000,0.007012,0.000000,1.929981,1.929981,0.436474,-0.000000,0.000000
2.320002,0.200000,0.000000,0.192993,0.000000,0.007007,0.000000,1.930024,1.930024,0.439562,-0.000000,0.000000
2.336002,0.200000,0.000000,0.192997,0.000000,0.007003,0.000000,1.930067,1.930067,0.442649,-0.000000,0.000000
2.352002,0.200000,0.000000,0.193001,0.000000,0.006999,0.000000,1.930110,1.930110,0.445737,-0.000000,0.000000
2.368002,0.200000,0.000000,0.193006,0.000000,0.006994,0.000000,1.930153,1.930153,0.448826,-0.000000,0.000000
2.384002,0.200000,0.000000,0.193010,0.000000,0.006990,0.000000,1.930195,1.930195,0.451914,-0.000000,0.000000
2.400002,0.200000,0.000000,0.193014,0.000000,0.006986,0.000000,1.930238,1.930238,0.455002,-0.000000,0.000000
2.416002,0.200000,0.000000,0.193019,0.000000,0.006981,0.000000,1.930281,1.930281,0.458090,-0.000000,0.000000
2.432002,0.200000,0.000000,0.193023,0.000000,0.006977,0.000000,1.930324,1.930324,0.461179,-0.000000,0.000000
2.448002,0.200000,0.000000,0.193027,0.000000,0.006973,0.000000,1.930367,1.930367,0.464267,-0.000000,0.000000
2.464002,0.200000,0.000000,0.193031,0.000000,0.006969,0.000000,1.930409,1.930409,0.467356,-0.000000,0.000000
2.480002,0.200000,0.000000,0.193036,0.000000,0.006964,0.000000,1.930452,1.930452,0.470444,-0.000000,0.000000
2.496002,0.200000,0.000000,0.193040,0.000000,0.006960,0.000000,1.930495,1.930495,0.473533,-0.000000,0.000000
2.512002,0.200000,0.000000,0.193044,0.000000,0.006956,0.000000,1.930537,1.930537,0.476621,-0.000000,0.000000
2.528002,0.200000,0.000000,0.193048,0.000000,0.006952,0.000000,1.930580,1.930580,0.479710,-0.000000,0.000000
2.544002,0.200000,0.000000,0.193053,0.000000,0.006947,0.000000,1.930622,1.930622,0.482799,-0.000000,0.000000
2.560002,0.200000,0.000000,0.193057,0.000000,0.006943,0.000000,1.930665,1.930665,0.485888,-0.000000,0.000000
2.576002,0.200000,0.000000,0.193061,0.000000,0.006939,0.000000,1.930708,1.930708,0.488977,-0.000000,0.000000
2.592002,0.200000,0.000000,0.193065,0.000000,0.006935,0.000000,1.930750,1.930750,0.492066,-0.000000,0.000000
2.608002,0.200000,0.000000,0.193070,0.000000,0.006930,0.000000,1.930793,1.930793,0.495155,-0.000000,0.000000
2.624002,0.200000,0.000000,0.193074,0.000000,0.006926,0.000000,1.930835,1.930835,0.498244,-0.000000,0.000000
2.640002,0.200000,0.000000,0.193078,0.000000,0.006922,0.000000,1.930878,1.930878,0.501334,-0.000000,0.000000
2.656003,0.200000,0.000000,0.193082,0.000000,0.006918,0.000000,1.930920,1.930920,0.504423,-0.000000,0.000000
2.672003,0.200000,0.000000,0.193087,0.000000,0.006913,0.000000,1.930962,1.930962,0.507512,-0.000000,0.000000
2.688003,0.200000,0.000000,0.193091,0.000000,0.006909,0.000000,1.931005,1.931005,0.510602,-0.000000,0.000000
2.704003,0.200000,0.000000,0.193095,0.000000,0.006905,0.000000,1.931047,1.931047,0.513691,-0.000000,0.000000
2.720003,0.200000,0.000000,0.193099,0.000000,0.006901,0.000000,1.931089,1.931089,0.516781,-0.000000,0.000000
2.736003,0.200000,0.000000,0.193104,0.000000,0.006896,0.000000,1.931132,1.931132,0.519871,-0.000000,0.000000
2.752003,0.200000,0.000000,0.193108,0.000000,0.006892,0.000000,1.931174,1.931174,0.522960,-0.000000,0.000000
2.768003,0.200000,0.000000,0.193112,0.000000,0.006888,0.000000,1.931216,1.931216,0.526050,-0.000000,0.000000
2.784003,0.200000,0.000000,0.193116,0.000000,0.006884,0.000000,1.931259,1.931259,0.529140,-0.000000,0.000000
2.800003,0.200000,0.000000,0.193121,0.000000,0.006879,0.000000,1.931301,1.931301,0.532230,-0.000000,0.000000
2.816003,0.200000,0.000000,0.193125,0.000000,0.006875,0.000000,1.931343,1.931343,0.535320,-0.000000,0.000000
2.832003,0.200000,0.000000,0.193129,0.000000,0.006871,0.000000,1.931385,1.931385,0.538410,-0.000000,0.000000
2.848003,0.200000,0.000000,0.193133,0.000000,0.006867,0.000000,1.931427,1.931427,0.541500,-0.000000,0.000000
2.864003,0.200000,0.000000,0.193137,0.000000,0.006863,0.000000,1.931469,1.931469,0.544590,-0.000000,0.000000
2.880003,0.200000,0.000000,0.193142,0.000000,0.006858,0.000000,1.931511,1.931511,0.547680,-0.000000,0.000000
2.896003,0.200000,0.000000,0.193146,0.000000,0.006854,0.000000,1.931553,1.931553,0.550771,-0.000000,0.000000
2.912003,0.200000,0.000000,0.193150,0.000000,0.006850,0.000000,1.931595,1.931595,0.553861,-0.000000,0.000000
2.928003,0.200000,0.000000,0.193154,0.000000,0.006846,0.000000,1.931637,1.931637,0.556952,-0.000000,0.000000
2.944003,0.200000,0.000000,0.193158,0.000000,0.006842,0.000000,1.931679,1.931679,0.560042,-0.000000,0.000000
2.960003,0.200000,0.000000,0.193163,0.000000,0.006837,0.000000,1.931721,1.931721,0.563133,-0.000000,0.000000
2.976003,0.200000,0.000000,0.193167,0.000000,0.006833,0.000000,1.931763,1.931763,0.566223,-0.000000,0.000000
2.992003,0.200000,0.000000,0.193171,0.000000,0.006829,0.000000,1.931805,1.931805,0.569314,-0.000000,0.000000
3.008003,0.200000,0.000000,0.193175,0.000000,0.006825,0.000000,1.931847,1.931847,0.572405,-0.000000,0.000000
3.024003,0.200000,0.000000,0.193179,0.000000,0.006821,0.000000,1.931889,1.931889,0.575496,-0.000000,0.000000
3.040003,0.200000,0.000000,0.193184,0.000000,0.006816,0.000000,1.931931,1.931931,0.578587,-0.000000,0.000000
3.056003,0.200000,0.000000,0.193188,0.000000,0.006812,0.000000,1.931973,1.931973,0.581678,-0.000000,0.000000
3.072003,0.200000,0.000000,0.193192,0.000000,0.006808,0.000000,1.932014,1.932014,0.584769,-0.000000,0.000000
3.088003,0.200000,0.000000,0.193196,0.000000,0.006804,0.000000,1.932056,1.932056,0.587860,-0.000000,0.000000
3.104003,0.200000,0.000000,0.193200,0.000000,0.006800,0.000000,1.932098,1.932098,0.590951,-0.000000,0.000000
3.120003,0.200000,0.000000,0.193204,0.000000,0.006796,0.000000,1.932140,1.932140,0.594043,-0.000000,0.000000
3.136003,0.200000,0.000000,0.193209,0.000000,0.006791,0.000000,1.932181,1.932181,0.597134,-0.000000,0.000000
3.152004,0.200000,0.000000,0.193213,0.000000,0.006787,0.000000,1.932223,1.932223,0.600225,-0.000000,0.000000
3.168004,0.200000,0.000000,0.193217,0.000000,0.006783,0.000000,1.932264,1.932264,0.603317,-0.000000,0.000000
3.184004,0.200000,0.000000,0.193221,0.000000,0.006779,0.000000,1.932306,1.932306,0.606408,-0.000000,0.000000
3.200004,0.200000,0.000000,0.193225,0.000000,0.006775,0.000000,1.932348,1.932348,0.609500,-0.000000,0.000000
3.216004,0.200000,0.000000,0.193229,0.000000,0.006771,0.000000,1.932389,1.932389,0.612592,-0.000000,0.000000
3.232004,0.200000,0.000000,0.193234,0.000000,0.006766,0.000000,1.932431,1.932431,0.615683,-0.000000,0.000000
3.248004,0.200000,0.000000,0.193238,0.000000,0.006762,0.000000,1.932472,1.932472,0.618775,-0.000000,0.000000
3.264004,0.200000,0.000000,0.193242,0.000000,0.006758,0.000000,1.932514,1.932514,0.621867,-0.000000,0.000000
3.280004,0.200000,0.000000,0.193246,0.000000,0.006754,0.000000,1.932555,1.932555,0.624959,-0.000000,0.000000
3.296004,0.200000,0.000000,0.193250,0.000000,0.006750,0.000000,1.932597,1.932597,0.628051,-0.000000,0.000000
3.312004,0.200000,0.000000,0.193254,0.000000,0.006746,0.000000,1.932638,1.932638,0.631143,-0.000000,0.000000
3.328004,0.200000,0.000000,0.193258,0.000000,0.006742,0.000000,1.932680,1.932680,0.634235,-0.000000,0.000000
3.344004,0.200000,0.000000,0.193263,0.000000,0.006737,0.000000,1.932721,1.932721,0.637327,-0.000000,0.000000
3.360004,0.200000,0.000000,0.193267,0.000000,0.006733,0.000000,1.932762,1.932762,0.640420,-0.000000,0.000000
3.376004,0.200000,0.000000,0.193271,0.000000,0.006729,0.000000,1.932804,1.932804,0.643512,-0.000000,0.000000
3.392004,0.200000,0.000000,0.193275,0.000000,0.006725,0.000000,1.932845,1.932845,0.646604,-0.000000,0.000000
3.408004,0.200000,0.000000,0.193279,0.000000,0.006721,0.000000,1.932886,1.932886,0.649697,-0.000000,0.000000
3.424004,0.200000,0.000000,0.193283,0.000000,0.006717,0.000000,1.932927,1.932927,0.652789,-0.000000,0.000000
3.440004,0.200000,0.000000,0.193287,0.000000,0.006713,0.000000,1.932968,1.932968,0.655882,-0.000000,0.000000
3.456004,0.200000,0.000000,0.193292,0.000000,0.006708,0.000000,1.933010,1.933010,0.658975,-0.000000,0.000000
3.472004,0.200000,0.000000,0.193296,0.000000,0.006704,0.000000,1.933051,1.933051,0.662067,-0.000000,0.000000
3.488004,0.200000,0.000000,0.193300,0.000000,0.006700,0.000000,1.933092,1.933092,0.665160,-0.000000,0.000000
3.504004,0.200000,0.000000,0.193304,0.000000,0.006696,0.000000,1.933133,1.933133,0.668253,-0.000000,0.000000
3.520004,0.200000,0.000000,0.193308,0.000000,0.006692,0.000000,1.933174,1.933174,0.671346,-0.000000,0.000000
3.536004,0.200000,0.000000,0.193312,0.000000,0.006688,0.000000,1.933215,1.933215,0.674439,-0.000000,0.000000
3.552004,0.200000,0.000000,0.193316,0.000000,0.006684,0.000000,1.933256,1.933256,0.677532,-0.000000,0.000000
3.568004,0.200000,0.000000,0.193320,0.000000,0.006680,0.000000,1.933297,1.933297,0.680625,-0.000000,0.000000
3.584004,0.200000,0.000000,0.193324,0.000000,0.006676,0.000000,1.933338,1.933338,0.683718,-0.000000,0.000000
3.600004,0.200000,0.000000,0.193329,0.000000,0.006671,0.000000,1.933379,1.933379,0.686812,-0.000000,0.000000
3.616004,0.200000,0.000000,0.193333,0.000000,0.006667,0.000000,1.933420,1.933420,0.689905,-0.000000,0.000000
3.632004,0.200000,0.000000,0.193337,0.000000,0.006663,0.000000,1.933461,1.933461,0.692998,-0.000000,0.000000
3.648005,0.200000,0.000000,0.193341,0.000000,0.006659,0.000000,1.933502,1.933502,0.696092,-0.000000,0.000000
3.664005,0.200000,0.000000,0.193345,0.000000,0.006655,0.000000,1.933543,1.933543,0.699185,-0.000000,0.000000
3.680005,0.200000,0.000000,0.193349,0.000000,0.006651,0.000000,1.933584,1.933584,0.702279,-0.000000,0.000000
3.696005,0.200000,0.000000,0.193353,0.000000,0.006647,0.000000,1.933625,1.933625,0.705372,-0.000000,0.000000
3.712005,0.200000,0.000000,0.193357,0.000000,0.006643,0.000000,1.933665,1.933665,0.708466,-0.000000,0.000000
3.728005,0.200000,0.000000,0.193361,0.000000,0.006639,0.000000,1.933706,1.933706,0.711560,-0.000000,0.000000
3.744005,0.200000,0.000000,0.193365,0.000000,0.006635,0.000000,1.933747,1.933747,0.714654,-0.000000,0.000000
3.760005,0.200000,0.000000,0.193369,0.000000,0.006631,0.000000,1.933788,1.933788,0.717748,-0.000000,0.000000
3.776005,0.200000,0.000000,0.193373,0.000000,0.006627,0.000000,1.933828,1.933828,0.720842,-0.000000,0.000000
3.792005,0.200000,0.000000,0.193378,0.000000,0.006622,0.000000,1.933869,1.933869,0.723936,-0.000000,0.000000
3.808005,0.200000,0.000000,0.193382,0.000000,0.006618,0.000000,1.933910,1.933910,0.727030,-0.000000,0.000000
3.824005,0.200000,0.000000,0.193386,0.000000,0.006614,0.000000,1.933950,1.933950,0.730124,-0.000000,0.000000
3.840005,0.200000,0.000000,0.193390,0.000000,0.006610,0.000000,1.933991,1.933991,0.733218,-0.000000,0.000000
3.856005,0.200000,0.000000,0.193394,0.000000,0.006606,0.000000,1.934032,1.934032,0.736313,-0.000000,0.000000
3.872005,0.200000,0.000000,0.193398,0.000000,0.006602,0.000000,1.934072,1.934072,0.739407,-0.000000,0.000000
3.888005,0.200000,0.000000,0.193402,0.000000,0.006598,0.000000,1.934113,1.934113,0.742501,-0.000000,0.000000
3.904005,0.200000,0.000000,0.193406,0.000000,0.006594,0.000000,1.934153,1.934153,0.745596,-0.000000,0.000000
3.920005,0.200000,0.000000,0.193410,0.000000,0.006590,0.000000,1.934194,1.934194,0.748690,-0.000000,0.000000
3.936005,0.200000,0.000000,0.193414,0.000000,0.006586,0.000000,1.934234,1.934234,0.751785,-0.000000,0.000000
3.952005,0.200000,0.000000,0.193418,0.000000,0.006582,0.000000,1.934275,1.934275,0.754880,-0.000000,0.000000
3.968005,0.200000,0.000000,0.193422,0.000000,0.006578,0.000000,1.934315,1.934315,0.757974,-0.000000,0.000000
3.984005,0.200000,0.000000,0.193426,0.000000,0.006574,0.000000,1.934355,1.934355,0.761069,-0.000000,0.000000
4.000005,0.200000,0.000000,0.193430,0.000000,0.006570,0.000000,1.934396,1.934396,0.764164,-0.000000,0.000000
4.016005,0.200000,0.000000,0.193434,0.000000,0.006566,0.000000,1.934436,1.934436,0.767259,-0.000000,0.000000
4.032005,0.200000,0.000000,0.193438,0.000000,0.006562,0.000000,1.934476,1.934476,0.770354,-0.000000,0.000000
4.048005,0.200000,0.000000,0.193442,0.000000,0.006558,0.000000,1.934517,1.934517,0.773449,-0.000000,0.000000
4.064004,0.200000,0.000000,0.193446,0.000000,0.006554,0.000000,1.934557,1.934557,0.776544,-0.000000,0.000000
4.080004,0.200000,0.000000,0.193450,0.000000,0.006550,0.000000,1.934597,1.934597,0.779640,-0.000000,0.000000
4.096004,0.200000,0.000000,0.193454,0.000000,0.006546,0.000000,1.934638,1.934638,0.782735,-0.000000,0.000000
4.112004,0.200000,0.000000,0.193458,0.000000,0.006542,0.000000,1.934678,1.934678,0.785830,-0.000000,0.000000
4.128004,0.200000,0.000000,0.193462,0.000000,0.006538,0.000000,1.934718,1.934718,0.788926,-0.000000,0.000000
4.144003,0.200000,0.000000,0.193466,0.000000,0.006534,0.000000,1.934758,1.934758,0.792021,-0.000000,0.000000
4.160003,0.200000,0.000000,0.193471,0.000000,0.006529,0.000000,1.934798,1.934798,0.795117,-0.000000,0.000000
4.176003,0.200000,0.000000,0.193475,0.000000,0.006525,0.000000,1.934838,1.934838,0.798212,-0.000000,0.000000
4.192003,0.200000,0.000000,0.193479,0.000000,0.006521,0.000000,1.934878,1.934878,0.801308,-0.000000,0.000000
4.208003,0.200000,0.000000,0.193483,0.000000,0.006517,0.000000,1.934919,1.934919,0.804404,-0.000000,0.000000
4.224002,0.200000,0.000000,0.193487,0.000000,0.006513,0.000000,1.934958,1.934958,0.807499,-0.000000,0.000000
4.240002,0.200000,0.000000,0.193491,0.000000,0.006509,0.000000,1.934999,1.934999,0.810595,-0.000000,0.000000
4.256002,0.200000,0.000000,0.193495,0.000000,0.006505,0.000000,1.935039,1.935039,0.813691,-0.000000,0.000000
4.272002,0.200000,0.000000,0.193499,0.000000,0.006501,0.000000,1.935079,1.935079,0.816787,-0.000000,0.000000
4.288002,0.200000,0.000000,0.193503,0.000000,0.006497,0.000000,1.935118,1.935118,0.819883,-0.000000,0.000000
4.304001,0.200000,0.000000,0.193507,0.000000,0.006493,0.000000,1.935158,1.935158,0.822979,-0.000000,0.000000
4.320001,0.200000,0.000000,0.193511,0.000000,0.006489,0.000000,1.935198,1.935198,0.826075,-0.000000,0.000000
4.336001,0.200000,0.000000,0.193515,0.000000,0.006485,0.000000,1.935238,1.935238,0.829172,-0.000000,0.000000
4.352001,0.200000,0.000000,0.193519,0.000000,0.006481,0.000000,1.935278,1.935278,0.832268,-0.000000,0.000000
4.368001,0.200000,0.000000,0.193522,0.000000,0.006478,0.000000,1.935318,1.935318,0.835364,-0.000000,0.000000
4.384000,0.200000,0.000000,0.193526,0.000000,0.006474,0.000000,1.935358,1.935358,0.838461,-0.000000,0.000000
4.400000,0.200000,0.000000,0.193530,0.000000,0.006470,0.000000,1.935397,1.935397,0.841557,-0.000000,0.000000
4.416000,0.200000,0.000000,0.193534,0.000000,0.006466,0.000000,1.935437,1.935437,0.844654,-0.000000,0.000000
4.432000,0.200000,0.000000,0.193538,0.000000,0.006462,0.000000,1.935477,1.935477,0.847750,-0.000000,0.000000
4.447999,0.200000,0.000000,0.193542,0.000000,0.006458,0.000000,1.935517,1.935517,0.850847,-0.000000,0.000000
4.463999,0.200000,0.000000,0.193546,0.000000,0.006454,0.000000,1.935556,1.935556,0.853944,-0.000000,0.000000
4.479999,0.200000,0.000000,0.193550,0.000000,0.006450,0.000000,1.935596,1.935596,0.857041,-0.000000,0.000000
4.495999,0.200000,0.000000,0.193554,0.000000,0.006446,0.000000,1.935636,1.935636,0.860137,-0.000000,0.000000
4.511999,0.200000,0.000000,0.193558,0.000000,0.006442,0.000000,1.935675,1.935675,0.863234,-0.000000,0.000000
4.527998,0.200000,0.000000,0.193562,0.000000,0.006438,0.000000,1.935715,1.935715,0.866331,-0.000000,0.000000
4.543998,0.200000,0.000000,0.193566,0.000000,0.006434,0.000000,1.935754,1.935754,0.869428,-0.000000,0.000000
4.559998,0.200000,0.000000,0.193570,0.000000,0.006430,0.000000,1.935794,1.935794,0.872526,-0.000000,0.000000
4.575998,0.200000,0.000000,0.193574,0.000000,0.006426,0.000000,1.935833,1.935833,0.875623,-0.000000,0.000000
4.591998,0.200000,0.000000,0.193578,0.000000,0.006422,0.000000,1.935873,1.935873,0.878720,-0.000000,0.000000
4.607997,0.200000,0.000000,0.193582,0.000000,0.006418,0.000000,1.935912,1.935912,0.881817,-0.000000,0.000000
4.623997,0.200000,0.000000,0.193586,0.000000,0.006414,0.000000,1.935952,1.935952,0.884915,-0.000000,0.000000
4.639997,0.200000,0.000000,0.193590,0.000000,0.006410,0.000000,1.935991,1.935991,0.888012,-0.000000,0.000000
4.655997,0.200000,0.000000,0.193594,0.000000,0.006406,0.000000,1.936031,1.936031,0.891110,-0.000000,0.000000
4.671997,0.200000,0.000000,0.193598,0.000000,0.006402,0.000000,1.936070,1.936070,0.894207,-0.000000,0.000000
4.687996,0.200000,0.000000,0.193602,0.000000,0.006398,0.000000,1.936109,1.936109,0.897305,-0.000000,0.000000
4.703996,0.200000,0.000000,0.193606,0.000000,0.006394,0.000000,1.936149,1.936149,0.900402,-0.000000,0.000000
4.719996,0.200000,0.000000,0.193610,0.000000,0.006390,0.000000,1.936188,1.936188,0.903500,-0.000000,0.000000
4.735996,0.200000,0.000000,0.193614,0.000000,0.006386,0.000000,1.936227,1.936227,0.906598,-0.000000,0.000000
4.751996,0.200000,0.000000,0.193617,0.000000,0.006383,0.000000,1.936267,1.936267,0.909696,-0.000000,0.000000
4.767995,0.200000,0.000000,0.193621,0.000000,0.006379,0.000000,1.936306,1.936306,0.912794,-0.000000,0.000000
4.783995,0.200000,0.000000,0.193625,0.000000,0.006375,0.000000,1.936345,1.936345,0.915892,-0.000000,0.000000
4.799995,0.200000,0.000000,0.193629,0.000000,0.006371,0.000000,1.936384,1.936384,0.918990,-0.000000,0.000000
4.815995,0.200000,0.000000,0.193633,0.000000,0.006367,0.000000,1.936424,1.936424,0.922088,-0.000000,0.000000
4.831995,0.200000,0.000000,0.193637,0.000000,0.006363,0.000000,1.936463,1.936463,0.925186,-0.000000,0.000000
4.847994,0.200000,0.000000,0.193641,0.000000,0.006359,0.000000,1.936502,1.936502,0.928285,-0.000000,0.000000
4.863994,0.200000,0.000000,0.193645,0.000000,0.006355,0.000000,1.936541,1.936541,0.931383,-0.000000,0.000000
4.879994,0.200000,0.000000,0.193649,0.000000,0.006351,0.000000,1.936580,1.936580,0.934481,-0.000000,0.000000
4.895994,0.200000,0.000000,0.193653,0.000000,0.006347,0.000000,1.936619,1.936619,0.937580,-0.000000,0.000000
4.911994,0.200000,0.000000,0.193657,0.000000,0.006343,0.000000,1.936658,1.936658,0.940678,-0.000000,0.000000
4.927993,0.200000,0.000000,0.193661,0.000000,0.006339,0.000000,1.936697,1.936697,0.943777,-0.000000,0.000000
4.943993,0.200000,0.000000,0.193664,0.000000,0.006336,0.000000,1.936736,1.936736,0.946875,-0.000000,0.000000
4.959993,0.200000,0.000000,0.193668,0.000000,0.006332,0.000000,1.936775,1.936775,0.949974,-0.000000,0.000000
4.975993,0.200000,0.000000,0.193672,0.000000,0.006328,0.000000,1.936814,1.936814,0.953073,-0.000000,0.000000
4.991992,0.200000,0.000000,0.193676,0.000000,0.006324,0.000000,1.936853,1.936853,0.956172,-0.000000,0.000000
5.007992,0.200000,0.000000,0.193680,0.000000,0.006320,0.000000,1.936892,1.936892,0.959271,-0.000000,0.000000
5.023992,0.000000,0.000000,0.193684,0.000000,-0.193684,0.000000,-0.140349,-0.140349,0.962369,-0.000000,0.000000
5.039992,0.000000,0.000000,0.039584,0.000000,-0.039584,0.000000,0.051657,0.051657,0.963003,-0.000000,0.000000
5.055992,0.000000,0.000000,0.004779,0.000000,-0.004779,0.000000,0.028677,0.028677,0.963079,-0.000000,0.000000
5.071991,0.000000,0.000000,0.002037,0.000000,-0.002037,0.000000,0.027115,0.027115,0.963112,-0.000000,0.000000
5.087991,0.000000,0.000000,0.001997,0.000000,-0.001997,0.000000,0.024249,0.024249,0.963144,-0.000000,0.000000
5.103991,0.000000,0.000000,0.001854,0.000000,-0.001854,0.000000,0.022101,0.022101,0.963173,-0.000000,0.000000
5.119991,0.000000,0.000000,0.001752,0.000000,-0.001752,0.000000,0.020360,0.020360,0.963201,-0.000000,0.000000
5.135991,0.000000,0.000000,0.001668,0.000000,-0.001668,0.000000,0.018962,0.018962,0.963228,-0.000000,0.000000
5.151990,0.000000,0.000000,0.001600,0.000000,-0.001600,0.000000,0.017838,0.017838,0.963254,-0.000000,0.000000
5.167990,0.000000,0.000000,0.001545,0.000000,-0.001545,0.000000,0.016934,0.016934,0.963278,-0.000000,0.000000
5.183990,0.000000,0.000000,0.001501,0.000000,-0.001501,0.000000,0.016207,0.016207,0.963302,-0.000000,0.000000
5.199990,0.000000,0.000000,0.001466,0.000000,-0.001466,0.000000,0.015621,0.015621,0.963326,-0.000000,0.000000
5.215990,0.000000,0.000000,0.001437,0.000000,-0.001437,0.000000,0.015150,0.015150,0.963349,-0.000000,0.000000
5.231989,0.000000,0.000000,0.001414,0.000000,-0.001414,0.000000,0.014770,0.014770,0.963371,-0.000000,0.000000
5.247989,0.000000,0.000000,0.001395,0.000000,-0.001395,0.000000,0.014463,0.014463,0.963394,-0.000000,0.000000
5.263989,0.000000,0.000000,0.001379,0.000000,-0.001379,0.000000,0.014216,0.014216,0.963416,-0.000000,0.000000
5.279989,0.000000,0.000000,0.001367,0.000000,-0.001367,0.000000,0.014015,0.014015,0.963438,-0.000000,0.000000
5.295989,0.000000,0.000000,0.001357,0.000000,-0.001357,0.000000,0.013853,0.013853,0.963459,-0.000000,0.000000
5.311988,0.000000,0.000000,0.001348,0.000000,-0.001348,0.000000,0.013721,0.013721,0.963481,-0.000000,0.000000
5.327988,0.000000,0.000000,0.001341,0.000000,-0.001341,0.000000,0.013614,0.013614,0.963502,-0.000000,0.000000
5.343988,0.000000,0.000000,0.001336,0.000000,-0.001336,0.000000,0.013526,0.013526,0.963524,-0.000000,0.000000
5.359988,0.000000,0.000000,0.001331,0.000000,-0.001331,0.000000,0.013454,0.013454,0.963545,-0.000000,0.000000
5.375988,0.000000,0.000000,0.001327,0.000000,-0.001327,0.000000,0.013394,0.013394,0.963566,-0.000000,0.000000
5.391987,0.000000,0.000000,0.001324,0.000000,-0.001324,0.000000,0.013345,0.013345,0.963588,-0.000000,0.000000
5.407987,0.000000,0.000000,0.001321,0.000000,-0.001321,0.000000,0.013304,0.013304,0.963609,-0.000000,0.000000
5.423987,0.000000,0.000000,0.001318,0.000000,-0.001318,0.000000,0.013270,0.013270,0.963630,-0.000000,0.000000
5.439987,0.000000,0.000000,0.001316,0.000000,-0.001316,0.000000,0.013240,0.013240,0.963651,-0.000000,0.000000
5.455986,0.000000,0.000000,0.001314,0.000000,-0.001314,0.000000,0.013215,0.013215,0.963672,-0.000000,0.000000
5.471986,0.000000,0.000000,0.001313,0.000000,-0.001313,0.000000,0.013194,0.013194,0.963693,-0.000000,0.000000
5.487986,0.000000,0.000000,0.001311,0.000000,-0.001311,0.000000,0.013175,0.013175,0.963714,-0.000000,0.000000
5.503986,0.000000,0.000000,0.001310,0.000000,-0.001310,0.000000,0.013158,0.013158,0.963735,-0.000000,0.000000
5.519986,0.000000,2.000000,0.001309,0.000000,-0.001309,2.000000,-1.781257,1.807543,0.963756,-0.000000,0.000000
5.535985,0.000000,2.000000,0.000021,3.584658,-0.000021,-1.584658,-0.342332,0.368599,0.963756,-0.000000,0.000000
5.551985,0.000000,2.000000,0.000570,0.710909,-0.000570,1.289091,-1.495973,1.522208,0.963765,-0.000000,0.000000
5.567985,0.000000,2.000000,0.000576,3.015377,-0.000576,-1.015377,-0.570947,0.597161,0.963774,-0.000000,0.000000
5.583985,0.000000,2.000000,0.001307,1.167980,-0.001307,0.832020,-1.312580,1.338771,0.963795,-0.000000,0.000000
5.599985,0.000000,2.000000,0.001314,2.649185,-0.001314,-0.649185,-0.718033,0.744199,0.963816,-0.000000,0.000000
5.615984,0.000000,2.000000,0.001315,1.461968,-0.001315,0.538032,-1.194648,1.220801,0.963837,-0.000000,0.000000
5.631984,0.000000,2.000000,0.001319,2.413661,-0.001319,-0.413661,-0.812661,0.838786,0.963858,0.000000,0.000000
5.647984,0.000000,2.000000,0.001301,1.651056,-0.001301,0.348944,-1.118824,1.144940,0.963879,0.000000,0.000000
5.663984,0.000000,2.000000,0.001297,2.262316,-0.001297,-0.262316,-0.873496,0.899582,0.963900,0.000001,0.000000
5.679984,0.000000,2.000000,0.001281,1.772552,-0.001281,0.227448,-1.070133,1.096212,0.963921,0.000001,0.000000
5.695983,0.000000,2.000000,0.001274,2.165048,-0.001274,-0.165048,-0.912623,0.938668,0.963941,0.000002,0.000000
5.711983,0.000000,2.000000,0.001261,1.850535,-0.001261,0.149465,-1.038913,1.064945,0.963961,0.000004,0.000000
5.727983,0.000000,2.000000,0.001253,2.102202,-0.001253,-0.102202,-0.937952,0.963919,0.963981,0.000007,0.000000
5.743983,0.000000,2.000000,0.001241,1.898981,-0.001241,0.101019,-1.019642,1.045452,0.964000,0.000010,0.000000
5.759983,0.000000,2.000000,0.001226,2.075423,-0.001226,-0.075423,-0.948196,0.975262,0.964020,0.000014,0.000000
5.775982,0.000000,2.000000,0.001280,1.917635,-0.001280,0.082365,-1.012416,1.037800,0.964039,0.000019,0.000000
5.791982,0.000000,2.000000,0.001192,2.048579,-0.001192,-0.048579,-0.959601,0.985548,0.964058,0.000024,0.000000
5.807982,0.000000,2.000000,0.001210,1.944154,-0.001210,0.055846,-1.001562,1.027485,0.964076,0.000030,0.000000
5.823982,0.000000,2.000000,0.001200,2.028100,-0.001200,-0.028100,-0.967892,0.993818,0.964094,0.000037,0.000000
5.839982,0.000000,2.000000,0.001194,1.960925,-0.001194,0.039075,-0.994894,1.020807,0.964112,0.000044,0.000000
5.855981,0.000000,2.000000,0.001184,2.014878,-0.001184,-0.014878,-0.973270,0.999172,0.964129,0.000052,0.000000
5.871981,0.000000,2.000000,0.001177,1.971703,-0.001177,0.028297,-0.990638,1.016525,0.964146,0.000060,0.000000
5.887981,0.000000,2.000000,0.001166,2.006389,-0.001166,-0.006389,-0.976750,1.002624,0.964162,0.000069,0.000000
5.903981,0.000000,2.000000,0.001158,1.978650,-0.001158,0.021350,-0.987922,1.013780,0.964179,0.000078,0.000000
5.919981,0.000000,2.000000,0.001147,2.000953,-0.001147,-0.000953,-0.979005,1.004849,0.964194,0.000088,0.000000
5.935980,0.000000,2.000000,0.001137,1.983135,-0.001137,0.016865,-0.986193,1.012022,0.964209,0.000098,0.000000
5.951980,0.000000,2.000000,0.001125,1.997480,-0.001125,0.002520,-0.980471,1.006285,0.964224,0.000108,0.000000
5.967980,0.000000,2.000000,0.001114,1.986040,-0.001114,0.013960,-0.985099,1.010898,0.964238,0.000119,0.000000
5.983980,0.000000,2.000000,0.001100,1.995270,-0.001100,0.004730,-0.981430,1.007213,0.964252,0.000130,0.000000
5.999979,0.000000,2.000000,0.001087,1.987930,-0.001087,0.012070,-0.984412,1.010181,0.964265,0.000141,0.000000
6.015979,0.000000,2.000000,0.001072,1.993872,-0.001072,0.006128,-0.982063,1.007816,0.964278,0.000153,0.000000
6.031979,0.000000,2.000000,0.001057,1.989166,-0.001057,0.010834,-0.983987,1.009725,0.964290,0.000164,0.000000
6.047979,0.000000,2.000000,0.001039,1.992995,-0.001039,0.007005,-0.982485,1.008208,0.964302,0.000176,0.000000
6.063979,0.000000,2.000000,0.001021,1.989982,-0.001021,0.010018,-0.983730,1.009438,0.964313,0.000188,0.000000
6.079978,0.000000,2.000000,0.001000,1.992454,-0.001000,0.007546,-0.982773,1.008466,0.964323,0.000200,0.000000
6.095978,0.000000,2.000000,0.000980,1.990528,-0.000980,0.009472,-0.983582,1.009259,0.964333,0.000212,0.000000
6.111978,0.000000,2.000000,0.000961,1.992127,-0.000961,0.007873,-0.982975,1.008637,0.964343,0.000225,0.000000
6.127978,0.000000,2.000000,0.000942,1.990901,-0.000942,0.009099,-0.983502,1.009149,0.964351,0.000237,0.000000
6.143978,0.000000,2.000000,0.000925,1.991939,-0.000925,0.008061,-0.983120,1.008752,0.964360,0.000249,0.000000
6.159977,0.000000,2.000000,0.000908,1.991162,-0.000908,0.008838,-0.983467,1.009084,0.964367,0.000262,0.000000
6.175977,0.000000,2.000000,0.000892,1.991839,-0.000892,0.008161,-0.983229,1.008831,0.964374,0.000274,0.000000
6.191977,0.000000,2.000000,0.000878,1.991351,-0.000878,0.008649,-0.983460,1.009047,0.964380,0.000287,0.000000
6.207977,0.000000,2.000000,0.000865,1.991796,-0.000865,0.008204,-0.983316,1.008887,0.964386,0.000299,0.000000
6.223977,0.000000,2.000000,0.000854,1.991493,-0.000854,0.008507,-0.983472,1.009028,0.964391,0.000312,0.000000
6.239976,0.000000,2.000000,0.000943,1.991788,-0.000943,0.008212,-0.983388,1.008929,0.964396,0.000326,0.000000
6.255976,0.000000,2.000000,0.001295,1.991603,-0.001295,0.008397,-0.983496,1.009022,0.964401,0.000346,0.000000
6.271976,0.000000,2.000000,0.001308,1.991805,-0.001308,0.008195,-0.983449,1.008960,0.964406,0.000367,0.000000
6.287976,0.000000,2.000000,0.001314,1.991697,-0.001314,0.008303,-0.983526,1.009022,0.964412,0.000387,0.000000
6.303976,0.000000,0.000000,0.001309,1.991836,-0.001309,-1.991836,0.810896,-0.785415,0.964416,0.000407,0.000000
6.319975,0.000000,0.000000,0.000312,-1.595956,-0.000312,1.595956,-0.629338,0.654799,0.964416,0.000408,0.000000
6.335975,0.000000,0.000000,0.000039,1.284053,-0.000039,-1.284053,0.526768,-0.501320,0.964416,0.000408,0.000000
6.351975,0.000000,0.000000,0.000158,-1.028041,-0.000158,1.028041,-0.401367,0.426800,0.964416,0.000408,0.000000
6.367975,0.000000,0.000000,0.000040,0.828176,-0.000040,-0.828176,0.343762,-0.318345,0.964416,0.000408,0.000000
6.383975,0.000000,0.000000,0.000086,-0.662127,-0.000086,0.662127,-0.254485,0.279888,0.964416,0.000408,0.000000
6.399974,0.000000,0.000000,0.000034,0.534396,-0.000034,-0.534396,0.225827,-0.200439,0.964416,0.000408,0.000000
6.415974,0.000000,0.000000,0.001239,-0.426287,-0.001239,0.426287,-0.159818,0.185191,0.964416,0.000427,0.000000
6.431974,0.000000,0.000000,0.001171,0.345025,-0.001171,-0.345025,0.149803,-0.124445,0.964417,0.000446,0.000000
6.447974,0.000000,0.000000,0.000859,-0.274260,-0.000859,0.274260,-0.098796,0.124139,0.964417,0.000460,0.000000
6.463974,0.000000,0.000000,0.000715,0.222942,-0.000715,-0.222942,0.100791,-0.075463,0.964419,0.000471,0.000000
6.479973,0.000000,0.000000,0.000535,-0.176258,-0.000535,0.176258,-0.059461,0.084774,0.964420,0.000480,0.000000
6.495973,0.000000,0.000000,0.000431,0.144238,-0.000431,-0.144238,0.069192,-0.043894,0.964421,0.000486,0.000000
6.511973,0.000000,0.000000,0.000322,-0.113087,-0.000322,0.113087,-0.034108,0.059391,0.964422,0.000491,0.000000
6.527973,0.000000,0.000000,0.000254,0.093499,-0.000254,-0.093499,0.048819,-0.023551,0.964423,0.000495,0.000000
6.543972,0.000000,0.000000,0.000187,-0.072370,-0.000187,0.072370,-0.017768,0.043021,0.964424,0.000498,0.000000
6.559972,0.000000,0.000000,0.000148,0.060789,-0.000148,-0.060789,0.035683,-0.010445,0.964426,0.000500,0.000000
6.575972,0.000000,0.000000,0.000109,-0.046127,-0.000109,0.046127,-0.007239,0.032462,0.964427,0.000501,0.000000
6.591972,0.000000,0.000000,0.000092,0.039701,-0.000092,-0.039701,0.027212,-0.002004,0.964428,0.000502,0.000000
6.607972,0.000000,0.000000,0.000077,-0.029216,-0.000077,0.029216,-0.000456,0.025649,0.964429,0.000503,0.000000
6.623971,0.000000,0.000000,0.000037,0.026104,-0.000037,-0.026104,0.021748,0.003430,0.964430,0.000503,0.000000
6.639971,0.000000,0.000000,0.000379,-0.018318,-0.000379,0.018318,0.003913,0.021250,0.964430,0.000509,0.000000
6.655971,0.000000,0.000000,0.000463,0.017337,-0.000463,-0.017337,0.018223,0.006925,0.964431,0.000516,0.000000
6.671971,0.000000,0.000000,0.000755,-0.011298,-0.000755,0.011298,0.006726,0.018408,0.964432,0.000528,0.000000
6.687971,0.000000,0.000000,0.000756,0.011682,-0.000756,-0.011682,0.015948,0.009171,0.964434,0.000540,0.000000
6.703970,0.000000,0.000000,0.000985,-0.006776,-0.000985,0.006776,0.008535,0.016569,0.964435,0.000556,0.000000
6.719970,0.000000,0.000000,0.000936,0.008033,-0.000936,-0.008033,0.014477,0.010612,0.964436,0.000571,0.000000
6.735970,0.000000,0.000000,0.001131,-0.003866,-0.001131,0.003866,0.009698,0.015376,0.964437,0.000589,0.000000
6.751970,0.000000,0.000000,0.001051,0.005678,-0.001051,-0.005678,0.013526,0.011533,0.964438,0.000606,0.000000
6.767970,0.000000,0.000000,0.001224,-0.001993,-0.001224,0.001993,0.010444,0.014600,0.964439,0.000625,0.000000
6.783969,0.000000,0.000000,0.001125,0.004156,-0.001125,-0.004156,0.012910,0.012120,0.964441,0.000643,0.000000
6.799969,0.000000,0.000000,0.001244,-0.000790,-0.001244,0.000790,0.010921,0.014093,0.964442,0.000663,0.000000
6.815969,0.200000,0.000000,0.001170,0.003172,0.198830,-0.003172,2.089788,2.089771,0.964443,0.000682,0.000000
6.831969,0.200000,0.000000,0.053133,-0.000017,0.146867,0.000017,1.896596,1.899130,0.964634,0.001510,0.000000
6.847969,0.200000,0.000000,0.103940,0.002525,0.096060,-0.002525,1.920554,1.921038,0.964821,0.003163,0.000000
6.863968,0.200000,0.000000,0.155049,0.000482,0.044951,-0.000482,1.921347,1.923463,0.965015,0.005636,0.000000
6.879968,0.200000,0.000000,0.192042,0.002107,0.007958,-0.002107,1.924901,1.925703,0.965208,0.008702,0.000000
6.895968,0.200000,0.000000,0.192995,0.000799,0.007005,-0.000799,1.926562,1.928406,0.965402,0.011784,0.000000
6.911968,0.200000,0.000000,0.193127,0.001836,0.006873,-0.001836,1.928756,1.929758,0.965596,0.014868,0.000000
6.927968,0.200000,0.000000,0.193232,0.000998,0.006768,-0.000998,1.929854,1.931520,0.965790,0.017954,0.000000
6.943967,0.200000,0.000000,0.193309,0.001660,0.006691,-0.001660,1.931279,1.932405,0.965984,0.021041,0.000000
6.959967,0.200000,0.000000,0.193378,0.001121,0.006622,-0.001121,1.932003,1.933553,0.966178,0.024129,0.000000
6.975967,0.200000,0.000000,0.193429,0.001544,0.006571,-0.001544,1.932935,1.934137,0.966372,0.027217,0.000000
6.991967,0.200000,0.000000,0.193475,0.001197,0.006525,-0.001197,1.933417,1.934889,0.966566,0.030307,0.000000
7.007967,0.200000,0.000000,0.193510,0.001466,0.006490,-0.001466,1.934032,1.935279,0.966760,0.033397,0.000000
7.023966,0.200000,0.000000,0.193541,0.001242,0.006459,-0.001242,1.934358,1.935776,0.966953,0.036488,0.000000
7.039966,0.200000,0.000000,0.193565,0.001413,0.006435,-0.001413,1.934769,1.936041,0.967147,0.039579,0.000000
7.055966,0.200000,0.000000,0.193586,0.001268,0.006414,-0.001268,1.934994,1.936374,0.967341,0.042670,0.000000
7.071966,0.200000,0.000000,0.193603,0.001375,0.006397,-0.001375,1.935273,1.936559,0.967534,0.045761,0.000000
7.087965,0.200000,0.000000,0.193618,0.001281,0.006382,-0.001281,1.935433,1.936786,0.967728,0.048853,0.000000
7.103965,0.200000,0.000000,0.193630,0.001347,0.006370,-0.001347,1.935627,1.936918,0.967921,0.051945,0.000000
7.119965,0.200000,0.000000,0.193642,0.001286,0.006358,-0.001286,1.935745,1.937077,0.968115,0.055038,0.000000
7.135965,0.200000,0.000000,0.193651,0.001327,0.006349,-0.001327,1.935884,1.937176,0.968308,0.058130,0.000000
7.151965,0.200000,0.000000,0.193659,0.001286,0.006341,-0.001286,1.935976,1.937291,0.968501,0.061222,0.000000
7.167964,0.200000,0.000000,0.193667,0.001310,0.006333,-0.001310,1.936080,1.937367,0.968695,0.064315,0.000000
7.183964,0.200000,0.000000,0.193674,0.001283,0.006326,-0.001283,1.936153,1.937454,0.968888,0.067408,0.000000
7.199964,0.200000,0.000000,0.193680,0.001296,0.006320,-0.001296,1.936235,1.937517,0.969081,0.070501,0.000000
7.215964,0.200000,0.000000,0.193686,0.001277,0.006314,-0.001277,1.936297,1.937586,0.969274,0.073594,0.000000
7.231964,0.200000,0.000000,0.193691,0.001284,0.006309,-0.001284,1.936364,1.937639,0.969467,0.076687,0.000000
7.247963,0.200000,0.000000,0.193696,0.001270,0.006304,-0.001270,1.936418,1.937697,0.969659,0.079780,0.000000
7.263963,0.200000,0.000000,0.193701,0.001273,0.006299,-0.001273,1.936476,1.937744,0.969852,0.082873,0.000000
7.279963,0.200000,0.000000,0.193706,0.001263,0.006294,-0.001263,1.936526,1.937794,0.970045,0.085966,0.000000
7.295963,0.200000,0.000000,0.193711,0.001263,0.006289,-0.001263,1.936577,1.937837,0.970238,0.089060,0.000000
7.311963,0.200000,0.000000,0.193715,0.001255,0.006285,-0.001255,1.936624,1.937882,0.970430,0.092153,0.000000
7.327962,0.200000,0.000000,0.193719,0.001253,0.006281,-0.001253,1.936672,1.937923,0.970623,0.095247,0.000000
7.343962,0.200000,0.000000,0.193723,0.001246,0.006277,-0.001246,1.936716,1.937965,0.970815,0.098340,0.000000
7.359962,0.200000,0.000000,0.193728,0.001244,0.006272,-0.001244,1.936762,1.938005,0.971007,0.101434,0.000000
7.375962,0.200000,0.000000,0.193732,0.001238,0.006268,-0.001238,1.936805,1.938045,0.971200,0.104528,0.000000
7.391962,0.200000,0.000000,0.193736,0.001235,0.006264,-0.001235,1.936848,1.938083,0.971392,0.107622,0.000000
7.407961,0.200000,0.000000,0.193740,0.001230,0.006260,-0.001230,1.936891,1.938121,0.971584,0.110715,0.000000
7.423961,0.200000,0.000000,0.193744,0.001226,0.006256,-0.001226,1.936933,1.938159,0.971776,0.113809,0.000000
7.439961,0.200000,0.000000,0.193748,0.001221,0.006252,-0.001221,1.936975,1.938197,0.971968,0.116903,0.000000
7.455961,0.200000,0.000000,0.193752,0.001217,0.006248,-0.001217,1.937017,1.938234,0.972160,0.119997,0.000000
7.471961,0.200000,0.000000,0.193756,0.001213,0.006244,-0.001213,1.937058,1.938271,0.972352,0.123092,0.000000
7.487960,0.200000,0.000000,0.193759,0.001209,0.006241,-0.001209,1.937099,1.938308,0.972544,0.126186,0.000000
7.503960,0.200000,0.000000,0.193763,0.001204,0.006237,-0.001204,1.937140,1.938345,0.972736,0.129280,0.000000
7.519960,0.200000,0.000000,0.193767,0.001200,0.006233,-0.001200,1.937181,1.938381,0.972928,0.132374,0.000000
7.535960,0.200000,0.000000,0.193771,0.001196,0.006229,-0.001196,1.937222,1.938418,0.973119,0.135469,0.000000
7.551960,0.200000,0.000000,0.193775,0.001191,0.006225,-0.001191,1.937263,1.938454,0.973311,0.138563,0.000000
7.567959,0.200000,0.000000,0.193779,0.001187,0.006221,-0.001187,1.937303,1.938491,0.973502,0.141658,0.000000
7.583959,0.200000,0.000000,0.193783,0.001183,0.006217,-0.001183,1.937344,1.938527,0.973694,0.144752,0.000000
7.599959,0.200000,0.000000,0.193787,0.001179,0.006213,-0.001179,1.937384,1.938563,0.973885,0.147847,0.000000
7.615959,0.200000,0.000000,0.193790,0.001175,0.006210,-0.001175,1.937425,1.938600,0.974077,0.150942,0.000000
7.631958,0.200000,0.000000,0.193794,0.001170,0.006206,-0.001170,1.937465,1.938636,0.974268,0.154037,0.000000
7.647958,0.200000,0.000000,0.193798,0.001166,0.006202,-0.001166,1.937505,1.938672,0.974459,0.157131,0.000000
7.663958,0.200000,0.000000,0.193802,0.001162,0.006198,-0.001162,1.937546,1.938708,0.974650,0.160226,0.000000
7.679958,0.200000,0.000000,0.193806,0.001158,0.006194,-0.001158,1.937586,1.938744,0.974842,0.163321,0.000000
7.695958,0.200000,0.000000,0.193810,0.001154,0.006190,-0.001154,1.937626,1.938780,0.975033,0.166416,0.000000
7.711957,0.200000,0.000000,0.193814,0.001150,0.006186,-0.001150,1.937666,1.938817,0.975224,0.169512,0.000000
7.727957,0.200000,0.000000,0.193817,0.001146,0.006183,-0.001146,1.937706,1.938853,0.975415,0.172607,0.000000
7.743957,0.200000,0.000000,0.193821,0.001142,0.006179,-0.001142,1.937747,1.938889,0.975606,0.175702,0.000000
7.759957,0.200000,0.000000,0.193825,0.001138,0.006175,-0.001138,1.937787,1.938925,0.975796,0.178797,0.000000
7.775957,0.200000,0.000000,0.193829,0.001134,0.006171,-0.001134,1.937827,1.938961,0.975987,0.181893,0.000000
7.791956,0.200000,0.000000,0.193833,0.001129,0.006167,-0.001129,1.937866,1.938997,0.976178,0.184988,0.000000
7.807956,0.200000,0.000000,0.193837,0.001126,0.006163,-0.001126,1.937907,1.939032,0.976369,0.188084,0.000000
7.823956,0.200000,0.000000,0.193840,0.001121,0.006160,-0.001121,1.937946,1.939069,0.976559,0.191179,0.000000
7.839956,0.200000,0.000000,0.193844,0.001118,0.006156,-0.001118,1.937987,1.939104,0.976750,0.194275,0.000000
7.855956,0.200000,0.000000,0.193848,0.001113,0.006152,-0.001113,1.938026,1.939141,0.976940,0.197371,0.000000
7.871955,0.200000,0.000000,0.193852,0.001110,0.006148,-0.001110,1.938066,1.939176,0.977131,0.200466,0.000000
7.887955,0.200000,0.000000,0.193856,0.001105,0.006144,-0.001105,1.938106,1.939212,0.977321,0.203562,0.000000
7.903955,0.200000,0.000000,0.193859,0.001102,0.006141,-0.001102,1.938146,1.939248,0.977511,0.206658,0.000000
7.919955,0.200000,0.000000,0.193863,0.001098,0.006137,-0.001098,1.938186,1.939284,0.977702,0.209754,0.000000
7.935955,0.200000,0.000000,0.193867,0.001094,0.006133,-0.001094,1.938225,1.939320,0.977892,0.212850,0.000000
7.951954,0.200000,0.000000,0.193871,0.001090,0.006129,-0.001090,1.938265,1.939356,0.978082,0.215946,0.000000
7.967954,0.200000,0.000000,0.193875,0.001086,0.006125,-0.001086,1.938305,1.939391,0.978272,0.219042,0.000000
7.983954,0.200000,0.000000,0.193878,0.001082,0.006122,-0.001082,1.938344,1.939427,0.978462,0.222139,0.000000
7.999954,0.200000,0.000000,0.193882,0.001079,0.006118,-0.001079,1.938384,1.939463,0.978652,0.225235,0.000000
8.015954,0.200000,0.000000,0.193886,0.001075,0.006114,-0.001075,1.938423,1.939499,0.978842,0.228331,0.000000
8.031954,0.200000,0.000000,0.193890,0.001071,0.006110,-0.001071,1.938463,1.939534,0.979032,0.231428,0.000000
8.047954,0.200000,0.000000,0.193894,0.001067,0.006106,-0.001067,1.938503,1.939570,0.979222,0.234524,0.000000
8.063953,0.200000,0.000000,0.193897,0.001063,0.006103,-0.001063,1.938542,1.939606,0.979412,0.237621,0.000000
8.079953,0.200000,0.000000,0.193901,0.001060,0.006099,-0.001060,1.938582,1.939642,0.979601,0.240717,0.000000
8.095953,0.200000,0.000000,0.193905,0.001056,0.006095,-0.001056,1.938621,1.939677,0.979791,0.243814,0.000000
8.111953,0.200000,0.000000,0.193909,0.001052,0.006091,-0.001052,1.938660,1.939713,0.979981,0.246911,0.000000
8.127953,0.200000,0.000000,0.193912,0.001049,0.006088,-0.001049,1.938700,1.939749,0.980170,0.250008,0.000000
8.143952,0.200000,0.000000,0.193916,0.001045,0.006084,-0.001045,1.938739,1.939784,0.980360,0.253105,0.000000
8.159952,0.200000,0.000000,0.193920,0.001041,0.006080,-0.001041,1.938779,1.939820,0.980549,0.256201,0.000000
8.175952,0.200000,0.000000,0.193924,0.001037,0.006076,-0.001037,1.938818,1.939856,0.980739,0.259298,0.000000
8.191952,0.200000,0.000000,0.193928,0.001034,0.006072,-0.001034,1.938857,1.939891,0.980928,0.262395,0.000000
8.207952,0.200000,0.000000,0.193931,0.001030,0.006069,-0.001030,1.938896,1.939927,0.981117,0.265493,0.000000
8.223951,0.200000,0.000000,0.193935,0.001027,0.006065,-0.001027,1.938936,1.939962,0.981307,0.268590,0.000000
8.239951,0.200000,0.000000,0.193939,0.001023,0.006061,-0.001023,1.938975,1.939998,0.981496,0.271687,0.000000
8.255951,0.200000,0.000000,0.193943,0.001019,0.006057,-0.001019,1.939014,1.940033,0.981685,0.274784,0.000000
8.271951,0.200000,0.000000,0.193946,0.001016,0.006054,-0.001016,1.939053,1.940069,0.981874,0.277882,0.000000
8.287951,0.200000,0.000000,0.193950,0.001012,0.006050,-0.001012,1.939092,1.940104,0.982063,0.280979,0.000000
8.303950,0.200000,0.000000,0.193954,0.001008,0.006046,-0.001008,1.939131,1.940140,0.982252,0.284077,0.000000
8.319950,0.200000,0.000000,0.193957,0.001005,0.006043,-0.001005,1.939170,1.940175,0.982441,0.287174,0.000000
8.335950,0.200000,0.000000,0.193961,0.001001,0.006039,-0.001001,1.939209,1.940211,0.982630,0.290272,0.000000
8.351950,0.200000,0.000000,0.193965,0.000998,0.006035,-0.000998,1.939248,1.940246,0.982819,0.293370,0.000000
8.367949,0.200000,0.000000,0.193969,0.000994,0.006031,-0.000994,1.939287,1.940282,0.983008,0.296467,0.000000
8.383949,0.200000,0.000000,0.193972,0.000991,0.006028,-0.000991,1.939326,1.940317,0.983196,0.299565,0.000000
8.399949,0.200000,0.000000,0.193976,0.000987,0.006024,-0.000987,1.939365,1.940352,0.983385,0.302663,0.000000
8.415949,0.200000,0.000000,0.193980,0.000984,0.006020,-0.000984,1.939404,1.940388,0.983574,0.305761,0.000000
8.431949,0.200000,0.000000,0.193984,0.000980,0.006016,-0.000980,1.939443,1.940423,0.983762,0.308859,0.000000
8.447948,0.200000,0.000000,0.193987,0.000977,0.006013,-0.000977,1.939482,1.940459,0.983951,0.311957,0.000000
8.463948,0.200000,0.000000,0.193991,0.000973,0.006009,-0.000973,1.939520,1.940494,0.984139,0.315055,0.000000
8.479948,0.200000,0.000000,0.193995,0.000970,0.006005,-0.000970,1.939559,1.940529,0.984328,0.318153,0.000000
8.495948,0.200000,0.000000,0.193998,0.000966,0.006002,-0.000966,1.939598,1.940565,0.984516,0.321252,0.000000
8.511948,0.200000,0.000000,0.194002,0.000963,0.005998,-0.000963,1.939636,1.940600,0.984704,0.324350,0.000000
8.527947,0.200000,0.000000,0.194006,0.000960,0.005994,-0.000960,1.939675,1.940635,0.984893,0.327448,0.000000
8.543947,0.200000,0.000000,0.194010,0.000956,0.005990,-0.000956,1.939714,1.940670,0.985081,0.330547,0.000000
8.559947,0.200000,0.000000,0.194013,0.000953,0.005987,-0.000953,1.939752,1.940705,0.985269,0.333645,0.000000
8.575947,0.200000,0.000000,0.194017,0.000949,0.005983,-0.000949,1.939791,1.940741,0.985457,0.336744,0.000000
8.591947,0.200000,0.000000,0.194021,0.000946,0.005979,-0.000946,1.939830,1.940776,0.985645,0.339842,0.000000
8.607946,0.200000,0.000000,0.194024,0.000942,0.005976,-0.000942,1.939868,1.940811,0.985834,0.342941,0.000000
8.623946,0.200000,0.000000,0.194028,0.000939,0.005972,-0.000939,1.939907,1.940846,0.986022,0.346040,0.000000
8.639946,0.200000,0.000000,0.194032,0.000936,0.005968,-0.000936,1.939945,1.940881,0.986210,0.349139,0.000000
8.655946,0.200000,0.000000,0.194035,0.000933,0.005965,-0.000933,1.939984,1.940917,0.986397,0.352238,0.000000
8.671946,0.200000,0.000000,0.194039,0.000929,0.005961,-0.000929,1.940022,1.940952,0.986585,0.355336,0.000000
8.687945,0.200000,0.000000,0.194043,0.000926,0.005957,-0.000926,1.940060,1.940987,0.986773,0.358435,0.000000
8.703945,0.200000,0.000000,0.194047,0.000923,0.005953,-0.000923,1.940099,1.941022,0.986961,0.361535,0.000000
8.719945,0.200000,0.000000,0.194050,0.000920,0.005950,-0.000920,1.940137,1.941057,0.987149,0.364634,0.000000
8.735945,0.200000,0.000000,0.194054,0.000916,0.005946,-0.000916,1.940176,1.941092,0.987336,0.367733,0.000000
8.751945,0.200000,0.000000,0.194058,0.000913,0.005942,-0.000913,1.940214,1.941127,0.987524,0.370832,0.000000
8.767944,0.200000,0.000000,0.194061,0.000910,0.005939,-0.000910,1.940252,1.941162,0.987712,0.373931,0.000000
8.783944,0.200000,0.000000,0.194065,0.000906,0.005935,-0.000906,1.940290,1.941197,0.987899,0.377031,0.000000
8.799944,0.200000,0.000000,0.194069,0.000903,0.005931,-0.000903,1.940328,1.941232,0.988087,0.380130,0.000000
8.815944,0.200000,0.000000,0.194072,0.000900,0.005928,-0.000900,1.940367,1.941267,0.988274,0.383230,0.000000
8.831944,0.200000,0.000000,0.194076,0.000897,0.005924,-0.000897,1.940405,1.941302,0.988461,0.386329,0.000000
8.847943,0.200000,0.000000,0.194080,0.000894,0.005920,-0.000894,1.940443,1.941337,0.988649,0.389429,0.000000
8.863943,0.200000,0.000000,0.194083,0.000891,0.005917,-0.000891,1.940481,1.941372,0.988836,0.392529,0.000000
8.879943,0.200000,0.000000,0.194087,0.000888,0.005913,-0.000888,1.940519,1.941407,0.989023,0.395628,0.000000
8.895943,0.200000,0.000000,0.194091,0.000884,0.005909,-0.000884,1.940557,1.941442,0.989211,0.398728,0.000000
8.911942,0.200000,0.000000,0.194094,0.000881,0.005906,-0.000881,1.940595,1.941476,0.989398,0.401828,0.000000
8.927942,0.200000,0.000000,0.194098,0.000878,0.005902,-0.000878,1.940633,1.941512,0.989585,0.404928,0.000000
8.943942,0.200000,0.000000,0.194102,0.000875,0.005898,-0.000875,1.940671,1.941546,0.989772,0.408028,0.000000
8.959942,0.200000,0.000000,0.194105,0.000872,0.005895,-0.000872,1.940709,1.941581,0.989959,0.411128,0.000000
8.975942,0.200000,0.000000,0.194109,0.000869,0.005891,-0.000869,1.940747,1.941616,0.990146,0.414228,0.000000
8.991941,0.200000,0.000000,0.194112,0.000866,0.005888,-0.000866,1.940785,1.941651,0.990333,0.417328,0.000000
9.007941,0.200000,0.000000,0.194116,0.000862,0.005884,-0.000862,1.940823,1.941686,0.990520,0.420428,0.000000
9.023941,0.200000,0.000000,0.194120,0.000860,0.005880,-0.000860,1.940861,1.941720,0.990707,0.423529,0.000000
9.039941,0.200000,0.000000,0.194123,0.000856,0.005877,-0.000856,1.940898,1.941755,0.990894,0.426629,0.000000
9.055941,0.200000,0.000000,0.194127,0.000854,0.005873,-0.000854,1.940936,1.941790,0.991081,0.429729,0.000000
9.071940,0.200000,0.000000,0.194131,0.000850,0.005869,-0.000850,1.940974,1.941825,0.991267,0.432830,0.000000
9.087940,0.200000,0.000000,0.194134,0.000848,0.005866,-0.000848,1.941012,1.941859,0.991454,0.435930,0.000000
9.103940,0.200000,0.000000,0.194138,0.000844,0.005862,-0.000844,1.941049,1.941894,0.991641,0.439031,0.000000
9.119940,0.200000,0.000000,0.194142,0.000842,0.005858,-0.000842,1.941087,1.941929,0.991827,0.442132,0.000000
9.135940,0.200000,0.000000,0.194145,0.000838,0.005855,-0.000838,1.941124,1.941963,0.992014,0.445232,0.000000
9.151939,0.200000,0.000000,0.194149,0.000836,0.005851,-0.000836,1.941162,1.941998,0.992200,0.448333,0.000000
9.167939,0.200000,0.000000,0.194152,0.000832,0.005848,-0.000832,1.941200,1.942033,0.992387,0.451434,0.000000
9.183939,0.200000,0.000000,0.194156,0.000830,0.005844,-0.000830,1.941237,1.942067,0.992573,0.454535,0.000000
9.199939,0.200000,0.000000,0.194160,0.000826,0.005840,-0.000826,1.941275,1.942102,0.992760,0.457636,0.000000
9.215939,0.200000,0.000000,0.194163,0.000824,0.005837,-0.000824,1.941312,1.942136,0.992946,0.460737,0.000000
9.231938,0.200000,0.000000,0.194167,0.000821,0.005833,-0.000821,1.941350,1.942171,0.993132,0.463838,0.000000
9.247938,0.200000,0.000000,0.194170,0.000818,0.005830,-0.000818,1.941387,1.942205,0.993319,0.466939,0.000000
9.263938,0.200000,0.000000,0.194174,0.000815,0.005826,-0.000815,1.941425,1.942240,0.993505,0.470040,0.000000
9.279938,0.200000,0.000000,0.194178,0.000812,0.005822,-0.000812,1.941462,1.942274,0.993691,0.473142,0.000000
9.295938,0.200000,0.000000,0.194181,0.000809,0.005819,-0.000809,1.941499,1.942309,0.993877,0.476243,0.000000
9.311937,0.200000,0.000000,0.194185,0.000806,0.005815,-0.000806,1.941537,1.942343,0.994063,0.479344,0.000000
9.327937,0.200000,0.000000,0.194188,0.000803,0.005812,-0.000803,1.941574,1.942378,0.994250,0.482446,0.000000
9.343937,0.200000,0.000000,0.194192,0.000801,0.005808,-0.000801,1.941612,1.942412,0.994436,0.485547,0.000000
9.359937,0.200000,0.000000,0.194196,0.000798,0.005804,-0.000798,1.941649,1.942447,0.994622,0.488649,0.000000
9.375937,0.200000,0.000000,0.194199,0.000795,0.005801,-0.000795,1.941686,1.942481,0.994808,0.491750,0.000000
9.391936,0.200000,0.000000,0.194203,0.000792,0.005797,-0.000792,1.941723,1.942516,0.994993,0.494852,0.000000
9.407936,0.200000,0.000000,0.194206,0.000790,0.005794,-0.000790,1.941760,1.942550,0.995179,0.497954,0.000000
9.423936,0.200000,0.000000,0.194210,0.000787,0.005790,-0.000787,1.941797,1.942584,0.995365,0.501056,0.000000
9.439936,0.200000,0.000000,0.194213,0.000784,0.005787,-0.000784,1.941835,1.942619,0.995551,0.504157,0.000000
9.455935,0.200000,0.000000,0.194217,0.000781,0.005783,-0.000781,1.941872,1.942653,0.995737,0.507259,0.000000
9.471935,0.200000,0.000000,0.194221,0.000778,0.005779,-0.000778,1.941909,1.942687,0.995922,0.510361,0.000000
9.487935,0.200000,0.000000,0.194224,0.000775,0.005776,-0.000775,1.941946,1.942722,0.996108,0.513463,0.000000
9.503935,0.200000,0.000000,0.194228,0.000773,0.005772,-0.000773,1.941983,1.942756,0.996294,0.516565,0.000000
9.519935,0.200000,0.000000,0.194231,0.000770,0.005769,-0.000770,1.942020,1.942790,0.996479,0.519668,0.000000
9.535934,0.200000,0.000000,0.194235,0.000767,0.005765,-0.000767,1.942057,1.942824,0.996665,0.522770,0.000000
9.551934,0.200000,0.000000,0.194238,0.000765,0.005762,-0.000765,1.942094,1.942859,0.996850,0.525872,0.000000
9.567934,0.200000,0.000000,0.194242,0.000762,0.005758,-0.000762,1.942131,1.942893,0.997036,0.528974,0.000000
9.583934,0.200000,0.000000,0.194246,0.000759,0.005754,-0.000759,1.942168,1.942927,0.997221,0.532077,0.000000
9.599934,0.200000,0.000000,0.194249,0.000756,0.005751,-0.000756,1.942205,1.942961,0.997407,0.535179,0.000000
9.615933,0.200000,0.000000,0.194253,0.000754,0.005747,-0.000754,1.942241,1.942996,0.997592,0.538282,0.000000
9.631933,0.200000,0.000000,0.194256,0.000751,0.005744,-0.000751,1.942278,1.943030,0.997778,0.541384,0.000000
9.647933,0.200000,0.000000,0.194260,0.000748,0.005740,-0.000748,1.942315,1.943064,0.997963,0.544487,0.000000
9.663933,0.200000,0.000000,0.194263,0.000746,0.005737,-0.000746,1.942352,1.943098,0.998148,0.547590,0.000000
9.679933,0.200000,0.000000,0.194267,0.000743,0.005733,-0.000743,1.942389,1.943132,0.998333,0.550692,0.000000
9.695932,0.200000,0.000000,0.194270,0.000740,0.005730,-0.000740,1.942425,1.943166,0.998518,0.553795,0.000000
9.711932,0.200000,0.000000,0.194274,0.000738,0.005726,-0.000738,1.942462,1.943200,0.998704,0.556898,0.000000
9.727932,0.200000,0.000000,0.194278,0.000735,0.005722,-0.000735,1.942499,1.943234,0.998889,0.560001,0.000000
9.743932,0.200000,0.000000,0.194281,0.000733,0.005719,-0.000733,1.942535,1.943268,0.999074,0.563104,0.000000
9.759932,0.200000,0.000000,0.194285,0.000730,0.005715,-0.000730,1.942572,1.943302,0.999259,0.566207,0.000000
9.775931,0.200000,0.000000,0.194288,0.000727,0.005712,-0.000727,1.942609,1.943336,0.999444,0.569310,0.000000
9.791931,0.200000,0.000000,0.194292,0.000725,0.005708,-0.000725,1.942645,1.943370,0.999629,0.572413,0.000000
9.807931,0.200000,0.000000,0.194295,0.000722,0.005705,-0.000722,1.942682,1.943404,0.999814,0.575516,0.000000
9.823931,0.200000,0.000000,0.194299,0.000720,0.005701,-0.000720,1.942718,1.943438,0.999999,0.578620,0.000000
9.839931,0.200000,0.000000,0.194302,0.000717,0.005698,-0.000717,1.942755,1.943472,1.000184,0.581723,0.000000
9.855930,0.200000,0.000000,0.194306,0.000715,0.005694,-0.000715,1.942791,1.943506,1.000368,0.584826,0.000000
9.871930,0.200000,0.000000,0.194309,0.000712,0.005691,-0.000712,1.942828,1.943540,1.000553,0.587930,0.000000
9.887930,0.200000,0.000000,0.194313,0.000709,0.005687,-0.000709,1.942864,1.943574,1.000738,0.591033,0.000000
9.903930,0.200000,0.000000,0.194316,0.000708,0.005684,-0.000708,1.942901,1.943608,1.000923,0.594137,0.000000
9.919930,0.200000,0.000000,0.194320,0.000704,0.005680,-0.000704,1.942937,1.943642,1.001107,0.597241,0.000000
9.935929,0.200000,0.000000,0.194323,0.000702,0.005677,-0.000702,1.942973,1.943675,1.001292,0.600344,0.000000
9.951929,0.200000,0.000000,0.194327,0.000699,0.005673,-0.000699,1.943009,1.943709,1.001477,0.603448,0.000000
9.967929,0.200000,0.000000,0.194330,0.000697,0.005670,-0.000697,1.943046,1.943743,1.001661,0.606552,0.000000
9.983929,0.200000,0.000000,0.194334,0.000695,0.005666,-0.000695,1.943082,1.943777,1.001846,0.609656,0.000000
9.999928,0.200000,0.000000,0.194337,0.000693,0.005663,-0.000693,1.943118,1.943811,1.002030,0.612760,0.000000
10.015928,0.200000,0.000000,0.194341,0.000690,0.005659,-0.000690,1.943154,1.943845,1.002215,0.615864,0.000000
10.031928,0.200000,0.000000,0.194344,0.000688,0.005656,-0.000688,1.943191,1.943878,1.002399,0.618968,0.000000
10.047928,0.200000,0.000000,0.194348,0.000685,0.005652,-0.000685,1.943227,1.943912,1.002583,0.622072,0.000000
10.063928,0.200000,0.000000,0.194351,0.000682,0.005649,-0.000682,1.943263,1.943946,1.002768,0.625176,0.000000
10.079927,0.200000,0.000000,0.194355,0.000680,0.005645,-0.000680,1.943299,1.943979,1.002952,0.628280,0.000000
10.095927,0.200000,0.000000,0.194358,0.000678,0.005642,-0.000678,1.943335,1.944013,1.003136,0.631384,0.000000
10.111927,0.200000,0.000000,0.194362,0.000675,0.005638,-0.000675,1.943371,1.944047,1.003321,0.634489,0.000000
10.127927,0.200000,0.000000,0.194365,0.000673,0.005635,-0.000673,1.943407,1.944081,1.003505,0.637593,0.000000
10.143927,0.200000,0.000000,0.194369,0.000671,0.005631,-0.000671,1.943443,1.944114,1.003689,0.640698,0.000000
10.159926,0.200000,0.000000,0.194372,0.000668,0.005628,-0.000668,1.943479,1.944148,1.003873,0.643802,0.000000
10.175926,0.200000,0.000000,0.194376,0.000666,0.005624,-0.000666,1.943515,1.944181,1.004057,0.646907,0.000000
10.191926,0.200000,0.000000,0.194379,0.000664,0.005621,-0.000664,1.943551,1.944215,1.004242,0.650011,0.000000
10.207926,0.200000,0.000000,0.194383,0.000661,0.005617,-0.000661,1.943587,1.944249,1.004426,0.653116,0.000000
10.223926,0.200000,0.000000,0.194386,0.000659,0.005614,-0.000659,1.943623,1.944282,1.004610,0.656221,0.000000
10.239925,0.200000,0.000000,0.194390,0.000656,0.005610,-0.000656,1.943659,1.944316,1.004794,0.659325,0.000000
10.255925,0.200000,0.000000,0.194393,0.000654,0.005607,-0.000654,1.943695,1.944349,1.004978,0.662430,0.000000
10.271925,0.200000,0.000000,0.194397,0.000652,0.005603,-0.000652,1.943731,1.944383,1.005162,0.665535,0.000000
10.287925,0.200000,0.000000,0.194400,0.000649,0.005600,-0.000649,1.943766,1.944416,1.005345,0.668640,0.000000
10.303925,0.200000,0.000000,0.194404,0.000647,0.005596,-0.000647,1.943802,1.944450,1.005529,0.671745,0.000000
10.319924,0.200000,0.000000,0.194407,0.000645,0.005593,-0.000645,1.943838,1.944483,1.005713,0.674850,0.000000
10.335924,0.200000,0.000000,0.194410,0.000643,0.005590,-0.000643,1.943874,1.944516,1.005897,0.677955,0.000000
10.351924,0.200000,0.000000,0.194414,0.000640,0.005586,-0.000640,1.943909,1.944550,1.006081,0.681060,0.000000
10.367924,0.200000,0.000000,0.194417,0.000638,0.005583,-0.000638,1.943945,1.944583,1.006265,0.684166,0.000000
10.383924,0.200000,0.000000,0.194421,0.000636,0.005579,-0.000636,1.943981,1.944617,1.006448,0.687271,0.000000
10.399923,0.200000,0.000000,0.194424,0.000634,0.005576,-0.000634,1.944016,1.944650,1.006632,0.690376,0.000000
10.415923,0.200000,0.000000,0.194428,0.000631,0.005572,-0.000631,1.944052,1.944684,1.006816,0.693482,0.000000
10.431923,0.200000,0.000000,0.194431,0.000629,0.005569,-0.000629,1.944088,1.944717,1.006999,0.696587,0.000000
10.447923,0.200000,0.000000,0.194435,0.000626,0.005565,-0.000626,1.944123,1.944750,1.007183,0.699693,0.000000
10.463923,0.200000,0.000000,0.194438,0.000625,0.005562,-0.000625,1.944159,1.944783,1.007366,0.702798,0.000000
10.479922,0.200000,0.000000,0.194442,0.000622,0.005558,-0.000622,1.944194,1.944817,1.007550,0.705904,0.000000
10.495922,0.200000,0.000000,0.194445,0.000620,0.005555,-0.000620,1.944229,1.944850,1.007733,0.709010,0.000000
10.511922,0.200000,0.000000,0.194448,0.000618,0.005552,-0.000618,1.944265,1.944883,1.007917,0.712116,0.000000
10.527922,0.200000,0.000000,0.194452,0.000616,0.005548,-0.000616,1.944300,1.944917,1.008100,0.715221,0.000000
10.543921,0.200000,0.000000,0.194455,0.000614,0.005545,-0.000614,1.944336,1.944950,1.008284,0.718327,0.000000
10.559921,0.200000,0.000000,0.194459,0.000611,0.005541,-0.000611,1.944371,1.944983,1.008467,0.721433,0.000000
10.575921,0.200000,0.000000,0.194462,0.000609,0.005538,-0.000609,1.944407,1.945016,1.008650,0.724539,0.000000
10.591921,0.200000,0.000000,0.194466,0.000607,0.005534,-0.000607,1.944442,1.945049,1.008834,0.727645,0.000000
10.607921,0.200000,0.000000,0.194469,0.000605,0.005531,-0.000605,1.944478,1.945082,1.009017,0.730751,0.000000
10.623920,0.200000,0.000000,0.194472,0.000602,0.005528,-0.000602,1.944512,1.945116,1.009200,0.733857,0.000000
10.639920,0.200000,0.000000,0.194476,0.000601,0.005524,-0.000601,1.944548,1.945149,1.009383,0.736964,0.000000
10.655920,0.200000,0.000000,0.194479,0.000598,0.005521,-0.000598,1.944583,1.945182,1.009567,0.740070,0.000000
10.671920,0.200000,0.000000,0.194483,0.000596,0.005517,-0.000596,1.944618,1.945215,1.009750,0.743176,0.000000
10.687920,0.200000,0.000000,0.194486,0.000594,0.005514,-0.000594,1.944654,1.945248,1.009933,0.746283,0.000000
10.703919,0.200000,0.000000,0.194489,0.000592,0.005511,-0.000592,1.944689,1.945281,1.010116,0.749389,0.000000
10.719919,0.200000,0.000000,0.194493,0.000591,0.005507,-0.000591,1.944724,1.945314,1.010299,0.752496,0.000000
10.735919,0.200000,0.000000,0.194496,0.000588,0.005504,-0.000588,1.944759,1.945347,1.010482,0.755602,0.000000
10.751919,0.200000,0.000000,0.194500,0.000586,0.005500,-0.000586,1.944794,1.945380,1.010665,0.758709,0.000000
10.767919,0.200000,0.000000,0.194503,0.000583,0.005497,-0.000583,1.944829,1.945413,1.010848,0.761815,0.000000
10.783918,0.200000,0.000000,0.194507,0.000582,0.005493,-0.000582,1.944864,1.945446,1.011031,0.764922,0.000000
10.799918,0.200000,0.000000,0.194510,0.000579,0.005490,-0.000579,1.944899,1.945479,1.011214,0.768029,0.000000
10.815918,0.200000,0.000000,0.194513,0.000578,0.005487,-0.000578,1.944934,1.945512,1.011397,0.771136,0.000000
10.831918,0.200000,0.000000,0.194517,0.000575,0.005483,-0.000575,1.944969,1.945545,1.011580,0.774243,0.000000
10.847918,0.200000,0.000000,0.194520,0.000574,0.005480,-0.000574,1.945004,1.945578,1.011763,0.777350,0.000000
10.863917,0.200000,0.000000,0.194524,0.000571,0.005476,-0.000571,1.945039,1.945611,1.011946,0.780457,0.000000
10.879917,0.200000,0.000000,0.194527,0.000570,0.005473,-0.000570,1.945074,1.945644,1.012128,0.783564,0.000000
10.895917,0.200000,0.000000,0.194530,0.000567,0.005470,-0.000567,1.945109,1.945677,1.012311,0.786671,0.000000
10.911917,0.200000,0.000000,0.194534,0.000566,0.005466,-0.000566,1.945144,1.945709,1.012494,0.789778,0.000000
10.927917,0.200000,0.000000,0.194537,0.000563,0.005463,-0.000563,1.945178,1.945742,1.012677,0.792885,0.000000
10.943916,0.200000,0.000000,0.194540,0.000562,0.005460,-0.000562,1.945213,1.945775,1.012859,0.795992,0.000000
10.959916,0.200000,0.000000,0.194544,0.000560,0.005456,-0.000560,1.945248,1.945808,1.013042,0.799100,0.000000
10.975916,0.200000,0.000000,0.194547,0.000558,0.005453,-0.000558,1.945283,1.945841,1.013224,0.802207,0.000000
10.991916,0.200000,0.000000,0.194551,0.000556,0.005449,-0.000556,1.945318,1.945873,1.013407,0.805315,0.000000
11.007915,0.200000,0.000000,0.194554,0.000554,0.005446,-0.000554,1.945352,1.945906,1.013590,0.808422,0.000000
11.023915,0.200000,0.000000,0.194557,0.000552,0.005443,-0.000552,1.945387,1.945939,1.013772,0.811530,0.000000
11.039915,0.200000,0.000000,0.194561,0.000550,0.005439,-0.000550,1.945422,1.945972,1.013955,0.814637,0.000000
11.055915,0.200000,0.000000,0.194564,0.000548,0.005436,-0.000548,1.945457,1.946004,1.014137,0.817745,0.000000
11.071915,0.200000,0.000000,0.194567,0.000546,0.005433,-0.000546,1.945491,1.946037,1.014320,0.820853,0.000000
11.087914,0.200000,0.000000,0.194571,0.000544,0.005429,-0.000544,1.945526,1.946069,1.014502,0.823960,0.000000
11.103914,0.200000,0.000000,0.194574,0.000542,0.005426,-0.000542,1.945560,1.946102,1.014684,0.827068,0.000000
11.119914,0.200000,0.000000,0.194578,0.000540,0.005422,-0.000540,1.945595,1.946135,1.014867,0.830176,0.000000
11.135914,0.200000,0.000000,0.194581,0.000538,0.005419,-0.000538,1.945629,1.946168,1.015049,0.833284,0.000000
11.151914,0.200000,0.000000,0.194584,0.000536,0.005416,-0.000536,1.945664,1.946200,1.015232,0.836392,0.000000
11.167913,0.200000,0.000000,0.194588,0.000534,0.005412,-0.000534,1.945698,1.946233,1.015414,0.839500,0.000000
11.183913,0.200000,0.000000,0.194591,0.000532,0.005409,-0.000532,1.945733,1.946265,1.015596,0.842608,0.000000
11.199913,0.200000,0.000000,0.194594,0.000530,0.005406,-0.000530,1.945767,1.946298,1.015778,0.845716,0.000000
11.215913,0.200000,0.000000,0.194598,0.000529,0.005402,-0.000529,1.945802,1.946330,1.015961,0.848825,0.000000
11.231913,0.200000,0.000000,0.194601,0.000527,0.005399,-0.000527,1.945836,1.946363,1.016143,0.851933,0.000000
11.247912,0.200000,0.000000,0.194604,0.000525,0.005396,-0.000525,1.945870,1.946396,1.016325,0.855041,0.000000
11.263912,0.200000,0.000000,0.194608,0.000523,0.005392,-0.000523,1.945905,1.946428,1.016507,0.858150,0.000000
11.279912,0.200000,0.000000,0.194611,0.000521,0.005389,-0.000521,1.945939,1.946460,1.016689,0.861258,0.000000
11.295912,0.200000,0.000000,0.194614,0.000520,0.005386,-0.000520,1.945974,1.946493,1.016871,0.864367,0.000000
11.311912,0.200000,0.000000,0.194618,0.000517,0.005382,-0.000517,1.946007,1.946525,1.017053,0.867475,0.000000
11.327911,0.200000,0.000000,0.194621,0.000516,0.005379,-0.000516,1.946042,1.946558,1.017235,0.870584,0.000000
11.343911,0.200000,0.000000,0.194624,0.000513,0.005376,-0.000513,1.946076,1.946590,1.017417,0.873693,0.000000
11.359911,0.200000,0.000000,0.194628,0.000512,0.005372,-0.000512,1.946110,1.946622,1.017599,0.876801,0.000000
11.375911,0.200000,0.000000,0.194631,0.000510,0.005369,-0.000510,1.946144,1.946655,1.017781,0.879910,0.000000
11.391911,0.200000,0.000000,0.194634,0.000509,0.005366,-0.000509,1.946179,1.946687,1.017963,0.883019,0.000000
11.407910,0.200000,0.000000,0.194638,0.000506,0.005362,-0.000506,1.946213,1.946720,1.018145,0.886128,0.000000
11.423910,0.200000,0.000000,0.194641,0.000505,0.005359,-0.000505,1.946247,1.946752,1.018327,0.889237,0.000000
11.439910,0.200000,0.000000,0.194644,0.000503,0.005356,-0.000503,1.946281,1.946784,1.018509,0.892346,0.000000
11.455910,0.200000,0.000000,0.194648,0.000501,0.005352,-0.000501,1.946315,1.946816,1.018691,0.895455,0.000000
11.471910,0.200000,0.000000,0.194651,0.000499,0.005349,-0.000499,1.946349,1.946849,1.018873,0.898564,0.000000
11.487909,0.200000,0.000000,0.194654,0.000498,0.005346,-0.000498,1.946383,1.946881,1.019055,0.901673,0.000000
11.503909,0.200000,0.000000,0.194658,0.000496,0.005342,-0.000496,1.946417,1.946913,1.019236,0.904782,0.000000
11.519909,0.200000,0.000000,0.194661,0.000494,0.005339,-0.000494,1.946451,1.946945,1.019418,0.907891,0.000000
11.535909,0.200000,0.000000,0.194664,0.000492,0.005336,-0.000492,1.946485,1.946978,1.019600,0.911001,0.000000
11.551908,0.200000,0.000000,0.194668,0.000491,0.005332,-0.000491,1.946519,1.947010,1.019782,0.914110,0.000000
11.567908,0.200000,0.000000,0.194671,0.000489,0.005329,-0.000489,1.946553,1.947042,1.019963,0.917220,0.000000
11.583908,0.200000,0.000000,0.194674,0.000487,0.005326,-0.000487,1.946587,1.947074,1.020145,0.920329,0.000000
11.599908,0.200000,0.000000,0.194677,0.000485,0.005323,-0.000485,1.946621,1.947106,1.020327,0.923439,0.000000
11.615908,0.200000,0.000000,0.194681,0.000484,0.005319,-0.000484,1.946655,1.947138,1.020508,0.926548,0.000000
11.631907,0.200000,0.000000,0.194684,0.000482,0.005316,-0.000482,1.946688,1.947171,1.020690,0.929658,0.000000
11.647907,0.200000,0.000000,0.194687,0.000481,0.005313,-0.000481,1.946722,1.947203,1.020871,0.932768,0.000000
11.663907,0.200000,0.000000,0.194691,0.000478,0.005309,-0.000478,1.946756,1.947235,1.021053,0.935877,0.000000
11.679907,0.200000,0.000000,0.194694,0.000477,0.005306,-0.000477,1.946790,1.947267,1.021234,0.938987,0.000000
11.695907,0.200000,0.000000,0.194697,0.000475,0.005303,-0.000475,1.946823,1.947299,1.021416,0.942097,0.000000
11.711906,0.200000,0.000000,0.194701,0.000474,0.005299,-0.000474,1.946857,1.947331,1.021597,0.945207,0.000000
11.727906,0.200000,0.000000,0.194704,0.000472,0.005296,-0.000472,1.946891,1.947363,1.021779,0.948317,0.000000
11.743906,0.200000,0.000000,0.194707,0.000470,0.005293,-0.000470,1.946925,1.947395,1.021960,0.951427,0.000000
11.759906,0.200000,0.000000,0.194710,0.000468,0.005290,-0.000468,1.946958,1.947427,1.022142,0.954537,0.000000
11.775906,0.200000,0.000000,0.194714,0.000467,0.005286,-0.000467,1.946992,1.947459,1.022323,0.957647,0.000000
11.791905,0.200000,0.000000,0.194717,0.000465,0.005283,-0.000465,1.947025,1.947491,1.022504,0.960757,0.000000
11.807905,0.000000,0.000000,0.194720,0.000464,-0.194720,-0.000464,-0.130221,-0.129757,1.022686,0.963868,0.000000
11.823905,0.000000,0.000000,0.040297,0.000463,-0.040297,-0.000463,0.061777,0.062238,1.022679,0.964512,0.000000
11.839905,0.000000,0.000000,0.005803,0.000461,-0.005803,-0.000461,0.038792,0.039252,1.022684,0.964605,0.000000
11.855905,0.000000,0.000000,0.003069,0.000460,-0.003069,-0.000460,0.037225,0.037682,1.022687,0.964654,0.000000
11.871904,0.000000,0.000000,0.003029,0.000458,-0.003029,-0.000458,0.034353,0.034810,1.022689,0.964702,0.000000
11.887904,0.000000,0.000000,0.002886,0.000457,-0.002886,-0.000457,0.032200,0.032654,1.022692,0.964748,0.000000
11.903904,0.000000,0.000000,0.002783,0.000455,-0.002783,-0.000455,0.030453,0.030907,1.022694,0.964793,0.000000
11.919904,0.000000,0.000000,0.002699,0.000453,-0.002699,-0.000453,0.029050,0.029502,1.022697,0.964836,0.000000
11.935904,0.000000,0.000000,0.002630,0.000451,-0.002630,-0.000451,0.027921,0.028371,1.022699,0.964878,0.000000
11.951903,0.000000,0.000000,0.002575,0.000450,-0.002575,-0.000450,0.027012,0.027460,1.022702,0.964919,0.000000
11.967903,0.000000,0.000000,0.002531,0.000448,-0.002531,-0.000448,0.026279,0.026726,1.022704,0.964960,0.000000
11.983903,0.000000,0.000000,0.002495,0.000447,-0.002495,-0.000447,0.025689,0.026134,1.022706,0.964999,0.000000
11.999903,0.000000,0.000000,0.002465,0.000445,-0.002465,-0.000445,0.025212,0.025656,1.022708,0.965039,0.000000
12.015903,0.000000,0.000000,0.002442,0.000444,-0.002442,-0.000444,0.024827,0.025269,1.022710,0.965078,0.000000
12.031902,0.000000,0.000000,0.002422,0.000442,-0.002422,-0.000442,0.024515,0.024955,1.022713,0.965117,0.000000
12.047902,0.000000,0.000000,0.002406,0.000440,-0.002406,-0.000440,0.024262,0.024701,1.022715,0.965155,0.000000
12.063902,0.000000,0.000000,0.002393,0.000439,-0.002393,-0.000439,0.024056,0.024493,1.022717,0.965193,0.000000
12.079902,0.000000,0.000000,0.002382,0.000437,-0.002382,-0.000437,0.023888,0.024324,1.022719,0.965231,0.000000
12.095901,0.000000,0.000000,0.002373,0.000436,-0.002373,-0.000436,0.023751,0.024185,1.022721,0.965269,0.000000
12.111901,0.000000,0.000000,0.002366,0.000434,-0.002366,-0.000434,0.023638,0.024071,1.022723,0.965307,0.000000
12.127901,0.000000,0.000000,0.002360,0.000433,-0.002360,-0.000433,0.023545,0.023977,1.022725,0.965345,0.000000
12.143901,0.000000,0.000000,0.002354,0.000431,-0.002354,-0.000431,0.023468,0.023898,1.022728,0.965382,0.000000
12.159901,0.000000,0.000000,0.002350,0.000430,-0.002350,-0.000430,0.023403,0.023831,1.022730,0.965420,0.000000
12.175900,0.000000,0.000000,0.002346,0.000428,-0.002346,-0.000428,0.023349,0.023775,1.022732,0.965457,0.000000
12.191900,0.000000,0.000000,0.002342,0.000427,-0.002342,-0.000427,0.023303,0.023728,1.022734,0.965495,0.000000
12.207900,0.000000,0.000000,0.002339,0.000425,-0.002339,-0.000425,0.023263,0.023686,1.022736,0.965532,0.000000
12.223900,0.000000,0.000000,0.002336,0.000424,-0.002336,-0.000424,0.023228,0.023650,1.022738,0.965569,0.000000
12.239900,0.000000,0.000000,0.002334,0.000422,-0.002334,-0.000422,0.023198,0.023619,1.022740,0.965607,0.000000
12.255899,0.000000,0.000000,0.002332,0.000421,-0.002332,-0.000421,0.023171,0.023590,1.022742,0.965644,0.000000
12.271899,0.000000,0.000000,0.002330,0.000419,-0.002330,-0.000419,0.023147,0.023565,1.022744,0.965681,0.000000
12.287899,0.000000,0.000000,0.002328,0.000418,-0.002328,-0.000418,0.023125,0.023541,1.022746,0.965718,0.000000
12.303899,0.000000,2.000000,0.002326,0.000416,-0.002326,1.999584,-1.771295,1.817919,1.022749,0.965755,0.000000
12.319899,0.000000,2.000000,0.002328,3.585046,-0.002328,-1.585046,-0.332383,0.378984,1.022751,0.965793,0.000000
12.335898,0.000000,2.000000,0.001648,0.711345,-0.001648,1.288655,-1.486014,1.532561,1.022753,0.965819,0.000000
12.351898,0.000000,2.000000,0.001642,3.015770,-0.001642,-1.015770,-0.561003,0.607531,1.022755,0.965845,0.000000
12.367898,0.000000,2.000000,0.000366,1.168407,-0.000366,0.831593,-1.302633,1.349113,1.022757,0.965851,0.000000
12.383898,0.000000,2.000000,0.000369,2.649621,-0.000369,-0.649621,-0.708077,0.754540,1.022759,0.965856,0.000000
12.399898,0.000000,2.000000,0.002307,1.462353,-0.002307,0.537647,-1.184728,1.231145,1.022761,0.965893,0.000000
12.415897,0.000000,2.000000,0.002325,2.414120,-0.002325,-0.414120,-0.802703,0.849105,1.022763,0.965930,0.000000
12.431897,0.000000,2.000000,0.002331,1.651418,-0.002331,0.348582,-1.108922,1.155280,1.022764,0.965967,0.000000
12.447897,0.000000,2.000000,0.002323,2.262777,-0.002323,-0.262777,-0.863544,0.909888,1.022764,0.966004,0.000000
12.463897,0.000000,2.000000,0.002307,1.772925,-0.002307,0.227075,-1.060233,1.106535,1.022762,0.966041,0.000000
12.479897,0.000000,2.000000,0.002299,2.165545,-0.002299,-0.165545,-0.902662,0.948950,1.022759,0.966078,0.000000
12.495896,0.000000,2.000000,0.002286,1.850961,-0.002286,0.149039,-1.028991,1.075242,1.022754,0.966114,0.000000
12.511896,0.000000,2.000000,0.002277,2.102992,-0.002277,-0.102992,-0.927852,0.974097,1.022748,0.966150,0.000000
12.527896,0.000000,2.000000,0.002267,1.900900,-0.002267,0.099100,-1.009015,1.055241,1.022741,0.966186,0.000000
12.543896,0.000000,2.000000,0.002259,2.061566,-0.002259,-0.061566,-0.944501,0.990829,1.022732,0.966221,0.000000
12.559896,0.000000,2.000000,0.002256,1.962046,-0.002256,0.037954,-0.985812,1.029377,1.022723,0.966256,0.000000
12.575895,0.000000,2.000000,0.002112,1.992923,-0.002112,0.007077,-0.971069,1.019464,1.022713,0.966288,0.000000
12.591895,0.000000,2.000000,0.002340,1.988621,-0.002340,0.011379,-0.974040,1.020007,1.022700,0.966323,0.000000
12.607895,0.000000,2.000000,0.002218,1.992902,-0.002218,0.007098,-0.972286,1.018381,1.022687,0.966356,0.000000
12.623895,0.000000,2.000000,0.002214,1.989737,-0.002214,0.010263,-0.973616,1.019649,1.022673,0.966389,0.000000
12.639894,0.000000,2.000000,0.002204,1.992419,-0.002204,0.007581,-0.972583,1.018585,1.022658,0.966421,0.000000
12.655894,0.000000,2.000000,0.002195,1.990370,-0.002195,0.009630,-0.973449,1.019420,1.022642,0.966452,0.000000
12.671894,0.000000,2.000000,0.002185,1.992095,-0.002185,0.007905,-0.972799,1.018741,1.022625,0.966482,0.000000
12.687894,0.000000,2.000000,0.002176,1.990783,-0.002176,0.009217,-0.973367,1.019281,1.022608,0.966512,0.000000
12.703894,0.000000,2.000000,0.002166,1.991901,-0.002166,0.008099,-0.972960,1.018846,1.022589,0.966542,0.000000
12.719893,0.000000,2.000000,0.002155,1.991068,-0.002155,0.008932,-0.973335,1.019194,1.022569,0.966570,0.000000
12.735893,0.000000,2.000000,0.002144,1.991796,-0.002144,0.008204,-0.973084,1.018915,1.022549,0.966598,0.000000
12.751893,0.000000,2.000000,0.002133,1.991271,-0.002133,0.008729,-0.973335,1.019140,1.022528,0.966624,0.000000
12.767893,0.000000,2.000000,0.002121,1.991749,-0.002121,0.008251,-0.973184,1.018961,1.022506,0.966650,0.000000
12.783893,0.000000,2.000000,0.002108,1.991423,-0.002108,0.008577,-0.973356,1.019106,1.022483,0.966675,0.000000
12.799892,0.000000,2.000000,0.002094,1.991741,-0.002094,0.008259,-0.973269,1.018991,1.022460,0.966700,0.000000
12.815892,0.000000,2.000000,0.002080,1.991541,-0.002080,0.008459,-0.973389,1.019085,1.022437,0.966723,0.000000
12.831892,0.000000,2.000000,0.002064,1.991756,-0.002064,0.008244,-0.973343,1.019012,1.022412,0.966745,0.000000
12.847892,0.000000,2.000000,0.002047,1.991639,-0.002047,0.008361,-0.973430,1.019072,1.022387,0.966767,0.000000
12.863892,0.000000,2.000000,0.002029,1.991786,-0.002029,0.008214,-0.973411,1.019026,1.022362,0.966787,0.000000
12.879891,0.000000,2.000000,0.002009,1.991722,-0.002009,0.008278,-0.973477,1.019064,1.022337,0.966807,0.000000
12.895891,0.000000,2.000000,0.001987,1.991827,-0.001987,0.008173,-0.973474,1.019035,1.022311,0.966825,0.000000
12.911891,0.000000,2.000000,0.001963,1.991796,-0.001963,0.008204,-0.973527,1.019060,1.022285,0.966843,0.000000
12.927891,0.000000,2.000000,0.001936,1.991874,-0.001936,0.008126,-0.973535,1.019042,1.022258,0.966859,0.000000
12.943891,0.000000,2.000000,0.001908,1.991864,-0.001908,0.008136,-0.973578,1.019058,1.022232,0.966874,0.000000
12.959890,0.000000,2.000000,0.001882,1.991924,-0.001882,0.008076,-0.973593,1.019046,1.022206,0.966889,0.000000
12.975890,0.000000,2.000000,0.001858,1.991928,-0.001858,0.008072,-0.973631,1.019057,1.022179,0.966902,0.000000
12.991890,0.000000,2.000000,0.001836,1.991977,-0.001836,0.008023,-0.973651,1.019050,1.022152,0.966914,0.000000
13.007890,0.000000,2.000000,0.001815,1.991989,-0.001815,0.008011,-0.973685,1.019057,1.022125,0.966925,0.000000
13.023890,0.000000,2.000000,0.001797,1.992031,-0.001797,0.007969,-0.973707,1.019052,1.022098,0.966935,0.000000
13.039889,0.000000,2.000000,0.001781,1.992049,-0.001781,0.007951,-0.973739,1.019057,1.022071,0.966944,0.000000
13.055889,0.000000,2.000000,0.002098,1.992083,-0.002098,0.007917,-0.973764,1.019056,1.022039,0.966952,0.000000
13.071889,0.000000,2.000000,0.002303,1.992105,-0.002303,0.007895,-0.973794,1.019058,1.022003,0.966961,0.000000
13.087889,0.000000,0.000000,0.002308,1.992138,-0.002308,-1.992138,0.820581,-0.775343,1.021967,0.966970,0.000000
13.103889,0.000000,0.000000,0.000315,-1.595572,-0.000315,1.595572,-0.619622,0.664834,1.021966,0.966969,0.000000
13.119888,0.000000,0.000000,0.000039,1.284372,-0.000039,-1.284372,0.536451,-0.491268,1.021966,0.966969,0.000000
13.135888,0.000000,0.000000,0.000159,-1.027675,-0.000159,1.027675,-0.391670,0.436826,1.021966,0.966969,0.000000
13.151888,0.000000,0.000000,0.000041,0.828506,-0.000041,-0.828506,0.353440,-0.308312,1.021966,0.966969,0.000000
13.167888,0.000000,0.000000,0.000088,-0.661774,-0.000088,0.661774,-0.244803,0.289905,1.021967,0.966968,0.000000
13.183887,0.000000,0.000000,0.000075,0.534732,-0.000075,-0.534732,0.235497,-0.190423,1.021967,0.966970,0.000000
13.199887,0.000000,0.000000,0.002199,-0.425942,-0.002199,0.425942,-0.150149,0.195196,1.021932,0.966973,0.000000
13.215887,0.000000,0.000000,0.002226,0.345361,-0.002226,-0.345361,0.159464,-0.114443,1.021896,0.966977,0.000000
13.231887,0.000000,0.000000,0.001726,-0.273918,-0.001726,0.273918,-0.089138,0.134132,1.021869,0.966981,0.000000
13.247887,0.000000,0.000000,0.001370,0.223277,-0.001370,-0.223277,0.110441,-0.065474,1.021848,0.966985,0.000000
13.263886,0.000000,0.000000,0.001022,-0.175920,-0.001022,0.175920,-0.049814,0.094754,1.021832,0.966990,0.000000
13.279886,0.000000,0.000000,0.000790,0.144570,-0.000790,-0.144570,0.078832,-0.033918,1.021820,0.966994,0.000000
13.295886,0.000000,0.000000,0.000581,-0.112751,-0.000581,0.112751,-0.024471,0.069358,1.021811,0.966998,0.000000
13.311886,0.000000,0.000000,0.000449,0.093830,-0.000449,-0.093830,0.058448,-0.013588,1.021806,0.967002,0.000000
13.327886,0.000000,0.000000,0.000337,-0.072036,-0.000337,0.072036,-0.008142,0.052976,1.021802,0.967006,0.000000
13.343885,0.000000,0.000000,0.000288,0.061118,-0.000288,-0.061118,0.045302,-0.000495,1.021800,0.967010,0.000000
13.359885,0.000000,0.000000,0.000100,-0.045797,-0.000100,0.045797,0.002376,0.042404,1.021800,0.967012,0.000000
13.375885,0.000000,0.000000,0.000329,0.040028,-0.000329,-0.040028,0.036821,0.007933,1.021795,0.967013,0.000000
13.391885,0.000000,0.000000,0.000887,-0.028888,-0.000887,0.028888,0.009149,0.035579,1.021781,0.967015,0.000000
13.407885,0.000000,0.000000,0.001070,0.026429,-0.001070,-0.026429,0.031347,0.013354,1.021764,0.967018,0.000000
13.423884,0.000000,0.000000,0.001497,-0.017993,-0.001497,0.017993,0.013508,0.031167,1.021740,0.967021,0.000000
13.439884,0.000000,0.000000,0.001548,0.017660,-0.001548,-0.017660,0.027812,0.016837,1.021715,0.967024,0.000000
13.455884,0.000000,0.000000,0.001887,-0.010975,-0.001887,0.010975,0.016310,0.028312,1.021685,0.967028,0.000000
13.471884,0.000000,0.000000,0.001854,0.012003,-0.001854,-0.012003,0.025526,0.019070,1.021656,0.967032,0.000000
13.487884,0.000000,0.000000,0.002117,-0.006456,-0.002117,0.006456,0.018108,0.026461,1.021622,0.967036,0.000000
13.503883,0.000000,0.000000,0.002037,0.008352,-0.002037,-0.008352,0.024045,0.020497,1.021590,0.967041,0.000000
13.519883,0.000000,0.000000,0.002204,-0.003548,-0.002204,0.003548,0.019261,0.025255,1.021555,0.967045,0.000000
13.535883,0.000000,0.000000,0.002147,0.005994,-0.002147,-0.005994,0.023084,0.021406,1.021521,0.967049,0.000000
13.551883,0.000000,0.000000,0.002214,-0.001678,-0.002214,0.001678,0.019996,0.024467,1.021486,0.967053,0.000000
13.567883,0.000000,0.000000,0.002200,0.004471,-0.002200,-0.004471,0.022457,0.021980,1.021451,0.967057,0.000000
13.583882,0.000000,0.000000,0.002216,-0.000476,-0.002216,0.000476,0.020463,0.023948,1.021416,0.967061,0.000000
13.599882,0.200000,0.000000,0.002201,0.003484,0.197799,-0.003484,2.099325,2.099619,1.021381,0.967065,0.000000
13.615882,0.200000,0.000000,0.057893,0.000292,0.142107,-0.000292,1.906131,1.908976,1.020536,0.967445,0.000000
13.631882,0.200000,0.000000,0.106759,0.002835,0.093241,-0.002835,1.930083,1.930876,1.018867,0.967810,0.000000
13.647882,0.200000,0.000000,0.157285,0.000790,0.042715,-0.000790,1.930871,1.933295,1.016378,0.968179,0.000000
13.663881,0.200000,0.000000,0.193030,0.002415,0.006970,-0.002415,1.934420,1.935529,1.013311,0.968548,0.000000
13.679881,0.200000,0.000000,0.193959,0.001104,0.006041,-0.001104,1.936075,1.938225,1.010230,0.968917,0.000000
13.695881,0.200000,0.000000,0.194090,0.002142,0.005910,-0.002142,1.938265,1.939571,1.007147,0.969287,0.000000
13.711881,0.200000,0.000000,0.194194,0.001301,0.005806,-0.001301,1.939357,1.941327,1.004062,0.969656,0.000000
13.727880,0.200000,0.000000,0.194271,0.001963,0.005729,-0.001963,1.940777,1.942206,1.000976,0.970026,0.000000
13.743880,0.200000,0.000000,0.194340,0.001423,0.005660,-0.001423,1.941496,1.943347,0.997888,0.970396,0.000000
13.759880,0.200000,0.000000,0.194391,0.001844,0.005609,-0.001844,1.942423,1.943925,0.994800,0.970766,0.000000
13.775880,0.200000,0.000000,0.194436,0.001496,0.005564,-0.001496,1.942900,1.944671,0.991711,0.971135,0.000000
13.791880,0.200000,0.000000,0.194471,0.001765,0.005529,-0.001765,1.943510,1.945055,0.988622,0.971505,0.000000
13.807879,0.200000,0.000000,0.194501,0.001539,0.005499,-0.001539,1.943830,1.945546,0.985532,0.971875,0.000000
13.823879,0.200000,0.000000,0.194524,0.001709,0.005476,-0.001709,1.944236,1.945805,0.982441,0.972245,0.000000
13.839879,0.200000,0.000000,0.194545,0.001563,0.005455,-0.001563,1.944456,1.946132,0.979351,0.972615,0.000000
13.855879,0.200000,0.000000,0.194562,0.001669,0.005438,-0.001669,1.944730,1.946310,0.976260,0.972984,0.000000
13.871879,0.200000,0.000000,0.194576,0.001574,0.005424,-0.001574,1.944885,1.946531,0.973168,0.973354,0.000000
13.887878,0.200000,0.000000,0.194588,0.001640,0.005412,-0.001640,1.945073,1.946657,0.970077,0.973723,0.000000
13.903878,0.200000,0.000000,0.194599,0.001577,0.005401,-0.001577,1.945186,1.946810,0.966985,0.974093,0.000000
13.919878,0.200000,0.000000,0.194608,0.001617,0.005392,-0.001617,1.945321,1.946902,0.963894,0.974462,0.000000
13.935878,0.200000,0.000000,0.194616,0.001575,0.005384,-0.001575,1.945406,1.947011,0.960802,0.974831,0.000000
13.951878,0.200000,0.000000,0.194623,0.001598,0.005377,-0.001598,1.945506,1.947081,0.957710,0.975200,0.000000
13.967877,0.200000,0.000000,0.194629,0.001569,0.005371,-0.001569,1.945574,1.947162,0.954618,0.975570,0.000000
13.983877,0.200000,0.000000,0.194635,0.001582,0.005365,-0.001582,1.945650,1.947218,0.951525,0.975939,0.000000
13.999877,0.200000,0.000000,0.194640,0.001562,0.005360,-0.001562,1.945707,1.947282,0.948433,0.976308,0.000000
14.015877,0.200000,0.000000,0.194645,0.001568,0.005355,-0.001568,1.945769,1.947328,0.945341,0.976676,0.000000
14.031877,0.200000,0.000000,0.194649,0.001553,0.005351,-0.001553,1.945818,1.947380,0.942248,0.977045,0.000000
14.047876,0.200000,0.000000,0.194654,0.001555,0.005346,-0.001555,1.945871,1.947421,0.939156,0.977414,0.000000
14.063876,0.200000,0.000000,0.194658,0.001543,0.005342,-0.001543,1.945915,1.947465,0.936063,0.977783,0.000000
14.079876,0.200000,0.000000,0.194662,0.001543,0.005338,-0.001543,1.945962,1.947502,0.932970,0.978151,0.000000
14.095876,0.200000,0.000000,0.194666,0.001534,0.005334,-0.001534,1.946004,1.947541,0.929878,0.978520,0.000000
14.111876,0.200000,0.000000,0.194669,0.001531,0.005331,-0.001531,1.946046,1.947576,0.926785,0.978888,0.000000
14.127875,0.200000,0.000000,0.194673,0.001524,0.005327,-0.001524,1.946086,1.947612,0.923692,0.979256,0.000000
14.143875,0.200000,0.000000,0.194677,0.001520,0.005323,-0.001520,1.946126,1.947645,0.920599,0.979625,0.000000
14.159875,0.200000,0.000000,0.194680,0.001513,0.005320,-0.001513,1.946164,1.947679,0.917506,0.979993,0.000000
14.175875,0.200000,0.000000,0.194684,0.001509,0.005316,-0.001509,1.946202,1.947711,0.914413,0.980361,0.000000
14.191875,0.200000,0.000000,0.194687,0.001503,0.005313,-0.001503,1.946239,1.947743,0.911320,0.980729,0.000000
14.207874,0.200000,0.000000,0.194691,0.001498,0.005309,-0.001498,1.946277,1.947775,0.908226,0.981097,0.000000
14.223874,0.200000,0.000000,0.194694,0.001492,0.005306,-0.001492,1.946313,1.947807,0.905133,0.981465,0.000000
14.239874,0.200000,0.000000,0.194697,0.001488,0.005303,-0.001488,1.946350,1.947838,0.902040,0.981833,0.000000
14.255874,0.200000,0.000000,0.194701,0.001482,0.005299,-0.001482,1.946386,1.947869,0.898946,0.982200,0.000000
14.271873,0.200000,0.000000,0.194704,0.001477,0.005296,-0.001477,1.946422,1.947900,0.895853,0.982568,0.000000
14.287873,0.200000,0.000000,0.194707,0.001471,0.005293,-0.001471,1.946458,1.947930,0.892759,0.982936,0.000000
14.303873,0.200000,0.000000,0.194711,0.001466,0.005289,-0.001466,1.946494,1.947961,0.889666,0.983303,0.000000
14.319873,0.200000,0.000000,0.194714,0.001461,0.005286,-0.001461,1.946530,1.947991,0.886572,0.983671,0.000000
14.335873,0.200000,0.000000,0.194717,0.001456,0.005283,-0.001456,1.946565,1.948022,0.883478,0.984038,0.000000
14.351872,0.200000,0.000000,0.194721,0.001451,0.005279,-0.001451,1.946601,1.948052,0.880384,0.984405,0.000000
14.367872,0.200000,0.000000,0.194724,0.001446,0.005276,-0.001446,1.946636,1.948082,0.877290,0.984772,0.000000
14.383872,0.200000,0.000000,0.194727,0.001440,0.005273,-0.001440,1.946672,1.948113,0.874196,0.985140,0.000000
14.399872,0.200000,0.000000,0.194731,0.001436,0.005269,-0.001436,1.946707,1.948143,0.871102,0.985507,0.000000
14.415872,0.200000,0.000000,0.194734,0.001430,0.005266,-0.001430,1.946742,1.948173,0.868008,0.985874,0.000000
14.431871,0.200000,0.000000,0.194737,0.001425,0.005263,-0.001425,1.946778,1.948203,0.864914,0.986241,0.000000
14.447871,0.200000,0.000000,0.194741,0.001420,0.005259,-0.001420,1.946813,1.948234,0.861820,0.986607,0.000000
14.463871,0.200000,0.000000,0.194744,0.001415,0.005256,-0.001415,1.946848,1.948264,0.858726,0.986974,0.000000
14.479871,0.200000,0.000000,0.194747,0.001410,0.005253,-0.001410,1.946883,1.948294,0.855632,0.987341,0.000000
14.495871,0.200000,0.000000,0.194750,0.001405,0.005250,-0.001405,1.946918,1.948324,0.852537,0.987708,0.000000
14.511870,0.200000,0.000000,0.194754,0.001401,0.005246,-0.001401,1.946953,1.948354,0.849443,0.988074,0.000000
14.527870,0.200000,0.000000,0.194757,0.001395,0.005243,-0.001395,1.946988,1.948384,0.846348,0.988441,0.000000
14.543870,0.200000,0.000000,0.194760,0.001391,0.005240,-0.001391,1.947023,1.948414,0.843254,0.988807,0.000000
14.559870,0.200000,0.000000,0.194764,0.001385,0.005236,-0.001385,1.947058,1.948444,0.840159,0.989173,0.000000
14.575870,0.200000,0.000000,0.194767,0.001380,0.005233,-0.001380,1.947093,1.948474,0.837065,0.989540,0.000000
14.591869,0.200000,0.000000,0.194770,0.001376,0.005230,-0.001376,1.947128,1.948504,0.833970,0.989906,0.000000
14.607869,0.200000,0.000000,0.194773,0.001371,0.005227,-0.001371,1.947163,1.948534,0.830875,0.990272,0.000000
14.623869,0.200000,0.000000,0.194777,0.001366,0.005223,-0.001366,1.947198,1.948564,0.827780,0.990638,0.000000
14.639869,0.200000,0.000000,0.194780,0.001361,0.005220,-0.001361,1.947232,1.948594,0.824685,0.991004,0.000000
14.655869,0.200000,0.000000,0.194783,0.001357,0.005217,-0.001357,1.947268,1.948624,0.821590,0.991370,0.000000
14.671868,0.200000,0.000000,0.194786,0.001351,0.005214,-0.001351,1.947302,1.948654,0.818495,0.991736,0.000000
14.687868,0.200000,0.000000,0.194790,0.001347,0.005210,-0.001347,1.947337,1.948684,0.815400,0.992102,0.000000
14.703868,0.200000,0.000000,0.194793,0.001342,0.005207,-0.001342,1.947371,1.948714,0.812305,0.992468,0.000000
14.719868,0.200000,0.000000,0.194796,0.001337,0.005204,-0.001337,1.947406,1.948744,0.809210,0.992833,0.000000
14.735868,0.200000,0.000000,0.194800,0.001332,0.005200,-0.001332,1.947441,1.948774,0.806115,0.993199,0.000000
14.751867,0.200000,0.000000,0.194803,0.001328,0.005197,-0.001328,1.947475,1.948804,0.803019,0.993565,0.000000
14.767867,0.200000,0.000000,0.194806,0.001323,0.005194,-0.001323,1.947510,1.948833,0.799924,0.993930,0.000000
14.783867,0.200000,0.000000,0.194809,0.001318,0.005191,-0.001318,1.947545,1.948863,0.796828,0.994295,0.000000
14.799867,0.200000,0.000000,0.194813,0.001314,0.005187,-0.001314,1.947579,1.948893,0.793733,0.994661,0.000000
14.815866,0.200000,0.000000,0.194816,0.001309,0.005184,-0.001309,1.947614,1.948923,0.790637,0.995026,0.000000
14.831866,0.200000,0.000000,0.194819,0.001304,0.005181,-0.001304,1.947648,1.948953,0.787542,0.995391,0.000000
14.847866,0.200000,0.000000,0.194822,0.001300,0.005178,-0.001300,1.947683,1.948982,0.784446,0.995757,0.000000
14.863866,0.200000,0.000000,0.194825,0.001295,0.005175,-0.001295,1.947717,1.949013,0.781350,0.996122,0.000000
14.879866,0.200000,0.000000,0.194829,0.001291,0.005171,-0.001291,1.947752,1.949042,0.778254,0.996487,0.000000
14.895865,0.200000,0.000000,0.194832,0.001286,0.005168,-0.001286,1.947786,1.949072,0.775158,0.996852,0.000000
14.911865,0.200000,0.000000,0.194835,0.001281,0.005165,-0.001281,1.947820,1.949102,0.772063,0.997217,0.000000
14.927865,0.200000,0.000000,0.194838,0.001276,0.005162,-0.001276,1.947854,1.949132,0.768967,0.997581,0.000000
14.943865,0.200000,0.000000,0.194842,0.001272,0.005158,-0.001272,1.947889,1.949161,0.765871,0.997946,0.000000
14.959865,0.200000,0.000000,0.194845,0.001268,0.005155,-0.001268,1.947923,1.949191,0.762774,0.998311,0.000000
14.975864,0.200000,0.000000,0.194848,0.001263,0.005152,-0.001263,1.947957,1.949221,0.759678,0.998676,0.000000
14.991864,0.200000,0.000000,0.194851,0.001259,0.005149,-0.001259,1.947991,1.949251,0.756582,0.999040,0.000000
15.007864,0.200000,0.000000,0.194855,0.001254,0.005145,-0.001254,1.948025,1.949280,0.753486,0.999405,0.000000
15.023864,0.200000,0.000000,0.194858,0.001250,0.005142,-0.001250,1.948060,1.949310,0.750389,0.999769,0.000000
15.039864,0.200000,0.000000,0.194861,0.001245,0.005139,-0.001245,1.948094,1.949340,0.747293,1.000134,0.000000
15.055863,0.200000,0.000000,0.194864,0.001241,0.005136,-0.001241,1.948128,1.949369,0.744196,1.000498,0.000000
15.071863,0.200000,0.000000,0.194867,0.001237,0.005133,-0.001237,1.948162,1.949399,0.741100,1.000862,0.000000
15.087863,0.200000,0.000000,0.194871,0.001232,0.005129,-0.001232,1.948196,1.949429,0.738003,1.001226,0.000000
15.103863,0.200000,0.000000,0.194874,0.001228,0.005126,-0.001228,1.948230,1.949458,0.734907,1.001591,0.000000
15.119863,0.200000,0.000000,0.194877,0.001224,0.005123,-0.001224,1.948264,1.949488,0.731810,1.001955,0.000000
15.135862,0.200000,0.000000,0.194880,0.001219,0.005120,-0.001219,1.948298,1.949518,0.728713,1.002319,0.000000
15.151862,0.200000,0.000000,0.194883,0.001215,0.005117,-0.001215,1.948332,1.949547,0.725616,1.002683,0.000000
15.167862,0.200000,0.000000,0.194887,0.001210,0.005113,-0.001210,1.948366,1.949577,0.722520,1.003047,0.000000
15.183862,0.200000,0.000000,0.194890,0.001207,0.005110,-0.001207,1.948400,1.949606,0.719423,1.003410,0.000000
15.199862,0.200000,0.000000,0.194893,0.001202,0.005107,-0.001202,1.948434,1.949636,0.716326,1.003774,0.000000
15.215861,0.200000,0.000000,0.194896,0.001198,0.005104,-0.001198,1.948468,1.949666,0.713229,1.004138,0.000000
15.231861,0.200000,0.000000,0.194899,0.001193,0.005101,-0.001193,1.948501,1.949695,0.710131,1.004502,0.000000
15.247861,0.200000,0.000000,0.194903,0.001189,0.005097,-0.001189,1.948535,1.949725,0.707034,1.004865,0.000000
15.263861,0.200000,0.000000,0.194906,0.001185,0.005094,-0.001185,1.948569,1.949754,0.703937,1.005229,0.000000
15.279860,0.200000,0.000000,0.194909,0.001181,0.005091,-0.001181,1.948603,1.949784,0.700840,1.005592,0.000000
15.295860,0.200000,0.000000,0.194912,0.001177,0.005088,-0.001177,1.948636,1.949813,0.697742,1.005956,0.000000
15.311860,0.200000,0.000000,0.194915,0.001173,0.005085,-0.001173,1.948670,1.949843,0.694645,1.006319,0.000000
15.327860,0.200000,0.000000,0.194919,0.001168,0.005081,-0.001168,1.948704,1.949872,0.691548,1.006683,0.000000
15.343860,0.200000,0.000000,0.194922,0.001165,0.005078,-0.001165,1.948737,1.949902,0.688450,1.007046,0.000000
15.359859,0.200000,0.000000,0.194925,0.001160,0.005075,-0.001160,1.948771,1.949931,0.685353,1.007409,0.000000
15.375859,0.200000,0.000000,0.194928,0.001156,0.005072,-0.001156,1.948804,1.949961,0.682255,1.007772,0.000000
15.391859,0.200000,0.000000,0.194931,0.001152,0.005069,-0.001152,1.948838,1.949990,0.679157,1.008135,0.000000
15.407859,0.200000,0.000000,0.194934,0.001148,0.005066,-0.001148,1.948872,1.950019,0.676059,1.008498,0.000000
15.423859,0.200000,0.000000,0.194938,0.001143,0.005062,-0.001143,1.948905,1.950049,0.672962,1.008861,0.000000
15.439858,0.200000,0.000000,0.194941,0.001140,0.005059,-0.001140,1.948939,1.950078,0.669864,1.009224,0.000000
15.455858,0.200000,0.000000,0.194944,0.001135,0.005056,-0.001135,1.948972,1.950108,0.666766,1.009587,0.000000
15.471858,0.200000,0.000000,0.194947,0.001132,0.005053,-0.001132,1.949005,1.950137,0.663668,1.009950,0.000000
15.487858,0.200000,0.000000,0.194950,0.001127,0.005050,-0.001127,1.949039,1.950167,0.660570,1.010313,0.000000
15.503858,0.200000,0.000000,0.194953,0.001124,0.005047,-0.001124,1.949072,1.950196,0.657472,1.010676,0.000000
15.519857,0.200000,0.000000,0.194957,0.001120,0.005043,-0.001120,1.949105,1.950225,0.654374,1.011038,0.000000
15.535857,0.200000,0.000000,0.194960,0.001116,0.005040,-0.001116,1.949139,1.950255,0.651275,1.011401,0.000000
15.551857,0.200000,0.000000,0.194963,0.001112,0.005037,-0.001112,1.949172,1.950284,0.648177,1.011763,0.000000
15.567857,0.200000,0.000000,0.194966,0.001108,0.005034,-0.001108,1.949205,1.950313,0.645079,1.012126,0.000000
15.583857,0.200000,0.000000,0.194969,0.001104,0.005031,-0.001104,1.949238,1.950343,0.641980,1.012488,0.000000
15.599856,0.200000,0.000000,0.194972,0.001100,0.005028,-0.001100,1.949272,1.950372,0.638882,1.012851,0.000000
15.615856,0.200000,0.000000,0.194976,0.001096,0.005024,-0.001096,1.949305,1.950401,0.635783,1.013213,0.000000
15.631856,0.200000,0.000000,0.194979,0.001092,0.005021,-0.001092,1.949338,1.950431,0.632685,1.013575,0.000000
15.647856,0.200000,0.000000,0.194982,0.001088,0.005018,-0.001088,1.949371,1.950460,0.629586,1.013938,0.000000
15.663856,0.200000,0.000000,0.194985,0.001085,0.005015,-0.001085,1.949404,1.950489,0.626488,1.014300,0.000000
15.679855,0.200000,0.000000,0.194988,0.001081,0.005012,-0.001081,1.949437,1.950518,0.623389,1.014662,0.000000
15.695855,0.200000,0.000000,0.194991,0.001077,0.005009,-0.001077,1.949470,1.950548,0.620290,1.015024,0.000000
15.711855,0.200000,0.000000,0.194994,0.001073,0.005006,-0.001073,1.949503,1.950577,0.617191,1.015386,0.000000
15.727855,0.200000,0.000000,0.194997,0.001069,0.005003,-0.001069,1.949537,1.950606,0.614092,1.015748,0.000000
15.743855,0.200000,0.000000,0.195001,0.001065,0.004999,-0.001065,1.949569,1.950635,0.610993,1.016110,0.000000
15.759854,0.200000,0.000000,0.195004,0.001062,0.004996,-0.001062,1.949603,1.950664,0.607894,1.016472,0.000000
15.775854,0.200000,0.000000,0.195007,0.001058,0.004993,-0.001058,1.949635,1.950694,0.604795,1.016834,0.000000
15.791854,0.200000,0.000000,0.195010,0.001054,0.004990,-0.001054,1.949668,1.950723,0.601696,1.017195,0.000000
15.807854,0.200000,0.000000,0.195013,0.001050,0.004987,-0.001050,1.949701,1.950752,0.598597,1.017557,0.000000
15.823853,0.200000,0.000000,0.195016,0.001047,0.004984,-0.001047,1.949734,1.950781,0.595498,1.017919,0.000000
15.839853,0.200000,0.000000,0.195019,0.001043,0.004981,-0.001043,1.949767,1.950810,0.592399,1.018280,0.000000
15.855853,0.200000,0.000000,0.195022,0.001039,0.004978,-0.001039,1.949800,1.950839,0.589299,1.018642,0.000000
15.871853,0.200000,0.000000,0.195026,0.001035,0.004974,-0.001035,1.949832,1.950868,0.586200,1.019003,0.000000
15.887853,0.200000,0.000000,0.195029,0.001032,0.004971,-0.001032,1.949865,1.950898,0.583100,1.019365,0.000000
15.903852,0.200000,0.000000,0.195032,0.001028,0.004968,-0.001028,1.949898,1.950927,0.580001,1.019726,0.000000
15.919852,0.200000,0.000000,0.195035,0.001025,0.004965,-0.001025,1.949931,1.950956,0.576901,1.020088,0.000000
15.935852,0.200000,0.000000,0.195038,0.001021,0.004962,-0.001021,1.949963,1.950985,0.573802,1.020449,0.000000
15.951852,0.200000,0.000000,0.195041,0.001017,0.004959,-0.001017,1.949996,1.951014,0.570702,1.020810,0.000000
15.967852,0.200000,0.000000,0.195044,0.001014,0.004956,-0.001014,1.950029,1.951043,0.567602,1.021171,0.000000
15.983851,0.200000,0.000000,0.195047,0.001010,0.004953,-0.001010,1.950061,1.951072,0.564503,1.021532,0.000000
15.999851,0.200000,0.000000,0.195050,0.001007,0.004950,-0.001007,1.950094,1.951101,0.561403,1.021894,0.000000
16.015852,0.200000,0.000000,0.195053,0.001003,0.004947,-0.001003,1.950126,1.951130,0.558303,1.022255,0.000000
16.031853,0.200000,0.000000,0.195057,0.001000,0.004943,-0.001000,1.950159,1.951159,0.555203,1.022616,0.000000
16.047853,0.200000,0.000000,0.195060,0.000996,0.004940,-0.000996,1.950191,1.951188,0.552103,1.022977,0.000000
16.063854,0.200000,0.000000,0.195063,0.000992,0.004937,-0.000992,1.950224,1.951217,0.549003,1.023338,0.000000
16.079855,0.200000,0.000000,0.195066,0.000989,0.004934,-0.000989,1.950256,1.951246,0.545903,1.023698,0.000000
16.095856,0.200000,0.000000,0.195069,0.000985,0.004931,-0.000985,1.950289,1.951275,0.542802,1.024059,0.000000
16.111856,0.200000,0.000000,0.195072,0.000982,0.004928,-0.000982,1.950321,1.951304,0.539702,1.024420,0.000000
16.127857,0.200000,0.000000,0.195075,0.000979,0.004925,-0.000979,1.950354,1.951332,0.536602,1.024781,0.000000
16.143858,0.200000,0.000000,0.195078,0.000975,0.004922,-0.000975,1.950386,1.951361,0.533502,1.025141,0.000000
16.159859,0.200000,0.000000,0.195081,0.000972,0.004919,-0.000972,1.950418,1.951390,0.530401,1.025502,0.000000
16.175859,0.200000,0.000000,0.195084,0.000968,0.004916,-0.000968,1.950451,1.951419,0.527301,1.025863,0.000000
16.191860,0.200000,0.000000,0.195087,0.000965,0.004913,-0.000965,1.950483,1.951448,0.524200,1.026223,0.000000
16.207861,0.200000,0.000000,0.195090,0.000961,0.004910,-0.000961,1.950515,1.951477,0.521100,1.026584,0.000000
16.223862,0.200000,0.000000,0.195093,0.000958,0.004907,-0.000958,1.950548,1.951506,0.517999,1.026944,0.000000
16.239862,0.200000,0.000000,0.195096,0.000954,0.004904,-0.000954,1.950580,1.951535,0.514898,1.027305,0.000000
16.255863,0.200000,0.000000,0.195100,0.000951,0.004900,-0.000951,1.950612,1.951563,0.511798,1.027665,0.000000
16.271864,0.200000,0.000000,0.195103,0.000948,0.004897,-0.000948,1.950644,1.951592,0.508697,1.028025,0.000000
16.287865,0.200000,0.000000,0.195106,0.000944,0.004894,-0.000944,1.950676,1.951621,0.505596,1.028385,0.000000
16.303865,0.200000,0.000000,0.195109,0.000941,0.004891,-0.000941,1.950709,1.951650,0.502495,1.028746,0.000000
16.319866,0.200000,0.000000,0.195112,0.000938,0.004888,-0.000938,1.950741,1.951679,0.499394,1.029106,0.000000
16.335867,0.200000,0.000000,0.195115,0.000934,0.004885,-0.000934,1.950773,1.951707,0.496293,1.029466,0.000000
16.351868,0.200000,0.000000,0.195118,0.000931,0.004882,-0.000931,1.950805,1.951736,0.493192,1.029826,0.000000
16.367868,0.200000,0.000000,0.195121,0.000928,0.004879,-0.000928,1.950837,1.951765,0.490091,1.030186,0.000000
16.383869,0.200000,0.000000,0.195124,0.000924,0.004876,-0.000924,1.950869,1.951794,0.486990,1.030546,0.000000
16.399870,0.200000,0.000000,0.195127,0.000921,0.004873,-0.000921,1.950901,1.951822,0.483889,1.030906,0.000000
16.415871,0.200000,0.000000,0.195130,0.000918,0.004870,-0.000918,1.950933,1.951851,0.480787,1.031266,0.000000
16.431871,0.200000,0.000000,0.195133,0.000914,0.004867,-0.000914,1.950965,1.951880,0.477686,1.031626,0.000000
16.447872,0.200000,0.000000,0.195136,0.000912,0.004864,-0.000912,1.950997,1.951908,0.474585,1.031986,0.000000
16.463873,0.200000,0.000000,0.195139,0.000908,0.004861,-0.000908,1.951028,1.951937,0.471483,1.032345,0.000000
16.479874,0.200000,0.000000,0.195142,0.000905,0.004858,-0.000905,1.951060,1.951966,0.468382,1.032705,0.000000
16.495874,0.200000,0.000000,0.195145,0.000902,0.004855,-0.000902,1.951092,1.951994,0.465280,1.033065,0.000000
16.511875,0.200000,0.000000,0.195148,0.000899,0.004852,-0.000899,1.951124,1.952023,0.462179,1.033424,0.000000
16.527876,0.200000,0.000000,0.195151,0.000895,0.004849,-0.000895,1.951156,1.952052,0.459077,1.033784,0.000000
16.543877,0.200000,0.000000,0.195154,0.000892,0.004846,-0.000892,1.951187,1.952080,0.455975,1.034143,0.000000
16.559877,0.200000,0.000000,0.195157,0.000889,0.004843,-0.000889,1.951219,1.952109,0.452874,1.034503,0.000000
16.575878,0.200000,0.000000,0.195160,0.000886,0.004840,-0.000886,1.951251,1.952137,0.449772,1.034862,0.000000
16.591879,0.200000,0.000000,0.195163,0.000883,0.004837,-0.000883,1.951283,1.952166,0.446670,1.035222,0.000000
16.607880,0.200000,0.000000,0.195166,0.000880,0.004834,-0.000880,1.951314,1.952194,0.443568,1.035581,0.000000
16.623880,0.200000,0.000000,0.195169,0.000876,0.004831,-0.000876,1.951346,1.952223,0.440466,1.035941,0.000000
16.639881,0.200000,0.000000,0.195173,0.000874,0.004827,-0.000874,1.951378,1.952251,0.437364,1.036300,0.000000
16.655882,0.200000,0.000000,0.195176,0.000871,0.004824,-0.000871,1.951409,1.952280,0.434262,1.036659,0.000000
16.671883,0.200000,0.000000,0.195179,0.000867,0.004821,-0.000867,1.951441,1.952309,0.431160,1.037018,0.000000
16.687883,0.200000,0.000000,0.195182,0.000864,0.004818,-0.000864,1.951473,1.952337,0.428058,1.037377,0.000000
16.703884,0.200000,0.000000,0.195185,0.000861,0.004815,-0.000861,1.951504,1.952366,0.424955,1.037737,0.000000
16.719885,0.200000,0.000000,0.195188,0.000858,0.004812,-0.000858,1.951536,1.952394,0.421853,1.038096,0.000000
16.735886,0.200000,0.000000,0.195191,0.000855,0.004809,-0.000855,1.951567,1.952422,0.418751,1.038455,0.000000
16.751886,0.200000,0.000000,0.195194,0.000852,0.004806,-0.000852,1.951599,1.952451,0.415648,1.038814,0.000000
16.767887,0.200000,0.000000,0.195197,0.000849,0.004803,-0.000849,1.951630,1.952479,0.412546,1.039173,0.000000
16.783888,0.200000,0.000000,0.195200,0.000846,0.004800,-0.000846,1.951661,1.952508,0.409443,1.039532,0.000000
16.799889,0.200000,0.000000,0.195203,0.000843,0.004797,-0.000843,1.951693,1.952536,0.406341,1.039891,0.000000
16.815889,0.200000,0.000000,0.195206,0.000840,0.004794,-0.000840,1.951724,1.952564,0.403238,1.040249,0.000000
16.831890,0.200000,0.000000,0.195209,0.000837,0.004791,-0.000837,1.951756,1.952593,0.400136,1.040608,0.000000
16.847891,0.200000,0.000000,0.195212,0.000834,0.004788,-0.000834,1.951787,1.952621,0.397033,1.040967,0.000000
16.863892,0.200000,0.000000,0.195215,0.000831,0.004785,-0.000831,1.951818,1.952649,0.393930,1.041326,0.000000
16.879892,0.200000,0.000000,0.195218,0.000828,0.004782,-0.000828,1.951849,1.952678,0.390827,1.041684,0.000000
16.895893,0.200000,0.000000,0.195221,0.000825,0.004780,-0.000825,1.951881,1.952706,0.387724,1.042043,0.000000
16.911894,0.200000,0.000000,0.195223,0.000822,0.004777,-0.000822,1.951912,1.952734,0.384622,1.042402,0.000000
16.927895,0.200000,0.000000,0.195226,0.000819,0.004774,-0.000819,1.951943,1.952763,0.381519,1.042760,0.000000
16.943895,0.200000,0.000000,0.195229,0.000816,0.004771,-0.000816,1.951974,1.952791,0.378416,1.043119,0.000000
16.959896,0.200000,0.000000,0.195232,0.000814,0.004768,-0.000814,1.952006,1.952819,0.375312,1.043477,0.000000
16.975897,0.200000,0.000000,0.195235,0.000810,0.004765,-0.000810,1.952037,1.952848,0.372209,1.043836,0.000000
16.991898,0.200000,0.000000,0.195238,0.000808,0.004762,-0.000808,1.952068,1.952876,0.369106,1.044194,0.000000
17.007898,0.200000,0.000000,0.195241,0.000805,0.004759,-0.000805,1.952099,1.952904,0.366003,1.044552,0.000000
17.023899,0.200000,0.000000,0.195244,0.000802,0.004756,-0.000802,1.952130,1.952932,0.362900,1.044911,0.000000
17.039900,0.200000,0.000000,0.195247,0.000799,0.004753,-0.000799,1.952161,1.952961,0.359796,1.045269,0.000000
17.055901,0.200000,0.000000,0.195250,0.000796,0.004750,-0.000796,1.952192,1.952989,0.356693,1.045627,0.000000
17.071901,0.200000,0.000000,0.195253,0.000794,0.004747,-0.000794,1.952223,1.953017,0.353589,1.045985,0.000000
17.087902,0.200000,0.000000,0.195256,0.000791,0.004744,-0.000791,1.952254,1.953045,0.350486,1.046344,0.000000
17.103903,0.200000,0.000000,0.195259,0.000788,0.004741,-0.000788,1.952285,1.953074,0.347382,1.046702,0.000000
17.119904,0.200000,0.000000,0.195262,0.000785,0.004738,-0.000785,1.952316,1.953102,0.344279,1.047060,0.000000
17.135904,0.200000,0.000000,0.195265,0.000782,0.004735,-0.000782,1.952347,1.953130,0.341175,1.047418,0.000000
17.151905,0.200000,0.000000,0.195268,0.000780,0.004732,-0.000780,1.952378,1.953158,0.338071,1.047776,0.000000
17.167906,0.200000,0.000000,0.195271,0.000777,0.004729,-0.000777,1.952409,1.953186,0.334968,1.048134,0.000000
17.183907,0.200000,0.000000,0.195274,0.000774,0.004726,-0.000774,1.952440,1.953214,0.331864,1.048492,0.000000
17.199907,0.200000,0.000000,0.195277,0.000771,0.004723,-0.000771,1.952471,1.953242,0.328760,1.048850,0.000000
17.215908,0.200000,0.000000,0.195280,0.000768,0.004720,-0.000768,1.952501,1.953270,0.325656,1.049208,0.000000
17.231909,0.200000,0.000000,0.195283,0.000766,0.004717,-0.000766,1.952532,1.953298,0.322552,1.049565,0.000000
17.247910,0.200000,0.000000,0.195286,0.000763,0.004714,-0.000763,1.952563,1.953326,0.319448,1.049923,0.000000
17.263910,0.200000,0.000000,0.195289,0.000761,0.004711,-0.000761,1.952594,1.953354,0.316344,1.050281,0.000000
17.279911,0.200000,0.000000,0.195292,0.000758,0.004708,-0.000758,1.952624,1.953382,0.313240,1.050639,0.000000
17.295912,0.200000,0.000000,0.195294,0.000755,0.004706,-0.000755,1.952655,1.953411,0.310136,1.050996,0.000000
17.311913,0.200000,0.000000,0.195297,0.000752,0.004703,-0.000752,1.952686,1.953439,0.307031,1.051354,0.000000
17.327913,0.200000,0.000000,0.195300,0.000750,0.004700,-0.000750,1.952716,1.953466,0.303927,1.051712,0.000000
17.343914,0.200000,0.000000,0.195303,0.000747,0.004697,-0.000747,1.952747,1.953494,0.300823,1.052069,0.000000
17.359915,0.200000,0.000000,0.195306,0.000744,0.004694,-0.000744,1.952778,1.953522,0.297719,1.052427,0.000000
17.375916,0.200000,0.000000,0.195309,0.000742,0.004691,-0.000742,1.952808,1.953550,0.294614,1.052784,0.000000
17.391916,0.200000,0.000000,0.195312,0.000739,0.004688,-0.000739,1.952839,1.953578,0.291510,1.053142,0.000000
17.407917,0.200000,0.000000,0.195315,0.000737,0.004685,-0.000737,1.952869,1.953606,0.288405,1.053499,0.000000
17.423918,0.200000,0.000000,0.195318,0.000734,0.004682,-0.000734,1.952900,1.953634,0.285301,1.053857,0.000000
17.439919,0.200000,0.000000,0.195321,0.000731,0.004679,-0.000731,1.952930,1.953662,0.282196,1.054214,0.000000
17.455919,0.200000,0.000000,0.195324,0.000729,0.004676,-0.000729,1.952961,1.953690,0.279091,1.054571,0.000000
17.471920,0.200000,0.000000,0.195327,0.000726,0.004673,-0.000726,1.952991,1.953718,0.275986,1.054929,0.000000
17.487921,0.200000,0.000000,0.195330,0.000724,0.004670,-0.000724,1.953022,1.953746,0.272882,1.055286,0.000000
17.503922,0.200000,0.000000,0.195333,0.000721,0.004667,-0.000721,1.953052,1.953774,0.269777,1.055643,0.000000
17.519922,0.200000,0.000000,0.195335,0.000719,0.004665,-0.000719,1.953083,1.953801,0.266672,1.056000,0.000000
17.535923,0.200000,0.000000,0.195338,0.000716,0.004662,-0.000716,1.953113,1.953829,0.263567,1.056358,0.000000
17.551924,0.200000,0.000000,0.195341,0.000714,0.004659,-0.000714,1.953143,1.953857,0.260462,1.056715,0.000000
17.567924,0.200000,0.000000,0.195344,0.000711,0.004656,-0.000711,1.953174,1.953885,0.257357,1.057072,0.000000
17.583925,0.200000,0.000000,0.195347,0.000709,0.004653,-0.000709,1.953204,1.953913,0.254252,1.057429,0.000000
17.599926,0.200000,0.000000,0.195350,0.000705,0.004650,-0.000705,1.953234,1.953941,0.251147,1.057786,0.000000
17.615927,0.200000,0.000000,0.195353,0.000703,0.004647,-0.000703,1.953265,1.953968,0.248042,1.058143,0.000000
17.631927,0.200000,0.000000,0.195356,0.000701,0.004644,-0.000701,1.953295,1.953996,0.244936,1.058500,0.000000
17.647928,0.200000,0.000000,0.195359,0.000699,0.004641,-0.000699,1.953325,1.954024,0.241831,1.058857,0.000000
17.663929,0.200000,0.000000,0.195362,0.000696,0.004638,-0.000696,1.953355,1.954051,0.238726,1.059214,0.000000
17.679930,0.200000,0.000000,0.195364,0.000694,0.004636,-0.000694,1.953385,1.954079,0.235620,1.059571,0.000000
17.695930,0.200000,0.000000,0.195367,0.000691,0.004633,-0.000691,1.953416,1.954107,0.232515,1.059927,0.000000
17.711931,0.200000,0.000000,0.195370,0.000689,0.004630,-0.000689,1.953446,1.954135,0.229409,1.060284,0.000000
17.727932,0.200000,0.000000,0.195373,0.000686,0.004627,-0.000686,1.953476,1.954162,0.226304,1.060641,0.000000
17.743933,0.200000,0.000000,0.195376,0.000683,0.004624,-0.000683,1.953506,1.954190,0.223198,1.060998,0.000000
17.759933,0.200000,0.000000,0.195379,0.000681,0.004621,-0.000681,1.953536,1.954217,0.220093,1.061354,0.000000
17.775934,0.200000,0.000000,0.195382,0.000679,0.004618,-0.000679,1.953566,1.954245,0.216987,1.061711,0.000000
17.791935,0.200000,0.000000,0.195385,0.000676,0.004615,-0.000676,1.953596,1.954273,0.213881,1.062068,0.000000
17.807936,0.200000,0.000000,0.195388,0.000674,0.004612,-0.000674,1.953626,1.954300,0.210775,1.062424,0.000000
17.823936,0.200000,0.000000,0.195390,0.000672,0.004610,-0.000672,1.953656,1.954328,0.207669,1.062781,0.000000
17.839937,0.200000,0.000000,0.195393,0.000670,0.004607,-0.000670,1.953686,1.954355,0.204564,1.063138,0.000000
17.855938,0.200000,0.000000,0.195396,0.000667,0.004604,-0.000667,1.953716,1.954383,0.201458,1.063494,0.000000
17.871939,0.200000,0.000000,0.195399,0.000665,0.004601,-0.000665,1.953746,1.954411,0.198352,1.063851,0.000000
17.887939,0.200000,0.000000,0.195402,0.000662,0.004598,-0.000662,1.953776,1.954438,0.195246,1.064207,0.000000
17.903940,0.200000,0.000000,0.195405,0.000660,0.004595,-0.000660,1.953806,1.954466,0.192140,1.064563,0.000000
17.919941,0.200000,0.000000,0.195408,0.000657,0.004592,-0.000657,1.953835,1.954493,0.189033,1.064920,0.000000
17.935942,0.200000,0.000000,0.195411,0.000655,0.004589,-0.000655,1.953865,1.954521,0.185927,1.065276,0.000000
17.951942,0.200000,0.000000,0.195413,0.000653,0.004587,-0.000653,1.953895,1.954548,0.182821,1.065633,0.000000
17.967943,0.200000,0.000000,0.195416,0.000651,0.004584,-0.000651,1.953925,1.954576,0.179715,1.065989,0.000000
17.983944,0.200000,0.000000,0.195419,0.000648,0.004581,-0.000648,1.953955,1.954603,0.176608,1.066345,0.000000
17.999945,0.200000,0.000000,0.195422,0.000646,0.004578,-0.000646,1.953985,1.954631,0.173502,1.066701,0.000000
18.015945,0.200000,0.000000,0.195425,0.000643,0.004575,-0.000643,1.954014,1.954658,0.170395,1.067058,0.000000
18.031946,0.200000,0.000000,0.195428,0.000642,0.004572,-0.000642,1.954044,1.954685,0.167289,1.067414,0.000000
18.047947,0.200000,0.000000,0.195431,0.000639,0.004569,-0.000639,1.954074,1.954713,0.164182,1.067770,0.000000
18.063948,0.200000,0.000000,0.195433,0.000637,0.004567,-0.000637,1.954104,1.954740,0.161076,1.068126,0.000000
18.079948,0.200000,0.000000,0.195436,0.000634,0.004564,-0.000634,1.954133,1.954768,0.157969,1.068482,0.000000
18.095949,0.200000,0.000000,0.195439,0.000633,0.004561,-0.000633,1.954163,1.954795,0.154863,1.068838,0.000000
18.111950,0.200000,0.000000,0.195442,0.000630,0.004558,-0.000630,1.954192,1.954823,0.151756,1.069194,0.000000
18.127951,0.200000,0.000000,0.195445,0.000628,0.004555,-0.000628,1.954222,1.954850,0.148649,1.069550,0.000000
18.143951,0.200000,0.000000,0.195448,0.000626,0.004552,-0.000626,1.954251,1.954877,0.145542,1.069906,0.000000
18.159952,0.200000,0.000000,0.195451,0.000624,0.004549,-0.000624,1.954281,1.954905,0.142435,1.070262,0.000000
18.175953,0.200000,0.000000,0.195453,0.000621,0.004547,-0.000621,1.954310,1.954932,0.139328,1.070618,0.000000
18.191954,0.200000,0.000000,0.195456,0.000619,0.004544,-0.000619,1.954340,1.954959,0.136221,1.070974,0.000000
18.207954,0.200000,0.000000,0.195459,0.000617,0.004541,-0.000617,1.954370,1.954986,0.133114,1.071330,0.000000
18.223955,0.200000,0.000000,0.195462,0.000615,0.004538,-0.000615,1.954399,1.955014,0.130007,1.071686,0.000000
18.239956,0.200000,0.000000,0.195465,0.000613,0.004535,-0.000613,1.954428,1.955041,0.126900,1.072041,0.000000
18.255957,0.200000,0.000000,0.195468,0.000610,0.004532,-0.000610,1.954458,1.955068,0.123793,1.072397,0.000000
18.271957,0.200000,0.000000,0.195470,0.000608,0.004530,-0.000608,1.954487,1.955096,0.120686,1.072753,0.000000
18.287958,0.200000,0.000000,0.195473,0.000606,0.004527,-0.000606,1.954517,1.955123,0.117578,1.073109,0.000000
18.303959,0.200000,0.000000,0.195476,0.000604,0.004524,-0.000604,1.954546,1.955150,0.114471,1.073464,0.000000
18.319960,0.200000,0.000000,0.195479,0.000602,0.004521,-0.000602,1.954575,1.955177,0.111364,1.073820,0.000000
18.335960,0.200000,0.000000,0.195482,0.000600,0.004518,-0.000600,1.954605,1.955204,0.108256,1.074176,0.000000
18.351961,0.200000,0.000000,0.195485,0.000597,0.004515,-0.000597,1.954634,1.955232,0.105149,1.074531,0.000000
18.367962,0.200000,0.000000,0.195487,0.000595,0.004513,-0.000595,1.954663,1.955259,0.102041,1.074887,0.000000
18.383963,0.200000,0.000000,0.195490,0.000593,0.004510,-0.000593,1.954692,1.955286,0.098934,1.075242,0.000000
18.399963,0.200000,0.000000,0.195493,0.000591,0.004507,-0.000591,1.954722,1.955313,0.095826,1.075598,0.000000
18.415964,0.200000,0.000000,0.195496,0.000589,0.004504,-0.000589,1.954751,1.955340,0.092718,1.075953,0.000000
18.431965,0.200000,0.000000,0.195499,0.000587,0.004501,-0.000587,1.954780,1.955367,0.089611,1.076309,0.000000
18.447966,0.200000,0.000000,0.195502,0.000585,0.004498,-0.000585,1.954809,1.955394,0.086503,1.076664,0.000000
18.463966,0.200000,0.000000,0.195504,0.000583,0.004496,-0.000583,1.954839,1.955421,0.083395,1.077020,0.000000
18.479967,0.200000,0.000000,0.195507,0.000581,0.004493,-0.000581,1.954867,1.955449,0.080287,1.077375,0.000000
18.495968,0.200000,0.000000,0.195510,0.000579,0.004490,-0.000579,1.954897,1.955475,0.077179,1.077730,0.000000
18.511969,0.200000,0.000000,0.195513,0.000576,0.004487,-0.000576,1.954926,1.955503,0.074071,1.078086,0.000000
18.527969,0.200000,0.000000,0.195516,0.000575,0.004484,-0.000575,1.954955,1.955530,0.070963,1.078441,0.000000
18.543970,0.200000,0.000000,0.195518,0.000572,0.004482,-0.000572,1.954984,1.955557,0.067855,1.078796,0.000000
18.559971,0.200000,0.000000,0.195521,0.000571,0.004479,-0.000571,1.955013,1.955584,0.064747,1.079152,0.000000
18.575972,0.200000,0.000000,0.195524,0.000569,0.004476,-0.000569,1.955042,1.955611,0.061639,1.079507,0.000000
18.591972,0.000000,0.000000,0.195527,0.000566,-0.195527,-0.000566,-0.122209,-0.121642,0.058531,1.079862,0.000000
18.607973,0.000000,0.000000,0.040184,0.000567,-0.040184,-0.000567,0.069782,0.070344,0.057888,1.079852,0.000000
18.623974,0.000000,0.000000,0.006579,0.000563,-0.006579,-0.000563,0.046792,0.047354,0.057783,1.079863,0.000000
18.639975,0.000000,0.000000,0.003869,0.000562,-0.003869,-0.000562,0.045221,0.045780,0.057722,1.079870,0.000000
18.655975,0.000000,0.000000,0.003830,0.000559,-0.003830,-0.000559,0.042345,0.042903,0.057661,1.079876,0.000000
18.671976,0.000000,0.000000,0.003687,0.000558,-0.003687,-0.000558,0.040187,0.040742,0.057602,1.079883,0.000000
18.687977,0.000000,0.000000,0.003584,0.000555,-0.003584,-0.000555,0.038435,0.038989,0.057545,1.079889,0.000000
18.703978,0.000000,0.000000,0.003500,0.000554,-0.003500,-0.000554,0.037028,0.037579,0.057490,1.079896,0.000000
18.719978,0.000000,0.000000,0.003432,0.000552,-0.003432,-0.000552,0.035894,0.036444,0.057435,1.079902,0.000000
18.735979,0.000000,0.000000,0.003376,0.000550,-0.003376,-0.000550,0.034980,0.035528,0.057381,1.079908,0.000000
18.751980,0.000000,0.000000,0.003332,0.000548,-0.003332,-0.000548,0.034243,0.034789,0.057329,1.079914,0.000000
18.767981,0.000000,0.000000,0.003295,0.000546,-0.003295,-0.000546,0.033648,0.034192,0.057276,1.079920,0.000000
18.783981,0.000000,0.000000,0.003265,0.000544,-0.003265,-0.000544,0.033167,0.033709,0.057224,1.079926,0.000000
18.799982,0.000000,0.000000,0.003241,0.000542,-0.003241,-0.000542,0.032777,0.033317,0.057173,1.079932,0.000000
18.815983,0.000000,0.000000,0.003221,0.000540,-0.003221,-0.000540,0.032460,0.032999,0.057121,1.079937,0.000000
18.831984,0.000000,0.000000,0.003205,0.000538,-0.003205,-0.000538,0.032203,0.032739,0.057071,1.079943,0.000000
18.847984,0.000000,0.000000,0.003192,0.000536,-0.003192,-0.000536,0.031993,0.032527,0.057020,1.079949,0.000000
18.863985,0.000000,0.000000,0.003180,0.000534,-0.003180,-0.000534,0.031820,0.032353,0.056969,1.079955,0.000000
18.879986,0.000000,0.000000,0.003171,0.000532,-0.003171,-0.000532,0.031679,0.032209,0.056919,1.079960,0.000000
18.895987,0.000000,0.000000,0.003163,0.000531,-0.003163,-0.000531,0.031561,0.032090,0.056869,1.079966,0.000000
18.911987,0.000000,0.000000,0.003156,0.000529,-0.003156,-0.000529,0.031464,0.031991,0.056818,1.079972,0.000000
18.927988,0.000000,0.000000,0.003150,0.000527,-0.003150,-0.000527,0.031382,0.031907,0.056768,1.079977,0.000000
18.943989,0.000000,0.000000,0.003145,0.000525,-0.003145,-0.000525,0.031313,0.031836,0.056718,1.079983,0.000000
18.959990,0.000000,0.000000,0.003141,0.000523,-0.003141,-0.000523,0.031254,0.031775,0.056668,1.079989,0.000000
18.975990,0.000000,0.000000,0.003137,0.000521,-0.003137,-0.000521,0.031203,0.031722,0.056618,1.079994,0.000000
18.991991,0.000000,0.000000,0.003134,0.000519,-0.003134,-0.000519,0.031158,0.031676,0.056569,1.080000,0.000000
19.007992,0.000000,0.000000,0.003130,0.000518,-0.003130,-0.000518,0.031119,0.031635,0.056519,1.080005,0.000000
19.023993,0.000000,0.000000,0.003128,0.000516,-0.003128,-0.000516,0.031084,0.031598,0.056469,1.080011,0.000000
19.039993,0.000000,0.000000,0.003125,0.000514,-0.003125,-0.000514,0.031053,0.031565,0.056419,1.080017,0.000000
19.055994,0.000000,0.000000,0.003122,0.000512,-0.003122,-0.000512,0.031024,0.031535,0.056370,1.080022,0.000000
19.071995,0.000000,0.000000,0.003120,0.000510,-0.003120,-0.000510,0.030998,0.031506,0.056320,1.080028,0.000000
19.087996,0.000000,2.000000,0.003118,0.000508,-0.003118,1.999492,-1.763427,1.825880,0.056271,1.080034,0.000000
19.103996,0.000000,2.000000,0.003120,3.585115,-0.003120,-1.585115,-0.324526,0.386950,0.056221,1.080039,0.000000
19.119997,0.000000,2.000000,0.003141,0.711456,-0.003141,1.288544,-1.478147,1.540504,0.056171,1.080045,0.000000
19.135998,0.000000,2.000000,0.003145,3.015821,-0.003145,-1.015821,-0.553164,0.615493,0.056121,1.080050,0.000000
19.151999,0.000000,2.000000,0.003152,1.168535,-0.003152,0.831465,-1.294768,1.357040,0.056071,1.080056,0.000000
19.167999,0.000000,2.000000,0.003159,2.649700,-0.003159,-0.649700,-0.700238,0.762479,0.056021,1.080062,0.000000
19.184000,0.000000,2.000000,0.000687,1.462457,-0.000687,0.537543,-1.176881,1.239072,0.056011,1.080066,0.000000
19.200001,0.000000,2.000000,0.000691,2.414259,-0.000691,-0.414259,-0.794850,0.857009,0.056000,1.080070,0.000000
19.216002,0.000000,2.000000,0.003085,1.651491,-0.003085,0.348509,-1.101096,1.163208,0.055951,1.080072,0.000000
19.232002,0.000000,2.000000,0.003130,2.262971,-0.003130,-0.262971,-0.855679,0.917758,0.055901,1.080073,0.000000
19.248003,0.000000,2.000000,0.003112,1.772975,-0.003112,0.227025,-1.052425,1.114462,0.055851,1.080071,0.000000
19.264004,0.000000,2.000000,0.003104,2.165805,-0.003104,-0.165805,-0.894780,0.956782,0.055802,1.080068,0.000000
19.280005,0.000000,2.000000,0.003089,1.851026,-0.003089,0.148974,-1.021189,1.083150,0.055753,1.080062,0.000000
19.296005,0.000000,2.000000,0.003080,2.103402,-0.003080,-0.103402,-0.919925,0.981851,0.055704,1.080055,0.000000
19.312006,0.000000,2.000000,0.003068,1.901185,-0.003068,0.098815,-1.001148,1.063034,0.055656,1.080047,0.000000
19.328007,0.000000,2.000000,0.003058,2.063332,-0.003058,-0.063332,-0.936104,0.997955,0.055608,1.080037,0.000000
19.344007,0.000000,2.000000,0.003048,1.933430,-0.003048,0.066570,-0.988297,1.050110,0.055560,1.080025,0.000000
19.360008,0.000000,2.000000,0.003038,2.037609,-0.003038,-0.037609,-0.946523,1.008300,0.055514,1.080011,0.000000
19.376009,0.000000,2.000000,0.003029,1.954166,-0.003029,0.045834,-0.980066,1.041805,0.055468,1.079996,0.000000
19.392010,0.000000,2.000000,0.003019,2.021105,-0.003019,-0.021105,-0.953241,1.014944,0.055422,1.079980,0.000000
19.408010,0.000000,2.000000,0.003010,1.967509,-0.003010,0.032491,-0.974802,1.036467,0.055377,1.079962,0.000000
19.424011,0.000000,2.000000,0.003001,2.010522,-0.003001,-0.010522,-0.957581,1.019210,0.055333,1.079943,0.000000
19.440012,0.000000,2.000000,0.002992,1.976101,-0.002992,0.023899,-0.971444,1.033037,0.055290,1.079922,0.000000
19.456013,0.000000,2.000000,0.002982,2.003744,-0.002982,-0.003744,-0.960393,1.021950,0.055248,1.079900,0.000000
19.472013,0.000000,2.000000,0.002973,1.981643,-0.002973,0.018357,-0.969311,1.030830,0.055206,1.079877,0.000000
19.488014,0.000000,2.000000,0.002962,1.999410,-0.002962,0.000590,-0.962224,1.023707,0.055166,1.079853,0.000000
19.504015,0.000000,2.000000,0.002953,1.985223,-0.002953,0.014777,-0.967964,1.029411,0.055126,1.079827,0.000000
19.520016,0.000000,2.000000,0.002942,1.996646,-0.002942,0.003354,-0.963424,1.024834,0.055087,1.079800,0.000000
19.536016,0.000000,2.000000,0.002931,1.987543,-0.002931,0.012457,-0.967123,1.028497,0.055050,1.079772,0.000000
19.552017,0.000000,2.000000,0.002919,1.994891,-0.002919,0.005109,-0.964218,1.025557,0.055013,1.079743,0.000000
19.568018,0.000000,2.000000,0.002907,1.989053,-0.002907,0.010947,-0.966607,1.027909,0.054978,1.079713,0.000000
19.584019,0.000000,2.000000,0.002894,1.993782,-0.002894,0.006218,-0.964753,1.026019,0.054943,1.079682,0.000000
19.600019,0.000000,2.000000,0.002880,1.990041,-0.002880,0.009959,-0.966299,1.027529,0.054910,1.079650,0.000000
19.616020,0.000000,2.000000,0.002865,1.993086,-0.002865,0.006914,-0.965121,1.026315,0.054878,1.079617,0.000000
19.632021,0.000000,2.000000,0.002850,1.990691,-0.002850,0.009309,-0.966127,1.027285,0.054848,1.079583,0.000000
19.648022,0.000000,2.000000,0.002833,1.992654,-0.002833,0.007346,-0.965383,1.026506,0.054818,1.079549,0.000000
19.664022,0.000000,2.000000,0.002815,1.991119,-0.002815,0.008881,-0.966043,1.027130,0.054790,1.079514,0.000000
19.680023,0.000000,2.000000,0.002796,1.992380,-0.002796,0.007620,-0.965580,1.026634,0.054763,1.079478,0.000000
19.696024,0.000000,2.000000,0.002775,1.991388,-0.002775,0.008612,-0.966021,1.027041,0.054737,1.079442,0.000000
19.712025,0.000000,2.000000,0.002752,1.992173,-0.002752,0.007827,-0.965748,1.026737,0.054713,1.079405,0.000000
19.728025,0.000000,2.000000,0.002727,1.991464,-0.002727,0.008536,-0.966071,1.027035,0.054690,1.079368,0.000000
19.744026,0.000000,2.000000,0.002699,1.991712,-0.002699,0.008288,-0.965999,1.026961,0.054669,1.079330,0.000000
19.760027,0.000000,2.000000,0.002669,1.989473,-0.002669,0.010527,-0.966852,1.027968,0.054649,1.079293,0.000000
19.776028,0.000000,2.000000,0.002642,2.006699,-0.002642,-0.006699,-0.960685,1.020311,0.054630,1.079255,0.000000
19.792028,0.000000,2.000000,0.002599,1.974389,-0.002599,0.025611,-0.972766,1.034241,0.054613,1.079217,0.000000
19.808029,0.000000,2.000000,0.002588,2.005346,-0.002588,-0.005346,-0.960714,1.021494,0.054597,1.079179,0.000000
19.824030,0.000000,2.000000,0.002558,1.981122,-0.002558,0.018878,-0.970477,1.031231,0.054583,1.079140,0.000000
19.840031,0.000000,2.000000,0.002536,2.000757,-0.002536,-0.000757,-0.962648,1.023347,0.054571,1.079102,0.000000
19.856031,0.000000,2.000000,0.002518,1.985135,-0.002518,0.014865,-0.968965,1.029622,0.054559,1.079063,0.000000
19.872032,0.000000,0.000000,0.003027,1.997733,-0.003027,-1.997733,0.830446,-0.769830,0.054548,1.079016,0.000000
19.888033,0.000000,0.000000,0.000319,-1.599876,-0.000319,1.599876,-0.613723,0.674327,0.054549,1.079015,0.000000
19.904034,0.000000,0.000000,0.000039,1.287902,-0.000039,-1.287902,0.545482,-0.484933,0.054549,1.079015,0.000000
19.920034,0.000000,0.000000,0.000160,-1.030364,-0.000160,1.030364,-0.385139,0.445653,0.054549,1.079015,0.000000
19.936035,0.000000,0.000000,0.000042,0.830779,-0.000042,-0.830779,0.361956,-0.301483,0.054549,1.079015,0.000000
19.952036,0.000000,0.000000,0.000090,-0.663464,-0.000090,0.663464,-0.237883,0.298318,0.054550,1.079015,0.000000
19.968037,0.000000,0.000000,0.000532,0.536216,-0.000532,-0.536216,0.243686,-0.183288,0.054547,1.079007,0.000000
19.984037,0.000000,0.000000,0.002956,-0.426999,-0.002956,0.426999,-0.142985,0.203346,0.054540,1.078960,0.000000
20.000038,0.000000,0.000000,0.003008,0.346342,-0.003008,-0.346342,0.167442,-0.107117,0.054532,1.078913,0.000000
20.016039,0.000000,0.000000,0.002526,-0.274572,-0.002526,0.274572,-0.081820,0.142109,0.054524,1.078873,0.000000
20.032040,0.000000,0.000000,0.001961,0.223935,-0.001961,-0.223935,0.118281,-0.058028,0.054516,1.078843,0.000000
20.048040,0.000000,0.000000,0.001451,-0.176314,-0.001451,0.176314,-0.042401,0.102618,0.054508,1.078821,0.000000
20.064041,0.000000,0.000000,0.001099,0.145020,-0.001099,-0.145020,0.086579,-0.026398,0.054500,1.078805,0.000000
20.080042,0.000000,0.000000,0.000807,-0.112979,-0.000807,0.112979,-0.017000,0.077145,0.054492,1.078795,0.000000
20.096043,0.000000,0.000000,0.000638,0.094145,-0.000638,-0.094145,0.066133,-0.006024,0.054484,1.078789,0.000000
20.112043,0.000000,0.000000,0.000526,-0.072157,-0.000526,0.072157,-0.000636,0.060710,0.054476,1.078786,0.000000
20.128044,0.000000,0.000000,0.000060,0.061346,-0.000060,-0.061346,0.052943,0.007095,0.054475,1.078786,0.000000
20.144045,0.000000,0.000000,0.000817,-0.045848,-0.000817,0.045848,0.009901,0.050102,0.054472,1.078773,0.000000
20.160046,0.000000,0.000000,0.001216,0.040201,-0.001216,-0.040201,0.044431,0.015536,0.054468,1.078754,0.000000
20.176046,0.000000,0.000000,0.001811,-0.028895,-0.001811,0.028895,0.016683,0.043249,0.054463,1.078726,0.000000
20.192047,0.000000,0.000000,0.001995,0.026566,-0.001995,-0.026566,0.038935,0.020962,0.054457,1.078694,0.000000
20.208048,0.000000,0.000000,0.002449,-0.017973,-0.002449,0.017973,0.021044,0.038817,0.054450,1.078656,0.000000
20.224049,0.000000,0.000000,0.002494,0.017773,-0.002494,-0.017773,0.035381,0.024444,0.054442,1.078617,0.000000
20.240049,0.000000,0.000000,0.002836,-0.010937,-0.002836,0.010937,0.023844,0.035945,0.054434,1.078572,0.000000
20.256050,0.000000,0.000000,0.002798,0.012101,-0.002798,-0.012101,0.033081,0.026674,0.054426,1.078528,0.000000
20.272051,0.000000,0.000000,0.002950,-0.006407,-0.002950,0.006407,0.025639,0.034080,0.054418,1.078481,0.000000
20.288052,0.000000,0.000000,0.002942,0.008440,-0.002942,-0.008440,0.031587,0.028096,0.054410,1.078435,0.000000
20.304052,0.000000,0.000000,0.002964,-0.003491,-0.002964,0.003491,0.026786,0.032862,0.054402,1.078388,0.000000
20.320053,0.000000,0.000000,0.002949,0.006076,-0.002949,-0.006076,0.030615,0.028998,0.054394,1.078342,0.000000
20.336054,0.000000,0.000000,0.002971,-0.001617,-0.002971,0.001617,0.027515,0.032063,0.054387,1.078295,0.000000
20.352055,0.000000,0.000000,0.002954,0.004548,-0.002954,-0.004548,0.029978,0.029565,0.054379,1.078248,0.000000
20.368055,0.000000,0.000000,0.002971,-0.000413,-0.002971,0.000413,0.027974,0.031533,0.054371,1.078201,0.000000
20.384056,0.200000,0.000000,0.002956,0.003558,0.197044,-0.003558,2.106837,2.107195,0.054363,1.078155,0.000000
20.400057,0.200000,0.000000,0.063571,0.000357,0.136429,-0.000357,1.913637,1.916554,0.053814,1.077299,0.000000
20.416058,0.200000,0.000000,0.110015,0.002907,0.089985,-0.002907,1.937587,1.938446,0.053289,1.075618,0.000000
20.432058,0.200000,0.000000,0.159778,0.000856,0.040222,-0.000856,1.938369,1.940863,0.052759,1.073117,0.000000
20.448059,0.200000,0.000000,0.193815,0.002485,0.006185,-0.002485,1.941915,1.943090,0.052229,1.070062,0.000000
20.464060,0.200000,0.000000,0.194709,0.001171,0.005291,-0.001171,1.943565,1.945783,0.051699,1.066992,0.000000
20.480061,0.200000,0.000000,0.194839,0.002210,0.005161,-0.002210,1.945750,1.947123,0.051167,1.063920,0.000000
20.496061,0.200000,0.000000,0.194944,0.001367,0.005056,-0.001367,1.946837,1.948876,0.050636,1.060847,0.000000
20.512062,0.200000,0.000000,0.195021,0.002031,0.004979,-0.002031,1.948254,1.949749,0.050104,1.057772,0.000000
20.528063,0.200000,0.000000,0.195089,0.001489,0.004911,-0.001489,1.948968,1.950887,0.049573,1.054696,0.000000
20.544064,0.200000,0.000000,0.195140,0.001911,0.004860,-0.001911,1.949891,1.951460,0.049041,1.051620,0.000000
20.560064,0.200000,0.000000,0.195185,0.001563,0.004815,-0.001563,1.950364,1.952201,0.048509,1.048542,0.000000
20.576065,0.200000,0.000000,0.195219,0.001831,0.004781,-0.001831,1.950969,1.952581,0.047977,1.045464,0.000000
20.592066,0.200000,0.000000,0.195249,0.001605,0.004751,-0.001605,1.951285,1.953067,0.047446,1.042386,0.000000
20.608067,0.200000,0.000000,0.195272,0.001775,0.004728,-0.001775,1.951687,1.953321,0.046914,1.039307,0.000000
20.624067,0.200000,0.000000,0.195293,0.001628,0.004707,-0.001628,1.951902,1.953644,0.046382,1.036228,0.000000
20.640068,0.200000,0.000000,0.195309,0.001734,0.004691,-0.001734,1.952172,1.953817,0.045851,1.033149,0.000000
20.656069,0.200000,0.000000,0.195323,0.001639,0.004677,-0.001639,1.952322,1.954034,0.045319,1.030069,0.000000
20.672070,0.200000,0.000000,0.195335,0.001704,0.004665,-0.001704,1.952507,1.954155,0.044787,1.026989,0.000000
20.688070,0.200000,0.000000,0.195345,0.001642,0.004655,-0.001642,1.952616,1.954303,0.044256,1.023909,0.000000
20.704071,0.200000,0.000000,0.195353,0.001681,0.004647,-0.001681,1.952746,1.954391,0.043725,1.020829,0.000000
20.720072,0.200000,0.000000,0.195361,0.001639,0.004639,-0.001639,1.952827,1.954496,0.043193,1.017749,0.000000
20.736073,0.200000,0.000000,0.195367,0.001662,0.004633,-0.001662,1.952922,1.954562,0.042662,1.014668,0.000000
20.752073,0.200000,0.000000,0.195373,0.001633,0.004627,-0.001633,1.952986,1.954638,0.042131,1.011588,0.000000
20.768074,0.200000,0.000000,0.195378,0.001646,0.004622,-0.001646,1.953058,1.954690,0.041600,1.008507,0.000000
20.784075,0.200000,0.000000,0.195383,0.001625,0.004617,-0.001625,1.953111,1.954748,0.041069,1.005427,0.000000
20.800076,0.200000,0.000000,0.195388,0.001632,0.004612,-0.001632,1.953169,1.954791,0.040538,1.002346,0.000000
20.816076,0.200000,0.000000,0.195392,0.001616,0.004608,-0.001616,1.953213,1.954838,0.040007,0.999265,0.000000
20.832077,0.200000,0.000000,0.195396,0.001618,0.004604,-0.001618,1.953262,1.954874,0.039476,0.996184,0.000000
20.848078,0.200000,0.000000,0.195400,0.001606,0.004600,-0.001606,1.953302,1.954914,0.038945,0.993103,0.000000
20.864079,0.200000,0.000000,0.195403,0.001605,0.004597,-0.001605,1.953344,1.954946,0.038415,0.990022,0.000000
20.880079,0.200000,0.000000,0.195406,0.001596,0.004594,-0.001596,1.953382,1.954981,0.037884,0.986941,0.000000
20.896080,0.200000,0.000000,0.195410,0.001593,0.004590,-0.001593,1.953420,1.955011,0.037354,0.983860,0.000000
20.912081,0.200000,0.000000,0.195413,0.001585,0.004587,-0.001585,1.953455,1.955043,0.036823,0.980778,0.000000
20.928082,0.200000,0.000000,0.195416,0.001581,0.004584,-0.001581,1.953491,1.955071,0.036293,0.977697,0.000000
20.944082,0.200000,0.000000,0.195419,0.001574,0.004581,-0.001574,1.953525,1.955101,0.035763,0.974615,0.000000
20.960083,0.200000,0.000000,0.195422,0.001570,0.004578,-0.001570,1.953559,1.955128,0.035233,0.971534,0.000000
20.976084,0.200000,0.000000,0.195425,0.001563,0.004575,-0.001563,1.953592,1.955156,0.034703,0.968452,0.000000
20.992085,0.200000,0.000000,0.195428,0.001558,0.004572,-0.001558,1.953625,1.955184,0.034173,0.965371,0.000000
21.008085,0.200000,0.000000,0.195431,0.001553,0.004569,-0.001553,1.953657,1.955211,0.033643,0.962289,0.000000
21.024086,0.200000,0.000000,0.195434,0.001547,0.004566,-0.001547,1.953690,1.955237,0.033113,0.959207,0.000000
21.040087,0.200000,0.000000,0.195437,0.001541,0.004563,-0.001541,1.953721,1.955264,0.032583,0.956126,0.000000
21.056087,0.200000,0.000000,0.195440,0.001537,0.004560,-0.001537,1.953754,1.955290,0.032053,0.953044,0.000000
21.072088,0.200000,0.000000,0.195443,0.001530,0.004557,-0.001530,1.953785,1.955317,0.031524,0.949962,0.000000
21.088089,0.200000,0.000000,0.195446,0.001525,0.004554,-0.001525,1.953817,1.955343,0.030994,0.946880,0.000000
21.104090,0.200000,0.000000,0.195449,0.001520,0.004551,-0.001520,1.953848,1.955369,0.030465,0.943798,0.000000
21.120090,0.200000,0.000000,0.195452,0.001515,0.004548,-0.001515,1.953880,1.955395,0.029935,0.940716,0.000000
21.136091,0.200000,0.000000,0.195455,0.001509,0.004545,-0.001509,1.953911,1.955421,0.029406,0.937634,0.000000
21.152092,0.200000,0.000000,0.195458,0.001504,0.004542,-0.001504,1.953942,1.955446,0.028877,0.934551,0.000000
21.168093,0.200000,0.000000,0.195460,0.001498,0.004540,-0.001498,1.953973,1.955472,0.028348,0.931469,0.000000
21.184093,0.200000,0.000000,0.195463,0.001493,0.004537,-0.001493,1.954004,1.955498,0.027818,0.928387,0.000000
21.200094,0.200000,0.000000,0.195466,0.001488,0.004534,-0.001488,1.954035,1.955524,0.027289,0.925304,0.000000
21.216095,0.200000,0.000000,0.195469,0.001483,0.004531,-0.001483,1.954067,1.955550,0.026761,0.922222,0.000000
21.232096,0.200000,0.000000,0.195472,0.001477,0.004528,-0.001477,1.954097,1.955575,0.026232,0.919139,0.000000
21.248096,0.200000,0.000000,0.195475,0.001472,0.004525,-0.001472,1.954128,1.955601,0.025703,0.916057,0.000000
21.264097,0.200000,0.000000,0.195478,0.001467,0.004522,-0.001467,1.954159,1.955627,0.025174,0.912974,0.000000
21.280098,0.200000,0.000000,0.195480,0.001462,0.004520,-0.001462,1.954190,1.955652,0.024645,0.909892,0.000000
21.296099,0.200000,0.000000,0.195483,0.001457,0.004517,-0.001457,1.954221,1.955678,0.024117,0.906809,0.000000
21.312099,0.200000,0.000000,0.195486,0.001451,0.004514,-0.001451,1.954252,1.955704,0.023588,0.903726,0.000000
21.328100,0.200000,0.000000,0.195489,0.001446,0.004511,-0.001446,1.954283,1.955729,0.023060,0.900643,0.000000
21.344101,0.200000,0.000000,0.195492,0.001441,0.004508,-0.001441,1.954313,1.955755,0.022531,0.897560,0.000000
21.360102,0.200000,0.000000,0.195495,0.001436,0.004505,-0.001436,1.954344,1.955781,0.022003,0.894477,0.000000
21.376102,0.200000,0.000000,0.195498,0.001431,0.004502,-0.001431,1.954375,1.955806,0.021475,0.891394,0.000000
21.392103,0.200000,0.000000,0.195500,0.001426,0.004500,-0.001426,1.954406,1.955832,0.020947,0.888311,0.000000
21.408104,0.200000,0.000000,0.195503,0.001421,0.004497,-0.001421,1.954436,1.955857,0.020419,0.885228,0.000000
21.424105,0.200000,0.000000,0.195506,0.001416,0.004494,-0.001416,1.954467,1.955883,0.019891,0.882145,0.000000
21.440105,0.200000,0.000000,0.195509,0.001411,0.004491,-0.001411,1.954497,1.955909,0.019363,0.879062,0.000000
21.456106,0.200000,0.000000,0.195512,0.001406,0.004488,-0.001406,1.954528,1.955934,0.018835,0.875978,0.000000
21.472107,0.200000,0.000000,0.195515,0.001401,0.004485,-0.001401,1.954558,1.955960,0.018307,0.872895,0.000000
21.488108,0.200000,0.000000,0.195517,0.001396,0.004483,-0.001396,1.954589,1.955985,0.017779,0.869811,0.000000
21.504108,0.200000,0.000000,0.195520,0.001391,0.004480,-0.001391,1.954619,1.956011,0.017251,0.866728,0.000000
21.520109,0.200000,0.000000,0.195523,0.001386,0.004477,-0.001386,1.954650,1.956036,0.016724,0.863644,0.000000
21.536110,0.200000,0.000000,0.195526,0.001381,0.004474,-0.001381,1.954680,1.956062,0.016196,0.860561,0.000000
21.552111,0.200000,0.000000,0.195529,0.001376,0.004471,-0.001376,1.954711,1.956087,0.015669,0.857477,0.000000
21.568111,0.200000,0.000000,0.195532,0.001372,0.004468,-0.001372,1.954741,1.956113,0.015141,0.854393,0.000000
21.584112,0.200000,0.000000,0.195534,0.001366,0.004466,-0.001366,1.954771,1.956138,0.014614,0.851310,0.000000
21.600113,0.200000,0.000000,0.195537,0.001362,0.004463,-0.001362,1.954802,1.956164,0.014087,0.848226,0.000000
21.616114,0.200000,0.000000,0.195540,0.001357,0.004460,-0.001357,1.954832,1.956189,0.013560,0.845142,0.000000
21.632114,0.200000,0.000000,0.195543,0.001352,0.004457,-0.001352,1.954862,1.956215,0.013032,0.842058,0.000000
21.648115,0.200000,0.000000,0.195546,0.001347,0.004454,-0.001347,1.954893,1.956240,0.012505,0.838974,0.000000
21.664116,0.200000,0.000000,0.195548,0.001343,0.004452,-0.001343,1.954923,1.956266,0.011978,0.835890,0.000000
21.680117,0.200000,0.000000,0.195551,0.001338,0.004449,-0.001338,1.954953,1.956291,0.011451,0.832806,0.000000
21.696117,0.200000,0.000000,0.195554,0.001333,0.004446,-0.001333,1.954983,1.956317,0.010924,0.829721,0.000000
21.712118,0.200000,0.000000,0.195557,0.001328,0.004443,-0.001328,1.955013,1.956342,0.010398,0.826637,0.000000
21.728119,0.200000,0.000000,0.195560,0.001324,0.004440,-0.001324,1.955044,1.956367,0.009871,0.823553,0.000000
21.744120,0.200000,0.000000,0.195562,0.001318,0.004438,-0.001318,1.955073,1.956393,0.009344,0.820469,0.000000
21.760120,0.200000,0.000000,0.195565,0.001315,0.004435,-0.001315,1.955104,1.956418,0.008817,0.817384,0.000000
21.776121,0.200000,0.000000,0.195568,0.001309,0.004432,-0.001309,1.955134,1.956444,0.008291,0.814300,0.000000
21.792122,0.200000,0.000000,0.195571,0.001305,0.004429,-0.001305,1.955164,1.956469,0.007764,0.811215,0.000000
21.808123,0.200000,0.000000,0.195574,0.001300,0.004426,-0.001300,1.955194,1.956495,0.007238,0.808131,0.000000
21.824123,0.200000,0.000000,0.195576,0.001296,0.004424,-0.001296,1.955224,1.956520,0.006711,0.805046,0.000000
21.840124,0.200000,0.000000,0.195579,0.001290,0.004421,-0.001290,1.955253,1.956546,0.006185,0.801961,0.000000
21.856125,0.200000,0.000000,0.195582,0.001287,0.004418,-0.001287,1.955284,1.956571,0.005659,0.798877,0.000000
21.872126,0.200000,0.000000,0.195585,0.001281,0.004415,-0.001281,1.955313,1.956596,0.005133,0.795792,0.000000
21.888126,0.200000,0.000000,0.195588,0.001278,0.004412,-0.001278,1.955344,1.956621,0.004607,0.792707,0.000000
21.904127,0.200000,0.000000,0.195590,0.001272,0.004410,-0.001272,1.955373,1.956647,0.004080,0.789622,0.000000
21.920128,0.200000,0.000000,0.195593,0.001269,0.004407,-0.001269,1.955403,1.956672,0.003554,0.786537,0.000000
21.936129,0.200000,0.000000,0.195596,0.001264,0.004404,-0.001264,1.955433,1.956697,0.003029,0.783452,0.000000
21.952129,0.200000,0.000000,0.195599,0.001259,0.004401,-0.001259,1.955463,1.956723,0.002503,0.780367,0.000000
21.968130,0.200000,0.000000,0.195602,0.001255,0.004398,-0.001255,1.955493,1.956748,0.001977,0.777282,0.000000
21.984131,0.200000,0.000000,0.195604,0.001251,0.004396,-0.001251,1.955523,1.956773,0.001451,0.774197,0.000000
22.000132,0.200000,0.000000,0.195607,0.001246,0.004393,-0.001246,1.955552,1.956799,0.000925,0.771111,0.000000
22.016132,0.200000,0.000000,0.195610,0.001242,0.004390,-0.001242,1.955582,1.956824,0.000400,0.768026,0.000000
22.032133,0.200000,0.000000,0.195613,0.001237,0.004387,-0.001237,1.955612,1.956849,-0.000126,0.764941,0.000000
22.048134,0.200000,0.000000,0.195615,0.001233,0.004385,-0.001233,1.955641,1.956874,-0.000651,0.761855,0.000000
22.064135,0.200000,0.000000,0.195618,0.001228,0.004382,-0.001228,1.955671,1.956900,-0.001177,0.758770,0.000000
22.080135,0.200000,0.000000,0.195621,0.001224,0.004379,-0.001224,1.955700,1.956925,-0.001702,0.755684,0.000000
22.096136,0.200000,0.000000,0.195624,0.001220,0.004376,-0.001220,1.955730,1.956950,-0.002228,0.752599,0.000000
22.112137,0.200000,0.000000,0.195626,0.001215,0.004374,-0.001215,1.955760,1.956975,-0.002753,0.749513,0.000000
22.128138,0.200000,0.000000,0.195629,0.001211,0.004371,-0.001211,1.955789,1.957001,-0.003278,0.746427,0.000000
22.144138,0.200000,0.000000,0.195632,0.001207,0.004368,-0.001207,1.955819,1.957026,-0.003803,0.743342,0.000000
22.160139,0.200000,0.000000,0.195635,0.001202,0.004365,-0.001202,1.955848,1.957051,-0.004329,0.740256,0.000000
22.176140,0.200000,0.000000,0.195638,0.001198,0.004362,-0.001198,1.955877,1.957076,-0.004854,0.737170,0.000000
22.192141,0.200000,0.000000,0.195640,0.001194,0.004360,-0.001194,1.955907,1.957101,-0.005379,0.734084,0.000000
22.208141,0.200000,0.000000,0.195643,0.001190,0.004357,-0.001190,1.955936,1.957126,-0.005904,0.730998,0.000000
22.224142,0.200000,0.000000,0.195646,0.001186,0.004354,-0.001186,1.955966,1.957152,-0.006429,0.727912,0.000000
22.240143,0.200000,0.000000,0.195649,0.001181,0.004351,-0.001181,1.955995,1.957177,-0.006953,0.724826,0.000000
22.256144,0.200000,0.000000,0.195651,0.001177,0.004349,-0.001177,1.956024,1.957202,-0.007478,0.721740,0.000000
22.272144,0.200000,0.000000,0.195654,0.001173,0.004346,-0.001173,1.956054,1.957227,-0.008003,0.718654,0.000000
22.288145,0.200000,0.000000,0.195657,0.001169,0.004343,-0.001169,1.956083,1.957252,-0.008528,0.715568,0.000000
22.304146,0.200000,0.000000,0.195660,0.001165,0.004340,-0.001165,1.956112,1.957278,-0.009052,0.712481,0.000000
22.320147,0.200000,0.000000,0.195662,0.001161,0.004338,-0.001161,1.956141,1.957303,-0.009577,0.709395,0.000000
22.336147,0.200000,0.000000,0.195665,0.001157,0.004335,-0.001157,1.956171,1.957328,-0.010101,0.706309,0.000000
22.352148,0.200000,0.000000,0.195668,0.001152,0.004332,-0.001152,1.956200,1.957353,-0.010626,0.703222,0.000000
22.368149,0.200000,0.000000,0.195670,0.001149,0.004330,-0.001149,1.956229,1.957378,-0.011150,0.700136,0.000000
22.384150,0.200000,0.000000,0.195673,0.001144,0.004327,-0.001144,1.956258,1.957403,-0.011674,0.697049,0.000000
22.400150,0.200000,0.000000,0.195676,0.001140,0.004324,-0.001140,1.956287,1.957428,-0.012199,0.693962,0.000000
22.416151,0.200000,0.000000,0.195679,0.001136,0.004321,-0.001136,1.956316,1.957453,-0.012723,0.690876,0.000000
22.432152,0.200000,0.000000,0.195681,0.001132,0.004319,-0.001132,1.956345,1.957478,-0.013247,0.687789,0.000000
22.448153,0.200000,0.000000,0.195684,0.001128,0.004316,-0.001128,1.956375,1.957503,-0.013771,0.684702,0.000000
22.464153,0.200000,0.000000,0.195687,0.001124,0.004313,-0.001124,1.956404,1.957528,-0.014295,0.681616,0.000000
22.480154,0.200000,0.000000,0.195690,0.001120,0.004310,-0.001120,1.956433,1.957553,-0.014819,0.678529,0.000000
22.496155,0.200000,0.000000,0.195692,0.001116,0.004308,-0.001116,1.956462,1.957578,-0.015343,0.675442,0.000000
22.512156,0.200000,0.000000,0.195695,0.001113,0.004305,-0.001113,1.956491,1.957603,-0.015867,0.672355,0.000000
22.528156,0.200000,0.000000,0.195698,0.001108,0.004302,-0.001108,1.956519,1.957628,-0.016391,0.669268,0.000000
22.544157,0.200000,0.000000,0.195700,0.001104,0.004300,-0.001104,1.956549,1.957653,-0.016915,0.666181,0.000000
22.560158,0.200000,0.000000,0.195703,0.001100,0.004297,-0.001100,1.956577,1.957678,-0.017439,0.663093,0.000000
22.576159,0.200000,0.000000,0.195706,0.001097,0.004294,-0.001097,1.956606,1.957703,-0.017962,0.660006,0.000000
22.592159,0.200000,0.000000,0.195709,0.001093,0.004291,-0.001093,1.956635,1.957728,-0.018486,0.656919,0.000000
22.608160,0.200000,0.000000,0.195711,0.001089,0.004289,-0.001089,1.956664,1.957753,-0.019010,0.653832,0.000000
22.624161,0.200000,0.000000,0.195714,0.001085,0.004286,-0.001085,1.956693,1.957778,-0.019533,0.650744,0.000000
22.640162,0.200000,0.000000,0.195717,0.001081,0.004283,-0.001081,1.956722,1.957803,-0.020057,0.647657,0.000000
22.656162,0.200000,0.000000,0.195719,0.001077,0.004281,-0.001077,1.956750,1.957828,-0.020580,0.644570,0.000000
22.672163,0.200000,0.000000,0.195722,0.001073,0.004278,-0.001073,1.956779,1.957853,-0.021103,0.641482,0.000000
22.688164,0.200000,0.000000,0.195725,0.001069,0.004275,-0.001069,1.956808,1.957878,-0.021627,0.638395,0.000000
22.704165,0.200000,0.000000,0.195728,0.001066,0.004272,-0.001066,1.956836,1.957903,-0.022150,0.635307,0.000000
22.720165,0.200000,0.000000,0.195730,0.001062,0.004270,-0.001062,1.956865,1.957928,-0.022673,0.632219,0.000000
22.736166,0.200000,0.000000,0.195733,0.001058,0.004267,-0.001058,1.956894,1.957952,-0.023197,0.629132,0.000000
22.752167,0.200000,0.000000,0.195736,0.001055,0.004264,-0.001055,1.956922,1.957977,-0.023720,0.626044,0.000000
22.768167,0.200000,0.000000,0.195738,0.001051,0.004262,-0.001051,1.956951,1.958002,-0.024243,0.622956,0.000000
22.784168,0.200000,0.000000,0.195741,0.001047,0.004259,-0.001047,1.956980,1.958027,-0.024766,0.619868,0.000000
22.800169,0.200000,0.000000,0.195744,0.001044,0.004256,-0.001044,1.957008,1.958052,-0.025289,0.616780,0.000000
22.816170,0.200000,0.000000,0.195746,0.001040,0.004254,-0.001040,1.957037,1.958077,-0.025812,0.613692,0.000000
22.832170,0.200000,0.000000,0.195749,0.001036,0.004251,-0.001036,1.957065,1.958102,-0.026335,0.610604,0.000000
22.848171,0.200000,0.000000,0.195752,0.001032,0.004248,-0.001032,1.957094,1.958127,-0.026857,0.607516,0.000000
22.864172,0.200000,0.000000,0.195754,0.001029,0.004246,-0.001029,1.957122,1.958151,-0.027380,0.604428,0.000000
22.880173,0.200000,0.000000,0.195757,0.001025,0.004243,-0.001025,1.957151,1.958176,-0.027903,0.601340,0.000000
22.896173,0.200000,0.000000,0.195760,0.001022,0.004240,-0.001022,1.957179,1.958201,-0.028426,0.598252,0.000000
22.912174,0.200000,0.000000,0.195762,0.001018,0.004238,-0.001018,1.957207,1.958226,-0.028948,0.595163,0.000000
22.928175,0.200000,0.000000,0.195765,0.001014,0.004235,-0.001014,1.957236,1.958251,-0.029471,0.592075,0.000000
22.944176,0.200000,0.000000,0.195768,0.001011,0.004232,-0.001011,1.957264,1.958275,-0.029994,0.588986,0.000000
22.960176,0.200000,0.000000,0.195770,0.001007,0.004230,-0.001007,1.957293,1.958300,-0.030516,0.585898,0.000000
22.976177,0.200000,0.000000,0.195773,0.001003,0.004227,-0.001003,1.957321,1.958325,-0.031039,0.582810,0.000000
22.992178,0.200000,0.000000,0.195776,0.001000,0.004224,-0.001000,1.957349,1.958349,-0.031561,0.579721,0.000000
23.008179,0.200000,0.000000,0.195778,0.000996,0.004222,-0.000996,1.957377,1.958374,-0.032083,0.576632,0.000000
23.024179,0.200000,0.000000,0.195781,0.000993,0.004219,-0.000993,1.957406,1.958399,-0.032606,0.573544,0.000000
23.040180,0.200000,0.000000,0.195784,0.000989,0.004216,-0.000989,1.957434,1.958424,-0.033128,0.570455,0.000000
23.056181,0.200000,0.000000,0.195786,0.000986,0.004214,-0.000986,1.957462,1.958448,-0.033650,0.567366,0.000000
23.072182,0.200000,0.000000,0.195789,0.000982,0.004211,-0.000982,1.957490,1.958473,-0.034172,0.564278,0.000000
23.088182,0.200000,0.000000,0.195792,0.000979,0.004208,-0.000979,1.957518,1.958498,-0.034694,0.561189,0.000000
23.104183,0.200000,0.000000,0.195794,0.000975,0.004206,-0.000975,1.957547,1.958522,-0.035217,0.558100,0.000000
23.120184,0.200000,0.000000,0.195797,0.000972,0.004203,-0.000972,1.957575,1.958547,-0.035739,0.555011,0.000000
23.136185,0.200000,0.000000,0.195800,0.000969,0.004200,-0.000969,1.957603,1.958572,-0.036261,0.551922,0.000000
23.152185,0.200000,0.000000,0.195802,0.000965,0.004198,-0.000965,1.957631,1.958596,-0.036783,0.548833,0.000000
23.168186,0.200000,0.000000,0.195805,0.000962,0.004195,-0.000962,1.957659,1.958621,-0.037305,0.545744,0.000000
23.184187,0.200000,0.000000,0.195808,0.000958,0.004192,-0.000958,1.957687,1.958646,-0.037826,0.542655,0.000000
23.200188,0.200000,0.000000,0.195810,0.000955,0.004190,-0.000955,1.957715,1.958670,-0.038348,0.539565,0.000000
23.216188,0.200000,0.000000,0.195813,0.000952,0.004187,-0.000952,1.957743,1.958695,-0.038870,0.536476,0.000000
23.232189,0.200000,0.000000,0.195816,0.000948,0.004184,-0.000948,1.957771,1.958719,-0.039392,0.533387,0.000000
23.248190,0.200000,0.000000,0.195818,0.000945,0.004182,-0.000945,1.957799,1.958744,-0.039913,0.530297,0.000000
23.264191,0.200000,0.000000,0.195821,0.000941,0.004179,-0.000941,1.957827,1.958769,-0.040435,0.527208,0.000000
23.280191,0.200000,0.000000,0.195823,0.000938,0.004177,-0.000938,1.957855,1.958793,-0.040957,0.524119,0.000000
23.296192,0.200000,0.000000,0.195826,0.000935,0.004174,-0.000935,1.957883,1.958818,-0.041478,0.521029,0.000000
23.312193,0.200000,0.000000,0.195829,0.000931,0.004171,-0.000931,1.957910,1.958842,-0.042000,0.517940,0.000000
23.328194,0.200000,0.000000,0.195831,0.000928,0.004169,-0.000928,1.957938,1.958867,-0.042521,0.514850,0.000000
23.344194,0.200000,0.000000,0.195834,0.000925,0.004166,-0.000925,1.957966,1.958891,-0.043043,0.511760,0.000000
23.360195,0.200000,0.000000,0.195837,0.000921,0.004163,-0.000921,1.957994,1.958916,-0.043564,0.508671,0.000000
23.376196,0.200000,0.000000,0.195839,0.000919,0.004161,-0.000919,1.958022,1.958940,-0.044085,0.505581,0.000000
23.392197,0.200000,0.000000,0.195842,0.000915,0.004158,-0.000915,1.958049,1.958965,-0.044607,0.502491,0.000000
23.408197,0.200000,0.000000,0.195844,0.000912,0.004156,-0.000912,1.958077,1.958989,-0.045128,0.499401,0.000000
23.424198,0.200000,0.000000,0.195847,0.000909,0.004153,-0.000909,1.958105,1.959014,-0.045649,0.496311,0.000000
23.440199,0.200000,0.000000,0.195850,0.000905,0.004150,-0.000905,1.958133,1.959038,-0.046170,0.493221,0.000000
23.456200,0.200000,0.000000,0.195852,0.000902,0.004148,-0.000902,1.958160,1.959063,-0.046691,0.490131,0.000000
23.472200,0.200000,0.000000,0.195855,0.000899,0.004145,-0.000899,1.958188,1.959087,-0.047212,0.487041,0.000000
23.488201,0.200000,0.000000,0.195858,0.000896,0.004142,-0.000896,1.958216,1.959112,-0.047734,0.483951,0.000000
23.504202,0.200000,0.000000,0.195860,0.000893,0.004140,-0.000893,1.958243,1.959136,-0.048255,0.480861,0.000000
23.520203,0.200000,0.000000,0.195863,0.000889,0.004137,-0.000889,1.958271,1.959161,-0.048775,0.477771,0.000000
23.536203,0.200000,0.000000,0.195865,0.000886,0.004135,-0.000886,1.958298,1.959185,-0.049296,0.474681,0.000000
23.552204,0.200000,0.000000,0.195868,0.000883,0.004132,-0.000883,1.958326,1.959209,-0.049817,0.471590,0.000000
23.568205,0.200000,0.000000,0.195871,0.000880,0.004129,-0.000880,1.958354,1.959234,-0.050338,0.468500,0.000000
23.584206,0.200000,0.000000,0.195873,0.000877,0.004127,-0.000877,1.958381,1.959258,-0.050859,0.465410,0.000000
23.600206,0.200000,0.000000,0.195876,0.000874,0.004124,-0.000874,1.958408,1.959282,-0.051380,0.462319,0.000000
23.616207,0.200000,0.000000,0.195878,0.000870,0.004122,-0.000870,1.958436,1.959307,-0.051900,0.459229,0.000000
23.632208,0.200000,0.000000,0.195881,0.000868,0.004119,-0.000868,1.958463,1.959331,-0.052421,0.456138,0.000000
23.648209,0.200000,0.000000,0.195884,0.000864,0.004116,-0.000864,1.958490,1.959356,-0.052942,0.453047,0.000000
23.664209,0.200000,0.000000,0.195886,0.000862,0.004114,-0.000862,1.958518,1.959380,-0.053462,0.449957,0.000000
23.680210,0.200000,0.000000,0.195889,0.000858,0.004111,-0.000858,1.958545,1.959404,-0.053983,0.446866,0.000000
23.696211,0.200000,0.000000,0.195891,0.000856,0.004109,-0.000856,1.958573,1.959428,-0.054503,0.443775,0.000000
23.712212,0.200000,0.000000,0.195894,0.000852,0.004106,-0.000852,1.958600,1.959453,-0.055024,0.440685,0.000000
23.728212,0.200000,0.000000,0.195897,0.000850,0.004103,-0.000850,1.958627,1.959477,-0.055544,0.437594,0.000000
23.744213,0.200000,0.000000,0.195899,0.000846,0.004101,-0.000846,1.958655,1.959501,-0.056065,0.434503,0.000000
23.760214,0.200000,0.000000,0.195902,0.000843,0.004098,-0.000843,1.958682,1.959526,-0.056585,0.431412,0.000000
23.776215,0.200000,0.000000,0.195904,0.000840,0.004096,-0.000840,1.958709,1.959550,-0.057105,0.428321,0.000000
23.792215,0.200000,0.000000,0.195907,0.000837,0.004093,-0.000837,1.958737,1.959574,-0.057626,0.425230,0.000000
23.808216,0.200000,0.000000,0.195909,0.000834,0.004091,-0.000834,1.958764,1.959598,-0.058146,0.422139,0.000000
23.824217,0.200000,0.000000,0.195912,0.000832,0.004088,-0.000832,1.958791,1.959623,-0.058666,0.419048,0.000000
23.840218,0.200000,0.000000,0.195915,0.000828,0.004085,-0.000828,1.958818,1.959647,-0.059186,0.415957,0.000000
23.856218,0.200000,0.000000,0.195917,0.000826,0.004083,-0.000826,1.958845,1.959671,-0.059706,0.412865,0.000000
23.872219,0.200000,0.000000,0.195920,0.000823,0.004080,-0.000823,1.958872,1.959695,-0.060226,0.409774,0.000000
23.888220,0.200000,0.000000,0.195922,0.000820,0.004078,-0.000820,1.958899,1.959719,-0.060746,0.406683,0.000000
23.904221,0.200000,0.000000,0.195925,0.000817,0.004075,-0.000817,1.958926,1.959744,-0.061266,0.403591,0.000000
23.920221,0.200000,0.000000,0.195927,0.000814,0.004073,-0.000814,1.958954,1.959768,-0.061786,0.400500,0.000000
23.936222,0.200000,0.000000,0.195930,0.000811,0.004070,-0.000811,1.958981,1.959792,-0.062306,0.397409,0.000000
23.952223,0.200000,0.000000,0.195933,0.000808,0.004067,-0.000808,1.959008,1.959816,-0.062826,0.394317,0.000000
23.968224,0.200000,0.000000,0.195935,0.000805,0.004065,-0.000805,1.959035,1.959840,-0.063346,0.391225,0.000000
23.984224,0.200000,0.000000,0.195938,0.000803,0.004062,-0.000803,1.959062,1.959864,-0.063866,0.388134,0.000000
24.000225,0.200000,0.000000,0.195940,0.000799,0.004060,-0.000799,1.959088,1.959889,-0.064386,0.385042,0.000000
24.016226,0.200000,0.000000,0.195943,0.000797,0.004057,-0.000797,1.959116,1.959913,-0.064905,0.381950,0.000000
24.032227,0.200000,0.000000,0.195945,0.000794,0.004055,-0.000794,1.959142,1.959937,-0.065425,0.378859,0.000000
24.048227,0.200000,0.000000,0.195948,0.000791,0.004052,-0.000791,1.959170,1.959961,-0.065945,0.375767,0.000000
24.064228,0.200000,0.000000,0.195950,0.000788,0.004050,-0.000788,1.959196,1.959985,-0.066465,0.372675,0.000000
24.080229,0.200000,0.000000,0.195953,0.000786,0.004047,-0.000786,1.959223,1.960009,-0.066984,0.369583,0.000000
24.096230,0.200000,0.000000,0.195956,0.000783,0.004044,-0.000783,1.959250,1.960033,-0.067504,0.366491,0.000000
24.112230,0.200000,0.000000,0.195958,0.000780,0.004042,-0.000780,1.959277,1.960057,-0.068023,0.363399,0.000000
24.128231,0.200000,0.000000,0.195961,0.000777,0.004039,-0.000777,1.959304,1.960081,-0.068543,0.360307,0.000000
24.144232,0.200000,0.000000,0.195963,0.000774,0.004037,-0.000774,1.959330,1.960105,-0.069062,0.357215,0.000000
24.160233,0.200000,0.000000,0.195966,0.000772,0.004034,-0.000772,1.959357,1.960129,-0.069582,0.354123,0.000000
24.176233,0.200000,0.000000,0.195968,0.000769,0.004032,-0.000769,1.959384,1.960153,-0.070101,0.351031,0.000000
24.192234,0.200000,0.000000,0.195971,0.000767,0.004029,-0.000767,1.959411,1.960177,-0.070620,0.347939,0.000000
24.208235,0.200000,0.000000,0.195973,0.000764,0.004027,-0.000764,1.959437,1.960201,-0.071140,0.344846,0.000000
24.224236,0.200000,0.000000,0.195976,0.000761,0.004024,-0.000761,1.959464,1.960225,-0.071659,0.341754,0.000000
24.240236,0.200000,0.000000,0.195978,0.000758,0.004022,-0.000758,1.959491,1.960249,-0.072178,0.338662,0.000000
24.256237,0.200000,0.000000,0.195981,0.000756,0.004019,-0.000756,1.959518,1.960273,-0.072697,0.335569,0.000000
24.272238,0.200000,0.000000,0.195983,0.000752,0.004017,-0.000752,1.959544,1.960297,-0.073217,0.332477,0.000000
24.288239,0.200000,0.000000,0.195986,0.000751,0.004014,-0.000751,1.959571,1.960321,-0.073736,0.329384,0.000000
24.304239,0.200000,0.000000,0.195988,0.000747,0.004012,-0.000747,1.959597,1.960345,-0.074255,0.326292,0.000000
24.320240,0.200000,0.000000,0.195991,0.000745,0.004009,-0.000745,1.959624,1.960369,-0.074774,0.323199,0.000000
24.336241,0.200000,0.000000,0.195994,0.000742,0.004006,-0.000742,1.959650,1.960393,-0.075293,0.320107,0.000000
24.352242,0.200000,0.000000,0.195996,0.000740,0.004004,-0.000740,1.959677,1.960417,-0.075812,0.317014,0.000000
24.368242,0.200000,0.000000,0.195999,0.000737,0.004001,-0.000737,1.959703,1.960441,-0.076331,0.313921,0.000000
24.384243,0.200000,0.000000,0.196001,0.000734,0.003999,-0.000734,1.959730,1.960464,-0.076850,0.310828,0.000000
24.400244,0.200000,0.000000,0.196004,0.000731,0.003996,-0.000731,1.959756,1.960489,-0.077369,0.307736,0.000000
24.416245,0.200000,0.000000,0.196006,0.000730,0.003994,-0.000730,1.959783,1.960512,-0.077888,0.304643,0.000000
24.432245,0.200000,0.000000,0.196009,0.000726,0.003991,-0.000726,1.959809,1.960536,-0.078407,0.301550,0.000000
24.448246,0.200000,0.000000,0.196011,0.000724,0.003989,-0.000724,1.959836,1.960560,-0.078925,0.298457,0.000000
24.464247,0.200000,0.000000,0.196014,0.000721,0.003986,-0.000721,1.959862,1.960584,-0.079444,0.295364,0.000000
24.480247,0.200000,0.000000,0.196016,0.000719,0.003984,-0.000719,1.959889,1.960607,-0.079963,0.292271,0.000000
24.496248,0.200000,0.000000,0.196019,0.000716,0.003981,-0.000716,1.959915,1.960632,-0.080482,0.289178,0.000000
24.512249,0.200000,0.000000,0.196021,0.000714,0.003979,-0.000714,1.959941,1.960655,-0.081000,0.286084,0.000000
24.528250,0.200000,0.000000,0.196024,0.000711,0.003976,-0.000711,1.959967,1.960679,-0.081519,0.282991,0.000000
24.544250,0.200000,0.000000,0.196026,0.000709,0.003974,-0.000709,1.959994,1.960703,-0.082038,0.279898,0.000000
24.560251,0.200000,0.000000,0.196029,0.000706,0.003971,-0.000706,1.960020,1.960727,-0.082556,0.276805,0.000000
24.576252,0.200000,0.000000,0.196031,0.000704,0.003969,-0.000704,1.960047,1.960750,-0.083075,0.273711,0.000000
24.592253,0.200000,0.000000,0.196034,0.000701,0.003966,-0.000701,1.960073,1.960774,-0.083593,0.270618,0.000000
24.608253,0.200000,0.000000,0.196036,0.000699,0.003964,-0.000699,1.960099,1.960798,-0.084112,0.267525,0.000000
24.624254,0.200000,0.000000,0.196039,0.000696,0.003961,-0.000696,1.960125,1.960822,-0.084630,0.264431,0.000000
24.640255,0.200000,0.000000,0.196041,0.000694,0.003959,-0.000694,1.960151,1.960845,-0.085149,0.261338,0.000000
24.656256,0.200000,0.000000,0.196044,0.000691,0.003956,-0.000691,1.960177,1.960869,-0.085667,0.258244,0.000000
24.672256,0.200000,0.000000,0.196046,0.000689,0.003954,-0.000689,1.960204,1.960893,-0.086185,0.255150,0.000000
24.688257,0.200000,0.000000,0.196049,0.000686,0.003951,-0.000686,1.960230,1.960916,-0.086704,0.252057,0.000000
24.704258,0.200000,0.000000,0.196051,0.000684,0.003949,-0.000684,1.960256,1.960940,-0.087222,0.248963,0.000000
24.720259,0.200000,0.000000,0.196054,0.000681,0.003946,-0.000681,1.960282,1.960964,-0.087740,0.245869,0.000000
24.736259,0.200000,0.000000,0.196056,0.000679,0.003944,-0.000679,1.960308,1.960987,-0.088259,0.242775,0.000000
24.752260,0.200000,0.000000,0.196059,0.000676,0.003941,-0.000676,1.960334,1.961011,-0.088777,0.239682,0.000000
24.768261,0.200000,0.000000,0.196061,0.000675,0.003939,-0.000675,1.960360,1.961034,-0.089295,0.236588,0.000000
24.784262,0.200000,0.000000,0.196064,0.000671,0.003936,-0.000671,1.960386,1.961058,-0.089813,0.233494,0.000000
24.800262,0.200000,0.000000,0.196066,0.000670,0.003934,-0.000670,1.960412,1.961082,-0.090331,0.230400,0.000000
24.816263,0.200000,0.000000,0.196069,0.000667,0.003931,-0.000667,1.960438,1.961106,-0.090849,0.227306,0.000000
24.832264,0.200000,0.000000,0.196071,0.000665,0.003929,-0.000665,1.960464,1.961129,-0.091367,0.224212,0.000000
24.848265,0.200000,0.000000,0.196074,0.000662,0.003926,-0.000662,1.960490,1.961153,-0.091885,0.221118,0.000000
24.864265,0.200000,0.000000,0.196076,0.000660,0.003924,-0.000660,1.960516,1.961176,-0.092403,0.218023,0.000000
24.880266,0.200000,0.000000,0.196079,0.000658,0.003921,-0.000658,1.960542,1.961200,-0.092921,0.214929,0.000000
24.896267,0.200000,0.000000,0.196081,0.000656,0.003919,-0.000656,1.960568,1.961223,-0.093439,0.211835,0.000000
24.912268,0.200000,0.000000,0.196083,0.000653,0.003917,-0.000653,1.960593,1.961247,-0.093957,0.208741,0.000000
24.928268,0.200000,0.000000,0.196086,0.000651,0.003914,-0.000651,1.960619,1.961270,-0.094475,0.205646,0.000000
24.944269,0.200000,0.000000,0.196088,0.000648,0.003912,-0.000648,1.960645,1.961294,-0.094993,0.202552,0.000000
24.960270,0.200000,0.000000,0.196091,0.000646,0.003909,-0.000646,1.960671,1.961317,-0.095511,0.199458,0.000000
24.976271,0.200000,0.000000,0.196093,0.000644,0.003907,-0.000644,1.960697,1.961341,-0.096029,0.196363,0.000000
24.992271,0.200000,0.000000,0.196096,0.000642,0.003904,-0.000642,1.960722,1.961364,-0.096546,0.193269,0.000000
25.008272,0.200000,0.000000,0.196098,0.000640,0.003902,-0.000640,1.960748,1.961388,-0.097064,0.190174,0.000000
25.024273,0.200000,0.000000,0.196101,0.000637,0.003899,-0.000637,1.960774,1.961411,-0.097582,0.187079,0.000000
25.040274,0.200000,0.000000,0.196103,0.000635,0.003897,-0.000635,1.960800,1.961435,-0.098100,0.183985,0.000000
25.056274,0.200000,0.000000,0.196106,0.000633,0.003894,-0.000633,1.960825,1.961458,-0.098617,0.180890,0.000000
25.072275,0.200000,0.000000,0.196108,0.000630,0.003892,-0.000630,1.960851,1.961482,-0.099135,0.177795,0.000000
25.088276,0.200000,0.000000,0.196111,0.000628,0.003889,-0.000628,1.960877,1.961505,-0.099652,0.174701,0.000000
25.104277,0.200000,0.000000,0.196113,0.000626,0.003887,-0.000626,1.960902,1.961529,-0.100170,0.171606,0.000000
25.120277,0.200000,0.000000,0.196115,0.000624,0.003885,-0.000624,1.960928,1.961552,-0.100688,0.168511,0.000000
25.136278,0.200000,0.000000,0.196118,0.000622,0.003882,-0.000622,1.960954,1.961575,-0.101205,0.165416,0.000000
25.152279,0.200000,0.000000,0.196120,0.000620,0.003880,-0.000620,1.960979,1.961599,-0.101723,0.162321,0.000000
25.168280,0.200000,0.000000,0.196123,0.000617,0.003877,-0.000617,1.961005,1.961622,-0.102240,0.159226,0.000000
25.184280,0.200000,0.000000,0.196125,0.000615,0.003875,-0.000615,1.961030,1.961645,-0.102757,0.156131,0.000000
25.200281,0.200000,0.000000,0.196128,0.000613,0.003872,-0.000613,1.961056,1.961669,-0.103275,0.153036,0.000000
25.216282,0.200000,0.000000,0.196130,0.000611,0.003870,-0.000611,1.961081,1.961692,-0.103792,0.149941,0.000000
25.232283,0.200000,0.000000,0.196133,0.000609,0.003867,-0.000609,1.961107,1.961715,-0.104310,0.146846,0.000000
25.248283,0.200000,0.000000,0.196135,0.000606,0.003865,-0.000606,1.961132,1.961739,-0.104827,0.143750,0.000000
25.264284,0.200000,0.000000,0.196137,0.000604,0.003863,-0.000604,1.961158,1.961762,-0.105344,0.140655,0.000000
25.280285,0.200000,0.000000,0.196140,0.000602,0.003860,-0.000602,1.961183,1.961785,-0.105861,0.137560,0.000000
25.296286,0.200000,0.000000,0.196142,0.000600,0.003858,-0.000600,1.961209,1.961809,-0.106379,0.134464,0.000000
25.312286,0.200000,0.000000,0.196145,0.000598,0.003855,-0.000598,1.961234,1.961832,-0.106896,0.131369,0.000000
25.328287,0.200000,0.000000,0.196147,0.000596,0.003853,-0.000596,1.961259,1.961855,-0.107413,0.128274,0.000000
25.344288,0.200000,0.000000,0.196150,0.000594,0.003850,-0.000594,1.961285,1.961878,-0.107930,0.125178,0.000000
25.360289,0.200000,0.000000,0.196152,0.000591,0.003848,-0.000591,1.961310,1.961902,-0.108447,0.122083,0.000000
25.376289,0.000000,0.000000,0.196155,0.000589,-0.196155,-0.000589,-0.115944,-0.115355,-0.108965,0.118987,0.000000
25.392290,0.000000,0.000000,0.039416,0.000590,-0.039416,-0.000590,0.076040,0.076626,-0.108953,0.118356,0.000000
25.408291,0.000000,0.000000,0.007162,0.000586,-0.007162,-0.000586,0.053047,0.053632,-0.108970,0.118243,0.000000
25.424292,0.000000,0.000000,0.004488,0.000585,-0.004488,-0.000585,0.051472,0.052054,-0.108982,0.118172,0.000000
25.440292,0.000000,0.000000,0.004451,0.000582,-0.004451,-0.000582,0.048592,0.049173,-0.108993,0.118102,0.000000
25.456293,0.000000,0.000000,0.004309,0.000581,-0.004309,-0.000581,0.046431,0.047008,-0.109005,0.118034,0.000000
25.472294,0.000000,0.000000,0.004206,0.000578,-0.004206,-0.000578,0.044676,0.045252,-0.109016,0.117968,0.000000
25.488295,0.000000,0.000000,0.004122,0.000576,-0.004122,-0.000576,0.043265,0.043838,-0.109026,0.117903,0.000000
25.504295,0.000000,0.000000,0.004054,0.000574,-0.004054,-0.000574,0.042127,0.042699,-0.109037,0.117839,0.000000
25.520296,0.000000,0.000000,0.003999,0.000572,-0.003999,-0.000572,0.041210,0.041780,-0.109048,0.117775,0.000000
25.536297,0.000000,0.000000,0.003954,0.000570,-0.003954,-0.000570,0.040469,0.041037,-0.109058,0.117713,0.000000
25.552298,0.000000,0.000000,0.003918,0.000568,-0.003918,-0.000568,0.039870,0.040436,-0.109068,0.117651,0.000000
25.568298,0.000000,0.000000,0.003888,0.000566,-0.003888,-0.000566,0.039385,0.039949,-0.109078,0.117590,0.000000
25.584299,0.000000,0.000000,0.003863,0.000564,-0.003863,-0.000564,0.038992,0.039554,-0.109089,0.117529,0.000000
25.600300,0.000000,0.000000,0.003843,0.000562,-0.003843,-0.000562,0.038672,0.039232,-0.109099,0.117468,0.000000
25.616301,0.000000,0.000000,0.003827,0.000560,-0.003827,-0.000560,0.038411,0.038968,-0.109109,0.117408,0.000000
25.632301,0.000000,0.000000,0.003813,0.000558,-0.003813,-0.000558,0.038197,0.038753,-0.109119,0.117348,0.000000
25.648302,0.000000,0.000000,0.003801,0.000556,-0.003801,-0.000556,0.038021,0.038575,-0.109129,0.117288,0.000000
25.664303,0.000000,0.000000,0.003792,0.000554,-0.003792,-0.000554,0.037875,0.038427,-0.109139,0.117228,0.000000
25.680304,0.000000,0.000000,0.003783,0.000552,-0.003783,-0.000552,0.037754,0.038304,-0.109149,0.117168,0.000000
25.696304,0.000000,0.000000,0.003776,0.000550,-0.003776,-0.000550,0.037653,0.038201,-0.109158,0.117109,0.000000
25.712305,0.000000,0.000000,0.003770,0.000548,-0.003770,-0.000548,0.037568,0.038114,-0.109168,0.117049,0.000000
25.728306,0.000000,0.000000,0.003765,0.000546,-0.003765,-0.000546,0.037495,0.038039,-0.109178,0.116990,0.000000
25.744307,0.000000,0.000000,0.003760,0.000544,-0.003760,-0.000544,0.037432,0.037974,-0.109188,0.116930,0.000000
25.760307,0.000000,0.000000,0.003756,0.000542,-0.003756,-0.000542,0.037378,0.037918,-0.109198,0.116871,0.000000
25.776308,0.000000,0.000000,0.003752,0.000540,-0.003752,-0.000540,0.037330,0.037868,-0.109208,0.116812,0.000000
25.792309,0.000000,0.000000,0.003748,0.000538,-0.003748,-0.000538,0.037287,0.037823,-0.109218,0.116753,0.000000
25.808310,0.000000,0.000000,0.003745,0.000537,-0.003745,-0.000537,0.037249,0.037783,-0.109227,0.116693,0.000000
25.824310,0.000000,0.000000,0.003742,0.000535,-0.003742,-0.000535,0.037213,0.037746,-0.109237,0.116634,0.000000
25.840311,0.000000,0.000000,0.003739,0.000533,-0.003739,-0.000533,0.037181,0.037712,-0.109247,0.116575,0.000000
25.856312,0.000000,0.000000,0.003736,0.000531,-0.003736,-0.000531,0.037151,0.037680,-0.109257,0.116516,0.000000
25.872313,0.000000,2.000000,0.003734,0.000529,-0.003734,1.999471,-1.757277,1.832050,-0.109267,0.116457,0.000000
25.888313,0.000000,2.000000,0.003736,3.585114,-0.003736,-1.585114,-0.318387,0.393127,-0.109276,0.116399,0.000000
25.904314,0.000000,2.000000,0.003763,0.711495,-0.003763,1.288505,-1.471997,1.546659,-0.109286,0.116339,0.000000
25.920315,0.000000,2.000000,0.003768,3.015803,-0.003768,-1.015803,-0.547041,0.621668,-0.109296,0.116280,0.000000
25.936316,0.000000,2.000000,0.003785,1.168589,-0.003785,0.831411,-1.288619,1.363182,-0.109306,0.116220,0.000000
25.952316,0.000000,2.000000,0.003793,2.649672,-0.003793,-0.649672,-0.694127,0.768650,-0.109316,0.116160,0.000000
25.968317,0.000000,2.000000,0.003792,1.462525,-0.003792,0.537475,-1.170733,1.245200,-0.109325,0.116100,0.000000
25.984318,0.000000,2.000000,0.003761,2.414283,-0.003761,-0.414283,-0.788725,0.863151,-0.109327,0.116040,0.000000
26.000319,0.000000,2.000000,0.000273,1.651502,-0.000273,0.348498,-1.094978,1.169353,-0.109328,0.116036,0.000000
26.016319,0.000000,2.000000,0.003531,2.262992,-0.003531,-0.262992,-0.849562,0.923894,-0.109330,0.115979,0.000000
26.032320,0.000000,2.000000,0.003738,1.772990,-0.003738,0.227010,-1.046313,1.120597,-0.109330,0.115920,0.000000
26.048321,0.000000,2.000000,0.003735,2.165819,-0.003735,-0.165819,-0.888673,0.962913,-0.109328,0.115860,0.000000
26.064322,0.000000,2.000000,0.003718,1.851045,-0.003718,0.148955,-1.015082,1.089276,-0.109324,0.115801,0.000000
26.080322,0.000000,2.000000,0.003709,2.103413,-0.003709,-0.103413,-0.913826,0.987976,-0.109318,0.115742,0.000000
26.096323,0.000000,2.000000,0.003694,1.901206,-0.003694,0.098794,-0.995047,1.069152,-0.109310,0.115683,0.000000
26.112324,0.000000,2.000000,0.003685,2.063340,-0.003685,-0.063340,-0.930013,1.004074,-0.109300,0.115625,0.000000
26.128325,0.000000,2.000000,0.003673,1.933451,-0.003673,0.066549,-0.982204,1.056221,-0.109288,0.115567,0.000000
26.144325,0.000000,2.000000,0.003663,2.037616,-0.003663,-0.037616,-0.940440,1.014412,-0.109274,0.115510,0.000000
26.160326,0.000000,2.000000,0.003653,1.954185,-0.003653,0.045815,-0.973981,1.047909,-0.109258,0.115454,0.000000
26.176327,0.000000,2.000000,0.003643,2.021109,-0.003643,-0.021109,-0.947166,1.021050,-0.109241,0.115399,0.000000
26.192327,0.000000,2.000000,0.003634,1.967524,-0.003634,0.032476,-0.968726,1.042565,-0.109221,0.115344,0.000000
26.208328,0.000000,2.000000,0.003624,2.010522,-0.003624,-0.010522,-0.951515,1.025311,-0.109200,0.115290,0.000000
26.224329,0.000000,2.000000,0.003615,1.976111,-0.003615,0.023889,-0.965378,1.039129,-0.109177,0.115237,0.000000
26.240330,0.000000,2.000000,0.003605,2.003736,-0.003605,-0.003736,-0.954338,1.028045,-0.109153,0.115184,0.000000
26.256330,0.000000,2.000000,0.003596,1.981640,-0.003596,0.018360,-0.963258,1.036920,-0.109127,0.115133,0.000000
26.272331,0.000000,2.000000,0.003585,1.999385,-0.003585,0.000615,-0.956185,1.029801,-0.109099,0.115083,0.000000
26.288332,0.000000,2.000000,0.003576,1.985191,-0.003576,0.014809,-0.961933,1.035503,-0.109070,0.115034,0.000000
26.304333,0.000000,2.000000,0.003565,1.996568,-0.003565,0.003432,-0.957417,1.030939,-0.109039,0.114985,0.000000
26.320333,0.000000,2.000000,0.003554,1.987402,-0.003554,0.012598,-0.961150,1.034620,-0.109007,0.114938,0.000000
26.336334,0.000000,2.000000,0.003542,1.994524,-0.003542,0.005476,-0.958353,1.031754,-0.108974,0.114893,0.000000
26.352335,0.000000,2.000000,0.003529,1.987636,-0.003529,0.012364,-0.961225,1.034471,-0.108939,0.114848,0.000000
26.368336,0.000000,2.000000,0.003511,2.015423,-0.003511,-0.015423,-0.949042,1.024326,-0.108903,0.114805,0.000000
26.384336,0.000000,2.000000,0.003602,1.957935,-0.003602,0.042065,-0.973949,1.045678,-0.108865,0.114762,0.000000
26.400337,0.000000,2.000000,0.003457,2.017754,-0.003457,-0.017754,-0.949168,1.022491,-0.108826,0.114722,0.000000
26.416338,0.000000,2.000000,0.003481,1.970566,-0.003481,0.029434,-0.968203,1.041394,-0.108787,0.114683,0.000000
26.432339,0.000000,2.000000,0.003459,2.008651,-0.003459,-0.008651,-0.952949,1.026125,-0.108746,0.114645,0.000000
26.448339,0.000000,2.000000,0.003447,1.978252,-0.003447,0.021748,-0.965198,1.038334,-0.108705,0.114609,0.000000
26.464340,0.000000,2.000000,0.003427,2.002718,-0.003427,-0.002718,-0.955423,1.028520,-0.108662,0.114574,0.000000
26.480341,0.000000,2.000000,0.003410,1.983181,-0.003410,0.016819,-0.963313,1.036367,-0.108619,0.114541,0.000000
26.496342,0.000000,2.000000,0.003388,1.998911,-0.003388,0.001089,-0.957045,1.030058,-0.108575,0.114510,0.000000
26.512342,0.000000,2.000000,0.003368,1.986363,-0.003368,0.013637,-0.962129,1.035099,-0.108530,0.114480,0.000000
26.528343,0.000000,2.000000,0.003342,1.996480,-0.003342,0.003520,-0.958115,1.031042,-0.108485,0.114451,0.000000
26.544344,0.000000,2.000000,0.003316,1.988426,-0.003316,0.011574,-0.961395,1.034279,-0.108439,0.114425,0.000000
26.560345,0.000000,2.000000,0.003285,1.994937,-0.003285,0.005063,-0.958828,1.031670,-0.108393,0.114400,0.000000
26.576345,0.000000,2.000000,0.003253,1.989771,-0.003253,0.010229,-0.960949,1.033747,-0.108346,0.114376,0.000000
26.592346,0.000000,2.000000,0.003217,1.993965,-0.003217,0.006035,-0.959312,1.032068,-0.108300,0.114355,0.000000
26.608347,0.000000,2.000000,0.003183,1.990655,-0.003183,0.009345,-0.960688,1.033400,-0.108253,0.114335,0.000000
26.624348,0.000000,2.000000,0.003153,1.993360,-0.003153,0.006640,-0.959648,1.032318,-0.108205,0.114317,0.000000
26.640348,0.000000,2.000000,0.003126,1.991243,-0.003126,0.008757,-0.960545,1.033171,-0.108158,0.114301,0.000000
26.656349,0.000000,0.000000,0.003103,1.992990,-0.003103,-1.992990,0.834510,-0.761926,-0.108111,0.114286,0.000000
26.672350,0.000000,0.000000,0.000321,-1.596069,-0.000321,1.596069,-0.606249,0.678777,-0.108110,0.114287,0.000000
26.688351,0.000000,0.000000,0.000040,1.284940,-0.000040,-1.284940,0.550248,-0.477757,-0.108110,0.114287,0.000000
26.704351,0.000000,0.000000,0.000162,-1.027958,-0.000162,1.027958,-0.378222,0.450669,-0.108110,0.114287,0.000000
26.720352,0.000000,0.000000,0.000043,0.828904,-0.000043,-0.828904,0.367154,-0.294749,-0.108110,0.114287,0.000000
26.736353,0.000000,0.000000,0.000093,-0.661925,-0.000093,0.661925,-0.231317,0.303680,-0.108110,0.114288,0.000000
26.752354,0.000000,0.000000,0.001142,0.535021,-0.001142,-0.535021,0.249152,-0.176833,-0.108093,0.114283,0.000000
26.768354,0.000000,0.000000,0.003549,-0.426005,-0.003549,0.426005,-0.136643,0.208920,-0.108037,0.114271,0.000000
26.784355,0.000000,0.000000,0.003605,0.345579,-0.003605,-0.345579,0.173075,-0.100841,-0.107981,0.114259,0.000000
26.800356,0.000000,0.000000,0.003364,-0.273927,-0.003364,0.273927,-0.075625,0.147817,-0.107928,0.114246,0.000000
26.816357,0.000000,0.000000,0.002573,0.223449,-0.002573,-0.223449,0.124019,-0.051870,-0.107889,0.114234,0.000000
26.832357,0.000000,0.000000,0.001885,-0.175892,-0.001885,0.175892,-0.036302,0.108408,-0.107862,0.114221,0.000000
26.848358,0.000000,0.000000,0.001410,0.144712,-0.001410,-0.144712,0.092381,-0.020318,-0.107843,0.114209,0.000000
26.864359,0.000000,0.000000,0.001044,-0.112701,-0.001044,0.112701,-0.010966,0.082986,-0.107832,0.114196,0.000000
26.880360,0.000000,0.000000,0.001060,0.093952,-0.001060,-0.093952,0.071975,0.000003,-0.107820,0.114184,0.000000
26.896360,0.000000,0.000000,0.001727,-0.071972,-0.001727,0.071972,0.005354,0.066582,-0.107796,0.114171,0.000000
26.912361,0.000000,0.000000,0.002458,0.061228,-0.002458,-0.061228,0.058808,0.013084,-0.107758,0.114159,0.000000
26.928362,0.000000,0.000000,0.003050,-0.045724,-0.003050,0.045724,0.015860,0.055990,-0.107711,0.114146,0.000000
26.944363,0.000000,0.000000,0.003099,0.040131,-0.003099,-0.040131,0.050309,0.021499,-0.107663,0.114134,0.000000
26.960363,0.000000,0.000000,0.003245,-0.028810,-0.003245,0.028810,0.022619,0.049146,-0.107613,0.114121,0.000000
26.976364,0.000000,0.000000,0.003240,0.026527,-0.003240,-0.026527,0.044817,0.026905,-0.107562,0.114109,0.000000
26.992365,0.000000,0.000000,0.003345,-0.017912,-0.003345,0.017912,0.026963,0.044717,-0.107510,0.114096,0.000000
27.008366,0.000000,0.000000,0.003333,0.017753,-0.003333,-0.017753,0.041265,0.030372,-0.107459,0.114084,0.000000
27.024366,0.000000,0.000000,0.003516,-0.010893,-0.003516,0.010893,0.029751,0.041844,-0.107404,0.114071,0.000000
27.040367,0.000000,0.000000,0.003511,0.012094,-0.003511,-0.012094,0.038963,0.032590,-0.107349,0.114059,0.000000
27.056368,0.000000,0.000000,0.003541,-0.006373,-0.003541,0.006373,0.031534,0.039976,-0.107294,0.114047,0.000000
27.072369,0.000000,0.000000,0.003528,0.008441,-0.003528,-0.008441,0.037466,0.034002,-0.107238,0.114035,0.000000
27.088369,0.000000,0.000000,0.003553,-0.003464,-0.003553,0.003464,0.032671,0.038754,-0.107183,0.114022,0.000000
27.104370,0.000000,0.000000,0.003537,0.006082,-0.003537,-0.006082,0.036488,0.034895,-0.107128,0.114010,0.000000
27.120371,0.000000,0.000000,0.003559,-0.001593,-0.003559,0.001593,0.033392,0.037949,-0.107072,0.113997,0.000000
27.136372,0.000000,0.000000,0.003542,0.004557,-0.003542,-0.004557,0.035845,0.035453,-0.107017,0.113985,0.000000
27.152372,0.000000,0.000000,0.003558,-0.000392,-0.003558,0.000392,0.033843,0.037413,-0.106961,0.113973,0.000000
