t,v_cmd,w_cmd,v_meas,w_meas,e_v,e_w,left_voltage,right_voltage,x_gt,y_gt,yaw_gt,seq_ok,status
0.016000,0.200000,0.040000,0.003197,0.000000,0.196803,0.040000,2.042592,2.111968,0.000000,0.000010,0.000000,1,0
0.032000,0.200000,0.040000,0.051483,0.047937,0.148517,-0.007937,1.894917,1.925893,0.000824,0.000008,-0.000000,1,0
0.048000,0.200000,0.040000,0.103042,0.047937,0.096958,-0.007937,1.910350,1.941275,0.002472,0.000006,-0.000000,1,0
0.064000,0.200000,0.040000,0.154387,0.047937,0.045613,-0.007937,1.906578,1.937452,0.004943,0.000005,-0.000000,1,0
0.080000,0.200000,0.040000,0.190489,0.000000,0.009511,0.040000,1.889246,1.958725,0.007990,0.000004,0.000001,1,0
0.096000,0.200000,0.040000,0.189441,0.095874,0.010559,-0.055874,1.927827,1.920250,0.011021,0.000003,0.000003,1,0
0.112000,0.200000,0.040000,0.192373,0.000000,0.007627,0.040000,1.889402,1.958780,0.014099,0.000002,0.000001,1,0
0.128000,0.200000,0.040000,0.189325,0.095874,0.010675,-0.055874,1.927984,1.920305,0.017129,0.000002,0.000003,1,0
0.144000,0.200000,0.040000,0.192239,-0.047937,0.007761,0.087937,1.868298,1.976231,0.020204,0.000002,0.000001,1,0
0.160000,0.200000,0.040000,0.187140,0.095874,0.012860,-0.055874,1.927971,1.920498,0.023199,0.000001,0.000004,1,0
0.176000,0.200000,0.040000,0.192126,0.000000,0.007874,0.040000,1.889547,1.959028,0.026273,0.000001,0.000002,1,0
0.192000,0.200000,0.040000,0.189157,0.095874,0.010843,-0.055874,1.928128,1.920552,0.029299,0.000001,0.000004,1,0
0.208000,0.200000,0.040000,0.192118,0.000000,0.007882,0.040000,1.889703,1.959083,0.032373,0.000001,0.000002,1,0
0.224000,0.200000,0.040000,0.189127,0.000000,0.010873,0.040000,1.889628,1.959264,0.035399,0.000000,0.000005,1,0
0.240000,0.200000,0.040000,0.189039,0.095874,0.010961,-0.055874,1.928209,1.920788,0.038424,0.000000,0.000007,1,0
0.256000,0.200000,0.040000,0.192093,0.000000,0.007907,0.040000,1.889784,1.959319,0.041497,0.000000,0.000005,1,0
0.272000,0.200000,0.040000,0.189095,0.047937,0.010905,-0.007937,1.907104,1.938238,0.044523,0.000000,0.000007,1,0
0.288000,0.200000,0.040000,0.190724,0.047937,0.009276,-0.007937,1.911033,1.942116,0.047574,0.000000,0.000010,1,0
0.304000,0.200000,0.040000,0.191136,0.047937,0.008864,-0.007937,1.907261,1.938293,0.050633,0.000000,0.000012,1,0
0.320000,0.200000,0.040000,0.190768,0.000000,0.009232,0.040000,1.889928,1.959566,0.053685,0.000000,0.000014,1,0
0.336000,0.200000,0.040000,0.189051,0.095874,0.010949,-0.055874,1.928509,1.921091,0.056710,0.000000,0.000017,1,0
0.352000,0.200000,0.040000,0.192089,0.000000,0.007911,0.040000,1.890085,1.959621,0.059783,0.000000,0.000015,1,0
0.368000,0.200000,0.040000,0.189091,0.047937,0.010909,-0.007937,1.907405,1.938541,0.062809,0.000000,0.000017,1,0
0.384000,0.200000,0.040000,0.190727,0.000000,0.009273,0.040000,1.890072,1.959814,0.065860,0.000000,0.000020,1,0
0.400000,0.200000,0.040000,0.189055,0.095874,0.010945,-0.055874,1.928653,1.921338,0.068885,0.000000,0.000022,1,0
0.416000,0.200000,0.040000,0.192105,0.000000,0.007895,0.040000,1.890229,1.959869,0.071959,0.000000,0.000020,1,0
0.432000,0.200000,0.040000,0.189101,0.095874,0.010899,-0.055874,1.928810,1.921393,0.074984,0.000000,0.000023,1,0
0.448000,0.200000,0.040000,0.192107,-0.047937,0.007893,0.087937,1.869124,1.977319,0.078058,0.000000,0.000020,1,0
0.464000,0.200000,0.040000,0.187028,0.095874,0.012972,-0.055874,1.928798,1.921586,0.081051,0.000000,0.000024,1,0
0.480000,0.200000,0.040000,0.192080,0.000000,0.007920,0.040000,1.890373,1.960117,0.084124,0.000000,0.000021,1,0
0.496000,0.200000,0.040000,0.189116,0.095874,0.010884,-0.055874,1.928954,1.921641,0.087150,0.000000,0.000024,1,0
0.512000,0.200000,0.040000,0.192129,0.000000,0.007871,0.040000,1.890529,1.960171,0.090224,0.000001,0.000022,1,0
0.528000,0.200000,0.040000,0.189132,0.047937,0.010868,-0.007937,1.907850,1.939091,0.093250,0.000001,0.000025,1,0
0.544000,0.200000,0.040000,0.190767,0.047937,0.009233,-0.007937,1.911778,1.942969,0.096302,0.000001,0.000028,1,0
0.560000,0.200000,0.040000,0.191187,0.047937,0.008813,-0.007937,1.908006,1.939146,0.099361,0.000001,0.000031,1,0
0.576000,0.200000,0.040000,0.190824,0.000000,0.009176,0.040000,1.890674,1.960419,0.102414,0.000001,0.000034,1,0
0.592000,0.200000,0.040000,0.189112,0.095874,0.010888,-0.055874,1.929255,1.921944,0.105440,0.000001,0.000037,1,0
0.608000,0.200000,0.040000,0.192162,-0.047937,0.007838,0.087937,1.869569,1.977869,0.108515,0.000001,0.000034,1,0
0.624000,0.200000,0.040000,0.187071,0.095874,0.012929,-0.055874,1.929242,1.922136,0.111508,0.000001,0.000039,1,0
0.640000,0.200000,0.040000,0.192136,0.000000,0.007864,0.040000,1.890818,1.960667,0.114582,0.000001,0.000036,1,0
0.656000,0.200000,0.040000,0.189160,0.095874,0.010840,-0.055874,1.929399,1.922191,0.117609,0.000001,0.000040,1,0
0.672000,0.200000,0.040000,0.192185,0.000000,0.007815,0.040000,1.890974,1.960722,0.120683,0.000001,0.000037,1,0
0.688000,0.200000,0.040000,0.189177,0.047937,0.010823,-0.007937,1.908294,1.939641,0.123710,0.000001,0.000041,1,0
0.704000,0.200000,0.040000,0.190813,0.047937,0.009187,-0.007937,1.908357,1.939654,0.126763,0.000002,0.000044,1,0
0.720000,0.200000,0.040000,0.190853,0.047937,0.009147,-0.007937,1.912286,1.943531,0.129817,0.000002,0.000048,1,0
0.736000,0.200000,0.040000,0.191239,0.000000,0.008761,0.040000,1.891118,1.960969,0.132877,0.000002,0.000052,1,0
0.752000,0.200000,0.040000,0.189167,0.047937,0.010833,-0.007937,1.908438,1.939889,0.135903,0.000002,0.000057,1,0
0.768000,0.200000,0.040000,0.190825,0.095874,0.009175,-0.055874,1.929762,1.922506,0.138957,0.000002,0.000061,1,0
0.784000,0.200000,0.040000,0.192258,-0.047937,0.007742,0.087937,1.870077,1.978432,0.142033,0.000002,0.000056,1,0
0.800000,0.200000,0.040000,0.187125,0.143811,0.012875,-0.103811,1.951011,1.905303,0.145027,0.000002,0.000062,1,0
0.816000,0.200000,0.040000,0.190487,-0.047937,0.009513,0.087937,1.870233,1.978486,0.148075,0.000003,0.000058,1,0
0.831999,0.200000,0.040000,0.187106,0.095874,0.012894,-0.055874,1.929906,1.922754,0.151068,0.000003,0.000063,1,0
0.847999,0.200000,0.040000,0.192202,0.000000,0.007798,0.040000,1.891482,1.961284,0.154144,0.000003,0.000059,1,0
0.863999,0.200000,0.040000,0.189232,0.047937,0.010768,-0.007937,1.908802,1.940204,0.157171,0.000003,0.000064,1,0
0.879999,0.200000,0.040000,0.190869,0.000000,0.009131,0.040000,1.891469,1.961477,0.160225,0.000003,0.000069,1,0
0.895999,0.200000,0.040000,0.189200,0.095874,0.010800,-0.055874,1.930050,1.923001,0.163252,0.000003,0.000074,1,0
0.911999,0.200000,0.040000,0.192274,0.000000,0.007726,0.040000,1.891626,1.961532,0.166329,0.000004,0.000069,1,0
0.927999,0.200000,0.040000,0.189247,0.047937,0.010753,-0.007937,1.908946,1.940452,0.169357,0.000004,0.000075,1,0
0.943999,0.200000,0.040000,0.190883,0.047937,0.009117,-0.007937,1.912874,1.944329,0.172411,0.000004,0.000080,1,0
0.959999,0.200000,0.040000,0.191303,0.047937,0.008697,-0.007937,1.909102,1.940506,0.175472,0.000004,0.000086,1,0
0.975999,0.200000,0.040000,0.190942,0.000000,0.009058,0.040000,1.891770,1.961779,0.178527,0.000005,0.000092,1,0
0.991999,0.200000,0.040000,0.189230,0.095874,0.010770,-0.055874,1.930351,1.923304,0.181554,0.000005,0.000099,1,0
1.007999,0.200000,0.040000,0.192308,-0.047937,0.007692,0.087937,1.870665,1.979230,0.184631,0.000005,0.000093,1,0
1.023999,0.200000,0.040000,0.187190,0.143811,0.012810,-0.103811,1.947734,1.902236,0.187626,0.000005,0.000100,1,0
1.039999,0.200000,0.040000,0.190193,-0.047937,0.009807,0.087937,1.874657,1.983119,0.190669,0.000006,0.000094,1,0
1.055999,0.200000,0.040000,0.187540,0.143811,0.012460,-0.103811,1.947890,1.902291,0.193670,0.000006,0.000101,1,0
1.071999,0.200000,0.040000,0.190207,-0.095874,0.009793,0.135874,1.853552,2.000570,0.196713,0.000006,0.000094,1,0
1.087999,0.200000,0.040000,0.185470,0.191748,0.014530,-0.151748,1.969139,1.885088,0.199681,0.000007,0.000102,1,0
1.103999,0.200000,0.040000,0.188474,-0.095874,0.011526,0.135874,1.853709,2.000624,0.202697,0.000007,0.000095,1,0
1.119999,0.200000,0.040000,0.185452,0.143811,0.014548,-0.103811,1.948035,1.902538,0.205664,0.000007,0.000102,1,0
1.135999,0.200000,0.040000,0.190191,-0.095874,0.009809,0.135874,1.853696,2.000817,0.208707,0.000007,0.000096,1,0
1.151999,0.200000,0.040000,0.185490,0.191748,0.014510,-0.151748,1.969283,1.885336,0.211675,0.000008,0.000103,1,0
1.168000,0.200000,0.040000,0.188502,-0.095874,0.011498,0.135874,1.853853,2.000872,0.214691,0.000008,0.000097,1,0
1.184000,0.200000,0.040000,0.185471,0.143811,0.014529,-0.103811,1.948179,1.902786,0.217658,0.000008,0.000104,1,0
1.200000,0.200000,0.040000,0.190218,0.000000,0.009782,0.040000,1.892497,1.962409,0.220702,0.000009,0.000098,1,0
1.216000,0.200000,0.040000,0.189305,0.047937,0.010695,-0.007937,1.909817,1.941329,0.223731,0.000009,0.000105,1,0
1.232000,0.200000,0.040000,0.190984,0.000000,0.009016,0.040000,1.892484,1.962602,0.226786,0.000009,0.000112,1,0
1.248000,0.200000,0.040000,0.189315,0.095874,0.010685,-0.055874,1.931065,1.924126,0.229815,0.000009,0.000120,1,0
1.264000,0.200000,0.040000,0.192397,0.000000,0.007603,0.040000,1.892641,1.962656,0.232894,0.000010,0.000112,1,0
1.280000,0.200000,0.040000,0.189360,0.047937,0.010640,-0.007937,1.909961,1.941576,0.235923,0.000010,0.000120,1,0
1.296000,0.200000,0.040000,0.190995,0.000000,0.009005,0.040000,1.892628,1.962849,0.238979,0.000010,0.000128,1,0
1.312000,0.200000,0.040000,0.189326,0.095874,0.010674,-0.055874,1.931210,1.924374,0.242009,0.000011,0.000137,1,0
1.328000,0.200000,0.040000,0.192422,0.000000,0.007578,0.040000,1.892785,1.962904,0.245087,0.000011,0.000128,1,0
1.344000,0.200000,0.040000,0.189374,0.047937,0.010626,-0.007937,1.910105,1.941824,0.248117,0.000012,0.000137,1,0
1.360000,0.200000,0.040000,0.191009,0.047937,0.008991,-0.007937,1.910168,1.941836,0.251173,0.000012,0.000146,1,0
1.376000,0.200000,0.040000,0.191050,0.047937,0.008950,-0.007937,1.914096,1.945714,0.254230,0.000012,0.000156,1,0
1.392000,0.200000,0.040000,0.191437,0.047937,0.008563,-0.007937,1.910324,1.941891,0.257293,0.000013,0.000166,1,0
1.408000,0.200000,0.040000,0.191075,0.000000,0.008925,0.040000,1.892992,1.963164,0.260350,0.000013,0.000177,1,0
1.424000,0.200000,0.040000,0.189365,0.095874,0.010635,-0.055874,1.931573,1.924688,0.263380,0.000014,0.000188,1,0
1.440000,0.200000,0.040000,0.192461,-0.047937,0.007539,0.087937,1.871887,1.980614,0.266460,0.000015,0.000177,1,0
1.456000,0.200000,0.040000,0.187325,0.095874,0.012675,-0.055874,1.931561,1.924881,0.269457,0.000015,0.000189,1,0
1.472000,0.200000,0.040000,0.192434,0.047937,0.007566,-0.007937,1.910531,1.942151,0.272536,0.000016,0.000178,1,0
1.488000,0.200000,0.040000,0.191124,0.000000,0.008876,0.040000,1.893199,1.963424,0.275594,0.000016,0.000189,1,0
1.504000,0.200000,0.040000,0.189392,0.095874,0.010608,-0.055874,1.931780,1.924948,0.278624,0.000017,0.000202,1,0
1.520000,0.200000,0.040000,0.192486,0.000000,0.007514,0.040000,1.893355,1.963479,0.281704,0.000017,0.000189,1,0
1.536000,0.200000,0.040000,0.189438,0.047937,0.010562,-0.007937,1.910675,1.942398,0.284735,0.000018,0.000202,1,0
1.552000,0.200000,0.040000,0.191075,0.000000,0.008925,0.040000,1.893343,1.963672,0.287792,0.000019,0.000214,1,0
1.568000,0.200000,0.040000,0.189408,0.095874,0.010592,-0.055874,1.931924,1.925196,0.290823,0.000019,0.000228,1,0
1.584000,0.200000,0.040000,0.192516,0.000000,0.007484,0.040000,1.893499,1.963726,0.293903,0.000020,0.000214,1,0
1.600000,0.200000,0.040000,0.189456,0.047937,0.010544,-0.007937,1.910820,1.942646,0.296934,0.000020,0.000228,1,0
1.616000,0.200000,0.040000,0.191093,0.047937,0.008907,-0.007937,1.910882,1.942658,0.299992,0.000021,0.000242,1,0
1.632000,0.200000,0.040000,0.191135,0.047937,0.008865,-0.007937,1.914811,1.946536,0.303050,0.000022,0.000257,1,0
1.648000,0.200000,0.040000,0.191523,0.047937,0.008477,-0.007937,1.911039,1.942713,0.306114,0.000023,0.000272,1,0
1.664001,0.200000,0.040000,0.191162,0.000000,0.008838,0.040000,1.893706,1.963986,0.309173,0.000024,0.000289,1,0
1.680001,0.200000,0.040000,0.189453,0.047937,0.010547,-0.007937,1.911027,1.942906,0.312204,0.000024,0.000307,1,0
1.696001,0.200000,0.040000,0.191121,0.095874,0.008879,-0.055874,1.932350,1.925523,0.315262,0.000025,0.000325,1,0
1.712001,0.200000,0.040000,0.192602,-0.047937,0.007398,0.087937,1.872665,1.981448,0.318344,0.000026,0.000306,1,0
1.728001,0.200000,0.040000,0.187423,0.095874,0.012577,-0.055874,1.932338,1.925716,0.321342,0.000027,0.000325,1,0
1.744001,0.200000,0.040000,0.192538,0.000000,0.007462,0.040000,1.893913,1.964246,0.324423,0.000028,0.000306,1,0
1.760001,0.200000,0.040000,0.189512,0.095874,0.010488,-0.055874,1.932495,1.925771,0.327455,0.000029,0.000325,1,0
1.776001,0.200000,0.040000,0.192587,-0.047937,0.007413,0.087937,1.872809,1.981696,0.330537,0.000030,0.000306,1,0
1.792001,0.200000,0.040000,0.187441,0.143811,0.012559,-0.103811,1.949878,1.904702,0.333536,0.000031,0.000325,1,0
1.808001,0.200000,0.040000,0.190472,-0.047937,0.009528,0.087937,1.876800,1.985586,0.336583,0.000032,0.000307,1,0
1.824001,0.200000,0.040000,0.187790,0.143811,0.012210,-0.103811,1.950034,1.904757,0.339588,0.000033,0.000325,1,0
1.840001,0.200000,0.040000,0.190487,-0.095874,0.009513,0.135874,1.855696,2.003036,0.342636,0.000034,0.000306,1,0
1.856001,0.200000,0.040000,0.185719,0.143811,0.014281,-0.103811,1.950022,1.904950,0.345607,0.000035,0.000325,1,0
1.872001,0.200000,0.040000,0.190463,0.000000,0.009537,0.040000,1.894340,1.964573,0.348654,0.000036,0.000307,1,0
1.888001,0.200000,0.040000,0.189517,0.047937,0.010483,-0.007937,1.911660,1.943493,0.351687,0.000037,0.000325,1,0
1.904001,0.200000,0.040000,0.191199,0.000000,0.008801,0.040000,1.894327,1.964766,0.354746,0.000038,0.000344,1,0
1.920001,0.200000,0.040000,0.189532,0.095874,0.010468,-0.055874,1.932908,1.926290,0.357778,0.000039,0.000365,1,0
1.936001,0.200000,0.040000,0.192649,0.000000,0.007351,0.040000,1.894484,1.964820,0.360861,0.000040,0.000344,1,0
1.952001,0.200000,0.040000,0.189579,0.047937,0.010421,-0.007937,1.911804,1.943740,0.363894,0.000041,0.000365,1,0
1.968001,0.200000,0.040000,0.191215,0.047937,0.008785,-0.007937,1.911867,1.943752,0.366954,0.000042,0.000386,1,0
1.984001,0.200000,0.040000,0.191258,0.000000,0.008742,0.040000,1.894534,1.965025,0.370014,0.000043,0.000409,1,0
2.000001,0.200000,0.040000,0.189558,0.095874,0.010442,-0.055874,1.933115,1.926550,0.373047,0.000045,0.000434,1,0
2.016001,0.200000,0.040000,0.192686,0.000000,0.007314,0.040000,1.894691,1.965080,0.376130,0.000046,0.000409,1,0
2.032001,0.200000,0.040000,0.189607,0.047937,0.010393,-0.007937,1.912011,1.944000,0.379163,0.000047,0.000433,1,0
2.048001,0.200000,0.040000,0.191244,0.047937,0.008756,-0.007937,1.912074,1.944012,0.382223,0.000048,0.000459,1,0
2.064001,0.200000,0.040000,0.191288,0.047937,0.008712,-0.007937,1.916002,1.947890,0.385284,0.000050,0.000485,1,0
2.080001,0.200000,0.040000,0.191678,0.047937,0.008322,-0.007937,1.912230,1.944067,0.388351,0.000051,0.000514,1,0
2.096001,0.200000,0.040000,0.191319,0.000000,0.008681,0.040000,1.894898,1.965340,0.391412,0.000053,0.000544,1,0
2.112001,0.200000,0.040000,0.189612,0.047937,0.010388,-0.007937,1.912218,1.944260,0.394446,0.000055,0.000576,1,0
2.128001,0.200000,0.040000,0.191282,0.047937,0.008718,-0.007937,1.912281,1.944272,0.397506,0.000056,0.000610,1,0
2.144001,0.200000,0.040000,0.191329,0.047937,0.008671,-0.007937,1.916209,1.948150,0.400567,0.000058,0.000645,1,0
2.160002,0.200000,0.040000,0.191720,0.047937,0.008280,-0.007937,1.912437,1.944327,0.403635,0.000060,0.000683,1,0
2.176002,0.200000,0.040000,0.191363,0.000000,0.008637,0.040000,1.895105,1.965600,0.406697,0.000062,0.000723,1,0
2.192002,0.200000,0.040000,0.189663,0.047937,0.010337,-0.007937,1.912425,1.944520,0.409731,0.000065,0.000765,1,0
2.208002,0.200000,0.040000,0.191329,0.095874,0.008671,-0.055874,1.933749,1.927136,0.412792,0.000067,0.000809,1,0
2.224002,0.200000,0.040000,0.192836,-0.047937,0.007164,0.087937,1.874063,1.983062,0.415878,0.000069,0.000763,1,0
2.240002,0.200000,0.040000,0.187640,0.095874,0.012360,-0.055874,1.933736,1.927329,0.418880,0.000072,0.000807,1,0
2.256002,0.200000,0.040000,0.192771,0.000000,0.007229,0.040000,1.895312,1.965860,0.421964,0.000074,0.000762,1,0
2.272002,0.200000,0.040000,0.189728,0.047937,0.010272,-0.007937,1.912632,1.944780,0.425000,0.000077,0.000806,1,0
2.288002,0.200000,0.040000,0.191361,0.095874,0.008639,-0.055874,1.933956,1.927396,0.428062,0.000079,0.000852,1,0
2.304002,0.200000,0.040000,0.192864,-0.047937,0.007136,0.087937,1.874270,1.983322,0.431148,0.000082,0.000803,1,0
2.320002,0.200000,0.040000,0.187670,0.095874,0.012330,-0.055874,1.933943,1.927589,0.434150,0.000084,0.000850,1,0
2.336002,0.200000,0.040000,0.192800,0.000000,0.007200,0.040000,1.895519,1.966119,0.437235,0.000087,0.000802,1,0
2.352002,0.200000,0.040000,0.189758,0.047937,0.010242,-0.007937,1.912839,1.945039,0.440271,0.000089,0.000848,1,0
2.368002,0.200000,0.040000,0.191389,0.095874,0.008611,-0.055874,1.934163,1.927656,0.443334,0.000092,0.000896,1,0
2.384002,0.200000,0.040000,0.192895,-0.047937,0.007105,0.087937,1.874477,1.983582,0.446420,0.000095,0.000845,1,0
2.400002,0.200000,0.040000,0.187699,0.095874,0.012301,-0.055874,1.934150,1.927849,0.449423,0.000097,0.000894,1,0
2.416002,0.200000,0.040000,0.192832,0.047937,0.007168,-0.007937,1.913121,1.945118,0.452508,0.000100,0.000844,1,0
2.432002,0.200000,0.040000,0.191494,0.000000,0.008506,0.040000,1.895789,1.966391,0.455572,0.000103,0.000892,1,0
2.448002,0.200000,0.040000,0.189768,0.095874,0.010232,-0.055874,1.934370,1.927916,0.458609,0.000105,0.000944,1,0
2.464002,0.200000,0.040000,0.192892,-0.047937,0.007108,0.087937,1.874684,1.983842,0.461695,0.000108,0.000890,1,0
2.480002,0.200000,0.040000,0.187727,0.143811,0.012273,-0.103811,1.951753,1.906848,0.464698,0.000111,0.000942,1,0
2.496002,0.200000,0.040000,0.190777,-0.047937,0.009223,0.087937,1.878675,1.987731,0.467751,0.000114,0.000888,1,0
2.512002,0.200000,0.040000,0.188075,0.095874,0.011925,-0.055874,1.930648,1.924298,0.470760,0.000117,0.000939,1,0
2.528002,0.200000,0.040000,0.192500,0.000000,0.007500,0.040000,1.896058,1.966663,0.473840,0.000119,0.000886,1,0
2.544002,0.200000,0.040000,0.189820,0.095874,0.010180,-0.055874,1.934640,1.928188,0.476877,0.000122,0.000937,1,0
2.560002,0.200000,0.040000,0.192917,-0.047937,0.007083,0.087937,1.874954,1.984113,0.479964,0.000125,0.000884,1,0
2.576002,0.200000,0.040000,0.187756,0.095874,0.012244,-0.055874,1.934627,1.928381,0.482968,0.000128,0.000935,1,0
2.592002,0.200000,0.040000,0.192891,0.000000,0.007109,0.040000,1.896203,1.966911,0.486054,0.000131,0.000883,1,0
2.608002,0.200000,0.040000,0.189842,0.095874,0.010158,-0.055874,1.934784,1.928435,0.489092,0.000133,0.000933,1,0
2.624002,0.200000,0.040000,0.192941,0.000000,0.007059,0.040000,1.892493,1.963100,0.492179,0.000136,0.000881,1,0
2.640002,0.200000,0.040000,0.189478,0.047937,0.010522,-0.007937,1.917514,1.949721,0.495210,0.000139,0.000931,1,0
2.656003,0.200000,0.040000,0.191853,0.047937,0.008147,-0.007937,1.913742,1.945898,0.498280,0.000142,0.000984,1,0
2.672003,0.200000,0.040000,0.191541,0.047937,0.008459,-0.007937,1.913805,1.945910,0.501345,0.000145,0.001041,1,0
2.688003,0.200000,0.040000,0.191546,0.000000,0.008454,0.040000,1.896472,1.967183,0.504409,0.000148,0.001101,1,0
2.704003,0.200000,0.040000,0.189868,0.095874,0.010132,-0.055874,1.935054,1.928707,0.507447,0.000151,0.001164,1,0
2.720003,0.200000,0.040000,0.193007,-0.047937,0.006993,0.087937,1.875368,1.984633,0.510535,0.000155,0.001098,1,0
2.736003,0.200000,0.040000,0.187831,0.143811,0.012169,-0.103811,1.952437,1.907639,0.513541,0.000158,0.001161,1,0
2.752003,0.200000,0.040000,0.190889,-0.047937,0.009111,0.087937,1.879359,1.988523,0.516595,0.000162,0.001095,1,0
2.768003,0.200000,0.040000,0.188180,0.095874,0.011820,-0.055874,1.931332,1.925089,0.519606,0.000165,0.001158,1,0
2.784003,0.200000,0.040000,0.192611,0.000000,0.007389,0.040000,1.896742,1.967455,0.522688,0.000169,0.001093,1,0
2.800003,0.200000,0.040000,0.189926,0.095874,0.010074,-0.055874,1.935323,1.928979,0.525726,0.000172,0.001155,1,0
2.816003,0.200000,0.040000,0.193028,-0.047937,0.006972,0.087937,1.875638,1.984905,0.528815,0.000176,0.001090,1,0
2.832003,0.200000,0.040000,0.187861,0.143811,0.012139,-0.103811,1.952706,1.907911,0.531821,0.000179,0.001153,1,0
2.848003,0.200000,0.040000,0.190912,-0.047937,0.009088,0.087937,1.879629,1.988795,0.534875,0.000183,0.001088,1,0
2.864003,0.200000,0.040000,0.188208,0.095874,0.011792,-0.055874,1.931602,1.925361,0.537887,0.000186,0.001150,1,0
2.880003,0.200000,0.040000,0.192635,0.000000,0.007365,0.040000,1.897012,1.967727,0.540969,0.000190,0.001085,1,0
2.896003,0.200000,0.040000,0.189952,0.095874,0.010048,-0.055874,1.935593,1.929251,0.544008,0.000193,0.001147,1,0
2.912003,0.200000,0.040000,0.193053,-0.047937,0.006947,0.087937,1.875908,1.985177,0.547097,0.000196,0.001082,1,0
2.928003,0.200000,0.040000,0.187887,0.095874,0.012113,-0.055874,1.935581,1.929444,0.550103,0.000200,0.001144,1,0
2.944003,0.200000,0.040000,0.193027,0.047937,0.006973,-0.007937,1.914552,1.946713,0.553191,0.000203,0.001080,1,0
2.960003,0.200000,0.040000,0.191681,0.000000,0.008319,0.040000,1.897219,1.967986,0.556258,0.000207,0.001141,1,0
2.976003,0.200000,0.040000,0.189956,0.047937,0.010044,-0.007937,1.914539,1.946906,0.559298,0.000210,0.001207,1,0
2.992003,0.200000,0.040000,0.191608,0.095874,0.008392,-0.055874,1.935863,1.929523,0.562363,0.000214,0.001276,1,0
3.008003,0.200000,0.040000,0.193138,-0.047937,0.006862,0.087937,1.876177,1.985449,0.565454,0.000218,0.001203,1,0
3.024003,0.200000,0.040000,0.187932,0.095874,0.012068,-0.055874,1.935851,1.929716,0.568460,0.000222,0.001272,1,0
3.040003,0.200000,0.040000,0.193074,0.000000,0.006926,0.040000,1.897426,1.968246,0.571550,0.000225,0.001200,1,0
3.056003,0.200000,0.040000,0.190019,0.047937,0.009981,-0.007937,1.914746,1.947166,0.574590,0.000229,0.001269,1,0
3.072003,0.200000,0.040000,0.191639,0.047937,0.008361,-0.007937,1.914809,1.947178,0.577656,0.000233,0.001341,1,0
3.088003,0.200000,0.040000,0.191689,0.047937,0.008311,-0.007937,1.914872,1.947190,0.580723,0.000237,0.001418,1,0
3.104003,0.200000,0.040000,0.191705,0.047937,0.008295,-0.007937,1.918800,1.951068,0.583790,0.000242,0.001499,1,0
3.120003,0.200000,0.040000,0.192101,0.047937,0.007899,-0.007937,1.915028,1.947245,0.586864,0.000246,0.001586,1,0
3.136003,0.200000,0.040000,0.191751,0.000000,0.008249,0.040000,1.897696,1.968518,0.589932,0.000251,0.001677,1,0
3.152004,0.200000,0.040000,0.190091,0.047937,0.009909,-0.007937,1.915016,1.947438,0.592974,0.000256,0.001774,1,0
3.168004,0.200000,0.040000,0.191732,0.047937,0.008268,-0.007937,1.915079,1.947450,0.596041,0.000262,0.001876,1,0
3.184004,0.200000,0.040000,0.191788,0.047937,0.008212,-0.007937,1.915142,1.947462,0.599110,0.000268,0.001984,1,0
3.200004,0.200000,0.040000,0.191810,0.000000,0.008190,0.040000,1.897809,1.968735,0.602179,0.000274,0.002098,1,0
3.216004,0.200000,0.040000,0.190177,0.095874,0.009823,-0.055874,1.936391,1.930260,0.605222,0.000280,0.002219,1,0
3.232004,0.200000,0.040000,0.193242,0.000000,0.006758,0.040000,1.897966,1.968790,0.608313,0.000287,0.002116,1,0
3.248004,0.200000,0.040000,0.190232,0.047937,0.009768,-0.007937,1.915286,1.947710,0.611357,0.000294,0.002238,1,0
3.264004,0.200000,0.040000,0.191829,0.047937,0.008171,-0.007937,1.915349,1.947722,0.614426,0.000301,0.002366,1,0
3.280004,0.200000,0.040000,0.191886,0.000000,0.008114,0.040000,1.898016,1.968995,0.617497,0.000308,0.002501,1,0
3.296004,0.200000,0.040000,0.190270,0.143811,0.009730,-0.103811,1.953993,1.909258,0.620541,0.000316,0.002645,1,0
3.312004,0.200000,0.040000,0.191314,-0.095874,0.008686,0.135874,1.859655,2.007537,0.623602,0.000324,0.002494,1,0
3.328004,0.200000,0.040000,0.186495,0.143811,0.013505,-0.103811,1.953981,1.909451,0.626586,0.000332,0.002637,1,0
3.344004,0.200000,0.040000,0.191245,-0.047937,0.008755,0.087937,1.877038,1.986469,0.629646,0.000340,0.002487,1,0
3.360004,0.200000,0.040000,0.188204,0.095874,0.011796,-0.055874,1.936711,1.930736,0.632657,0.000348,0.002628,1,0
3.376004,0.200000,0.040000,0.193245,0.047937,0.006755,-0.007937,1.915682,1.948006,0.635749,0.000356,0.002524,1,0
3.392004,0.200000,0.040000,0.192049,0.000000,0.007951,0.040000,1.898349,1.969279,0.638822,0.000364,0.002667,1,0
3.408004,0.200000,0.040000,0.190341,0.095874,0.009659,-0.055874,1.936930,1.930803,0.641867,0.000372,0.002819,1,0
3.424004,0.200000,0.040000,0.193300,-0.047937,0.006700,0.087937,1.877245,1.986729,0.644960,0.000381,0.002714,1,0
3.440004,0.200000,0.040000,0.188304,0.143811,0.011696,-0.103811,1.954313,1.909735,0.647973,0.000389,0.002869,1,0
3.456004,0.200000,0.040000,0.191344,-0.047937,0.008656,0.087937,1.877370,1.986753,0.651034,0.000398,0.002706,1,0
3.472004,0.200000,0.040000,0.188275,0.095874,0.011725,-0.055874,1.937044,1.931020,0.654047,0.000406,0.002860,1,0
3.488004,0.200000,0.040000,0.193275,0.000000,0.006725,0.040000,1.898619,1.969551,0.657139,0.000415,0.002755,1,0
3.504004,0.200000,0.040000,0.190412,0.047937,0.009588,-0.007937,1.915939,1.948471,0.660186,0.000424,0.002912,1,0
3.520004,0.200000,0.040000,0.191993,0.047937,0.008007,-0.007937,1.916002,1.948483,0.663257,0.000433,0.003078,1,0
3.536004,0.200000,0.040000,0.192054,0.047937,0.007946,-0.007937,1.919931,1.952360,0.666330,0.000442,0.003254,1,0
3.552004,0.200000,0.040000,0.192464,0.047937,0.007536,-0.007937,1.916158,1.948537,0.669410,0.000453,0.003440,1,0
3.568004,0.200000,0.040000,0.192127,0.047937,0.007873,-0.007937,1.916221,1.948550,0.672484,0.000463,0.003637,1,0
3.584004,0.200000,0.040000,0.192152,0.000000,0.007848,0.040000,1.898889,1.969823,0.675558,0.000475,0.003846,1,0
3.600004,0.200000,0.040000,0.190593,0.047937,0.009407,-0.007937,1.916209,1.948743,0.678608,0.000487,0.004067,1,0
3.616004,0.200000,0.040000,0.192178,0.047937,0.007822,-0.007937,1.916272,1.948755,0.681682,0.000499,0.004301,1,0
3.632004,0.200000,0.040000,0.192251,0.000000,0.007749,0.040000,1.898939,1.970028,0.684758,0.000513,0.004548,1,0
3.648005,0.200000,0.040000,0.190724,0.143811,0.009276,-0.103811,1.954916,1.910291,0.687810,0.000527,0.004809,1,0
3.664005,0.200000,0.040000,0.191733,-0.095874,0.008267,0.135874,1.860578,2.008570,0.690878,0.000542,0.004534,1,0
3.680005,0.200000,0.040000,0.186941,0.143811,0.013059,-0.103811,1.954904,1.910484,0.693869,0.000556,0.004789,1,0
3.696005,0.200000,0.040000,0.191655,-0.047937,0.008345,0.087937,1.877961,1.987502,0.696935,0.000571,0.004517,1,0
3.712005,0.200000,0.040000,0.188656,0.095874,0.011344,-0.055874,1.937634,1.931769,0.699954,0.000585,0.004772,1,0
3.728005,0.200000,0.040000,0.193349,0.047937,0.006651,-0.007937,1.916605,1.949039,0.703047,0.000599,0.004669,1,0
3.744005,0.200000,0.040000,0.192515,0.000000,0.007485,0.040000,1.899272,1.970312,0.706127,0.000614,0.004933,1,0
3.760005,0.200000,0.040000,0.190836,0.047937,0.009164,-0.007937,1.916592,1.949231,0.709181,0.000629,0.005214,1,0
3.776005,0.200000,0.040000,0.192384,0.095874,0.007616,-0.055874,1.937916,1.931848,0.712259,0.000646,0.005511,1,0
3.792005,0.200000,0.040000,0.193441,-0.047937,0.006559,0.087937,1.878231,1.987774,0.715354,0.000663,0.005409,1,0
3.808005,0.200000,0.040000,0.188864,0.143811,0.011136,-0.103811,1.955299,1.910780,0.718376,0.000679,0.005715,1,0
3.824005,0.200000,0.040000,0.191858,-0.095874,0.008142,0.135874,1.860961,2.009059,0.721445,0.000697,0.005390,1,0
3.840005,0.200000,0.040000,0.187126,0.191748,0.012874,-0.151748,1.976548,1.893578,0.724439,0.000714,0.005691,1,0
3.856005,0.200000,0.040000,0.190122,-0.095874,0.009878,0.135874,1.857252,2.005248,0.727481,0.000731,0.005368,1,0
3.872005,0.200000,0.040000,0.186723,0.143811,0.013277,-0.103811,1.959278,1.914863,0.730469,0.000748,0.005666,1,0
3.888005,0.200000,0.040000,0.192200,-0.047937,0.007800,0.087937,1.878500,1.988046,0.733544,0.000765,0.005345,1,0
3.904005,0.200000,0.040000,0.188862,0.143811,0.011138,-0.103811,1.955569,1.911052,0.736566,0.000782,0.005645,1,0
3.920005,0.200000,0.040000,0.191867,-0.047937,0.008133,0.087937,1.878626,1.988070,0.739635,0.000799,0.005326,1,0
3.936005,0.200000,0.040000,0.188861,0.095874,0.011139,-0.055874,1.938299,1.932337,0.742657,0.000816,0.005624,1,0
3.952005,0.200000,0.040000,0.193415,-0.047937,0.006585,0.087937,1.878614,1.988263,0.745752,0.000833,0.005520,1,0
3.968005,0.200000,0.040000,0.188922,0.143811,0.011078,-0.103811,1.955683,1.911269,0.748774,0.000850,0.005830,1,0
3.984005,0.200000,0.040000,0.191921,-0.047937,0.008079,0.087937,1.882605,1.992153,0.751845,0.000868,0.005500,1,0
4.000005,0.200000,0.040000,0.189279,0.095874,0.010721,-0.055874,1.934578,1.928719,0.754874,0.000885,0.005808,1,0
4.016005,0.200000,0.040000,0.193063,0.000000,0.006937,0.040000,1.899988,1.971084,0.757962,0.000903,0.005707,1,0
4.032005,0.200000,0.040000,0.191052,0.047937,0.008948,-0.007937,1.917308,1.950004,0.761019,0.000921,0.006030,1,0
4.048005,0.200000,0.040000,0.192572,0.047937,0.007428,-0.007937,1.917371,1.950016,0.764100,0.000939,0.006373,1,0
4.064004,0.200000,0.040000,0.192656,0.047937,0.007344,-0.007937,1.921300,1.953894,0.767183,0.000959,0.006736,1,0
4.080004,0.200000,0.040000,0.193093,0.000000,0.006907,0.040000,1.896267,1.967467,0.770272,0.000980,0.007121,1,0
4.096004,0.200000,0.040000,0.190920,0.095874,0.009080,-0.055874,1.938683,1.932826,0.773327,0.001003,0.007529,1,0
4.112004,0.200000,0.040000,0.193496,0.000000,0.006504,0.040000,1.900258,1.971356,0.776423,0.001026,0.007433,1,0
4.128004,0.200000,0.040000,0.191384,0.047937,0.008616,-0.007937,1.917578,1.950276,0.779485,0.001049,0.007858,1,0
4.144003,0.200000,0.040000,0.192859,0.047937,0.007141,-0.007937,1.917641,1.950288,0.782570,0.001074,0.008306,1,0
4.160003,0.200000,0.040000,0.192958,0.047937,0.007042,-0.007937,1.917704,1.950300,0.785658,0.001099,0.008782,1,0
4.176003,0.200000,0.040000,0.193031,0.000000,0.006969,0.040000,1.900372,1.971573,0.788746,0.001127,0.009285,1,0
4.192003,0.200000,0.040000,0.191703,0.095874,0.008297,-0.055874,1.938953,1.933098,0.791813,0.001156,0.009817,1,0
4.208003,0.200000,0.040000,0.193537,0.000000,0.006463,0.040000,1.896662,1.967763,0.794910,0.001186,0.009721,1,0
4.224002,0.200000,0.040000,0.191431,0.095874,0.008569,-0.055874,1.939078,1.933122,0.797972,0.001217,0.010275,1,0
4.240002,0.200000,0.040000,0.193537,-0.047937,0.006463,0.087937,1.879393,1.989048,0.801069,0.001249,0.010174,1,0
4.256002,0.200000,0.040000,0.189801,0.095874,0.010199,-0.055874,1.939066,1.933315,0.804105,0.001280,0.010747,1,0
4.272002,0.200000,0.040000,0.193514,0.047937,0.006486,-0.007937,1.918037,1.950584,0.807201,0.001313,0.010648,1,0
4.288002,0.200000,0.040000,0.193260,0.000000,0.006740,0.040000,1.900704,1.971857,0.810293,0.001346,0.011225,1,0
4.304001,0.200000,0.040000,0.192088,0.047937,0.007912,-0.007937,1.918024,1.950777,0.813367,0.001381,0.011864,1,0
4.320001,0.200000,0.040000,0.193237,0.047937,0.006763,-0.007937,1.918087,1.950789,0.816458,0.001418,0.012451,1,0
4.336001,0.200000,0.040000,0.193264,0.047937,0.006736,-0.007937,1.918150,1.950801,0.819550,0.001457,0.013037,1,0
4.352001,0.200000,0.040000,0.193268,0.000000,0.006732,0.040000,1.900818,1.972074,0.822642,0.001498,0.013622,1,0
4.368001,0.200000,0.040000,0.192448,0.095874,0.007552,-0.055874,1.939399,1.933599,0.825721,0.001541,0.014402,1,0
4.384000,0.200000,0.040000,0.193597,0.000000,0.006403,0.040000,1.897108,1.968264,0.828818,0.001586,0.014308,1,0
4.400000,0.200000,0.040000,0.192282,0.095874,0.007718,-0.055874,1.939525,1.933623,0.831894,0.001630,0.015122,1,0
4.416000,0.200000,0.040000,0.193600,-0.047937,0.006400,0.087937,1.879839,1.989549,0.834992,0.001677,0.015023,1,0
4.432000,0.200000,0.040000,0.190690,0.095874,0.009310,-0.055874,1.939512,1.933816,0.838042,0.001724,0.015870,1,0
4.447999,0.200000,0.040000,0.193578,0.047937,0.006422,-0.007937,1.918483,1.951085,0.841139,0.001773,0.015773,1,0
4.463999,0.200000,0.040000,0.193306,0.000000,0.006694,0.040000,1.901150,1.972358,0.844232,0.001822,0.016349,1,0
4.479999,0.200000,0.040000,0.192480,0.095874,0.007520,-0.055874,1.935866,1.930017,0.847311,0.001873,0.017280,1,0
4.495999,0.200000,0.040000,0.193248,0.000000,0.006752,0.040000,1.901276,1.972383,0.850402,0.001927,0.017183,1,0
4.511999,0.200000,0.040000,0.192606,0.047937,0.007394,-0.007937,1.918596,1.951302,0.853484,0.001981,0.018160,1,0
4.527998,0.200000,0.040000,0.193300,0.000000,0.006700,0.040000,1.901264,1.972575,0.856576,0.002038,0.018745,1,0
4.543998,0.200000,0.040000,0.192820,0.143811,0.007180,-0.103811,1.957240,1.912839,0.859661,0.002096,0.019815,1,0
4.559998,0.200000,0.040000,0.193250,-0.095874,0.006750,0.135874,1.862902,2.011118,0.862752,0.002158,0.019035,1,0
4.575998,0.200000,0.040000,0.189689,0.143811,0.010311,-0.103811,1.957228,1.913032,0.865786,0.002217,0.020098,1,0
4.591998,0.200000,0.040000,0.193196,-0.047937,0.006804,0.087937,1.880285,1.990050,0.868877,0.002279,0.019316,1,0
4.607997,0.200000,0.040000,0.191475,0.143811,0.008525,-0.103811,1.957354,1.913056,0.871940,0.002339,0.020400,1,0
4.623997,0.200000,0.040000,0.193241,-0.095874,0.006759,0.135874,1.863015,2.011335,0.875031,0.002402,0.019615,1,0
4.639997,0.200000,0.040000,0.189797,0.143811,0.010203,-0.103811,1.957342,1.913249,0.878067,0.002462,0.020705,1,0
4.655997,0.200000,0.040000,0.193217,0.000000,0.006783,0.040000,1.901659,1.972871,0.881158,0.002527,0.019924,1,0
4.671997,0.200000,0.040000,0.193024,0.047937,0.006976,-0.007937,1.918980,1.951791,0.884246,0.002588,0.021048,1,0
4.687996,0.200000,0.040000,0.193354,0.047937,0.006646,-0.007937,1.919042,1.951803,0.887339,0.002654,0.021634,1,0
4.703996,0.200000,0.040000,0.193363,0.047937,0.006637,-0.007937,1.919105,1.951815,0.890432,0.002721,0.022220,1,0
4.719996,0.200000,0.040000,0.193366,0.000000,0.006634,0.040000,1.901773,1.973089,0.893525,0.002791,0.022806,1,0
4.735996,0.200000,0.040000,0.193349,0.047937,0.006651,-0.007937,1.919093,1.952008,0.896618,0.002862,0.024078,1,0
4.751996,0.200000,0.040000,0.193373,0.047937,0.006627,-0.007937,1.919156,1.952020,0.899711,0.002937,0.024674,1,0
4.767995,0.200000,0.040000,0.193377,0.095874,0.006623,-0.055874,1.940480,1.934637,0.902804,0.003014,0.025266,1,0
4.783995,0.200000,0.040000,0.193718,-0.047937,0.006282,0.087937,1.880794,1.990563,0.905902,0.003092,0.025169,1,0
4.799995,0.200000,0.040000,0.192566,0.143811,0.007434,-0.103811,1.957863,1.913569,0.908982,0.003171,0.026597,1,0
4.815995,0.200000,0.040000,0.193310,-0.095874,0.006690,0.135874,1.863525,2.011848,0.912074,0.003254,0.025818,1,0
4.831995,0.200000,0.040000,0.190938,0.143811,0.009062,-0.103811,1.957851,1.913762,0.915128,0.003333,0.027266,1,0
4.847994,0.200000,0.040000,0.193288,-0.047937,0.006712,0.087937,1.880908,1.990780,0.918220,0.003418,0.026488,1,0
4.863994,0.200000,0.040000,0.192438,0.143811,0.007562,-0.103811,1.957976,1.913786,0.921298,0.003500,0.027985,1,0
4.879994,0.200000,0.040000,0.193327,0.000000,0.006673,0.040000,1.902294,1.973409,0.924390,0.003587,0.027205,1,0
4.895994,0.200000,0.040000,0.193392,0.047937,0.006608,-0.007937,1.919614,1.952329,0.927483,0.003672,0.028461,1,0
4.911994,0.200000,0.040000,0.193417,0.000000,0.006583,0.040000,1.902282,1.973602,0.930576,0.003760,0.029044,1,0
4.927993,0.200000,0.040000,0.193400,0.047937,0.006600,-0.007937,1.919602,1.952521,0.933669,0.003851,0.030313,1,0
4.943993,0.200000,0.040000,0.193424,0.047937,0.006576,-0.007937,1.919665,1.952533,0.936763,0.003945,0.030906,1,0
4.959993,0.200000,0.040000,0.193428,0.047937,0.006572,-0.007937,1.919728,1.952546,0.939856,0.004042,0.031495,1,0
4.975993,0.200000,0.040000,0.193432,0.000000,0.006568,0.040000,1.902395,1.973819,0.942949,0.004140,0.032082,1,0
4.991992,0.200000,0.040000,0.193415,0.143811,0.006585,-0.103811,1.958372,1.914082,0.946042,0.004239,0.033354,1,0
5.007992,0.200000,0.040000,0.193377,-0.095874,0.006623,0.135874,1.864034,2.012361,0.949135,0.004343,0.032576,1,0
5.023992,0.200000,0.040000,0.192188,0.143811,0.007812,-0.103811,1.958360,1.914275,0.952208,0.004444,0.034413,1,0
5.039992,0.200000,0.040000,0.193363,-0.047937,0.006637,0.087937,1.881417,1.991293,0.955300,0.004552,0.033637,1,0
5.055992,0.200000,0.040000,0.192944,0.143811,0.007056,-0.103811,1.958485,1.914299,0.958385,0.004656,0.035539,1,0
5.071991,0.200000,0.040000,0.193386,-0.047937,0.006614,0.087937,1.881542,1.991317,0.961477,0.004767,0.034762,1,0
5.087991,0.200000,0.040000,0.193042,0.095874,0.006958,-0.055874,1.941216,1.935584,0.964564,0.004874,0.036705,1,0
5.103991,0.200000,0.040000,0.193796,0.000000,0.006204,0.040000,1.902791,1.974115,0.967663,0.004989,0.036614,1,0
5.119991,0.200000,0.040000,0.193458,0.095874,0.006542,-0.055874,1.937507,1.931773,0.970756,0.005103,0.037879,1,0
5.135991,0.200000,0.040000,0.193434,0.000000,0.006566,0.040000,1.902917,1.974139,0.973849,0.005221,0.037783,1,0
5.151990,0.200000,0.040000,0.193457,0.047937,0.006543,-0.007937,1.920237,1.953059,0.976942,0.005338,0.039046,1,0
5.167990,0.200000,0.040000,0.193483,0.047937,0.006517,-0.007937,1.920300,1.953071,0.980035,0.005460,0.039632,1,0
5.183990,0.200000,0.040000,0.193486,0.000000,0.006514,0.040000,1.902967,1.974344,0.983129,0.005583,0.040216,1,0
5.199990,0.200000,0.040000,0.193470,0.047937,0.006530,-0.007937,1.920287,1.953264,0.986221,0.005708,0.041485,1,0
5.215990,0.200000,0.040000,0.193494,0.047937,0.006506,-0.007937,1.920350,1.953276,0.989315,0.005838,0.042076,1,0
5.231989,0.200000,0.040000,0.193498,0.047937,0.006502,-0.007937,1.920413,1.953288,0.992408,0.005969,0.042663,1,0
5.247989,0.200000,0.040000,0.193502,0.047937,0.006498,-0.007937,1.920476,1.953300,0.995501,0.006101,0.043248,1,0
5.263989,0.200000,0.040000,0.193506,0.000000,0.006494,0.040000,1.903144,1.974573,0.998594,0.006236,0.043831,1,0
5.279989,0.200000,0.040000,0.193490,0.095874,0.006510,-0.055874,1.941725,1.936097,1.001687,0.006372,0.045099,1,0
5.295989,0.200000,0.040000,0.193853,0.000000,0.006147,0.040000,1.899434,1.970762,1.004786,0.006513,0.045004,1,0
5.311988,0.200000,0.040000,0.193129,0.047937,0.006871,-0.007937,1.920590,1.953517,1.007872,0.006653,0.046267,1,0
5.327988,0.200000,0.040000,0.193514,0.000000,0.006486,0.040000,1.903257,1.974790,1.010965,0.006797,0.046854,1,0
5.343988,0.200000,0.040000,0.193506,0.143811,0.006494,-0.103811,1.959234,1.915053,1.014058,0.006942,0.048125,1,0
5.359988,0.200000,0.040000,0.193469,-0.047937,0.006531,0.087937,1.882291,1.992071,1.017150,0.007092,0.047346,1,0
5.375988,0.200000,0.040000,0.193116,0.095874,0.006884,-0.055874,1.941964,1.936339,1.020236,0.007239,0.049287,1,0
5.391987,0.200000,0.040000,0.193870,-0.047937,0.006130,0.087937,1.882278,1.992264,1.023334,0.007393,0.049193,1,0
5.407987,0.200000,0.040000,0.193133,0.143811,0.006867,-0.103811,1.959347,1.915270,1.026421,0.007545,0.051143,1,0
5.423987,0.200000,0.040000,0.193479,-0.047937,0.006521,0.087937,1.882404,1.992288,1.029512,0.007704,0.050369,1,0
5.439987,0.200000,0.040000,0.193133,0.095874,0.006867,-0.055874,1.942077,1.936556,1.032598,0.007861,0.052314,1,0
5.455986,0.200000,0.040000,0.193888,0.047937,0.006112,-0.007937,1.921048,1.953825,1.035696,0.008024,0.052223,1,0
5.471986,0.200000,0.040000,0.193570,0.000000,0.006430,0.040000,1.903716,1.975098,1.038789,0.008186,0.052802,1,0
5.487986,0.200000,0.040000,0.193546,0.047937,0.006454,-0.007937,1.921036,1.954018,1.041882,0.008350,0.054067,1,0
5.503986,0.200000,0.040000,0.193570,0.047937,0.006430,-0.007937,1.921099,1.954030,1.044974,0.008518,0.054656,1,0
5.519986,0.200000,0.040000,0.193574,0.047937,0.006426,-0.007937,1.921161,1.954042,1.048067,0.008688,0.055241,1,0
5.535985,0.200000,0.040000,0.193577,0.047937,0.006423,-0.007937,1.921224,1.954054,1.051159,0.008860,0.055825,1,0
5.551985,0.200000,0.040000,0.193581,0.000000,0.006419,0.040000,1.903892,1.975327,1.054252,0.009034,0.056407,1,0
5.567985,0.200000,0.040000,0.193565,0.047937,0.006435,-0.007937,1.921212,1.954247,1.057344,0.009209,0.057674,1,0
5.583985,0.200000,0.040000,0.193589,0.047937,0.006411,-0.007937,1.921275,1.954259,1.060436,0.009388,0.058265,1,0
5.599985,0.200000,0.040000,0.193593,0.047937,0.006407,-0.007937,1.921338,1.954271,1.063528,0.009570,0.058852,1,0
5.615984,0.200000,0.040000,0.193597,0.047937,0.006403,-0.007937,1.921401,1.954283,1.066620,0.009753,0.059437,1,0
5.631984,0.200000,0.040000,0.193601,0.000000,0.006399,0.040000,1.904068,1.975556,1.069712,0.009937,0.060020,1,0
5.647984,0.200000,0.040000,0.193585,0.047937,0.006415,-0.007937,1.921388,1.954476,1.072804,0.010124,0.061288,1,0
5.663984,0.200000,0.040000,0.193609,0.047937,0.006391,-0.007937,1.921451,1.954488,1.075896,0.010315,0.061879,1,0
5.679984,0.200000,0.040000,0.193614,0.047937,0.006386,-0.007937,1.921514,1.954500,1.078988,0.010507,0.062467,1,0
5.695983,0.200000,0.040000,0.193618,0.047937,0.006382,-0.007937,1.921577,1.954512,1.082080,0.010701,0.063053,1,0
5.711983,0.200000,0.040000,0.193622,0.000000,0.006378,0.040000,1.904245,1.975785,1.085171,0.010897,0.063637,1,0
5.727983,0.200000,0.040000,0.193605,0.143811,0.006395,-0.103811,1.960221,1.916049,1.088263,0.011095,0.064906,1,0
5.743983,0.200000,0.040000,0.193568,-0.095874,0.006432,0.135874,1.865883,2.014328,1.091353,0.011297,0.064126,1,0
5.759983,0.200000,0.040000,0.193195,0.143811,0.006805,-0.103811,1.960209,1.916242,1.094438,0.011495,0.066754,1,0
5.775982,0.200000,0.040000,0.193572,-0.047937,0.006428,0.087937,1.883266,1.993260,1.097528,0.011703,0.065983,1,0
5.791982,0.200000,0.040000,0.193225,0.143811,0.006775,-0.103811,1.960334,1.916266,1.100613,0.011907,0.067932,1,0
5.807982,0.200000,0.040000,0.193579,-0.047937,0.006421,0.087937,1.883391,1.993284,1.103703,0.012118,0.067156,1,0
5.823982,0.200000,0.040000,0.193233,0.095874,0.006767,-0.055874,1.943065,1.937551,1.106788,0.012327,0.069101,1,0
5.839982,0.200000,0.040000,0.193987,0.000000,0.006013,0.040000,1.900774,1.972216,1.109884,0.012542,0.069009,1,0
5.855981,0.200000,0.040000,0.193269,0.095874,0.006731,-0.055874,1.943191,1.937575,1.112969,0.012756,0.070275,1,0
5.871981,0.200000,0.040000,0.193993,-0.047937,0.006007,0.087937,1.883505,1.993501,1.116065,0.012974,0.070179,1,0
5.887981,0.200000,0.040000,0.193256,0.143811,0.006744,-0.103811,1.960574,1.916507,1.119149,0.013192,0.072128,1,0
5.903981,0.200000,0.040000,0.193601,-0.047937,0.006399,0.087937,1.883631,1.993525,1.122239,0.013416,0.071354,1,0
5.919981,0.200000,0.040000,0.193256,0.095874,0.006744,-0.055874,1.943304,1.937792,1.125323,0.013637,0.073299,1,0
5.935980,0.200000,0.040000,0.194010,-0.047937,0.005990,0.087937,1.883618,1.993718,1.128419,0.013865,0.073208,1,0
5.951980,0.200000,0.040000,0.193272,0.143811,0.006728,-0.103811,1.960687,1.916724,1.131503,0.014092,0.075161,1,0
5.967980,0.200000,0.040000,0.193618,-0.047937,0.006382,0.087937,1.883744,1.993742,1.134592,0.014326,0.074389,1,0
5.983980,0.200000,0.040000,0.193272,0.095874,0.006728,-0.055874,1.943417,1.938009,1.137676,0.014556,0.076336,1,0
5.999979,0.200000,0.040000,0.194027,0.000000,0.005973,0.040000,1.901127,1.972674,1.140771,0.014794,0.076247,1,0
6.015979,0.200000,0.040000,0.193309,0.095874,0.006691,-0.055874,1.943543,1.938034,1.143855,0.015030,0.077515,1,0
6.031979,0.200000,0.040000,0.194034,-0.047937,0.005966,0.087937,1.883857,1.993959,1.146950,0.015271,0.077421,1,0
6.047979,0.200000,0.040000,0.193295,0.143811,0.006705,-0.103811,1.960926,1.916965,1.150034,0.015511,0.079371,1,0
6.063979,0.200000,0.040000,0.193642,-0.047937,0.006358,0.087937,1.883983,1.993983,1.153122,0.015758,0.078598,1,0
6.079978,0.200000,0.040000,0.193296,0.095874,0.006704,-0.055874,1.943657,1.938251,1.156205,0.016001,0.080545,1,0
6.095978,0.200000,0.040000,0.194051,0.000000,0.005949,0.040000,1.901366,1.972915,1.159300,0.016252,0.080455,1,0
6.111978,0.200000,0.040000,0.193333,0.095874,0.006667,-0.055874,1.943782,1.938275,1.162383,0.016501,0.081722,1,0
6.127978,0.200000,0.040000,0.194058,-0.047937,0.005942,0.087937,1.884097,1.994200,1.165478,0.016756,0.081628,1,0
6.143978,0.200000,0.040000,0.193320,0.143811,0.006680,-0.103811,1.961165,1.917207,1.168560,0.017008,0.083579,1,0
6.159977,0.200000,0.040000,0.193666,-0.047937,0.006334,0.087937,1.884223,1.994225,1.171648,0.017268,0.082806,1,0
6.175977,0.200000,0.040000,0.193320,0.095874,0.006680,-0.055874,1.943896,1.938492,1.174731,0.017525,0.084753,1,0
6.191977,0.200000,0.040000,0.194075,0.047937,0.005925,-0.007937,1.922866,1.955761,1.177825,0.017788,0.084663,1,0
6.207977,0.200000,0.040000,0.193757,-0.047937,0.006243,0.087937,1.884273,1.994430,1.180913,0.018051,0.085244,1,0
6.223977,0.200000,0.040000,0.193333,0.143811,0.006667,-0.103811,1.961342,1.917436,1.183996,0.018315,0.087198,1,0
6.239976,0.200000,0.040000,0.193687,-0.047937,0.006313,0.087937,1.884399,1.994454,1.187083,0.018586,0.086428,1,0
6.255976,0.200000,0.040000,0.193340,0.095874,0.006660,-0.055874,1.944072,1.938721,1.190164,0.018854,0.088376,1,0
6.271976,0.200000,0.040000,0.194096,0.047937,0.005904,-0.007937,1.923043,1.955990,1.193258,0.019129,0.088288,1,0
6.287976,0.200000,0.040000,0.193777,0.047937,0.006223,-0.007937,1.923106,1.956002,1.196346,0.019403,0.088870,1,0
6.303976,0.200000,0.040000,0.193773,-0.047937,0.006227,0.087937,1.884512,1.994671,1.199434,0.019679,0.089451,1,0
6.319975,0.200000,0.040000,0.193356,0.143811,0.006644,-0.103811,1.961581,1.917677,1.202515,0.019956,0.091406,1,0
6.335975,0.200000,0.040000,0.193711,-0.047937,0.006289,0.087937,1.884638,1.994695,1.205602,0.020240,0.090636,1,0
6.351975,0.200000,0.040000,0.193364,0.095874,0.006636,-0.055874,1.944311,1.938962,1.208683,0.020520,0.092584,1,0
6.367975,0.200000,0.040000,0.194120,0.047937,0.005880,-0.007937,1.923282,1.956232,1.211775,0.020808,0.092497,1,0
6.383975,0.200000,0.040000,0.193801,0.000000,0.006199,0.040000,1.902084,1.973639,1.214863,0.021095,0.093079,1,0
6.399974,0.200000,0.040000,0.193397,0.095874,0.006603,-0.055874,1.944500,1.938998,1.217944,0.021384,0.094347,1,0
6.415974,0.200000,0.040000,0.194129,-0.047937,0.005871,0.087937,1.884814,1.994924,1.221036,0.021677,0.094254,1,0
6.431974,0.200000,0.040000,0.193391,0.143811,0.006609,-0.103811,1.961883,1.917930,1.224116,0.021969,0.096205,1,0
6.447974,0.200000,0.040000,0.193738,-0.047937,0.006262,0.087937,1.884940,1.994948,1.227202,0.022268,0.095433,1,0
6.463974,0.200000,0.040000,0.193392,0.095874,0.006608,-0.055874,1.944613,1.939215,1.230282,0.022563,0.097380,1,0
6.479973,0.200000,0.040000,0.194148,0.000000,0.005852,0.040000,1.902323,1.973880,1.233373,0.022866,0.097291,1,0
6.495973,0.200000,0.040000,0.193429,0.095874,0.006571,-0.055874,1.944739,1.939240,1.236454,0.023167,0.098559,1,0
6.511973,0.200000,0.040000,0.194154,-0.047937,0.005846,0.087937,1.885053,1.995165,1.239545,0.023474,0.098465,1,0
6.527973,0.200000,0.040000,0.193416,0.143811,0.006584,-0.103811,1.962122,1.918172,1.242625,0.023779,0.100416,1,0
6.543972,0.200000,0.040000,0.193763,-0.047937,0.006237,0.087937,1.885179,1.995189,1.245709,0.024091,0.099644,1,0
6.559972,0.200000,0.040000,0.193416,0.095874,0.006584,-0.055874,1.944853,1.939457,1.248788,0.024399,0.101591,1,0
6.575972,0.200000,0.040000,0.194172,0.000000,0.005828,0.040000,1.902562,1.974121,1.251879,0.024715,0.101501,1,0
6.591972,0.200000,0.040000,0.193453,0.095874,0.006547,-0.055874,1.944978,1.939481,1.254958,0.025029,0.102769,1,0
6.607972,0.200000,0.040000,0.194178,-0.047937,0.005822,0.087937,1.885293,1.995407,1.258049,0.025349,0.102676,1,0
6.623971,0.200000,0.040000,0.193440,0.143811,0.006560,-0.103811,1.962361,1.918413,1.261127,0.025667,0.104627,1,0
6.639971,0.200000,0.040000,0.193786,-0.047937,0.006214,0.087937,1.885418,1.995431,1.264211,0.025992,0.103854,1,0
6.655971,0.200000,0.040000,0.193440,0.095874,0.006560,-0.055874,1.945092,1.939698,1.267289,0.026313,0.105801,1,0
6.671971,0.200000,0.040000,0.194196,0.000000,0.005804,0.040000,1.902801,1.974363,1.270379,0.026642,0.105712,1,0
6.687971,0.200000,0.040000,0.193477,0.095874,0.006523,-0.055874,1.945217,1.939722,1.273457,0.026969,0.106980,1,0
6.703970,0.200000,0.040000,0.194202,-0.047937,0.005798,0.087937,1.885532,1.995648,1.276546,0.027302,0.106886,1,0
6.719970,0.200000,0.040000,0.193464,0.143811,0.006536,-0.103811,1.962601,1.918654,1.279624,0.027633,0.108838,1,0
6.735970,0.200000,0.040000,0.193810,-0.047937,0.006190,0.087937,1.885658,1.995672,1.282707,0.027971,0.108065,1,0
6.751970,0.200000,0.040000,0.193464,0.095874,0.006536,-0.055874,1.945331,1.939939,1.285784,0.028305,0.110012,1,0
6.767970,0.200000,0.040000,0.194220,0.000000,0.005780,0.040000,1.903041,1.974604,1.288872,0.028647,0.109923,1,0
6.783969,0.200000,0.040000,0.193501,0.047937,0.006499,-0.007937,1.924196,1.957359,1.291950,0.028987,0.111191,1,0
6.799969,0.200000,0.040000,0.193886,0.047937,0.006114,-0.007937,1.924259,1.957371,1.295033,0.029333,0.111782,1,0
6.815969,0.200000,0.040000,0.193898,0.000000,0.006102,0.040000,1.906926,1.978644,1.298116,0.029679,0.112371,1,0
6.831969,0.200000,0.040000,0.193881,0.095874,0.006119,-0.055874,1.941642,1.936303,1.301198,0.030028,0.113644,1,0
6.847969,0.200000,0.040000,0.193868,0.000000,0.006132,0.040000,1.907052,1.978668,1.304280,0.030381,0.113555,1,0
6.863968,0.200000,0.040000,0.193888,0.047937,0.006112,-0.007937,1.924372,1.957588,1.307362,0.030733,0.114823,1,0
6.879968,0.200000,0.040000,0.193913,0.047937,0.006087,-0.007937,1.924435,1.957600,1.310444,0.031089,0.115415,1,0
6.895968,0.200000,0.040000,0.193917,0.047937,0.006083,-0.007937,1.924498,1.957612,1.313526,0.031447,0.116004,1,0
6.911968,0.200000,0.040000,0.193921,0.047937,0.006079,-0.007937,1.924561,1.957624,1.316608,0.031807,0.116591,1,0
6.927968,0.200000,0.040000,0.193925,0.000000,0.006075,0.040000,1.907228,1.978897,1.319689,0.032169,0.117176,1,0
6.943967,0.200000,0.040000,0.193909,0.095874,0.006091,-0.055874,1.941944,1.936556,1.322771,0.032532,0.118448,1,0
6.959967,0.200000,0.040000,0.193895,0.000000,0.006105,0.040000,1.907354,1.978921,1.325851,0.032900,0.118357,1,0
6.975967,0.200000,0.040000,0.193916,0.047937,0.006084,-0.007937,1.924674,1.957841,1.328932,0.033267,0.119624,1,0
6.991967,0.200000,0.040000,0.193942,0.047937,0.006058,-0.007937,1.924737,1.957853,1.332013,0.033638,0.120215,1,0
7.007967,0.200000,0.040000,0.193946,0.047937,0.006054,-0.007937,1.924800,1.957865,1.335093,0.034011,0.120803,1,0
7.023966,0.200000,0.040000,0.193950,0.000000,0.006050,0.040000,1.907467,1.979138,1.338174,0.034386,0.121390,1,0
7.039966,0.200000,0.040000,0.193933,0.095874,0.006067,-0.055874,1.942183,1.936797,1.341254,0.034762,0.122662,1,0
7.055966,0.200000,0.040000,0.193919,-0.047937,0.006081,0.087937,1.886332,1.996558,1.344333,0.035143,0.122571,1,0
7.071966,0.200000,0.040000,0.193540,0.143811,0.006460,-0.103811,1.963401,1.919564,1.347406,0.035522,0.124526,1,0
7.087965,0.200000,0.040000,0.193897,-0.047937,0.006103,0.087937,1.886458,1.996582,1.350485,0.035908,0.123756,1,0
7.103965,0.200000,0.040000,0.193549,0.095874,0.006451,-0.055874,1.946131,1.940849,1.353558,0.036291,0.125705,1,0
7.119965,0.200000,0.040000,0.194306,0.000000,0.005694,0.040000,1.903841,1.975514,1.356642,0.036682,0.125618,1,0
7.135965,0.200000,0.040000,0.193586,0.095874,0.006414,-0.055874,1.946257,1.940873,1.359715,0.037070,0.126888,1,0
7.151965,0.200000,0.040000,0.194312,-0.047937,0.005688,0.087937,1.886571,1.996799,1.362799,0.037465,0.126796,1,0
7.167964,0.200000,0.040000,0.193573,0.143811,0.006427,-0.103811,1.963640,1.919805,1.365871,0.037857,0.128750,1,0
7.183964,0.200000,0.040000,0.193921,-0.047937,0.006079,0.087937,1.886697,1.996823,1.368948,0.038256,0.127979,1,0
7.199964,0.200000,0.040000,0.193573,0.095874,0.006427,-0.055874,1.946370,1.941090,1.372020,0.038652,0.129928,1,0
7.215964,0.200000,0.040000,0.194330,0.000000,0.005670,0.040000,1.904080,1.975755,1.375103,0.039056,0.129841,1,0
7.231964,0.200000,0.040000,0.193610,0.047937,0.006390,-0.007937,1.925235,1.958510,1.378174,0.039458,0.131110,1,0
7.247963,0.200000,0.040000,0.193995,0.047937,0.006005,-0.007937,1.925298,1.958522,1.381251,0.039864,0.131704,1,0
7.263963,0.200000,0.040000,0.194007,0.047937,0.005993,-0.007937,1.925361,1.958534,1.384329,0.040273,0.132294,1,0
7.279963,0.200000,0.040000,0.194011,0.000000,0.005989,0.040000,1.908028,1.979807,1.387405,0.040683,0.132883,1,0
7.295963,0.200000,0.040000,0.193994,0.095874,0.006006,-0.055874,1.942744,1.937466,1.390482,0.041095,0.134156,1,0
7.311963,0.200000,0.040000,0.193981,0.000000,0.006019,0.040000,1.908154,1.979831,1.393558,0.041511,0.134068,1,0
7.327962,0.200000,0.040000,0.194001,0.047937,0.005999,-0.007937,1.925474,1.958751,1.396634,0.041927,0.135337,1,0
7.343962,0.200000,0.040000,0.194026,0.047937,0.005974,-0.007937,1.925537,1.958763,1.399710,0.042346,0.135930,1,0
7.359962,0.200000,0.040000,0.194031,0.047937,0.005969,-0.007937,1.925600,1.958775,1.402785,0.042768,0.136520,1,0
7.375962,0.200000,0.040000,0.194034,0.047937,0.005966,-0.007937,1.925663,1.958787,1.405861,0.043191,0.137108,1,0
7.391962,0.200000,0.040000,0.194038,0.047937,0.005962,-0.007937,1.925726,1.958799,1.408936,0.043616,0.137695,1,0
7.407961,0.200000,0.040000,0.194042,-0.047937,0.005958,0.087937,1.887133,1.997468,1.412011,0.044043,0.138280,1,0
7.423961,0.200000,0.040000,0.193626,0.143811,0.006374,-0.103811,1.964201,1.920474,1.415080,0.044471,0.140239,1,0
7.439961,0.200000,0.040000,0.193983,-0.047937,0.006017,0.087937,1.887258,1.997492,1.418153,0.044906,0.139472,1,0
7.455961,0.200000,0.040000,0.193634,0.143811,0.006366,-0.103811,1.964327,1.920498,1.421221,0.045337,0.141425,1,0
7.471961,0.200000,0.040000,0.193991,-0.047937,0.006009,0.087937,1.887384,1.997516,1.424294,0.045776,0.140653,1,0
7.487960,0.200000,0.040000,0.193642,0.095874,0.006358,-0.055874,1.947057,1.941783,1.427361,0.046210,0.142602,1,0
7.503960,0.200000,0.040000,0.194400,0.000000,0.005600,0.040000,1.904767,1.976448,1.430440,0.046653,0.142514,1,0
7.519960,0.200000,0.040000,0.193679,0.047937,0.006321,-0.007937,1.925922,1.959203,1.433507,0.047094,0.143784,1,0
7.535960,0.200000,0.040000,0.194064,0.047937,0.005936,-0.007937,1.925985,1.959215,1.436580,0.047540,0.144378,1,0
7.551960,0.200000,0.040000,0.194076,0.047937,0.005924,-0.007937,1.926048,1.959227,1.439653,0.047988,0.144969,1,0
7.567959,0.200000,0.040000,0.194080,0.000000,0.005920,0.040000,1.908715,1.980500,1.442725,0.048437,0.145557,1,0
7.583959,0.200000,0.040000,0.194063,0.095874,0.005937,-0.055874,1.943431,1.938159,1.445798,0.048888,0.146832,1,0
7.599959,0.200000,0.040000,0.194050,0.000000,0.005950,0.040000,1.908841,1.980524,1.448869,0.049343,0.146743,1,0
7.615959,0.200000,0.040000,0.194070,0.047937,0.005930,-0.007937,1.926161,1.959444,1.451940,0.049798,0.148012,1,0
7.631958,0.200000,0.040000,0.194095,0.047937,0.005905,-0.007937,1.926224,1.959456,1.455012,0.050257,0.148605,1,0
7.647958,0.200000,0.040000,0.194099,0.047937,0.005901,-0.007937,1.926287,1.959468,1.458083,0.050717,0.149196,1,0
7.663958,0.200000,0.040000,0.194103,0.047937,0.005897,-0.007937,1.926350,1.959480,1.461154,0.051180,0.149784,1,0
7.679958,0.200000,0.040000,0.194107,0.000000,0.005893,0.040000,1.905152,1.976888,1.464225,0.051644,0.150371,1,0
7.695958,0.200000,0.040000,0.193711,0.095874,0.006289,-0.055874,1.947568,1.942247,1.467289,0.052109,0.151644,1,0
7.711957,0.200000,0.040000,0.194446,-0.047937,0.005554,0.087937,1.887882,1.998173,1.470365,0.052580,0.151555,1,0
7.727957,0.200000,0.040000,0.193707,0.143811,0.006293,-0.103811,1.964951,1.921179,1.473428,0.053048,0.153510,1,0
7.743957,0.200000,0.040000,0.194056,-0.047937,0.005944,0.087937,1.888008,1.998197,1.476497,0.053524,0.152741,1,0
7.759957,0.200000,0.040000,0.193707,0.095874,0.006293,-0.055874,1.947681,1.942464,1.479560,0.053996,0.154692,1,0
7.775957,0.200000,0.040000,0.194465,0.000000,0.005535,0.040000,1.905391,1.977129,1.482634,0.054476,0.154606,1,0
7.791956,0.200000,0.040000,0.193744,0.047937,0.006256,-0.007937,1.926546,1.959884,1.485697,0.054955,0.155877,1,0
7.807956,0.200000,0.040000,0.194129,0.047937,0.005871,-0.007937,1.926609,1.959896,1.488765,0.055438,0.156472,1,0
7.823956,0.200000,0.040000,0.194141,0.047937,0.005859,-0.007937,1.926672,1.959908,1.491833,0.055922,0.157064,1,0
7.839956,0.200000,0.040000,0.194145,0.047937,0.005855,-0.007937,1.926735,1.959920,1.494901,0.056409,0.157653,1,0
7.855956,0.200000,0.040000,0.194148,0.000000,0.005852,0.040000,1.909402,1.981193,1.497969,0.056898,0.158241,1,0
7.871955,0.200000,0.040000,0.194132,0.095874,0.005868,-0.055874,1.944118,1.938852,1.501036,0.057388,0.159515,1,0
7.887955,0.200000,0.040000,0.194120,-0.047937,0.005880,0.087937,1.888267,1.998612,1.504102,0.057882,0.159426,1,0
7.903955,0.200000,0.040000,0.193739,0.143811,0.006261,-0.103811,1.965336,1.921619,1.507163,0.058375,0.161382,1,0
7.919955,0.200000,0.040000,0.194097,-0.047937,0.005903,0.087937,1.888393,1.998636,1.510228,0.058875,0.160614,1,0
7.935955,0.200000,0.040000,0.193748,0.095874,0.006252,-0.055874,1.948066,1.942904,1.513288,0.059371,0.162565,1,0
7.951954,0.200000,0.040000,0.194506,0.000000,0.005494,0.040000,1.905776,1.977568,1.516359,0.059876,0.162480,1,0
7.967954,0.200000,0.040000,0.193785,0.095874,0.006215,-0.055874,1.948192,1.942928,1.519418,0.060378,0.163752,1,0
7.983954,0.200000,0.040000,0.194513,0.000000,0.005487,0.040000,1.905902,1.977593,1.522489,0.060886,0.163663,1,0
7.999954,0.200000,0.040000,0.193792,0.047937,0.006208,-0.007937,1.927057,1.960347,1.525548,0.061392,0.164931,1,0
8.015954,0.200000,0.040000,0.194177,0.047937,0.005823,-0.007937,1.927119,1.960359,1.528612,0.061903,0.165524,1,0
8.031954,0.200000,0.040000,0.194190,0.000000,0.005810,0.040000,1.909787,1.981632,1.531677,0.062416,0.166114,1,0
8.047954,0.200000,0.040000,0.194173,0.095874,0.005827,-0.055874,1.944503,1.939291,1.534741,0.062930,0.167390,1,0
8.063953,0.200000,0.040000,0.194161,0.000000,0.005839,0.040000,1.909913,1.981657,1.537804,0.063449,0.167303,1,0
8.079953,0.200000,0.040000,0.194180,0.047937,0.005820,-0.007937,1.927233,1.960577,1.540867,0.063967,0.168573,1,0
8.095953,0.200000,0.040000,0.194205,0.047937,0.005795,-0.007937,1.927296,1.960589,1.543930,0.064489,0.169167,1,0
8.111953,0.200000,0.040000,0.194209,0.047937,0.005791,-0.007937,1.927359,1.960601,1.546993,0.065013,0.169759,1,0
8.127953,0.200000,0.040000,0.194213,0.000000,0.005787,0.040000,1.906161,1.978008,1.550056,0.065538,0.170349,1,0
8.143952,0.200000,0.040000,0.193817,0.095874,0.006183,-0.055874,1.948577,1.943367,1.553112,0.066065,0.171624,1,0
8.159952,0.200000,0.040000,0.194554,0.000000,0.005446,0.040000,1.906286,1.978032,1.556179,0.066597,0.171536,1,0
8.175952,0.200000,0.040000,0.193833,0.047937,0.006167,-0.007937,1.927441,1.960787,1.559234,0.067127,0.172807,1,0
8.191952,0.200000,0.040000,0.194218,0.047937,0.005782,-0.007937,1.927504,1.960799,1.562295,0.067663,0.173401,1,0
8.207952,0.200000,0.040000,0.194231,0.047937,0.005769,-0.007937,1.927567,1.960811,1.565356,0.068200,0.173992,1,0
8.223951,0.200000,0.040000,0.194235,0.000000,0.005765,0.040000,1.910235,1.982084,1.568417,0.068738,0.174582,1,0
8.239951,0.200000,0.040000,0.194218,0.095874,0.005782,-0.055874,1.944950,1.939743,1.571477,0.069279,0.175857,1,0
8.255951,0.200000,0.040000,0.194206,0.000000,0.005794,0.040000,1.910361,1.982108,1.574536,0.069823,0.175770,1,0
8.271951,0.200000,0.040000,0.194225,0.047937,0.005775,-0.007937,1.927681,1.961028,1.577596,0.070367,0.177040,1,0
8.287951,0.200000,0.040000,0.194251,0.047937,0.005749,-0.007937,1.927744,1.961040,1.580655,0.070916,0.177635,1,0
8.303950,0.200000,0.040000,0.194255,0.000000,0.005745,0.040000,1.906545,1.978448,1.583714,0.071466,0.178226,1,0
8.319950,0.200000,0.040000,0.193859,0.095874,0.006141,-0.055874,1.948961,1.943807,1.586767,0.072016,0.179503,1,0
8.335950,0.200000,0.040000,0.194595,0.000000,0.005405,0.040000,1.906671,1.978472,1.589830,0.072573,0.179417,1,0
8.351950,0.200000,0.040000,0.193874,0.047937,0.006126,-0.007937,1.927826,1.961227,1.592882,0.073127,0.180689,1,0
8.367949,0.200000,0.040000,0.194259,0.047937,0.005741,-0.007937,1.927889,1.961239,1.595940,0.073687,0.181284,1,0
8.383949,0.200000,0.040000,0.194272,0.047937,0.005728,-0.007937,1.927952,1.961251,1.598997,0.074248,0.181876,1,0
8.399949,0.200000,0.040000,0.194276,0.047937,0.005724,-0.007937,1.928015,1.961263,1.602054,0.074811,0.182467,1,0
8.415949,0.200000,0.040000,0.194279,0.000000,0.005721,0.040000,1.910682,1.982536,1.605111,0.075376,0.183056,1,0
8.431949,0.200000,0.040000,0.194263,0.095874,0.005737,-0.055874,1.945398,1.940195,1.608167,0.075942,0.184331,1,0
8.447948,0.200000,0.040000,0.194251,-0.047937,0.005749,0.087937,1.889547,1.999955,1.611222,0.076513,0.184243,1,0
8.463948,0.200000,0.040000,0.193870,0.143811,0.006130,-0.103811,1.966616,1.922962,1.614271,0.077082,0.186201,1,0
8.479948,0.200000,0.040000,0.194229,-0.047937,0.005771,0.087937,1.889673,1.999980,1.617325,0.077658,0.185434,1,0
8.495948,0.200000,0.040000,0.193879,0.143811,0.006121,-0.103811,1.966742,1.922986,1.620374,0.078231,0.187386,1,0
8.511948,0.200000,0.040000,0.194236,-0.047937,0.005764,0.087937,1.889799,2.000004,1.623427,0.078810,0.186616,1,0
8.527947,0.200000,0.040000,0.193887,0.047937,0.006113,-0.007937,1.928211,1.961666,1.626475,0.079387,0.188565,1,0
8.543947,0.200000,0.040000,0.194301,0.047937,0.005699,-0.007937,1.928274,1.961678,1.629529,0.079970,0.189164,1,0
8.559947,0.200000,0.040000,0.194313,0.047937,0.005687,-0.007937,1.928337,1.961690,1.632582,0.080556,0.189759,1,0
8.575947,0.200000,0.040000,0.194317,0.047937,0.005683,-0.007937,1.928400,1.961703,1.635635,0.081143,0.190352,1,0
8.591947,0.200000,0.040000,0.194320,0.047937,0.005680,-0.007937,1.928463,1.961715,1.638688,0.081732,0.190943,1,0
8.607946,0.200000,0.040000,0.194324,0.000000,0.005676,0.040000,1.907264,1.979122,1.641741,0.082323,0.191532,1,0
8.623946,0.200000,0.040000,0.193928,0.095874,0.006072,-0.055874,1.949681,1.944481,1.644787,0.082914,0.192807,1,0
8.639946,0.200000,0.040000,0.194664,-0.047937,0.005336,0.087937,1.889995,2.000407,1.647843,0.083512,0.192720,1,0
8.655946,0.200000,0.040000,0.193923,0.143811,0.006077,-0.103811,1.967064,1.923413,1.650889,0.084107,0.194677,1,0
8.671946,0.200000,0.040000,0.194273,-0.047937,0.005727,0.087937,1.890121,2.000431,1.653938,0.084709,0.193910,1,0
8.687945,0.200000,0.040000,0.193924,0.095874,0.006076,-0.055874,1.945928,1.940833,1.656982,0.085307,0.195863,1,0
8.703945,0.200000,0.040000,0.194303,0.000000,0.005697,0.040000,1.911339,1.983198,1.660032,0.085913,0.195779,1,0
8.719945,0.200000,0.040000,0.194329,0.095874,0.005671,-0.055874,1.946054,1.940857,1.663081,0.086519,0.197052,1,0
8.735945,0.200000,0.040000,0.194318,-0.047937,0.005682,0.087937,1.890203,2.000618,1.666130,0.087128,0.196964,1,0
8.751945,0.200000,0.040000,0.193936,0.143811,0.006064,-0.103811,1.967272,1.923624,1.669173,0.087736,0.198921,1,0
8.767944,0.200000,0.040000,0.194294,-0.047937,0.005706,0.087937,1.890329,2.000642,1.672220,0.088352,0.198154,1,0
8.783944,0.200000,0.040000,0.193945,0.095874,0.006055,-0.055874,1.950003,1.944909,1.675263,0.088963,0.200106,1,0
8.799944,0.200000,0.040000,0.194704,0.000000,0.005296,0.040000,1.907712,1.979574,1.678315,0.089583,0.200022,1,0
8.815944,0.200000,0.040000,0.193981,0.047937,0.006019,-0.007937,1.928867,1.962329,1.681357,0.090201,0.201295,1,0
8.831944,0.200000,0.040000,0.194366,0.047937,0.005634,-0.007937,1.928930,1.962341,1.684404,0.090823,0.201892,1,0
8.847943,0.200000,0.040000,0.194378,0.047937,0.005622,-0.007937,1.928993,1.962353,1.687451,0.091448,0.202486,1,0
8.863943,0.200000,0.040000,0.194382,0.047937,0.005618,-0.007937,1.929056,1.962365,1.690497,0.092074,0.203077,1,0
8.879943,0.200000,0.040000,0.194386,0.047937,0.005614,-0.007937,1.929119,1.962377,1.693543,0.092702,0.203667,1,0
8.895943,0.200000,0.040000,0.194390,0.000000,0.005610,0.040000,1.907921,1.979784,1.696589,0.093332,0.204256,1,0
8.911942,0.200000,0.040000,0.193994,0.095874,0.006006,-0.055874,1.950337,1.945144,1.699628,0.093962,0.205531,1,0
8.927942,0.200000,0.040000,0.194730,-0.047937,0.005270,0.087937,1.890651,2.001070,1.702678,0.094599,0.205444,1,0
8.943942,0.200000,0.040000,0.193989,0.143811,0.006011,-0.103811,1.967720,1.924076,1.705717,0.095233,0.207401,1,0
8.959942,0.200000,0.040000,0.194339,-0.047937,0.005661,0.087937,1.890777,2.001094,1.708759,0.095874,0.206635,1,0
8.975942,0.200000,0.040000,0.193989,0.095874,0.006011,-0.055874,1.946585,1.941495,1.711797,0.096511,0.208587,1,0
8.991941,0.200000,0.040000,0.194369,0.000000,0.005631,0.040000,1.911995,1.983860,1.714839,0.097156,0.208504,1,0
9.007941,0.200000,0.040000,0.194395,0.095874,0.005605,-0.055874,1.946710,1.941519,1.717882,0.097801,0.209778,1,0
9.023941,0.200000,0.040000,0.194384,-0.047937,0.005616,0.087937,1.890860,2.001280,1.720924,0.098449,0.209690,1,0
9.039941,0.200000,0.040000,0.194002,0.143811,0.005998,-0.103811,1.967928,1.924286,1.723960,0.099096,0.211646,1,0
9.055941,0.200000,0.040000,0.194360,-0.047937,0.005640,0.087937,1.890985,2.001304,1.727000,0.099750,0.210880,1,0
9.071940,0.200000,0.040000,0.194011,0.095874,0.005989,-0.055874,1.946793,1.941706,1.730035,0.100401,0.212832,1,0
9.087940,0.200000,0.040000,0.194390,0.000000,0.005610,0.040000,1.912203,1.984071,1.733075,0.101058,0.212748,1,0
9.103940,0.200000,0.040000,0.194416,0.047937,0.005584,-0.007937,1.929524,1.962991,1.736115,0.101716,0.214022,1,0
9.119940,0.200000,0.040000,0.194441,0.047937,0.005559,-0.007937,1.929586,1.963003,1.739155,0.102378,0.214618,1,0
9.135940,0.200000,0.040000,0.194444,0.047937,0.005556,-0.007937,1.929649,1.963015,1.742195,0.103041,0.215212,1,0
9.151939,0.200000,0.040000,0.194448,0.000000,0.005552,0.040000,1.908451,1.980422,1.745234,0.103706,0.215804,1,0
9.167939,0.200000,0.040000,0.194052,0.095874,0.005948,-0.055874,1.950867,1.945782,1.748267,0.104372,0.217081,1,0
9.183939,0.200000,0.040000,0.194789,0.000000,0.005211,0.040000,1.908577,1.980447,1.751310,0.105044,0.216996,1,0
9.199939,0.200000,0.040000,0.194067,0.047937,0.005933,-0.007937,1.929732,1.963201,1.754342,0.105713,0.218269,1,0
9.215939,0.200000,0.040000,0.194453,0.047937,0.005547,-0.007937,1.929795,1.963213,1.757379,0.106388,0.218865,1,0
9.231938,0.200000,0.040000,0.194465,0.047937,0.005535,-0.007937,1.929858,1.963225,1.760416,0.107064,0.219458,1,0
9.247938,0.200000,0.040000,0.194469,0.047937,0.005531,-0.007937,1.929921,1.963238,1.763453,0.107742,0.220050,1,0
9.263938,0.200000,0.040000,0.194473,0.000000,0.005527,0.040000,1.908723,1.980645,1.766490,0.108422,0.220640,1,0
9.279938,0.200000,0.040000,0.194077,0.095874,0.005923,-0.055874,1.951139,1.946005,1.769519,0.109102,0.221916,1,0
9.295938,0.200000,0.040000,0.194814,-0.047937,0.005186,0.087937,1.891453,2.001930,1.772560,0.109789,0.221830,1,0
9.311937,0.200000,0.040000,0.194072,0.143811,0.005928,-0.103811,1.968522,1.924936,1.775589,0.110473,0.223789,1,0
9.327937,0.200000,0.040000,0.194423,-0.047937,0.005577,0.087937,1.891579,2.001954,1.778622,0.111164,0.223023,1,0
9.343937,0.200000,0.040000,0.194072,0.095874,0.005928,-0.055874,1.947387,1.942356,1.781650,0.111852,0.224977,1,0
9.359937,0.200000,0.040000,0.194453,0.000000,0.005547,0.040000,1.912797,1.984721,1.784682,0.112547,0.224894,1,0
9.375937,0.200000,0.040000,0.194478,0.095874,0.005522,-0.055874,1.947512,1.942380,1.787715,0.113241,0.226169,1,0
9.391936,0.200000,0.040000,0.194467,-0.047937,0.005533,0.087937,1.891662,2.002141,1.790747,0.113940,0.226082,1,0
9.407936,0.200000,0.040000,0.194085,0.143811,0.005915,-0.103811,1.968730,1.925147,1.793774,0.114637,0.228040,1,0
9.423936,0.200000,0.040000,0.194444,-0.047937,0.005556,0.087937,1.891787,2.002165,1.796804,0.115341,0.227274,1,0
9.439936,0.200000,0.040000,0.194093,0.095874,0.005907,-0.055874,1.947595,1.942566,1.799830,0.116041,0.229227,1,0
9.455935,0.200000,0.040000,0.194474,0.000000,0.005526,0.040000,1.913005,1.984932,1.802860,0.116749,0.229144,1,0
9.471935,0.200000,0.040000,0.194499,0.095874,0.005501,-0.055874,1.947721,1.942590,1.805890,0.117457,0.230419,1,0
9.487935,0.200000,0.040000,0.194488,-0.047937,0.005512,0.087937,1.891870,2.002351,1.808919,0.118168,0.230332,1,0
9.503935,0.200000,0.040000,0.194106,0.143811,0.005894,-0.103811,1.968939,1.925357,1.811943,0.118878,0.232289,1,0
9.519935,0.200000,0.040000,0.194465,-0.047937,0.005535,0.087937,1.891996,2.002375,1.814971,0.119595,0.231524,1,0
9.535934,0.200000,0.040000,0.194114,0.143811,0.005886,-0.103811,1.969064,1.925382,1.817993,0.120308,0.233477,1,0
9.551934,0.200000,0.040000,0.194472,-0.095874,0.005528,0.135874,1.870860,2.019795,1.821020,0.121029,0.232707,1,0
9.567934,0.200000,0.040000,0.193722,0.191748,0.006278,-0.151748,1.990282,1.908148,1.824036,0.121745,0.235345,1,0
9.583934,0.200000,0.040000,0.194450,-0.095874,0.005550,0.135874,1.870986,2.019819,1.827061,0.122471,0.233897,1,0
9.599934,0.200000,0.040000,0.193731,0.143811,0.006269,-0.103811,1.969147,1.925568,1.830076,0.123190,0.236530,1,0
9.615933,0.200000,0.040000,0.194480,-0.047937,0.005520,0.087937,1.892204,2.002586,1.833101,0.123920,0.235766,1,0
9.631933,0.200000,0.040000,0.194137,0.143811,0.005863,-0.103811,1.969273,1.925592,1.836121,0.124646,0.237720,1,0
9.647933,0.200000,0.040000,0.194494,-0.047937,0.005506,0.087937,1.892330,2.002610,1.839146,0.125380,0.236952,1,0
9.663933,0.200000,0.040000,0.194144,0.047937,0.005856,-0.007937,1.930742,1.964273,1.842165,0.126110,0.238903,1,0
9.679933,0.200000,0.040000,0.194558,0.047937,0.005442,-0.007937,1.930805,1.964285,1.845189,0.126847,0.239503,1,0
9.695932,0.200000,0.040000,0.194569,0.047937,0.005431,-0.007937,1.930868,1.964297,1.848213,0.127587,0.240100,1,0
9.711932,0.200000,0.040000,0.194573,0.000000,0.005427,0.040000,1.909670,1.981704,1.851237,0.128328,0.240694,1,0
9.727932,0.200000,0.040000,0.194176,0.095874,0.005824,-0.055874,1.952086,1.947064,1.854254,0.129069,0.241973,1,0
9.743932,0.200000,0.040000,0.194914,0.000000,0.005086,0.040000,1.909796,1.981728,1.857282,0.129817,0.241890,1,0
9.759932,0.200000,0.040000,0.194192,0.047937,0.005808,-0.007937,1.930951,1.964483,1.860298,0.130562,0.243163,1,0
9.775931,0.200000,0.040000,0.194577,0.047937,0.005423,-0.007937,1.931014,1.964495,1.863319,0.131313,0.243761,1,0
9.791931,0.200000,0.040000,0.194589,0.047937,0.005411,-0.007937,1.931077,1.964507,1.866341,0.132065,0.244355,1,0
9.807931,0.200000,0.040000,0.194593,0.047937,0.005407,-0.007937,1.931139,1.964519,1.869361,0.132819,0.244948,1,0
9.823931,0.200000,0.040000,0.194597,0.000000,0.005403,0.040000,1.909941,1.981927,1.872382,0.133575,0.245539,1,0
9.839931,0.200000,0.040000,0.194201,0.095874,0.005799,-0.055874,1.952358,1.947286,1.875396,0.134331,0.246816,1,0
9.855930,0.200000,0.040000,0.194939,0.000000,0.005061,0.040000,1.910067,1.981951,1.878420,0.135094,0.246731,1,0
9.871930,0.200000,0.040000,0.194217,0.047937,0.005783,-0.007937,1.931222,1.964706,1.881433,0.135853,0.248003,1,0
9.887930,0.200000,0.040000,0.194602,0.047937,0.005398,-0.007937,1.931285,1.964718,1.884451,0.136618,0.248600,1,0
9.903930,0.200000,0.040000,0.194615,0.047937,0.005385,-0.007937,1.931348,1.964730,1.887469,0.137385,0.249194,1,0
9.919930,0.200000,0.040000,0.194619,0.000000,0.005381,0.040000,1.910150,1.982137,1.890487,0.138154,0.249786,1,0
9.935929,0.200000,0.040000,0.194223,0.095874,0.005777,-0.055874,1.952566,1.947497,1.893498,0.138923,0.251063,1,0
9.951929,0.200000,0.040000,0.194961,0.000000,0.005039,0.040000,1.910276,1.982161,1.896519,0.139699,0.250979,1,0
9.967929,0.200000,0.040000,0.194238,0.047937,0.005762,-0.007937,1.931431,1.964916,1.899529,0.140471,0.252252,1,0
9.983929,0.200000,0.040000,0.194624,0.047937,0.005376,-0.007937,1.931494,1.964928,1.902545,0.141249,0.252849,1,0
9.999928,0.200000,0.040000,0.194636,0.047937,0.005364,-0.007937,1.931557,1.964940,1.905560,0.142029,0.253443,1,0
10.015928,0.200000,0.040000,0.194640,0.000000,0.005360,0.040000,1.910358,1.982348,1.908574,0.142811,0.254035,1,0
10.031928,0.200000,0.040000,0.194244,0.095874,0.005756,-0.055874,1.952775,1.947707,1.911582,0.143592,0.255313,1,0
10.047928,0.200000,0.040000,0.194982,0.000000,0.005018,0.040000,1.910484,1.982372,1.914600,0.144381,0.255228,1,0
10.063928,0.200000,0.040000,0.194259,0.047937,0.005741,-0.007937,1.931639,1.965127,1.917608,0.145167,0.256501,1,0
10.079927,0.200000,0.040000,0.194645,0.047937,0.005355,-0.007937,1.931702,1.965139,1.920620,0.145957,0.257098,1,0
10.095927,0.200000,0.040000,0.194657,0.047937,0.005343,-0.007937,1.931765,1.965151,1.923632,0.146750,0.257692,1,0
10.111927,0.200000,0.040000,0.194661,0.000000,0.005339,0.040000,1.910567,1.982558,1.926643,0.147545,0.258284,1,0
10.127927,0.200000,0.040000,0.194265,0.047937,0.005735,-0.007937,1.931722,1.965313,1.929648,0.148339,0.259562,1,0
10.143927,0.200000,0.040000,0.194657,0.047937,0.005343,-0.007937,1.931785,1.965325,1.932658,0.149139,0.260163,1,0
10.159926,0.200000,0.040000,0.194670,0.047937,0.005330,-0.007937,1.931848,1.965337,1.935668,0.149942,0.260760,1,0
10.175926,0.200000,0.040000,0.194674,0.047937,0.005326,-0.007937,1.931911,1.965349,1.938677,0.150745,0.261354,1,0
10.191926,0.200000,0.040000,0.194678,0.047937,0.005322,-0.007937,1.931974,1.965361,1.941686,0.151551,0.261947,1,0
10.207926,0.200000,0.040000,0.194682,0.000000,0.005318,0.040000,1.910775,1.982769,1.944695,0.152358,0.262538,1,0
10.223926,0.200000,0.040000,0.194285,0.047937,0.005715,-0.007937,1.931931,1.965524,1.947696,0.153166,0.263815,1,0
10.239925,0.200000,0.040000,0.194678,0.047937,0.005322,-0.007937,1.931993,1.965536,1.950703,0.153979,0.264416,1,0
10.255925,0.200000,0.040000,0.194691,0.047937,0.005309,-0.007937,1.932056,1.965548,1.953710,0.154794,0.265012,1,0
10.271925,0.200000,0.040000,0.194695,0.047937,0.005305,-0.007937,1.932119,1.965560,1.956716,0.155610,0.265607,1,0
10.287925,0.200000,0.040000,0.194699,0.000000,0.005301,0.040000,1.910921,1.982967,1.959722,0.156429,0.266200,1,0
10.303925,0.200000,0.040000,0.194302,0.095874,0.005698,-0.055874,1.953337,1.948327,1.962721,0.157247,0.267478,1,0
10.319924,0.200000,0.040000,0.195041,0.000000,0.004959,0.040000,1.911047,1.982991,1.965730,0.158073,0.267394,1,0
10.335924,0.200000,0.040000,0.194318,0.047937,0.005682,-0.007937,1.932202,1.965746,1.968729,0.158895,0.268668,1,0
10.351924,0.200000,0.040000,0.194703,0.047937,0.005297,-0.007937,1.932265,1.965758,1.971732,0.159723,0.269266,1,0
10.367924,0.200000,0.040000,0.194716,0.047937,0.005284,-0.007937,1.932328,1.965770,1.974735,0.160553,0.269861,1,0
10.383924,0.200000,0.040000,0.194720,0.000000,0.005280,0.040000,1.911130,1.983178,1.977738,0.161384,0.270454,1,0
10.399923,0.200000,0.040000,0.194324,0.095874,0.005676,-0.055874,1.953546,1.948537,1.980734,0.162215,0.271733,1,0
10.415923,0.200000,0.040000,0.195062,0.000000,0.004938,0.040000,1.911255,1.983202,1.983740,0.163054,0.271649,1,0
10.431923,0.200000,0.040000,0.194339,0.047937,0.005661,-0.007937,1.932410,1.965957,1.986735,0.163889,0.272923,1,0
10.447923,0.200000,0.040000,0.194724,0.047937,0.005276,-0.007937,1.932473,1.965969,1.989735,0.164729,0.273521,1,0
10.463923,0.200000,0.040000,0.194737,0.000000,0.005263,0.040000,1.911275,1.983376,1.992735,0.165572,0.274116,1,0
10.479922,0.200000,0.040000,0.194341,0.143811,0.005659,-0.103811,1.971087,1.927475,1.995728,0.166414,0.275397,1,0
10.495922,0.200000,0.040000,0.194678,-0.047937,0.005322,0.087937,1.894144,2.004493,1.998725,0.167262,0.274627,1,0
10.511922,0.200000,0.040000,0.194327,0.047937,0.005673,-0.007937,1.932556,1.966155,2.001718,0.168106,0.276578,1,0
10.527922,0.200000,0.040000,0.194742,0.047937,0.005258,-0.007937,1.932619,1.966167,2.004715,0.168958,0.277180,1,0
10.543921,0.200000,0.040000,0.194754,0.047937,0.005246,-0.007937,1.932682,1.966179,2.007712,0.169811,0.277777,1,0
10.559921,0.200000,0.040000,0.194758,0.000000,0.005242,0.040000,1.911484,1.983587,2.010708,0.170666,0.278372,1,0
10.575921,0.200000,0.040000,0.194362,0.143811,0.005638,-0.103811,1.971295,1.927685,2.013698,0.171522,0.279653,1,0
10.591921,0.200000,0.040000,0.194699,-0.095874,0.005301,0.135874,1.873091,2.022099,2.016692,0.172382,0.278883,1,0
10.607921,0.200000,0.040000,0.193948,0.143811,0.006052,-0.103811,1.971252,1.927848,2.019675,0.173237,0.281521,1,0
10.623920,0.200000,0.040000,0.194699,-0.047937,0.005301,0.087937,1.894309,2.004865,2.022667,0.174104,0.280761,1,0
10.639920,0.200000,0.040000,0.194355,0.143811,0.005645,-0.103811,1.971378,1.927872,2.025655,0.174966,0.282719,1,0
10.655920,0.200000,0.040000,0.194714,-0.047937,0.005286,0.087937,1.894435,2.004889,2.028647,0.175836,0.281954,1,0
10.671920,0.200000,0.040000,0.194362,0.095874,0.005638,-0.055874,1.950243,1.945291,2.031633,0.176702,0.283908,1,0
10.687920,0.200000,0.040000,0.194743,0.000000,0.005257,0.040000,1.915653,1.987656,2.034624,0.177575,0.283827,1,0
10.703919,0.200000,0.040000,0.194767,0.095874,0.005233,-0.055874,1.950369,1.945315,2.037616,0.178449,0.285103,1,0
10.719919,0.200000,0.040000,0.194757,-0.047937,0.005243,0.087937,1.894518,2.005076,2.040606,0.179326,0.285017,1,0
10.735919,0.200000,0.040000,0.194374,0.143811,0.005626,-0.103811,1.971586,1.928082,2.043590,0.180201,0.286976,1,0
10.751919,0.200000,0.040000,0.194734,-0.047937,0.005266,0.087937,1.894643,2.005100,2.046578,0.181084,0.286212,1,0
10.767919,0.200000,0.040000,0.194382,0.095874,0.005618,-0.055874,1.950451,1.945502,2.049562,0.181963,0.288166,1,0
10.783918,0.200000,0.040000,0.194763,0.000000,0.005237,0.040000,1.911996,1.984001,2.052549,0.182849,0.288085,1,0
10.799918,0.200000,0.040000,0.194408,0.095874,0.005592,-0.055874,1.954412,1.949361,2.055531,0.183734,0.289361,1,0
10.815918,0.200000,0.040000,0.195146,-0.047937,0.004854,0.087937,1.894726,2.005286,2.058524,0.184625,0.289275,1,0
10.831918,0.200000,0.040000,0.194403,0.095874,0.005597,-0.055874,1.950534,1.945688,2.061505,0.185513,0.291234,1,0
10.847918,0.200000,0.040000,0.194777,0.047937,0.005223,-0.007937,1.933340,1.966792,2.064489,0.186409,0.291157,1,0
10.863917,0.200000,0.040000,0.194821,0.047937,0.005179,-0.007937,1.933402,1.966805,2.067475,0.187305,0.291749,1,0
10.879917,0.200000,0.040000,0.194825,0.000000,0.005175,0.040000,1.912204,1.984212,2.070460,0.188202,0.292339,1,0
10.895917,0.200000,0.040000,0.194429,0.047937,0.005571,-0.007937,1.933359,1.966967,2.073439,0.189099,0.293616,1,0
10.911917,0.200000,0.040000,0.194821,0.047937,0.005179,-0.007937,1.933422,1.966979,2.076423,0.190002,0.294216,1,0
10.927917,0.200000,0.040000,0.194834,0.047937,0.005166,-0.007937,1.933485,1.966991,2.079406,0.190907,0.294813,1,0
10.943916,0.200000,0.040000,0.194838,0.047937,0.005162,-0.007937,1.933548,1.967003,2.082388,0.191813,0.295408,1,0
10.959916,0.200000,0.040000,0.194842,0.000000,0.005158,0.040000,1.912350,1.984410,2.085371,0.192722,0.296000,1,0
10.975916,0.200000,0.040000,0.194446,0.047937,0.005554,-0.007937,1.933505,1.967165,2.088346,0.193630,0.297279,1,0
10.991916,0.200000,0.040000,0.194838,0.047937,0.005162,-0.007937,1.933568,1.967177,2.091327,0.194544,0.297881,1,0
11.007915,0.200000,0.040000,0.194851,0.047937,0.005149,-0.007937,1.933631,1.967189,2.094307,0.195460,0.298479,1,0
11.023915,0.200000,0.040000,0.194855,0.047937,0.005145,-0.007937,1.933694,1.967201,2.097286,0.196377,0.299075,1,0
11.039915,0.200000,0.040000,0.194859,0.000000,0.005141,0.040000,1.912496,1.984609,2.100265,0.197297,0.299668,1,0
11.055915,0.200000,0.040000,0.194463,0.095874,0.005537,-0.055874,1.951046,1.946102,2.103238,0.198216,0.300948,1,0
11.071915,0.200000,0.040000,0.194822,0.000000,0.005178,0.040000,1.916456,1.988468,2.106215,0.199141,0.300865,1,0
11.087914,0.200000,0.040000,0.194847,0.095874,0.005153,-0.055874,1.951172,1.946127,2.109192,0.200065,0.302140,1,0
11.103914,0.200000,0.040000,0.194838,-0.047937,0.005162,0.087937,1.895321,2.005887,2.112168,0.200994,0.302054,1,0
11.119914,0.200000,0.040000,0.194455,0.143811,0.005545,-0.103811,1.972390,1.928894,2.115138,0.201920,0.304013,1,0
11.135914,0.200000,0.040000,0.194815,-0.047937,0.005185,0.087937,1.895447,2.005912,2.118112,0.202854,0.303249,1,0
11.151914,0.200000,0.040000,0.194463,0.095874,0.005537,-0.055874,1.951255,1.946313,2.121081,0.203784,0.305203,1,0
11.167913,0.200000,0.040000,0.194845,0.000000,0.005155,0.040000,1.916665,1.988678,2.124054,0.204721,0.305123,1,0
11.183913,0.200000,0.040000,0.194869,0.095874,0.005131,-0.055874,1.951380,1.946337,2.127028,0.205659,0.306399,1,0
11.199913,0.200000,0.040000,0.194859,-0.047937,0.005141,0.087937,1.895530,2.006098,2.130000,0.206600,0.306313,1,0
11.215913,0.200000,0.040000,0.194476,0.095874,0.005524,-0.055874,1.951337,1.946499,2.132967,0.207539,0.308273,1,0
11.231913,0.200000,0.040000,0.194858,0.047937,0.005142,-0.007937,1.934143,1.967604,2.135937,0.208486,0.308196,1,0
11.247912,0.200000,0.040000,0.194902,0.000000,0.005098,0.040000,1.912945,1.985011,2.138909,0.209432,0.308788,1,0
11.263912,0.200000,0.040000,0.194506,0.095874,0.005494,-0.055874,1.955361,1.950371,2.141873,0.210379,0.310066,1,0
11.279912,0.200000,0.040000,0.195244,0.000000,0.004756,0.040000,1.913071,1.985035,2.144848,0.211333,0.309982,1,0
11.295912,0.200000,0.040000,0.194521,0.047937,0.005479,-0.007937,1.934226,1.967790,2.147812,0.212283,0.311255,1,0
11.311912,0.200000,0.040000,0.194907,0.047937,0.005094,-0.007937,1.934289,1.967802,2.150780,0.213239,0.311853,1,0
11.327911,0.200000,0.040000,0.194919,0.000000,0.005081,0.040000,1.913090,1.985210,2.153748,0.214196,0.312448,1,0
11.343911,0.200000,0.040000,0.194523,0.095874,0.005477,-0.055874,1.955506,1.950569,2.156710,0.215154,0.313729,1,0
11.359911,0.200000,0.040000,0.195262,0.000000,0.004738,0.040000,1.913216,1.985234,2.159681,0.216119,0.313647,1,0
11.375911,0.200000,0.040000,0.194538,0.047937,0.005462,-0.007937,1.934371,1.967989,2.162642,0.217080,0.314922,1,0
11.391911,0.200000,0.040000,0.194923,0.047937,0.005077,-0.007937,1.934434,1.968001,2.165607,0.218047,0.315521,1,0
11.407910,0.200000,0.040000,0.194936,0.000000,0.005064,0.040000,1.913236,1.985408,2.168572,0.219015,0.316117,1,0
11.423910,0.200000,0.040000,0.194540,0.143811,0.005460,-0.103811,1.973047,1.929507,2.171530,0.219984,0.317399,1,0
11.439910,0.200000,0.040000,0.194877,-0.095874,0.005123,0.135874,1.874843,2.023920,2.174492,0.220958,0.316631,1,0
11.455910,0.200000,0.040000,0.194126,0.143811,0.005874,-0.103811,1.973005,1.929669,2.177443,0.221925,0.319270,1,0
11.471910,0.200000,0.040000,0.194878,-0.047937,0.005122,0.087937,1.896062,2.006687,2.180403,0.222905,0.318511,1,0
11.487909,0.200000,0.040000,0.194533,0.143811,0.005467,-0.103811,1.973130,1.929693,2.183359,0.223880,0.320470,1,0
11.503909,0.200000,0.040000,0.194893,-0.047937,0.005107,0.087937,1.896187,2.006711,2.186318,0.224863,0.319706,1,0
11.519909,0.200000,0.040000,0.194541,0.095874,0.005459,-0.055874,1.951995,1.947112,2.189273,0.225842,0.321661,1,0
11.535909,0.200000,0.040000,0.194922,0.000000,0.005078,0.040000,1.913540,1.985612,2.192232,0.226829,0.321581,1,0
11.551908,0.200000,0.040000,0.194566,0.095874,0.005434,-0.055874,1.955956,1.950972,2.195185,0.227814,0.322858,1,0
11.567908,0.200000,0.040000,0.195305,0.000000,0.004695,0.040000,1.913665,1.985636,2.198148,0.228806,0.322773,1,0
11.583908,0.200000,0.040000,0.194581,0.047937,0.005419,-0.007937,1.934821,1.968391,2.201100,0.229794,0.324046,1,0
11.599908,0.200000,0.040000,0.194966,0.047937,0.005034,-0.007937,1.934883,1.968403,2.204057,0.230788,0.324644,1,0
11.615908,0.200000,0.040000,0.194978,0.000000,0.005022,0.040000,1.913685,1.985811,2.207014,0.231784,0.325239,1,0
11.631907,0.200000,0.040000,0.194582,0.047937,0.005418,-0.007937,1.934840,1.968565,2.209963,0.232780,0.326520,1,0
11.647907,0.200000,0.040000,0.194975,0.047937,0.005025,-0.007937,1.934903,1.968577,2.212918,0.233781,0.327123,1,0
11.663907,0.200000,0.040000,0.194987,0.047937,0.005013,-0.007937,1.934966,1.968590,2.215872,0.234784,0.327723,1,0
11.679907,0.200000,0.040000,0.194991,0.095874,0.005009,-0.055874,1.952424,1.947341,2.218826,0.235789,0.328320,1,0
11.695907,0.200000,0.040000,0.194960,-0.047937,0.005040,0.087937,1.896574,2.007101,2.221778,0.236796,0.328230,1,0
11.711906,0.200000,0.040000,0.194578,0.095874,0.005422,-0.055874,1.952381,1.947503,2.224725,0.237800,0.330186,1,0
11.727906,0.200000,0.040000,0.194960,0.000000,0.005040,0.040000,1.917792,1.989868,2.227675,0.238812,0.330107,1,0
11.743906,0.200000,0.040000,0.194984,0.095874,0.005016,-0.055874,1.952507,1.947527,2.230626,0.239824,0.331384,1,0
11.759906,0.200000,0.040000,0.194975,-0.047937,0.005025,0.087937,1.896656,2.007288,2.233576,0.240840,0.331300,1,0
11.775906,0.200000,0.040000,0.194591,0.143811,0.005409,-0.103811,1.973725,1.930294,2.236520,0.241853,0.333261,1,0
11.791905,0.200000,0.040000,0.194952,-0.047937,0.005048,0.087937,1.892916,2.003446,2.239467,0.242875,0.332498,1,0
11.807905,0.200000,0.040000,0.194220,0.095874,0.005780,-0.055874,1.956425,1.951548,2.242404,0.243890,0.334454,1,0
11.823905,0.200000,0.040000,0.195350,0.000000,0.004650,0.040000,1.914135,1.986213,2.245357,0.244917,0.334375,1,0
11.839905,0.200000,0.040000,0.194634,0.047937,0.005366,-0.007937,1.935290,1.968968,2.248298,0.245939,0.335652,1,0
11.855905,0.200000,0.040000,0.195019,0.047937,0.004981,-0.007937,1.935352,1.968980,2.251244,0.246968,0.336252,1,0
11.871904,0.200000,0.040000,0.195031,0.047937,0.004969,-0.007937,1.935415,1.968992,2.254189,0.247998,0.336850,1,0
11.887904,0.200000,0.040000,0.195034,0.000000,0.004966,0.040000,1.914217,1.986399,2.257134,0.249030,0.337446,1,0
11.903904,0.200000,0.040000,0.194638,0.095874,0.005362,-0.055874,1.952768,1.947893,2.260073,0.250062,0.338726,1,0
11.919904,0.200000,0.040000,0.194998,0.000000,0.005002,0.040000,1.918178,1.990258,2.263015,0.251100,0.338645,1,0
11.935904,0.200000,0.040000,0.195022,0.095874,0.004978,-0.055874,1.952893,1.947917,2.265958,0.252137,0.339921,1,0
11.951903,0.200000,0.040000,0.195014,-0.047937,0.004986,0.087937,1.897043,2.007678,2.268899,0.253178,0.339836,1,0
11.967903,0.200000,0.040000,0.194630,0.143811,0.005370,-0.103811,1.974111,1.930684,2.271835,0.254217,0.341796,1,0
11.983903,0.200000,0.040000,0.194991,-0.095874,0.005009,0.135874,1.875907,2.025098,2.274774,0.255263,0.341033,1,0
11.999903,0.200000,0.040000,0.194238,0.191748,0.005762,-0.151748,1.991464,1.909585,2.277703,0.256303,0.343676,1,0
12.015903,0.200000,0.040000,0.194589,-0.095874,0.005411,0.135874,1.879868,2.028957,2.280634,0.257353,0.342233,1,0
12.031902,0.200000,0.040000,0.194616,0.191748,0.005384,-0.151748,1.991590,1.909610,2.283567,0.258399,0.344871,1,0
12.047902,0.200000,0.040000,0.194605,-0.143811,0.005395,0.183811,1.858733,2.046376,2.286497,0.259453,0.343425,1,0
12.063902,0.200000,0.040000,0.194224,0.239685,0.005776,-0.199685,2.012808,1.892376,2.289423,0.260499,0.346747,1,0
12.079902,0.200000,0.040000,0.194583,-0.143811,0.005417,0.183811,1.858859,2.046400,2.292350,0.261558,0.344622,1,0
12.095901,0.200000,0.040000,0.194234,0.191748,0.005766,-0.151748,1.991672,1.909796,2.295275,0.262609,0.347940,1,0
12.111901,0.200000,0.040000,0.194613,-0.095874,0.005387,0.135874,1.876211,2.025301,2.298202,0.263672,0.346498,1,0
12.127901,0.200000,0.040000,0.194259,0.143811,0.005741,-0.103811,1.974372,1.931050,2.301125,0.264728,0.349137,1,0
12.143901,0.200000,0.040000,0.195018,-0.047937,0.004982,0.087937,1.897429,2.008068,2.304057,0.265796,0.348379,1,0
12.159901,0.200000,0.040000,0.194671,0.143811,0.005329,-0.103811,1.974498,1.931075,2.306984,0.266860,0.350338,1,0
12.175900,0.200000,0.040000,0.195030,-0.095874,0.004970,0.135874,1.876294,2.025488,2.309915,0.267932,0.349574,1,0
12.191900,0.200000,0.040000,0.194277,0.191748,0.005723,-0.151748,1.991850,1.909976,2.312835,0.268997,0.352216,1,0
12.207900,0.200000,0.040000,0.194627,-0.095874,0.005373,0.135874,1.880255,2.029347,2.315758,0.270072,0.350773,1,0
12.223900,0.200000,0.040000,0.194653,0.191748,0.005347,-0.151748,1.991976,1.910000,2.318682,0.271143,0.353411,1,0
12.239900,0.200000,0.040000,0.194642,-0.143811,0.005358,0.183811,1.859119,2.046767,2.321604,0.272222,0.351965,1,0
12.255899,0.200000,0.040000,0.194262,0.191748,0.005738,-0.151748,1.991933,1.910162,2.324521,0.273294,0.355286,1,0
12.271899,0.200000,0.040000,0.194643,-0.047937,0.005357,0.087937,1.897733,2.008272,2.327441,0.274378,0.353848,1,0
12.287899,0.200000,0.040000,0.194689,0.095874,0.005311,-0.055874,1.953540,1.948674,2.330363,0.275458,0.355803,1,0
12.303899,0.200000,0.040000,0.195078,0.000000,0.004922,0.040000,1.918951,1.991039,2.333288,0.276546,0.355722,1,0
12.319899,0.200000,0.040000,0.195100,0.095874,0.004900,-0.055874,1.953666,1.948698,2.336214,0.277634,0.356999,1,0
12.335898,0.200000,0.040000,0.195091,-0.047937,0.004909,0.087937,1.897815,2.008459,2.339138,0.278726,0.356914,1,0
12.351898,0.200000,0.040000,0.194707,0.143811,0.005293,-0.103811,1.974884,1.931465,2.342057,0.279815,0.358875,1,0
12.367898,0.200000,0.040000,0.195067,-0.095874,0.004933,0.135874,1.876680,2.025878,2.344979,0.280912,0.358112,1,0
12.383898,0.200000,0.040000,0.194315,0.191748,0.005685,-0.151748,1.992236,1.910366,2.347890,0.282002,0.360755,1,0
12.399898,0.200000,0.040000,0.194665,-0.095874,0.005335,0.135874,1.880641,2.029737,2.350804,0.283103,0.359313,1,0
12.415897,0.200000,0.040000,0.194692,0.191748,0.005308,-0.151748,1.992362,1.910390,2.353720,0.284198,0.361950,1,0
12.431897,0.200000,0.040000,0.194682,-0.095874,0.005318,0.135874,1.876901,2.025896,2.356633,0.285302,0.360504,1,0
12.447897,0.200000,0.040000,0.194322,0.143811,0.005678,-0.103811,1.975062,1.931645,2.359542,0.286400,0.363139,1,0
12.463897,0.200000,0.040000,0.195080,-0.047937,0.004920,0.087937,1.898119,2.008663,2.362459,0.287509,0.362378,1,0
12.479897,0.200000,0.040000,0.194735,0.095874,0.005265,-0.055874,1.953927,1.949064,2.365373,0.288614,0.364334,1,0
12.495896,0.200000,0.040000,0.195117,0.000000,0.004883,0.040000,1.919337,1.991430,2.368289,0.289728,0.364256,1,0
12.511896,0.200000,0.040000,0.195139,0.095874,0.004861,-0.055874,1.954052,1.949088,2.371206,0.290841,0.365533,1,0
12.527896,0.200000,0.040000,0.195130,0.000000,0.004870,0.040000,1.915597,1.987588,2.374122,0.291957,0.365450,1,0
12.543896,0.200000,0.040000,0.194766,0.047937,0.005234,-0.007937,1.936752,1.970343,2.377032,0.293072,0.366724,1,0
12.559896,0.200000,0.040000,0.195160,0.047937,0.004840,-0.007937,1.936815,1.970355,2.379947,0.294192,0.367322,1,0
12.575895,0.200000,0.040000,0.195172,0.000000,0.004828,0.040000,1.915617,1.987762,2.382861,0.295314,0.367917,1,0
12.591895,0.200000,0.040000,0.194776,0.047937,0.005224,-0.007937,1.936772,1.970517,2.385768,0.296436,0.369198,1,0
12.607895,0.200000,0.040000,0.195168,0.095874,0.004832,-0.055874,1.954230,1.949268,2.388680,0.297564,0.369802,1,0
12.623895,0.200000,0.040000,0.195147,-0.047937,0.004853,0.087937,1.898380,2.009029,2.391591,0.298693,0.369717,1,0
12.639894,0.200000,0.040000,0.194764,0.143811,0.005236,-0.103811,1.975448,1.932035,2.394497,0.299820,0.371677,1,0
12.655894,0.200000,0.040000,0.195125,-0.047937,0.004875,0.087937,1.898505,2.009053,2.397405,0.300954,0.370914,1,0
12.671894,0.200000,0.040000,0.194772,0.095874,0.005228,-0.055874,1.954313,1.949455,2.400309,0.302084,0.372870,1,0
12.687894,0.200000,0.040000,0.195155,0.000000,0.004845,0.040000,1.915858,1.987954,2.403217,0.303223,0.372790,1,0
12.703894,0.200000,0.040000,0.194798,0.047937,0.005202,-0.007937,1.937013,1.970709,2.406119,0.304359,0.374067,1,0
12.719893,0.200000,0.040000,0.195192,0.047937,0.004808,-0.007937,1.937076,1.970721,2.409026,0.305501,0.374668,1,0
12.735893,0.200000,0.040000,0.195204,0.047937,0.004796,-0.007937,1.937139,1.970733,2.411933,0.306644,0.375266,1,0
12.751893,0.200000,0.040000,0.195207,0.000000,0.004793,0.040000,1.915940,1.988141,2.414838,0.307790,0.375862,1,0
12.767893,0.200000,0.040000,0.194811,0.095874,0.005189,-0.055874,1.954491,1.949634,2.417737,0.308935,0.377143,1,0
12.783893,0.200000,0.040000,0.195172,0.000000,0.004828,0.040000,1.919901,1.992000,2.420640,0.310086,0.377062,1,0
12.799892,0.200000,0.040000,0.195195,0.095874,0.004805,-0.055874,1.954617,1.949659,2.423544,0.311236,0.378338,1,0
12.815892,0.200000,0.040000,0.195187,-0.047937,0.004813,0.087937,1.898766,2.009419,2.426446,0.312390,0.378254,1,0
12.831892,0.200000,0.040000,0.194803,0.095874,0.005197,-0.055874,1.954574,1.949821,2.429342,0.313542,0.380214,1,0
12.847892,0.200000,0.040000,0.195186,0.047937,0.004814,-0.007937,1.937379,1.970925,2.432241,0.314702,0.380138,1,0
12.863892,0.200000,0.040000,0.195229,0.000000,0.004771,0.040000,1.916181,1.988333,2.435142,0.315862,0.380731,1,0
12.879891,0.200000,0.040000,0.194834,0.047937,0.005166,-0.007937,1.937336,1.971087,2.438036,0.317021,0.382011,1,0
12.895891,0.200000,0.040000,0.195226,0.047937,0.004774,-0.007937,1.937399,1.971099,2.440934,0.318186,0.382613,1,0
12.911891,0.200000,0.040000,0.195238,0.095874,0.004762,-0.055874,1.954857,1.949851,2.443831,0.319353,0.383212,1,0
12.927891,0.200000,0.040000,0.195208,-0.047937,0.004792,0.087937,1.899007,2.009611,2.446728,0.320522,0.383125,1,0
12.943891,0.200000,0.040000,0.194825,0.095874,0.005175,-0.055874,1.954814,1.950013,2.449619,0.321688,0.385083,1,0
12.959890,0.200000,0.040000,0.195208,0.047937,0.004792,-0.007937,1.937620,1.971117,2.452513,0.322862,0.385005,1,0
12.975890,0.200000,0.040000,0.195251,0.000000,0.004749,0.040000,1.916422,1.988525,2.455408,0.324036,0.385597,1,0
12.991890,0.200000,0.040000,0.194856,0.047937,0.005144,-0.007937,1.937577,1.971279,2.458297,0.325209,0.386875,1,0
13.007890,0.200000,0.040000,0.195248,0.047937,0.004752,-0.007937,1.937640,1.971291,2.461189,0.326388,0.387477,1,0
13.023890,0.200000,0.040000,0.195260,0.047937,0.004740,-0.007937,1.937703,1.971303,2.464082,0.327570,0.388075,1,0
13.039889,0.200000,0.040000,0.195264,0.000000,0.004736,0.040000,1.916505,1.988711,2.466973,0.328753,0.388672,1,0
13.055889,0.200000,0.040000,0.194868,0.095874,0.005132,-0.055874,1.955055,1.950205,2.469858,0.329935,0.389953,1,0
13.071889,0.200000,0.040000,0.195229,0.000000,0.004771,0.040000,1.920465,1.992570,2.472747,0.331123,0.389873,1,0
13.087889,0.200000,0.040000,0.195252,0.095874,0.004748,-0.055874,1.955181,1.950229,2.475636,0.332311,0.391150,1,0
13.103889,0.200000,0.040000,0.195244,0.000000,0.004756,0.040000,1.916725,1.988729,2.478524,0.333503,0.391065,1,0
13.119888,0.200000,0.040000,0.194880,0.047937,0.005120,-0.007937,1.937881,1.971483,2.481407,0.334692,0.392339,1,0
13.135888,0.200000,0.040000,0.195274,0.047937,0.004726,-0.007937,1.937943,1.971495,2.484293,0.335887,0.392937,1,0
13.151888,0.200000,0.040000,0.195286,0.000000,0.004714,0.040000,1.916745,1.988903,2.487179,0.337085,0.393533,1,0
13.167888,0.200000,0.040000,0.194890,0.095874,0.005110,-0.055874,1.955296,1.950397,2.490059,0.338281,0.394814,1,0
13.183887,0.200000,0.040000,0.195250,-0.047937,0.004750,0.087937,1.899445,2.010157,2.492942,0.339483,0.394733,1,0
13.199887,0.200000,0.040000,0.194874,0.143811,0.005126,-0.103811,1.976514,1.933164,2.495820,0.340683,0.396696,1,0
13.215887,0.200000,0.040000,0.195235,-0.047937,0.004765,0.087937,1.899571,2.010181,2.498701,0.341891,0.395936,1,0
13.231887,0.200000,0.040000,0.194883,0.095874,0.005117,-0.055874,1.955379,1.950583,2.501578,0.343094,0.397893,1,0
13.247887,0.200000,0.040000,0.195265,0.000000,0.004735,0.040000,1.916923,1.989083,2.504457,0.344306,0.397815,1,0
13.263886,0.200000,0.040000,0.194908,0.047937,0.005092,-0.007937,1.938078,1.971838,2.507332,0.345514,0.399094,1,0
13.279886,0.200000,0.040000,0.195301,0.047937,0.004699,-0.007937,1.938141,1.971850,2.510211,0.346729,0.399696,1,0
13.295886,0.200000,0.040000,0.195313,0.047937,0.004687,-0.007937,1.938204,1.971862,2.513089,0.347946,0.400295,1,0
13.311886,0.200000,0.040000,0.195317,0.047937,0.004683,-0.007937,1.934401,1.968008,2.515967,0.349165,0.400892,1,0
13.327886,0.200000,0.040000,0.194941,0.047937,0.005059,-0.007937,1.938299,1.971855,2.518839,0.350383,0.401487,1,0
13.343885,0.200000,0.040000,0.195313,0.047937,0.004687,-0.007937,1.938362,1.971867,2.521715,0.351605,0.402081,1,0
13.359885,0.200000,0.040000,0.195325,0.000000,0.004675,0.040000,1.917164,1.989275,2.524591,0.352828,0.402673,1,0
13.375885,0.200000,0.040000,0.194930,0.047937,0.005070,-0.007937,1.938319,1.972029,2.527460,0.354051,0.403952,1,0
13.391885,0.200000,0.040000,0.195322,0.047937,0.004678,-0.007937,1.938382,1.972041,2.530333,0.355280,0.404555,1,0
13.407885,0.200000,0.040000,0.195335,0.047937,0.004665,-0.007937,1.938445,1.972054,2.533206,0.356511,0.405154,1,0
13.423884,0.200000,0.040000,0.195339,0.000000,0.004661,0.040000,1.917247,1.989461,2.536078,0.357744,0.405751,1,0
13.439884,0.200000,0.040000,0.194943,0.095874,0.005057,-0.055874,1.955797,1.950955,2.538943,0.358976,0.407033,1,0
13.455884,0.200000,0.040000,0.195303,-0.047937,0.004697,0.087937,1.899946,2.010715,2.541812,0.360214,0.406953,1,0
13.471884,0.200000,0.040000,0.194927,0.143811,0.005073,-0.103811,1.977015,1.933722,2.544676,0.361449,0.408916,1,0
13.487884,0.200000,0.040000,0.195289,0.000000,0.004711,0.040000,1.917467,1.989479,2.547543,0.362692,0.408157,1,0
13.503883,0.200000,0.040000,0.194956,0.047937,0.005044,-0.007937,1.938622,1.972233,2.550406,0.363931,0.409428,1,0
13.519883,0.200000,0.040000,0.195349,0.000000,0.004651,0.040000,1.917424,1.989641,2.553273,0.365176,0.410025,1,0
13.535883,0.200000,0.040000,0.194961,0.095874,0.005039,-0.055874,1.955975,1.951135,2.556133,0.366420,0.411307,1,0
13.551883,0.200000,0.040000,0.195322,0.000000,0.004678,0.040000,1.921385,1.993500,2.558997,0.367670,0.411227,1,0
13.567883,0.200000,0.040000,0.195345,0.095874,0.004655,-0.055874,1.956101,1.951159,2.561862,0.368920,0.412503,1,0
13.583882,0.200000,0.040000,0.195337,-0.047937,0.004663,0.087937,1.900250,2.010919,2.564725,0.370174,0.412419,1,0
13.599882,0.200000,0.040000,0.194952,0.095874,0.005048,-0.055874,1.956058,1.951321,2.567582,0.371425,0.414380,1,0
13.615882,0.200000,0.040000,0.195336,0.047937,0.004664,-0.007937,1.938863,1.972425,2.570443,0.372684,0.414305,1,0
13.631882,0.200000,0.040000,0.195378,0.000000,0.004622,0.040000,1.917665,1.989833,2.573304,0.373943,0.414899,1,0
13.647882,0.200000,0.040000,0.194983,0.095874,0.005017,-0.055874,1.956216,1.951326,2.576159,0.375201,0.416178,1,0
13.663881,0.200000,0.040000,0.195343,-0.047937,0.004657,0.087937,1.900365,2.011087,2.579017,0.376466,0.416096,1,0
13.679881,0.200000,0.040000,0.194966,0.143811,0.005034,-0.103811,1.977434,1.934093,2.581870,0.377727,0.418059,1,0
13.695881,0.200000,0.040000,0.195328,-0.047937,0.004672,0.087937,1.900491,2.011111,2.584726,0.378997,0.417298,1,0
13.711881,0.200000,0.040000,0.194975,0.095874,0.005025,-0.055874,1.956298,1.951513,2.587577,0.380262,0.419255,1,0
13.727880,0.200000,0.040000,0.195358,0.000000,0.004642,0.040000,1.917843,1.990013,2.590432,0.381535,0.419177,1,0
13.743880,0.200000,0.040000,0.195000,0.047937,0.005000,-0.007937,1.938998,1.972767,2.593282,0.382806,0.420456,1,0
13.759880,0.200000,0.040000,0.195394,0.095874,0.004607,-0.055874,1.956456,1.951518,2.596135,0.384083,0.421058,1,0
13.775880,0.200000,0.040000,0.195372,-0.047937,0.004628,0.087937,1.900606,2.011279,2.598988,0.385361,0.420972,1,0
13.791880,0.200000,0.040000,0.194988,0.143811,0.005012,-0.103811,1.977674,1.934285,2.601835,0.386636,0.422932,1,0
13.807879,0.200000,0.040000,0.195349,-0.095874,0.004651,0.135874,1.879470,2.028699,2.604685,0.387920,0.422169,1,0
13.823879,0.200000,0.040000,0.194596,0.191748,0.005404,-0.151748,1.995027,1.913187,2.607525,0.389196,0.424812,1,0
13.839879,0.200000,0.040000,0.194947,-0.095874,0.005053,0.135874,1.883431,2.032558,2.610366,0.390483,0.423370,1,0
13.855879,0.200000,0.040000,0.194974,0.143811,0.005026,-0.103811,1.973891,1.930606,2.613210,0.391765,0.426008,1,0
13.871879,0.200000,0.040000,0.194986,-0.047937,0.005014,0.087937,1.900783,2.011459,2.616051,0.393055,0.425250,1,0
13.887878,0.200000,0.040000,0.195000,0.143811,0.005000,-0.103811,1.977852,1.934465,2.618893,0.394343,0.427209,1,0
13.903878,0.200000,0.040000,0.195368,-0.095874,0.004632,0.135874,1.879648,2.028878,2.621737,0.395639,0.426446,1,0
13.919878,0.200000,0.040000,0.194615,0.191748,0.005385,-0.151748,1.995204,1.913366,2.624572,0.396928,0.429089,1,0
13.935878,0.200000,0.040000,0.194965,-0.095874,0.005035,0.135874,1.883609,2.032737,2.627408,0.398226,0.427647,1,0
13.951878,0.200000,0.040000,0.194992,0.191748,0.005008,-0.151748,1.995330,1.913391,2.630247,0.399521,0.430285,1,0
13.967877,0.200000,0.040000,0.194981,-0.095874,0.005019,0.135874,1.879869,2.028896,2.633082,0.400823,0.428839,1,0
13.983877,0.200000,0.040000,0.194620,0.143811,0.005380,-0.103811,1.978030,1.934645,2.635913,0.402118,0.431475,1,0
13.999877,0.200000,0.040000,0.195379,-0.047937,0.004621,0.087937,1.901087,2.011663,2.638753,0.403427,0.430714,1,0
14.015877,0.200000,0.040000,0.195034,0.095874,0.004966,-0.055874,1.956895,1.952065,2.641588,0.404730,0.432671,1,0
14.031877,0.200000,0.040000,0.195415,0.000000,0.004585,0.040000,1.918439,1.990564,2.644426,0.406042,0.432593,1,0
14.047876,0.200000,0.040000,0.195058,0.047937,0.004942,-0.007937,1.939594,1.973319,2.647259,0.407351,0.433871,1,0
14.063876,0.200000,0.040000,0.195450,0.047937,0.004550,-0.007937,1.939657,1.973331,2.650096,0.408666,0.434473,1,0
14.079876,0.200000,0.040000,0.195462,0.000000,0.004538,0.040000,1.918459,1.990739,2.652933,0.409983,0.435072,1,0
14.095876,0.200000,0.040000,0.195066,0.095874,0.004934,-0.055874,1.957010,1.952232,2.655763,0.411300,0.436355,1,0
14.111876,0.200000,0.040000,0.195427,0.047937,0.004573,-0.007937,1.939815,1.973337,2.658596,0.412622,0.436276,1,0
14.127875,0.200000,0.040000,0.195470,0.000000,0.004530,0.040000,1.918617,1.990744,2.661430,0.413944,0.436867,1,0
14.143875,0.200000,0.040000,0.195075,0.047937,0.004925,-0.007937,1.939772,1.973499,2.664258,0.415265,0.438145,1,0
14.159875,0.200000,0.040000,0.195468,0.047937,0.004532,-0.007937,1.939835,1.973511,2.667090,0.416593,0.438746,1,0
14.175875,0.200000,0.040000,0.195480,0.000000,0.004520,0.040000,1.918637,1.990918,2.669921,0.417922,0.439345,1,0
14.191875,0.200000,0.040000,0.195084,0.095874,0.004916,-0.055874,1.957188,1.952412,2.672746,0.419251,0.440628,1,0
14.207874,0.200000,0.040000,0.195446,0.047937,0.004554,-0.007937,1.939993,1.973516,2.675574,0.420585,0.440549,1,0
14.223874,0.200000,0.040000,0.195489,0.000000,0.004511,0.040000,1.918795,1.990924,2.678402,0.421920,0.441140,1,0
14.239874,0.200000,0.040000,0.195094,0.047937,0.004906,-0.007937,1.939950,1.973679,2.681225,0.423253,0.442418,1,0
14.255874,0.200000,0.040000,0.195486,0.047937,0.004514,-0.007937,1.940013,1.973691,2.684051,0.424593,0.443020,1,0
14.271873,0.200000,0.040000,0.195499,0.000000,0.004501,0.040000,1.918815,1.991098,2.686877,0.425935,0.443618,1,0
14.287873,0.200000,0.040000,0.195103,0.095874,0.004897,-0.055874,1.957365,1.952592,2.689696,0.427275,0.444902,1,0
14.303873,0.200000,0.040000,0.195464,0.047937,0.004536,-0.007937,1.940171,1.973696,2.692518,0.428622,0.444823,1,0
14.319873,0.200000,0.040000,0.195507,0.000000,0.004493,0.040000,1.918973,1.991104,2.695342,0.429969,0.445414,1,0
14.335873,0.200000,0.040000,0.195112,0.047937,0.004888,-0.007937,1.940128,1.973859,2.698159,0.431314,0.446692,1,0
14.351872,0.200000,0.040000,0.195504,0.047937,0.004496,-0.007937,1.940191,1.973871,2.700980,0.432666,0.447294,1,0
14.367872,0.200000,0.040000,0.195517,0.000000,0.004483,0.040000,1.918993,1.991278,2.703800,0.434020,0.447893,1,0
14.383872,0.200000,0.040000,0.195121,0.095874,0.004879,-0.055874,1.957543,1.952772,2.706613,0.435373,0.449177,1,0
14.399872,0.200000,0.040000,0.195482,0.047937,0.004518,-0.007937,1.940349,1.973876,2.709430,0.436732,0.449098,1,0
14.415872,0.200000,0.040000,0.195525,0.000000,0.004475,0.040000,1.919151,1.991284,2.712248,0.438091,0.449689,1,0
14.431871,0.200000,0.040000,0.195130,0.047937,0.004870,-0.007937,1.940306,1.974038,2.715060,0.439449,0.450967,1,0
14.447871,0.200000,0.040000,0.195522,0.047937,0.004478,-0.007937,1.940369,1.974051,2.717875,0.440813,0.451569,1,0
14.463871,0.200000,0.040000,0.195535,0.000000,0.004465,0.040000,1.919170,1.991458,2.720689,0.442179,0.452168,1,0
14.479871,0.200000,0.040000,0.195139,0.095874,0.004861,-0.055874,1.957721,1.952952,2.723498,0.443544,0.453452,1,0
14.495871,0.200000,0.040000,0.195500,0.047937,0.004500,-0.007937,1.940526,1.974056,2.726309,0.444915,0.453373,1,0
14.511870,0.200000,0.040000,0.195543,0.000000,0.004457,0.040000,1.919328,1.991463,2.729121,0.446286,0.453964,1,0
14.527870,0.200000,0.040000,0.195148,0.047937,0.004852,-0.007937,1.940484,1.974218,2.731927,0.447656,0.455242,1,0
14.543870,0.200000,0.040000,0.195540,0.047937,0.004460,-0.007937,1.940546,1.974230,2.734737,0.449032,0.455844,1,0
14.559870,0.200000,0.040000,0.195552,0.000000,0.004448,0.040000,1.919348,1.991638,2.737546,0.450410,0.456443,1,0
14.575870,0.200000,0.040000,0.195156,0.095874,0.004844,-0.055874,1.957899,1.953132,2.740348,0.451787,0.457727,1,0
14.591869,0.200000,0.040000,0.195518,0.047937,0.004482,-0.007937,1.940704,1.974236,2.743154,0.453170,0.457648,1,0
14.607869,0.200000,0.040000,0.195561,0.000000,0.004439,0.040000,1.919506,1.991643,2.745961,0.454553,0.458240,1,0
14.623869,0.200000,0.040000,0.195165,0.047937,0.004835,-0.007937,1.940661,1.974398,2.748761,0.455935,0.459518,1,0
14.639869,0.200000,0.040000,0.195558,0.047937,0.004442,-0.007937,1.940724,1.974410,2.751565,0.457324,0.460120,1,0
14.655869,0.200000,0.040000,0.195570,0.047937,0.004430,-0.007937,1.936921,1.970556,2.754368,0.458714,0.460719,1,0
14.671868,0.200000,0.040000,0.195195,0.047937,0.004805,-0.007937,1.940819,1.974404,2.757165,0.460103,0.461315,1,0
14.687868,0.200000,0.040000,0.195567,0.047937,0.004433,-0.007937,1.940882,1.974416,2.759967,0.461497,0.461911,1,0
14.703868,0.200000,0.040000,0.195579,0.000000,0.004421,0.040000,1.919684,1.991823,2.762768,0.462892,0.462505,1,0
14.719868,0.200000,0.040000,0.195183,0.047937,0.004817,-0.007937,1.940839,1.974578,2.765562,0.464286,0.463784,1,0
14.735868,0.200000,0.040000,0.195576,0.047937,0.004424,-0.007937,1.940902,1.974590,2.768361,0.465687,0.464388,1,0
14.751867,0.200000,0.040000,0.195588,0.047937,0.004412,-0.007937,1.937099,1.970736,2.771158,0.467089,0.464987,1,0
14.767867,0.200000,0.040000,0.195212,0.047937,0.004788,-0.007937,1.940997,1.974584,2.773950,0.468490,0.465585,1,0
14.783867,0.200000,0.040000,0.195585,0.000000,0.004415,0.040000,1.919799,1.991991,2.776746,0.469896,0.466180,1,0
14.799867,0.200000,0.040000,0.195197,0.047937,0.004803,-0.007937,1.940954,1.974746,2.779535,0.471300,0.467462,1,0
14.815866,0.200000,0.040000,0.195590,0.047937,0.004410,-0.007937,1.941017,1.974758,2.782329,0.472711,0.468066,1,0
14.831866,0.200000,0.040000,0.195602,0.095874,0.004398,-0.055874,1.958475,1.953509,2.785121,0.474124,0.468666,1,0
14.847866,0.200000,0.040000,0.195573,-0.047937,0.004427,0.087937,1.902624,2.013269,2.787913,0.475538,0.468580,1,0
14.863866,0.200000,0.040000,0.195189,0.095874,0.004811,-0.055874,1.958432,1.953671,2.790699,0.476949,0.470539,1,0
14.879866,0.200000,0.040000,0.195572,0.000000,0.004428,0.040000,1.919977,1.992171,2.793487,0.478369,0.470462,1,0
14.895865,0.200000,0.040000,0.195215,0.047937,0.004785,-0.007937,1.941132,1.974926,2.796271,0.479785,0.471742,1,0
14.911865,0.200000,0.040000,0.195608,0.095874,0.004392,-0.055874,1.958590,1.953677,2.799059,0.481208,0.472345,1,0
14.927865,0.200000,0.040000,0.195587,-0.047937,0.004413,0.087937,1.902739,2.013437,2.801845,0.482633,0.472260,1,0
14.943865,0.200000,0.040000,0.195203,0.095874,0.004797,-0.055874,1.958547,1.953839,2.804626,0.484054,0.474220,1,0
14.959865,0.200000,0.040000,0.195586,0.047937,0.004414,-0.007937,1.941353,1.974943,2.807410,0.485484,0.474145,1,0
14.975864,0.200000,0.040000,0.195629,0.000000,0.004371,0.040000,1.920155,1.992351,2.810194,0.486914,0.474738,1,0
14.991864,0.200000,0.040000,0.195233,0.095874,0.004767,-0.055874,1.958705,1.953844,2.812972,0.488342,0.476018,1,0
15.007864,0.200000,0.040000,0.195593,-0.047937,0.004407,0.087937,1.902854,2.013605,2.815753,0.489777,0.475936,1,0
15.023864,0.200000,0.040000,0.195217,0.143811,0.004783,-0.103811,1.979923,1.936611,2.818529,0.491209,0.477899,1,0
15.039864,0.200000,0.040000,0.195579,-0.047937,0.004421,0.087937,1.899114,2.009764,2.821307,0.492649,0.477138,1,0
15.055863,0.200000,0.040000,0.194845,0.095874,0.005155,-0.055874,1.962623,1.957866,2.824077,0.494081,0.479096,1,0
15.071863,0.200000,0.040000,0.195977,0.000000,0.004023,0.040000,1.920333,1.992530,2.826859,0.495528,0.479019,1,0
15.087863,0.200000,0.040000,0.195259,0.095874,0.004741,-0.055874,1.958883,1.954024,2.829631,0.496968,0.480298,1,0
15.103863,0.200000,0.040000,0.195612,-0.047937,0.004388,0.087937,1.903032,2.013785,2.832406,0.498415,0.480216,1,0
15.119863,0.200000,0.040000,0.195235,0.143811,0.004765,-0.103811,1.980101,1.936791,2.835176,0.499859,0.482178,1,0
15.135862,0.200000,0.040000,0.195596,-0.047937,0.004404,0.087937,1.899292,2.009943,2.837949,0.501311,0.481418,1,0
15.151862,0.200000,0.040000,0.194863,0.143811,0.005137,-0.103811,1.980196,1.936785,2.840712,0.502755,0.483375,1,0
15.167862,0.200000,0.040000,0.195592,-0.095874,0.004408,0.135874,1.881992,2.031198,2.843482,0.504210,0.482611,1,0
15.183862,0.200000,0.040000,0.194848,0.143811,0.005152,-0.103811,1.980153,1.936947,2.846243,0.505658,0.485253,1,0
15.199862,0.200000,0.040000,0.195601,0.000000,0.004399,0.040000,1.920605,1.992704,2.849011,0.507118,0.484497,1,0
15.215861,0.200000,0.040000,0.195274,0.047937,0.004726,-0.007937,1.941761,1.975459,2.851776,0.508574,0.485772,1,0
15.231861,0.200000,0.040000,0.195667,0.047937,0.004333,-0.007937,1.941823,1.975471,2.854544,0.510037,0.486371,1,0
15.247861,0.200000,0.040000,0.195679,0.000000,0.004321,0.040000,1.920625,1.992878,2.857311,0.511501,0.486968,1,0
15.263861,0.200000,0.040000,0.195282,0.095874,0.004718,-0.055874,1.959176,1.954372,2.860072,0.512963,0.488251,1,0
15.279860,0.200000,0.040000,0.195643,0.000000,0.004357,0.040000,1.920720,1.992872,2.862836,0.514433,0.488171,1,0
15.295860,0.200000,0.040000,0.195286,0.047937,0.004714,-0.007937,1.941875,1.975626,2.865596,0.515899,0.489449,1,0
15.311860,0.200000,0.040000,0.195680,0.047937,0.004320,-0.007937,1.941938,1.975638,2.868358,0.517371,0.490050,1,0
15.327860,0.200000,0.040000,0.195692,0.047937,0.004308,-0.007937,1.938136,1.971785,2.871121,0.518846,0.490649,1,0
15.343860,0.200000,0.040000,0.195316,0.047937,0.004684,-0.007937,1.942033,1.975632,2.873877,0.520319,0.491245,1,0
15.359859,0.200000,0.040000,0.195689,0.000000,0.004311,0.040000,1.920835,1.993039,2.876637,0.521797,0.491841,1,0
15.375859,0.200000,0.040000,0.195301,0.047937,0.004699,-0.007937,1.941990,1.975794,2.879391,0.523273,0.493122,1,0
15.391859,0.200000,0.040000,0.195694,0.047937,0.004306,-0.007937,1.942053,1.975806,2.882149,0.524756,0.493726,1,0
15.407859,0.200000,0.040000,0.195706,0.095874,0.004294,-0.055874,1.959512,1.954557,2.884906,0.526241,0.494326,1,0
15.423859,0.200000,0.040000,0.195677,-0.047937,0.004323,0.087937,1.903661,2.014318,2.887661,0.527727,0.494240,1,0
15.439858,0.200000,0.040000,0.195293,0.095874,0.004707,-0.055874,1.959469,1.954719,2.890412,0.529210,0.496199,1,0
15.455858,0.200000,0.040000,0.195676,0.000000,0.004324,0.040000,1.921013,1.993219,2.893165,0.530701,0.496123,1,0
15.471858,0.200000,0.040000,0.195319,0.095874,0.004681,-0.055874,1.959564,1.954713,2.895913,0.532189,0.497403,1,0
15.487858,0.200000,0.040000,0.195680,-0.047937,0.004320,0.087937,1.903713,2.014474,2.898664,0.533684,0.497321,1,0
15.503858,0.200000,0.040000,0.195303,0.143811,0.004697,-0.103811,1.980782,1.937480,2.901410,0.535175,0.499284,1,0
15.519857,0.200000,0.040000,0.195665,-0.047937,0.004335,0.087937,1.899973,2.010632,2.904158,0.536675,0.498524,1,0
15.535857,0.200000,0.040000,0.194932,0.095874,0.005068,-0.055874,1.963481,1.958734,2.906897,0.538167,0.500482,1,0
15.551857,0.200000,0.040000,0.196063,0.000000,0.003937,0.040000,1.921191,1.993399,2.909648,0.539673,0.500404,1,0
15.567857,0.200000,0.040000,0.195345,0.095874,0.004655,-0.055874,1.959741,1.954893,2.912390,0.541173,0.501684,1,0
15.583857,0.200000,0.040000,0.195698,0.000000,0.004302,0.040000,1.921286,1.993392,2.915135,0.542680,0.501602,1,0
15.599856,0.200000,0.040000,0.195341,0.047937,0.004659,-0.007937,1.942441,1.976147,2.917875,0.544183,0.502877,1,0
15.615856,0.200000,0.040000,0.195735,0.047937,0.004265,-0.007937,1.942504,1.976159,2.920619,0.545693,0.503477,1,0
15.631856,0.200000,0.040000,0.195747,0.000000,0.004253,0.040000,1.921306,1.993567,2.923362,0.547205,0.504075,1,0
15.647856,0.200000,0.040000,0.195351,0.095874,0.004649,-0.055874,1.959856,1.955060,2.926098,0.548715,0.505358,1,0
15.663856,0.200000,0.040000,0.195712,0.000000,0.004288,0.040000,1.921401,1.993560,2.928838,0.550232,0.505278,1,0
15.679855,0.200000,0.040000,0.195355,0.047937,0.004645,-0.007937,1.942556,1.976315,2.931573,0.551746,0.506556,1,0
15.695855,0.200000,0.040000,0.195748,0.047937,0.004252,-0.007937,1.942619,1.976327,2.934311,0.553266,0.507158,1,0
15.711855,0.200000,0.040000,0.195761,0.047937,0.004239,-0.007937,1.938816,1.972474,2.937049,0.554788,0.507756,1,0
15.727855,0.200000,0.040000,0.195385,0.047937,0.004615,-0.007937,1.942714,1.976321,2.939780,0.556309,0.508353,1,0
15.743855,0.200000,0.040000,0.195757,0.000000,0.004243,0.040000,1.921516,1.993728,2.942516,0.557834,0.508949,1,0
15.759854,0.200000,0.040000,0.195369,0.047937,0.004631,-0.007937,1.942671,1.976483,2.945245,0.559358,0.510230,1,0
15.775854,0.200000,0.040000,0.195762,0.095874,0.004238,-0.055874,1.960129,1.955234,2.947978,0.560888,0.510834,1,0
15.791854,0.200000,0.040000,0.195742,-0.047937,0.004258,0.087937,1.904279,2.014995,2.950709,0.562420,0.510750,1,0
15.807854,0.200000,0.040000,0.195357,0.095874,0.004643,-0.055874,1.960086,1.955396,2.953436,0.563949,0.512711,1,0
15.823853,0.200000,0.040000,0.195741,0.047937,0.004259,-0.007937,1.942892,1.976500,2.956165,0.565486,0.512636,1,0
15.839853,0.200000,0.040000,0.195783,0.000000,0.004217,0.040000,1.921694,1.993908,2.958894,0.567023,0.513231,1,0
15.855853,0.200000,0.040000,0.195388,0.095874,0.004612,-0.055874,1.960244,1.955402,2.961617,0.568558,0.514511,1,0
15.871853,0.200000,0.040000,0.195748,-0.047937,0.004252,0.087937,1.904393,2.015162,2.964343,0.570100,0.514430,1,0
15.887853,0.200000,0.040000,0.195371,0.143811,0.004629,-0.103811,1.981462,1.938169,2.967064,0.571639,0.516393,1,0
15.903852,0.200000,0.040000,0.195734,-0.047937,0.004266,0.087937,1.900653,2.011321,2.969787,0.573186,0.515633,1,0
15.919852,0.200000,0.040000,0.195000,0.143811,0.005000,-0.103811,1.981557,1.938162,2.972501,0.574725,0.517591,1,0
15.935852,0.200000,0.040000,0.195730,-0.095874,0.004270,0.135874,1.883353,2.032575,2.975222,0.576276,0.516827,1,0
15.951852,0.200000,0.040000,0.194985,0.143811,0.005015,-0.103811,1.981514,1.938324,2.977934,0.577818,0.519469,1,0
15.967852,0.200000,0.040000,0.195738,0.000000,0.004262,0.040000,1.921967,1.994081,2.980652,0.579373,0.518714,1,0
15.983851,0.200000,0.040000,0.195411,0.047937,0.004589,-0.007937,1.943122,1.976836,2.983367,0.580924,0.519989,1,0
15.999851,0.200000,0.040000,0.195804,0.047937,0.004196,-0.007937,1.939319,1.972982,2.986086,0.582481,0.520589,1,0
16.015852,0.200000,0.040000,0.195436,0.047937,0.004564,-0.007937,1.943217,1.976829,2.988798,0.584037,0.521186,1,0
16.031853,0.200000,0.040000,0.195808,0.000000,0.004192,0.040000,1.922019,1.994237,2.991515,0.585598,0.521782,1,0
16.047853,0.200000,0.040000,0.195420,0.047937,0.004580,-0.007937,1.943174,1.976992,2.994225,0.587157,0.523063,1,0
16.063854,0.200000,0.040000,0.195813,0.095874,0.004187,-0.055874,1.960632,1.955743,2.996939,0.588723,0.523667,1,0
16.079855,0.200000,0.040000,0.195792,-0.047937,0.004208,0.087937,1.904781,2.015503,2.999651,0.590290,0.523584,1,0
16.095856,0.200000,0.040000,0.195407,0.095874,0.004593,-0.055874,1.960589,1.955905,3.002358,0.591854,0.525545,1,0
16.111856,0.200000,0.040000,0.195792,0.047937,0.004208,-0.007937,1.943395,1.977009,3.005068,0.593426,0.525470,1,0
16.127857,0.200000,0.040000,0.195833,0.000000,0.004167,0.040000,1.922197,1.994417,3.007778,0.594999,0.526064,1,0
16.143858,0.200000,0.040000,0.195438,0.095874,0.004562,-0.055874,1.960747,1.955910,3.010482,0.596569,0.527345,1,0
16.159859,0.200000,0.040000,0.195799,-0.047937,0.004201,0.087937,1.904896,2.015671,3.013189,0.598147,0.527264,1,0
16.175859,0.200000,0.040000,0.195422,0.095874,0.004578,-0.055874,1.960704,1.956073,3.015890,0.599721,0.529227,1,0
16.191860,0.200000,0.040000,0.195806,0.047937,0.004194,-0.007937,1.943510,1.977177,3.018594,0.601303,0.529154,1,0
16.207861,0.200000,0.040000,0.195848,0.000000,0.004152,0.040000,1.922312,1.994584,3.021299,0.602886,0.529749,1,0
16.223862,0.200000,0.040000,0.195452,0.095874,0.004548,-0.055874,1.960862,1.956078,3.023997,0.604466,0.531030,1,0
16.239862,0.200000,0.040000,0.195813,0.000000,0.004187,0.040000,1.922407,1.994578,3.026698,0.606054,0.530950,1,0
16.255863,0.200000,0.040000,0.195456,0.047937,0.004544,-0.007937,1.943562,1.977333,3.029394,0.607638,0.532227,1,0
16.271864,0.200000,0.040000,0.195850,0.047937,0.004150,-0.007937,1.943624,1.977345,3.032094,0.609229,0.532829,1,0
16.287865,0.200000,0.040000,0.195862,0.047937,0.004138,-0.007937,1.939822,1.973491,3.034793,0.610821,0.533427,1,0
16.303865,0.200000,0.040000,0.195486,0.047937,0.004514,-0.007937,1.943720,1.977338,3.037486,0.612413,0.534024,1,0
16.319866,0.200000,0.040000,0.195858,0.000000,0.004142,0.040000,1.922521,1.994746,3.040183,0.614008,0.534620,1,0
16.335867,0.200000,0.040000,0.195471,0.095874,0.004529,-0.055874,1.961072,1.956239,3.042874,0.615602,0.535901,1,0
16.351868,0.200000,0.040000,0.195831,-0.047937,0.004169,0.087937,1.905221,2.016000,3.045567,0.617203,0.535821,1,0
16.367868,0.200000,0.040000,0.195455,0.143811,0.004545,-0.103811,1.982290,1.939006,3.048256,0.618800,0.537785,1,0
16.383869,0.200000,0.040000,0.195817,-0.047937,0.004183,0.087937,1.901481,2.012159,3.050946,0.620406,0.537025,1,0
16.399870,0.200000,0.040000,0.195084,0.143811,0.004916,-0.103811,1.982385,1.939000,3.053628,0.622003,0.538984,1,0
16.415871,0.200000,0.040000,0.195813,-0.095874,0.004187,0.135874,1.884181,2.033413,3.056316,0.623612,0.538220,1,0
16.431871,0.200000,0.040000,0.195068,0.143811,0.004932,-0.103811,1.982342,1.939162,3.058996,0.625213,0.540863,1,0
16.447872,0.200000,0.040000,0.195821,0.000000,0.004179,0.040000,1.922794,1.994919,3.061681,0.626827,0.540108,1,0
16.463873,0.200000,0.040000,0.195495,0.047937,0.004505,-0.007937,1.943950,1.977674,3.064363,0.628436,0.541383,1,0
16.479874,0.200000,0.040000,0.195888,0.047937,0.004112,-0.007937,1.940147,1.973820,3.067049,0.630052,0.541983,1,0
16.495874,0.200000,0.040000,0.195520,0.047937,0.004480,-0.007937,1.944045,1.977667,3.069729,0.631666,0.542581,1,0
16.511875,0.200000,0.040000,0.195891,0.000000,0.004109,0.040000,1.922847,1.995075,3.072412,0.633285,0.543176,1,0
16.527876,0.200000,0.040000,0.195503,0.047937,0.004497,-0.007937,1.944002,1.977829,3.075090,0.634902,0.544458,1,0
16.543877,0.200000,0.040000,0.195896,0.095874,0.004104,-0.055874,1.961460,1.956581,3.077770,0.636527,0.545062,1,0
16.559877,0.200000,0.040000,0.195875,-0.047937,0.004125,0.087937,1.905609,2.016341,3.080450,0.638152,0.544979,1,0
16.575878,0.200000,0.040000,0.195491,0.095874,0.004509,-0.055874,1.961417,1.956743,3.083124,0.639774,0.546940,1,0
16.591879,0.200000,0.040000,0.195875,0.000000,0.004125,0.040000,1.922961,1.995242,3.085801,0.641405,0.546866,1,0
16.607880,0.200000,0.040000,0.195517,0.095874,0.004483,-0.055874,1.961512,1.956736,3.088472,0.643032,0.548147,1,0
16.623880,0.200000,0.040000,0.195879,0.000000,0.004121,0.040000,1.926922,1.999102,3.091147,0.644666,0.548067,1,0
16.639881,0.200000,0.040000,0.195901,0.047937,0.004099,-0.007937,1.940377,1.974156,3.093822,0.646300,0.549344,1,0
16.655882,0.200000,0.040000,0.195547,0.047937,0.004453,-0.007937,1.944275,1.978003,3.096490,0.647934,0.549945,1,0
16.671883,0.200000,0.040000,0.195919,0.000000,0.004081,0.040000,1.923076,1.995410,3.099162,0.649573,0.550544,1,0
16.687883,0.200000,0.040000,0.195531,0.095874,0.004469,-0.055874,1.961627,1.956904,3.101828,0.651211,0.551828,1,0
16.703884,0.200000,0.040000,0.195893,0.000000,0.004107,0.040000,1.923172,1.995404,3.104496,0.652855,0.551750,1,0
16.719885,0.200000,0.040000,0.195535,0.047937,0.004465,-0.007937,1.944327,1.978158,3.107160,0.654495,0.553029,1,0
16.735886,0.200000,0.040000,0.195929,0.095874,0.004071,-0.055874,1.961785,1.956910,3.109827,0.656143,0.553632,1,0
16.751886,0.200000,0.040000,0.195908,-0.047937,0.004092,0.087937,1.905934,2.016670,3.112493,0.657791,0.553547,1,0
16.767887,0.200000,0.040000,0.195524,0.095874,0.004476,-0.055874,1.961742,1.957072,3.115154,0.659437,0.555508,1,0
16.783888,0.200000,0.040000,0.195908,0.000000,0.004092,0.040000,1.923286,1.995571,3.117817,0.661090,0.555433,1,0
16.799889,0.200000,0.040000,0.195550,0.095874,0.004450,-0.055874,1.961837,1.957065,3.120475,0.662741,0.556714,1,0
16.815889,0.200000,0.040000,0.195912,0.000000,0.004088,0.040000,1.927247,1.999431,3.123135,0.664398,0.556634,1,0
16.831890,0.200000,0.040000,0.195934,0.047937,0.004066,-0.007937,1.940702,1.974485,3.125797,0.666055,0.557911,1,0
16.847891,0.200000,0.040000,0.195579,0.047937,0.004421,-0.007937,1.944600,1.978332,3.128451,0.667712,0.558512,1,0
16.863892,0.200000,0.040000,0.195952,0.000000,0.004048,0.040000,1.923401,1.995739,3.131109,0.669374,0.559111,1,0
16.879892,0.200000,0.040000,0.195564,0.095874,0.004436,-0.055874,1.961952,1.957233,3.133762,0.671035,0.560395,1,0
16.895893,0.200000,0.040000,0.195926,0.000000,0.004074,0.040000,1.923496,1.995733,3.136416,0.672702,0.560318,1,0
16.911894,0.200000,0.040000,0.195568,0.047937,0.004432,-0.007937,1.944652,1.978487,3.139067,0.674365,0.561597,1,0
16.927895,0.200000,0.040000,0.195962,0.095874,0.004038,-0.055874,1.962110,1.957239,3.141720,0.676036,0.562199,1,0
16.943895,0.200000,0.040000,0.195941,-0.047937,0.004059,0.087937,1.906259,2.016999,3.144372,0.677708,0.562115,1,0
16.959896,0.200000,0.040000,0.195557,0.095874,0.004443,-0.055874,1.962067,1.957401,3.147019,0.679376,0.564076,1,0
16.975897,0.200000,0.040000,0.195941,0.000000,0.004059,0.040000,1.923611,1.995901,3.149668,0.681053,0.564001,1,0
16.991898,0.200000,0.040000,0.195582,0.095874,0.004418,-0.055874,1.962162,1.957394,3.152312,0.682726,0.565282,1,0
17.007898,0.200000,0.040000,0.195944,0.000000,0.004056,0.040000,1.923706,1.995894,3.154959,0.684406,0.565202,1,0
17.023899,0.200000,0.040000,0.195587,0.047937,0.004413,-0.007937,1.944862,1.978649,3.157602,0.686083,0.566480,1,0
17.039900,0.200000,0.040000,0.195981,0.047937,0.004019,-0.007937,1.944924,1.978661,3.160247,0.687766,0.567081,1,0
17.055901,0.200000,0.040000,0.195993,0.047937,0.004007,-0.007937,1.941122,1.974807,3.162892,0.689452,0.567680,1,0
17.071901,0.200000,0.040000,0.195617,0.047937,0.004383,-0.007937,1.945019,1.978654,3.165530,0.691135,0.568278,1,0
17.087902,0.200000,0.040000,0.195989,0.000000,0.004011,0.040000,1.923821,1.996062,3.168173,0.692823,0.568873,1,0
17.103903,0.200000,0.040000,0.195601,0.095874,0.004399,-0.055874,1.962372,1.957556,3.170809,0.694510,0.570155,1,0
17.119904,0.200000,0.040000,0.195962,-0.047937,0.004038,0.087937,1.906521,2.017316,3.173448,0.696203,0.570075,1,0
17.135904,0.200000,0.040000,0.195585,0.143811,0.004415,-0.103811,1.983590,1.940322,3.176082,0.697893,0.572039,1,0
17.151905,0.200000,0.040000,0.195948,-0.047937,0.004052,0.087937,1.902781,2.013475,3.178718,0.699591,0.571280,1,0
17.167906,0.200000,0.040000,0.195214,0.143811,0.004786,-0.103811,1.983685,1.940316,3.181345,0.701280,0.573239,1,0
17.183907,0.200000,0.040000,0.195944,-0.095874,0.004056,0.135874,1.885481,2.034729,3.183978,0.702981,0.572476,1,0
17.199907,0.200000,0.040000,0.195199,0.143811,0.004801,-0.103811,1.983642,1.940478,3.186603,0.704673,0.575119,1,0
17.215908,0.200000,0.040000,0.195952,0.000000,0.004048,0.040000,1.924094,1.996235,3.189233,0.706380,0.574364,1,0
17.231909,0.200000,0.040000,0.195625,0.095874,0.004375,-0.055874,1.962645,1.957729,3.191861,0.708081,0.575640,1,0
17.247910,0.200000,0.040000,0.195985,-0.047937,0.004015,0.087937,1.906794,2.017489,3.194491,0.709789,0.575555,1,0
17.263910,0.200000,0.040000,0.195609,0.095874,0.004391,-0.055874,1.962602,1.957891,3.197116,0.711493,0.577516,1,0
17.279911,0.200000,0.040000,0.195992,0.000000,0.004008,0.040000,1.924146,1.996391,3.199743,0.713205,0.577441,1,0
17.295912,0.200000,0.040000,0.195634,0.095874,0.004366,-0.055874,1.962697,1.957885,3.202365,0.714915,0.578721,1,0
17.311913,0.200000,0.040000,0.195995,-0.047937,0.004005,0.087937,1.906846,2.017645,3.204990,0.716631,0.578641,1,0
17.327913,0.200000,0.040000,0.195618,0.143811,0.004382,-0.103811,1.980049,1.936786,3.207610,0.718343,0.580604,1,0
17.343914,0.200000,0.040000,0.195600,-0.047937,0.004400,0.087937,1.906941,2.017639,3.210226,0.720060,0.579844,1,0
17.359915,0.200000,0.040000,0.195615,0.143811,0.004385,-0.103811,1.984010,1.940645,3.212844,0.721776,0.581803,1,0
17.375916,0.200000,0.040000,0.195985,-0.095874,0.004015,0.135874,1.885806,2.035058,3.215463,0.723500,0.581039,1,0
17.391916,0.200000,0.040000,0.195231,0.191748,0.004769,-0.151748,2.001362,1.919546,3.218074,0.725215,0.583682,1,0
17.407917,0.200000,0.040000,0.195582,-0.095874,0.004418,0.135874,1.885901,2.035052,3.220685,0.726940,0.582240,1,0
17.423918,0.200000,0.040000,0.195229,0.143811,0.004771,-0.103811,1.984062,1.940801,3.223293,0.728658,0.584879,1,0
17.439919,0.200000,0.040000,0.195989,0.000000,0.004011,0.040000,1.924514,1.996557,3.225907,0.730390,0.584120,1,0
17.455919,0.200000,0.040000,0.195663,0.000000,0.004337,0.040000,1.924408,1.996708,3.228519,0.732117,0.585393,1,0
17.471920,0.200000,0.040000,0.195656,0.095874,0.004344,-0.055874,1.962959,1.958201,3.231127,0.733848,0.586678,1,0
17.487921,0.200000,0.040000,0.196025,0.000000,0.003975,0.040000,1.924504,1.996701,3.233739,0.735585,0.586600,1,0
17.503922,0.200000,0.040000,0.195667,0.047937,0.004333,-0.007937,1.945659,1.979456,3.236346,0.737318,0.587879,1,0
17.519922,0.200000,0.040000,0.196060,0.047937,0.003940,-0.007937,1.945722,1.979468,3.238956,0.739059,0.588482,1,0
17.535923,0.200000,0.040000,0.196072,0.047937,0.003928,-0.007937,1.941919,1.975614,3.241564,0.740801,0.589081,1,0
17.551924,0.200000,0.040000,0.195696,0.047937,0.004304,-0.007937,1.945817,1.979462,3.244167,0.742541,0.589679,1,0
17.567924,0.200000,0.040000,0.196069,0.000000,0.003931,0.040000,1.924618,1.996869,3.246774,0.744286,0.590275,1,0
17.583925,0.200000,0.040000,0.195681,0.095874,0.004319,-0.055874,1.963169,1.958363,3.249375,0.746030,0.591556,1,0
17.599926,0.200000,0.040000,0.196042,-0.047937,0.003958,0.087937,1.907318,2.018123,3.251978,0.747780,0.591476,1,0
17.615927,0.200000,0.040000,0.195665,0.143811,0.004335,-0.103811,1.984387,1.941130,3.254577,0.749526,0.593441,1,0
17.631927,0.200000,0.040000,0.196028,-0.047937,0.003972,0.087937,1.903578,2.014282,3.257176,0.751281,0.592681,1,0
17.647928,0.200000,0.040000,0.195294,0.143811,0.004706,-0.103811,1.984482,1.941123,3.259768,0.753027,0.594640,1,0
17.663929,0.200000,0.040000,0.196024,-0.095874,0.003976,0.135874,1.886278,2.035536,3.262365,0.754784,0.593877,1,0
17.679930,0.200000,0.040000,0.195279,0.191748,0.004721,-0.151748,2.001834,1.920024,3.264954,0.756533,0.596520,1,0
17.695930,0.200000,0.040000,0.195630,-0.095874,0.004370,0.135874,1.886373,2.035530,3.267543,0.758292,0.595078,1,0
17.711931,0.200000,0.040000,0.195277,0.143811,0.004723,-0.103811,1.984534,1.941279,3.270130,0.760044,0.597717,1,0
17.727932,0.200000,0.040000,0.196037,0.000000,0.003963,0.040000,1.924986,1.997036,3.272722,0.761810,0.596959,1,0
17.743933,0.200000,0.040000,0.195711,0.000000,0.004289,0.040000,1.924881,1.997186,3.275312,0.763571,0.598232,1,0
17.759933,0.200000,0.040000,0.195704,0.095874,0.004296,-0.055874,1.963431,1.958680,3.277899,0.765335,0.599517,1,0
17.775934,0.200000,0.040000,0.196073,0.000000,0.003927,0.040000,1.924976,1.997179,3.280488,0.767106,0.599439,1,0
17.791935,0.200000,0.040000,0.195715,0.047937,0.004285,-0.007937,1.946131,1.979934,3.283074,0.768873,0.600718,1,0
17.807936,0.200000,0.040000,0.196108,0.047937,0.003892,-0.007937,1.946194,1.979946,3.285661,0.770648,0.601321,1,0
17.823936,0.200000,0.040000,0.196120,0.047937,0.003880,-0.007937,1.942391,1.976093,3.288248,0.772424,0.601921,1,0
17.839937,0.200000,0.040000,0.195744,0.047937,0.004256,-0.007937,1.946289,1.979940,3.290830,0.774198,0.602518,1,0
17.855938,0.200000,0.040000,0.196116,0.000000,0.003884,0.040000,1.925091,1.997347,3.293414,0.775977,0.603114,1,0
17.871939,0.200000,0.040000,0.195728,0.095874,0.004272,-0.055874,1.963641,1.958841,3.295993,0.777753,0.604396,1,0
17.887939,0.200000,0.040000,0.196090,-0.047937,0.003910,0.087937,1.907790,2.018601,3.298574,0.779537,0.604316,1,0
17.903940,0.200000,0.040000,0.195712,0.143811,0.004288,-0.103811,1.980994,1.937742,3.301151,0.781317,0.606280,1,0
17.919941,0.200000,0.040000,0.195696,-0.047937,0.004304,0.087937,1.907885,2.018595,3.303723,0.783102,0.605521,1,0
17.935942,0.200000,0.040000,0.195710,0.095874,0.004290,-0.055874,1.963693,1.958997,3.306297,0.784885,0.607480,1,0
17.951942,0.200000,0.040000,0.196102,0.047937,0.003898,-0.007937,1.946499,1.980101,3.308873,0.786677,0.607404,1,0
17.967943,0.200000,0.040000,0.196144,0.000000,0.003856,0.040000,1.925301,1.997508,3.311450,0.788468,0.607997,1,0
17.983944,0.200000,0.040000,0.195748,0.095874,0.004252,-0.055874,1.963851,1.959002,3.314020,0.790258,0.609277,1,0
17.999945,0.200000,0.040000,0.196109,-0.047937,0.003891,0.087937,1.908000,2.018763,3.316593,0.792054,0.609195,1,0
18.015945,0.200000,0.040000,0.195732,0.143811,0.004268,-0.103811,1.981204,1.937903,3.319161,0.793847,0.611158,1,0
18.031946,0.200000,0.040000,0.195714,-0.047937,0.004286,0.087937,1.908095,2.018756,3.321725,0.795645,0.610398,1,0
18.047947,0.200000,0.040000,0.195729,0.095874,0.004271,-0.055874,1.963903,1.959158,3.324290,0.797440,0.612356,1,0
18.063948,0.200000,0.040000,0.196121,0.000000,0.003879,0.040000,1.925448,1.997658,3.326858,0.799245,0.612279,1,0
18.079948,0.200000,0.040000,0.195763,0.047937,0.004237,-0.007937,1.946603,1.980412,3.329420,0.801045,0.613559,1,0
18.095949,0.200000,0.040000,0.196156,0.095874,0.003844,-0.055874,1.964061,1.959163,3.331986,0.802853,0.614162,1,0
18.111950,0.200000,0.040000,0.196135,-0.047937,0.003865,0.087937,1.908210,2.018924,3.334550,0.804662,0.614077,1,0
18.127951,0.200000,0.040000,0.195750,0.143811,0.004250,-0.103811,1.981413,1.938065,3.337110,0.806467,0.616038,1,0
18.143951,0.200000,0.040000,0.195732,-0.047937,0.004268,0.087937,1.908306,2.018918,3.339665,0.808278,0.615276,1,0
18.159952,0.200000,0.040000,0.195748,0.095874,0.004252,-0.055874,1.964113,1.959319,3.342222,0.810086,0.617232,1,0
18.175953,0.200000,0.040000,0.196139,0.000000,0.003861,0.040000,1.925658,1.997819,3.344781,0.811903,0.617154,1,0
18.191954,0.200000,0.040000,0.195782,0.047937,0.004218,-0.007937,1.946813,1.980574,3.347335,0.813716,0.618432,1,0
18.207954,0.200000,0.040000,0.196175,0.047937,0.003825,-0.007937,1.943010,1.976720,3.349892,0.815537,0.619035,1,0
18.223955,0.200000,0.040000,0.195807,0.047937,0.004193,-0.007937,1.946908,1.980567,3.352443,0.817355,0.619634,1,0
18.239956,0.200000,0.040000,0.196179,0.000000,0.003821,0.040000,1.925710,1.997974,3.354998,0.819179,0.620231,1,0
18.255957,0.200000,0.040000,0.195791,0.095874,0.004209,-0.055874,1.964260,1.959468,3.357547,0.821000,0.621513,1,0
18.271957,0.200000,0.040000,0.196152,0.000000,0.003848,0.040000,1.925805,1.997968,3.360098,0.822828,0.621434,1,0
18.287958,0.200000,0.040000,0.195796,0.047937,0.004204,-0.007937,1.946960,1.980723,3.362644,0.824653,0.622712,1,0
18.303959,0.200000,0.040000,0.196189,0.047937,0.003811,-0.007937,1.947023,1.980735,3.365194,0.826484,0.623313,1,0
18.319960,0.200000,0.040000,0.196201,0.047937,0.003799,-0.007937,1.943220,1.976881,3.367742,0.828318,0.623912,1,0
18.335960,0.200000,0.040000,0.195826,0.000000,0.004174,0.040000,1.925857,1.998124,3.370285,0.830149,0.624509,1,0
18.351961,0.200000,0.040000,0.195798,0.047937,0.004202,-0.007937,1.947012,1.980878,3.372826,0.831981,0.625791,1,0
18.367962,0.200000,0.040000,0.196199,0.095874,0.003801,-0.055874,1.964470,1.959629,3.375369,0.833820,0.626396,1,0
18.383963,0.200000,0.040000,0.196179,0.000000,0.003821,0.040000,1.926015,1.998129,3.377912,0.835661,0.626314,1,0
18.399963,0.200000,0.040000,0.195814,0.047937,0.004186,-0.007937,1.947170,1.980884,3.380450,0.837498,0.627589,1,0
18.415964,0.200000,0.040000,0.196208,0.000000,0.003792,0.040000,1.925972,1.998291,3.382991,0.839342,0.628188,1,0
18.431965,0.200000,0.040000,0.195820,0.095874,0.004180,-0.055874,1.964522,1.959785,3.385525,0.841184,0.629473,1,0
18.447966,0.200000,0.040000,0.196182,0.000000,0.003818,0.040000,1.926067,1.998285,3.388062,0.843033,0.629395,1,0
18.463966,0.200000,0.040000,0.195825,0.095874,0.004175,-0.055874,1.964618,1.959779,3.390594,0.844878,0.630674,1,0
18.479967,0.200000,0.040000,0.196186,-0.047937,0.003814,0.087937,1.908767,2.019539,3.393129,0.846730,0.630592,1,0
18.495968,0.200000,0.040000,0.195809,0.095874,0.004191,-0.055874,1.964575,1.959941,3.395659,0.848577,0.632554,1,0
18.511969,0.200000,0.040000,0.196194,0.000000,0.003806,0.040000,1.926119,1.998441,3.398190,0.850434,0.632481,1,0
18.527969,0.200000,0.040000,0.195835,0.095874,0.004165,-0.055874,1.964670,1.959934,3.400717,0.852287,0.633763,1,0
18.543970,0.200000,0.040000,0.196197,0.000000,0.003803,0.040000,1.926214,1.998434,3.403246,0.854147,0.633684,1,0
18.559971,0.200000,0.040000,0.195840,0.047937,0.004160,-0.007937,1.947369,1.981189,3.405771,0.856002,0.634961,1,0
18.575972,0.200000,0.040000,0.196233,0.095874,0.003767,-0.055874,1.964828,1.959940,3.408298,0.857865,0.635563,1,0
18.591972,0.200000,0.040000,0.196212,-0.047937,0.003788,0.087937,1.908977,2.019701,3.410824,0.859730,0.635478,1,0
18.607973,0.200000,0.040000,0.195828,0.143811,0.004172,-0.103811,1.982180,1.938841,3.413345,0.861590,0.637438,1,0
18.623974,0.200000,0.040000,0.195810,-0.047937,0.004190,0.087937,1.909072,2.019694,3.415862,0.863455,0.636676,1,0
18.639975,0.200000,0.040000,0.195825,0.095874,0.004175,-0.055874,1.964880,1.960096,3.418381,0.865319,0.638633,1,0
18.655975,0.200000,0.040000,0.196216,0.000000,0.003784,0.040000,1.926424,1.998595,3.420901,0.867191,0.638555,1,0
18.671976,0.200000,0.040000,0.195859,0.095874,0.004141,-0.055874,1.964975,1.960089,3.423417,0.869059,0.639834,1,0
18.687977,0.200000,0.040000,0.196219,-0.047937,0.003781,0.087937,1.909124,2.019850,3.425935,0.870934,0.639751,1,0
18.703978,0.200000,0.040000,0.195843,0.095874,0.004157,-0.055874,1.964932,1.960251,3.428448,0.872806,0.641714,1,0
18.719978,0.200000,0.040000,0.196227,0.000000,0.003773,0.040000,1.926476,1.998751,3.430963,0.874686,0.641640,1,0
18.735979,0.200000,0.040000,0.195868,0.095874,0.004132,-0.055874,1.965027,1.960245,3.433473,0.876562,0.642921,1,0
18.751980,0.200000,0.040000,0.196230,0.000000,0.003770,0.040000,1.926571,1.998744,3.435985,0.878445,0.642842,1,0
18.767981,0.200000,0.040000,0.195873,0.047937,0.004127,-0.007937,1.947726,1.981499,3.438493,0.880324,0.644119,1,0
18.783981,0.200000,0.040000,0.196266,0.047937,0.003734,-0.007937,1.943924,1.977646,3.441004,0.882211,0.644720,1,0
18.799982,0.200000,0.040000,0.195899,0.047937,0.004101,-0.007937,1.947821,1.981493,3.443509,0.884095,0.645319,1,0
18.815983,0.200000,0.040000,0.196271,0.000000,0.003729,0.040000,1.926623,1.998900,3.446017,0.885984,0.645916,1,0
18.831984,0.200000,0.040000,0.195883,0.095874,0.004117,-0.055874,1.965174,1.960394,3.448519,0.887871,0.647198,1,0
18.847984,0.200000,0.040000,0.196244,0.000000,0.003756,0.040000,1.926718,1.998893,3.451024,0.889765,0.647119,1,0
18.863985,0.200000,0.040000,0.195887,0.047937,0.004113,-0.007937,1.947874,1.981648,3.453524,0.891656,0.648396,1,0
18.879986,0.200000,0.040000,0.196281,0.047937,0.003719,-0.007937,1.944071,1.977795,3.456026,0.893553,0.648998,1,0
18.895987,0.200000,0.040000,0.195914,0.047937,0.004086,-0.007937,1.947969,1.981642,3.458523,0.895448,0.649597,1,0
18.911987,0.200000,0.040000,0.196286,0.000000,0.003714,0.040000,1.926771,1.999049,3.461024,0.897348,0.650194,1,0
18.927988,0.200000,0.040000,0.195898,0.095874,0.004102,-0.055874,1.965321,1.960543,3.463518,0.899246,0.651477,1,0
18.943989,0.200000,0.040000,0.196260,0.000000,0.003740,0.040000,1.926866,1.999043,3.466015,0.901151,0.651397,1,0
18.959990,0.200000,0.040000,0.195902,0.047937,0.004098,-0.007937,1.948021,1.981798,3.468507,0.903052,0.652675,1,0
18.975990,0.200000,0.040000,0.196296,0.047937,0.003704,-0.007937,1.948084,1.981810,3.471001,0.904960,0.653277,1,0
18.991991,0.200000,0.040000,0.196308,0.047937,0.003692,-0.007937,1.944281,1.977956,3.473495,0.906870,0.653876,1,0
19.007992,0.200000,0.040000,0.195932,0.000000,0.004068,0.040000,1.926918,1.999198,3.475983,0.908777,0.654473,1,0
19.023993,0.200000,0.040000,0.195905,0.095874,0.004095,-0.055874,1.965468,1.960692,3.478469,0.910686,0.655756,1,0
19.039993,0.200000,0.040000,0.196274,-0.047937,0.003726,0.087937,1.909617,2.020453,3.480958,0.912602,0.655677,1,0
19.055994,0.200000,0.040000,0.195897,0.191748,0.004103,-0.151748,2.004081,1.922198,3.483442,0.914513,0.657642,1,0
19.071995,0.200000,0.040000,0.195858,-0.095874,0.004142,0.135874,1.888620,2.037704,3.485921,0.916429,0.656196,1,0
19.087996,0.200000,0.040000,0.195497,0.095874,0.004503,-0.055874,1.965520,1.960848,3.488399,0.918338,0.658832,1,0
19.103996,0.200000,0.040000,0.196280,0.000000,0.003720,0.040000,1.927065,1.999348,3.490882,0.920261,0.658758,1,0
19.119997,0.200000,0.040000,0.195929,0.095874,0.004071,-0.055874,1.965615,1.960841,3.493360,0.922181,0.660040,1,0
19.135998,0.200000,0.040000,0.196290,-0.047937,0.003710,0.087937,1.909765,2.020602,3.495841,0.924107,0.659961,1,0
19.151999,0.200000,0.040000,0.195912,0.143811,0.004088,-0.103811,1.986833,1.943608,3.498317,0.926030,0.661926,1,0
19.167999,0.200000,0.040000,0.196275,-0.047937,0.003725,0.087937,1.906025,2.016761,3.500793,0.927961,0.661167,1,0
19.184000,0.200000,0.040000,0.195541,0.143811,0.004459,-0.103811,1.986928,1.943602,3.503262,0.929882,0.663126,1,0
19.200001,0.200000,0.040000,0.196270,-0.095874,0.003730,0.135874,1.888724,2.038015,3.505737,0.931816,0.662363,1,0
19.216002,0.200000,0.040000,0.195525,0.191748,0.004475,-0.151748,2.004281,1.922503,3.508203,0.933741,0.665006,1,0
19.232002,0.200000,0.040000,0.195876,-0.095874,0.004124,0.135874,1.888819,2.038008,3.510669,0.935675,0.663565,1,0
19.248003,0.200000,0.040000,0.195523,0.143811,0.004477,-0.103811,1.986981,1.943757,3.513133,0.937603,0.666204,1,0
19.264004,0.200000,0.040000,0.196283,-0.047937,0.003717,0.087937,1.906172,2.016910,3.515601,0.939544,0.665447,1,0
19.280005,0.200000,0.040000,0.195557,0.143811,0.004443,-0.103811,1.987076,1.943751,3.518062,0.941477,0.667407,1,0
19.296005,0.200000,0.040000,0.196286,-0.095874,0.003714,0.135874,1.888872,2.038164,3.520528,0.943421,0.666645,1,0
19.312006,0.200000,0.040000,0.195540,0.191748,0.004460,-0.151748,2.004428,1.922652,3.522987,0.945356,0.669289,1,0
19.328007,0.200000,0.040000,0.195891,-0.095874,0.004109,0.135874,1.888967,2.038158,3.525444,0.947302,0.667848,1,0
19.344007,0.200000,0.040000,0.195537,0.143811,0.004463,-0.103811,1.987128,1.943907,3.527900,0.949240,0.670487,1,0
19.360008,0.200000,0.040000,0.196298,-0.047937,0.003702,0.087937,1.906319,2.017059,3.530360,0.951192,0.669730,1,0
19.376009,0.200000,0.040000,0.195571,0.143811,0.004429,-0.103811,1.987223,1.943900,3.532813,0.953135,0.671690,1,0
19.392010,0.200000,0.040000,0.196301,-0.095874,0.003699,0.135874,1.889019,2.038313,3.535271,0.955090,0.670928,1,0
19.408010,0.200000,0.040000,0.195554,0.191748,0.004446,-0.151748,2.004575,1.922801,3.537721,0.957036,0.673572,1,0
19.424011,0.200000,0.040000,0.195906,-0.095874,0.004094,0.135874,1.889114,2.038307,3.540171,0.958992,0.672131,1,0
19.440012,0.200000,0.040000,0.195552,0.143811,0.004448,-0.103811,1.987275,1.944056,3.542619,0.960941,0.674770,1,0
19.456013,0.200000,0.040000,0.196312,-0.047937,0.003688,0.087937,1.906466,2.017208,3.545071,0.962904,0.674013,1,0
19.472013,0.200000,0.040000,0.195586,0.143811,0.004414,-0.103811,1.987370,1.944049,3.547515,0.964857,0.675973,1,0
19.488014,0.200000,0.040000,0.196315,-0.095874,0.003685,0.135874,1.889166,2.038463,3.549965,0.966823,0.675211,1,0
19.504015,0.200000,0.040000,0.195569,0.191748,0.004431,-0.151748,2.004722,1.922950,3.552407,0.968780,0.677855,1,0
19.520016,0.200000,0.040000,0.195920,-0.095874,0.004080,0.135874,1.889261,2.038456,3.554848,0.970746,0.676415,1,0
19.536016,0.200000,0.040000,0.195567,0.143811,0.004433,-0.103811,1.987422,1.944205,3.557288,0.972706,0.679054,1,0
19.552017,0.200000,0.040000,0.196327,-0.047937,0.003673,0.087937,1.906613,2.017357,3.559732,0.974679,0.678297,1,0
19.568018,0.200000,0.040000,0.195601,0.143811,0.004399,-0.103811,1.987517,1.944198,3.562168,0.976644,0.680257,1,0
19.584019,0.200000,0.040000,0.196330,-0.095874,0.003670,0.135874,1.889313,2.038612,3.564610,0.978620,0.679495,1,0
19.600019,0.200000,0.040000,0.195584,0.191748,0.004416,-0.151748,2.004869,1.923100,3.567044,0.980587,0.682139,1,0
19.616020,0.200000,0.040000,0.195935,-0.095874,0.004065,0.135874,1.889408,2.038605,3.569476,0.982564,0.680698,1,0
19.632021,0.200000,0.040000,0.195581,0.143811,0.004419,-0.103811,1.987569,1.944354,3.571908,0.984534,0.683337,1,0
19.648022,0.200000,0.040000,0.196342,-0.047937,0.003658,0.087937,1.906760,2.017506,3.574343,0.986518,0.682580,1,0
19.664022,0.200000,0.040000,0.195615,0.143811,0.004385,-0.103811,1.987664,1.944348,3.576772,0.988493,0.684540,1,0
19.680023,0.200000,0.040000,0.196345,-0.047937,0.003655,0.087937,1.906855,2.017500,3.579205,0.990480,0.683778,1,0
19.696024,0.200000,0.040000,0.195619,0.095874,0.004381,-0.055874,1.966498,1.961736,3.581631,0.992458,0.685735,1,0
19.712025,0.200000,0.040000,0.196371,-0.047937,0.003629,0.087937,1.910648,2.021497,3.584062,0.994448,0.685658,1,0
19.728025,0.200000,0.040000,0.196001,0.191748,0.003999,-0.151748,2.005112,1.923242,3.586489,0.996435,0.687623,1,0
19.744026,0.200000,0.040000,0.195961,-0.095874,0.004039,0.135874,1.889650,2.038748,3.588911,0.998425,0.686178,1,0
19.760027,0.200000,0.040000,0.195600,0.095874,0.004400,-0.055874,1.966550,1.961892,3.591332,1.000409,0.688814,1,0
19.776028,0.200000,0.040000,0.196383,0.000000,0.003617,0.040000,1.928095,2.000392,3.593757,1.002407,0.688741,1,0
19.792028,0.200000,0.040000,0.196032,0.095874,0.003968,-0.055874,1.966645,1.961885,3.596178,1.004401,0.690024,1,0
19.808029,0.200000,0.040000,0.196393,-0.047937,0.003607,0.087937,1.910795,2.021646,3.598601,1.006402,0.689944,1,0
19.824030,0.200000,0.040000,0.196015,0.191748,0.003985,-0.151748,2.005259,1.923391,3.601019,1.008398,0.691909,1,0
19.840031,0.200000,0.040000,0.195976,-0.095874,0.004024,0.135874,1.889797,2.038897,3.603433,1.010400,0.690463,1,0
19.856031,0.200000,0.040000,0.195615,0.095874,0.004385,-0.055874,1.966697,1.962041,3.605846,1.012393,0.693099,1,0
19.872032,0.200000,0.040000,0.196397,0.000000,0.003603,0.040000,1.928242,2.000541,3.608262,1.014402,0.693026,1,0
19.888033,0.200000,0.040000,0.196047,0.095874,0.003953,-0.055874,1.966793,1.962035,3.610675,1.016406,0.694308,1,0
19.904034,0.200000,0.040000,0.196408,0.000000,0.003592,0.040000,1.928337,2.000534,3.613090,1.018418,0.694228,1,0
19.920034,0.200000,0.040000,0.196051,0.047937,0.003949,-0.007937,1.949492,1.983289,3.615500,1.020425,0.695506,1,0
19.936035,0.200000,0.040000,0.196444,0.047937,0.003556,-0.007937,1.945690,1.979436,3.617912,1.022440,0.696108,1,0
19.952036,0.200000,0.040000,0.196076,0.047937,0.003924,-0.007937,1.949587,1.983283,3.620319,1.024452,0.696707,1,0
19.968037,0.200000,0.040000,0.196448,0.000000,0.003552,0.040000,1.928389,2.000690,3.622729,1.026470,0.697304,1,0
19.984037,0.200000,0.040000,0.196060,0.095874,0.003940,-0.055874,1.966940,1.962184,3.625134,1.028485,0.698587,1,0
20.000038,0.200000,0.040000,0.196422,0.000000,0.003578,0.040000,1.928484,2.000684,3.627540,1.030507,0.698508,1,0
20.016039,0.200000,0.040000,0.196065,0.047937,0.003935,-0.007937,1.949639,1.983438,3.629942,1.032525,0.699786,1,0
20.032040,0.200000,0.040000,0.196458,0.047937,0.003542,-0.007937,1.945837,1.979585,3.632346,1.034550,0.700388,1,0
20.048040,0.200000,0.040000,0.196091,0.047937,0.003909,-0.007937,1.949734,1.983432,3.634744,1.036573,0.700988,1,0
20.064041,0.200000,0.040000,0.196463,0.000000,0.003537,0.040000,1.928536,2.000839,3.637146,1.038601,0.701585,1,0
20.080042,0.200000,0.040000,0.196076,0.095874,0.003924,-0.055874,1.967087,1.962333,3.639541,1.040626,0.702868,1,0
20.096043,0.200000,0.040000,0.196437,0.000000,0.003563,0.040000,1.928631,2.000833,3.641939,1.042658,0.702790,1,0
20.112043,0.200000,0.040000,0.196080,0.047937,0.003920,-0.007937,1.949787,1.983588,3.644332,1.044687,0.704068,1,0
20.128044,0.200000,0.040000,0.196474,0.047937,0.003526,-0.007937,1.945984,1.979734,3.646728,1.046722,0.704670,1,0
20.144045,0.200000,0.040000,0.196106,0.047937,0.003894,-0.007937,1.949882,1.983581,3.649118,1.048755,0.705270,1,0
20.160046,0.200000,0.040000,0.196479,0.000000,0.003521,0.040000,1.928684,2.000988,3.651511,1.050794,0.705867,1,0
20.176046,0.200000,0.040000,0.196091,0.095874,0.003909,-0.055874,1.967234,1.962482,3.653898,1.052830,0.707151,1,0
20.192047,0.200000,0.040000,0.196452,0.000000,0.003548,0.040000,1.928779,2.000982,3.656287,1.054872,0.707072,1,0
20.208048,0.200000,0.040000,0.196095,0.095874,0.003905,-0.055874,1.967329,1.962476,3.658672,1.056911,0.708350,1,0
20.224049,0.200000,0.040000,0.196456,0.000000,0.003544,0.040000,1.928874,2.000975,3.661059,1.058957,0.708268,1,0
20.240049,0.200000,0.040000,0.196100,0.047937,0.003900,-0.007937,1.950029,1.983730,3.663441,1.060998,0.709543,1,0
20.256050,0.200000,0.040000,0.196494,0.047937,0.003506,-0.007937,1.946226,1.979877,3.665826,1.063047,0.710143,1,0
20.272051,0.200000,0.040000,0.196126,0.000000,0.003874,0.040000,1.928863,2.001119,3.668205,1.065094,0.710741,1,0
20.288052,0.200000,0.040000,0.196098,0.047937,0.003902,-0.007937,1.950018,1.983874,3.670582,1.067141,0.712024,1,0
20.304052,0.200000,0.040000,0.196499,0.095874,0.003501,-0.055874,1.967476,1.962625,3.672962,1.069196,0.712629,1,0
20.320053,0.200000,0.040000,0.196479,0.000000,0.003521,0.040000,1.929021,2.001124,3.675340,1.071252,0.712547,1,0
20.336054,0.200000,0.040000,0.196115,0.000000,0.003885,0.040000,1.928915,2.001275,3.677714,1.073304,0.713822,1,0
20.352055,0.200000,0.040000,0.196108,0.095874,0.003892,-0.055874,1.967465,1.962768,3.680085,1.075359,0.715109,1,0
20.368055,0.200000,0.040000,0.196479,0.000000,0.003521,0.040000,1.929010,2.001268,3.682458,1.077421,0.715033,1,0
20.384056,0.200000,0.040000,0.196121,0.095874,0.003879,-0.055874,1.967561,1.962762,3.684827,1.079479,0.716313,1,0
20.400057,0.200000,0.040000,0.196483,0.000000,0.003517,0.040000,1.929105,2.001261,3.687197,1.081544,0.716232,1,0
20.416058,0.200000,0.040000,0.196126,0.047937,0.003874,-0.007937,1.950260,1.984016,3.689564,1.083604,0.717508,1,0
20.432058,0.200000,0.040000,0.196519,0.047937,0.003481,-0.007937,1.946457,1.980163,3.691932,1.085672,0.718109,1,0
20.448059,0.200000,0.040000,0.196152,0.047937,0.003848,-0.007937,1.950355,1.984010,3.694295,1.087738,0.718707,1,0
20.464060,0.200000,0.040000,0.196524,0.000000,0.003476,0.040000,1.929157,2.001417,3.696661,1.089809,0.719304,1,0
20.480061,0.200000,0.040000,0.196136,0.095874,0.003864,-0.055874,1.967708,1.962911,3.699021,1.091877,0.720586,1,0
20.496061,0.200000,0.040000,0.196497,0.000000,0.003503,0.040000,1.929252,2.001411,3.701383,1.093952,0.720507,1,0
20.512062,0.200000,0.040000,0.196140,0.047937,0.003860,-0.007937,1.950407,1.984166,3.703741,1.096023,0.721784,1,0
20.528063,0.200000,0.040000,0.196534,0.047937,0.003466,-0.007937,1.946605,1.980312,3.706101,1.098102,0.722386,1,0
20.544064,0.200000,0.040000,0.196166,0.000000,0.003834,0.040000,1.929241,2.001554,3.708455,1.100177,0.722985,1,0
20.560064,0.200000,0.040000,0.196139,0.095874,0.003861,-0.055874,1.967792,1.963048,3.710808,1.102254,0.724268,1,0
20.576065,0.200000,0.040000,0.196509,0.000000,0.003491,0.040000,1.929336,2.001548,3.713162,1.104338,0.724190,1,0
20.592066,0.200000,0.040000,0.196151,0.047937,0.003849,-0.007937,1.950492,1.984303,3.715512,1.106418,0.725469,1,0
20.608067,0.200000,0.040000,0.196545,0.047937,0.003455,-0.007937,1.946689,1.980449,3.717865,1.108505,0.726072,1,0
20.624067,0.200000,0.040000,0.196177,0.047937,0.003823,-0.007937,1.950587,1.984296,3.720211,1.110590,0.726671,1,0
20.640068,0.200000,0.040000,0.196550,0.000000,0.003450,0.040000,1.929389,2.001704,3.722561,1.112680,0.727269,1,0
20.656069,0.200000,0.040000,0.196162,0.095874,0.003838,-0.055874,1.967939,1.963197,3.724905,1.114767,0.728552,1,0
20.672070,0.200000,0.040000,0.196523,0.000000,0.003477,0.040000,1.929484,2.001697,3.727251,1.116861,0.728474,1,0
20.688070,0.200000,0.040000,0.196166,0.095874,0.003834,-0.055874,1.968034,1.963191,3.729592,1.118951,0.729752,1,0
20.704071,0.200000,0.040000,0.196527,-0.047937,0.003473,0.087937,1.912183,2.022951,3.731935,1.121048,0.729670,1,0
20.720072,0.200000,0.040000,0.196151,0.143811,0.003849,-0.103811,1.985386,1.942092,3.734274,1.123141,0.731632,1,0
20.736073,0.200000,0.040000,0.196133,-0.047937,0.003867,0.087937,1.912278,2.022945,3.736609,1.125238,0.730871,1,0
20.752073,0.200000,0.040000,0.196148,0.095874,0.003852,-0.055874,1.968086,1.963346,3.738945,1.127333,0.732829,1,0
20.768074,0.200000,0.040000,0.196539,0.000000,0.003461,0.040000,1.929631,2.001846,3.741282,1.129438,0.732752,1,0
20.784075,0.200000,0.040000,0.196182,0.095874,0.003818,-0.055874,1.968181,1.963340,3.743614,1.131538,0.734032,1,0
20.800076,0.200000,0.040000,0.196543,0.000000,0.003457,0.040000,1.929726,2.001840,3.745949,1.133645,0.733950,1,0
20.816076,0.200000,0.040000,0.196186,0.000000,0.003814,0.040000,1.929620,2.001990,3.748279,1.135748,0.735226,1,0
20.832077,0.200000,0.040000,0.196179,0.095874,0.003821,-0.055874,1.968170,1.963484,3.750607,1.137854,0.736513,1,0
20.848078,0.200000,0.040000,0.196550,0.000000,0.003450,0.040000,1.929715,2.001983,3.752936,1.139967,0.736438,1,0
20.864079,0.200000,0.040000,0.196192,0.095874,0.003808,-0.055874,1.968266,1.963477,3.755261,1.142076,0.737718,1,0
20.880079,0.200000,0.040000,0.196553,0.000000,0.003447,0.040000,1.929810,2.001977,3.757587,1.144192,0.737638,1,0
20.896080,0.200000,0.040000,0.196196,0.047937,0.003804,-0.007937,1.950965,1.984732,3.759910,1.146304,0.738914,1,0
20.912081,0.200000,0.040000,0.196590,0.047937,0.003410,-0.007937,1.947163,1.980878,3.762235,1.148423,0.739515,1,0
20.928082,0.200000,0.040000,0.196222,0.047937,0.003778,-0.007937,1.951060,1.984725,3.764554,1.150539,0.740114,1,0
20.944082,0.200000,0.040000,0.196595,0.000000,0.003405,0.040000,1.929862,2.002132,3.766876,1.152661,0.740710,1,0
20.960083,0.200000,0.040000,0.196207,0.095874,0.003793,-0.055874,1.968413,1.963626,3.769192,1.154780,0.741993,1,0
20.976084,0.200000,0.040000,0.196568,0.000000,0.003432,0.040000,1.929957,2.002126,3.771510,1.156906,0.741913,1,0
20.992085,0.200000,0.040000,0.196211,0.047937,0.003789,-0.007937,1.947247,1.981015,3.773823,1.159028,0.743191,1,0
21.008085,0.200000,0.040000,0.196225,0.047937,0.003775,-0.007937,1.951145,1.984862,3.776135,1.161153,0.743793,1,0
21.024086,0.200000,0.040000,0.196606,0.000000,0.003394,0.040000,1.929946,2.002270,3.778449,1.163283,0.744392,1,0
21.040087,0.200000,0.040000,0.196218,0.095874,0.003782,-0.055874,1.968497,1.963763,3.780758,1.165411,0.745676,1,0
21.056087,0.200000,0.040000,0.196580,0.000000,0.003420,0.040000,1.930042,2.002263,3.783068,1.167546,0.745598,1,0
21.072088,0.200000,0.040000,0.196222,0.095874,0.003778,-0.055874,1.968592,1.963757,3.785374,1.169676,0.746877,1,0
21.088089,0.200000,0.040000,0.196584,-0.047937,0.003416,0.087937,1.912741,2.023517,3.787681,1.171814,0.746795,1,0
21.104090,0.200000,0.040000,0.196207,0.143811,0.003793,-0.103811,1.985944,1.942658,3.789985,1.173947,0.748757,1,0
21.120090,0.200000,0.040000,0.196189,-0.047937,0.003811,0.087937,1.912836,2.023511,3.792283,1.176084,0.747997,1,0
21.136091,0.200000,0.040000,0.196204,0.095874,0.003796,-0.055874,1.968644,1.963912,3.794584,1.178220,0.749955,1,0
21.152092,0.200000,0.040000,0.196596,0.000000,0.003404,0.040000,1.930189,2.002412,3.796885,1.180365,0.749878,1,0
21.168093,0.200000,0.040000,0.196238,0.095874,0.003762,-0.055874,1.968739,1.963906,3.799182,1.182505,0.751157,1,0
21.184093,0.200000,0.040000,0.196599,-0.047937,0.003401,0.087937,1.909023,2.019801,3.801481,1.184652,0.751076,1,0
21.200094,0.200000,0.040000,0.195842,0.143811,0.004158,-0.103811,1.989926,1.946642,3.803771,1.186791,0.753039,1,0
21.216095,0.200000,0.040000,0.196572,-0.095874,0.003428,0.135874,1.891722,2.041055,3.806065,1.188943,0.752279,1,0
21.232096,0.200000,0.040000,0.195827,0.191748,0.004173,-0.151748,2.007279,1.925543,3.808352,1.191084,0.754924,1,0
21.248096,0.200000,0.040000,0.196179,-0.095874,0.003821,0.135874,1.891817,2.041049,3.810637,1.193236,0.753484,1,0
21.264097,0.200000,0.040000,0.195825,0.191748,0.004175,-0.151748,2.007374,1.925537,3.812922,1.195380,0.756124,1,0
21.280098,0.200000,0.040000,0.196184,-0.095874,0.003816,0.135874,1.891913,2.041042,3.815205,1.197534,0.754681,1,0
21.296099,0.200000,0.040000,0.195830,0.095874,0.004170,-0.055874,1.968813,1.964187,3.817487,1.199681,0.757318,1,0
21.312099,0.200000,0.040000,0.196612,0.000000,0.003388,0.040000,1.930357,2.002686,3.819773,1.201843,0.757246,1,0
21.328100,0.200000,0.040000,0.196261,0.095874,0.003739,-0.055874,1.968908,1.964180,3.822054,1.204001,0.758529,1,0
21.344101,0.200000,0.040000,0.196622,0.000000,0.003378,0.040000,1.930452,2.002680,3.824337,1.206165,0.758450,1,0
21.360102,0.200000,0.040000,0.196264,0.095874,0.003736,-0.055874,1.969003,1.964174,3.826616,1.208326,0.759728,1,0
21.376102,0.200000,0.040000,0.196624,-0.047937,0.003376,0.087937,1.913152,2.023934,3.828896,1.210493,0.759646,1,0
21.392103,0.200000,0.040000,0.196247,0.143811,0.003753,-0.103811,1.986355,1.943075,3.831173,1.212656,0.761608,1,0
21.408104,0.200000,0.040000,0.196230,-0.047937,0.003770,0.087937,1.913247,2.023928,3.833444,1.214823,0.760848,1,0
21.424105,0.200000,0.040000,0.196244,0.095874,0.003756,-0.055874,1.969055,1.964329,3.835718,1.216989,0.762806,1,0
21.440105,0.200000,0.040000,0.196636,0.000000,0.003364,0.040000,1.930599,2.002829,3.837992,1.219163,0.762729,1,0
21.456106,0.200000,0.040000,0.196278,0.095874,0.003722,-0.055874,1.969150,1.964323,3.840261,1.221333,0.764008,1,0
21.472107,0.200000,0.040000,0.196640,0.000000,0.003360,0.040000,1.930694,2.002822,3.842533,1.223511,0.763927,1,0
21.488108,0.200000,0.040000,0.196283,0.047937,0.003717,-0.007937,1.947984,1.981712,3.844800,1.225684,0.765203,1,0
21.504108,0.200000,0.040000,0.196297,0.047937,0.003703,-0.007937,1.951882,1.985559,3.847065,1.227860,0.765803,1,0
21.520109,0.200000,0.040000,0.196677,0.000000,0.003323,0.040000,1.930684,2.002966,3.849332,1.230042,0.766401,1,0
21.536110,0.200000,0.040000,0.196289,0.095874,0.003711,-0.055874,1.969234,1.964460,3.851594,1.232220,0.767685,1,0
21.552111,0.200000,0.040000,0.196651,0.000000,0.003349,0.040000,1.930779,2.002959,3.853858,1.234406,0.767606,1,0
21.568111,0.200000,0.040000,0.196294,0.095874,0.003706,-0.055874,1.969329,1.964453,3.856117,1.236588,0.768884,1,0
21.584112,0.200000,0.040000,0.196655,-0.047937,0.003345,0.087937,1.913478,2.024214,3.858378,1.238776,0.768802,1,0
21.600113,0.200000,0.040000,0.196278,0.143811,0.003722,-0.103811,1.986682,1.943354,3.860635,1.240960,0.770764,1,0
21.616114,0.200000,0.040000,0.196261,-0.095874,0.003739,0.135874,1.892313,2.041603,3.862887,1.243148,0.770002,1,0
21.632114,0.200000,0.040000,0.195876,0.191748,0.004124,-0.151748,2.007869,1.926091,3.865136,1.245330,0.772647,1,0
21.648115,0.200000,0.040000,0.196235,-0.095874,0.003765,0.135874,1.892408,2.041596,3.867384,1.247523,0.771207,1,0
21.664116,0.200000,0.040000,0.195882,0.143811,0.004118,-0.103811,1.990569,1.947345,3.869631,1.249708,0.773846,1,0
21.680117,0.200000,0.040000,0.196643,-0.047937,0.003357,0.087937,1.909760,2.020498,3.871880,1.251907,0.773089,1,0
21.696117,0.200000,0.040000,0.195916,0.095874,0.004084,-0.055874,1.969403,1.964734,3.874123,1.254097,0.775049,1,0
21.712118,0.200000,0.040000,0.196668,0.000000,0.003332,0.040000,1.930947,2.003234,3.876371,1.256300,0.774974,1,0
21.728119,0.200000,0.040000,0.196317,0.095874,0.003683,-0.055874,1.969498,1.964727,3.878614,1.258498,0.776255,1,0
21.744120,0.200000,0.040000,0.196678,0.000000,0.003322,0.040000,1.931042,2.003227,3.880859,1.260703,0.776174,1,0
21.760120,0.200000,0.040000,0.196321,0.047937,0.003679,-0.007937,1.952197,1.985982,3.883100,1.262904,0.777451,1,0
21.776121,0.200000,0.040000,0.196714,0.047937,0.003286,-0.007937,1.948395,1.982128,3.885343,1.265113,0.778053,1,0
21.792122,0.200000,0.040000,0.196346,0.047937,0.003654,-0.007937,1.952293,1.985975,3.887580,1.267318,0.778651,1,0
21.808123,0.200000,0.040000,0.196718,0.000000,0.003282,0.040000,1.931094,2.003383,3.889820,1.269529,0.779248,1,0
21.824123,0.200000,0.040000,0.196330,0.095874,0.003670,-0.055874,1.969645,1.964877,3.892054,1.271737,0.780531,1,0
21.840124,0.200000,0.040000,0.196692,0.000000,0.003308,0.040000,1.931190,2.003376,3.894290,1.273953,0.780451,1,0
21.856125,0.200000,0.040000,0.196335,0.047937,0.003665,-0.007937,1.948479,1.982265,3.896521,1.276163,0.781729,1,0
21.872126,0.200000,0.040000,0.196349,0.047937,0.003651,-0.007937,1.952377,1.986112,3.898750,1.278377,0.782331,1,0
21.888126,0.200000,0.040000,0.196729,0.000000,0.003271,0.040000,1.931179,2.003520,3.900982,1.280597,0.782930,1,0
21.904127,0.200000,0.040000,0.196342,0.095874,0.003658,-0.055874,1.969729,1.965014,3.903209,1.282813,0.784215,1,0
21.920128,0.200000,0.040000,0.196704,0.000000,0.003296,0.040000,1.931274,2.003513,3.905436,1.285037,0.784137,1,0
21.936129,0.200000,0.040000,0.196346,0.095874,0.003654,-0.055874,1.969824,1.965007,3.907660,1.287256,0.785416,1,0
21.952129,0.200000,0.040000,0.196708,0.000000,0.003292,0.040000,1.931369,2.003507,3.909885,1.289482,0.785335,1,0
21.968130,0.200000,0.040000,0.196351,0.047937,0.003649,-0.007937,1.948658,1.982396,3.912106,1.291704,0.786610,1,0
21.984131,0.200000,0.040000,0.196365,0.047937,0.003635,-0.007937,1.952556,1.986243,3.914324,1.293928,0.787211,1,0
22.000132,0.200000,0.040000,0.196746,0.000000,0.003254,0.040000,1.931358,2.003650,3.916545,1.296159,0.787809,1,0
22.016132,0.200000,0.040000,0.196358,0.095874,0.003642,-0.055874,1.969909,1.965144,3.918761,1.298386,0.789092,1,0
22.032133,0.200000,0.040000,0.196719,0.000000,0.003281,0.040000,1.931453,2.003644,3.920978,1.300621,0.789014,1,0
22.048134,0.200000,0.040000,0.196362,0.095874,0.003638,-0.055874,1.970004,1.965138,3.923191,1.302851,0.790292,1,0
22.064135,0.200000,0.040000,0.196723,-0.047937,0.003277,0.087937,1.910287,2.021033,3.925405,1.305088,0.790210,1,0
22.080135,0.200000,0.040000,0.195967,0.143811,0.004033,-0.103811,1.991191,1.947874,3.927611,1.307316,0.792172,1,0
22.096136,0.200000,0.040000,0.196697,-0.095874,0.003303,0.135874,1.892987,2.042287,3.929820,1.309557,0.791411,1,0
22.112137,0.200000,0.040000,0.195952,0.191748,0.004048,-0.151748,2.008543,1.926775,3.932024,1.311788,0.794056,1,0
22.128138,0.200000,0.040000,0.196304,-0.095874,0.003696,0.135874,1.893082,2.042281,3.934224,1.314029,0.792616,1,0
22.144138,0.200000,0.040000,0.195950,0.095874,0.004050,-0.055874,1.969982,1.965425,3.936425,1.316262,0.795255,1,0
22.160139,0.200000,0.040000,0.196733,0.000000,0.003267,0.040000,1.931527,2.003925,3.938628,1.318510,0.795185,1,0
22.176140,0.200000,0.040000,0.196381,0.095874,0.003619,-0.055874,1.970077,1.965418,3.940827,1.320754,0.796470,1,0
22.192141,0.200000,0.040000,0.196743,0.000000,0.003257,0.040000,1.931622,2.003918,3.943028,1.323006,0.796393,1,0
22.208141,0.200000,0.040000,0.196384,0.095874,0.003616,-0.055874,1.970172,1.965412,3.945224,1.325252,0.797672,1,0
22.224142,0.200000,0.040000,0.196746,0.000000,0.003254,0.040000,1.931717,2.003911,3.947422,1.327506,0.797591,1,0
22.240143,0.200000,0.040000,0.196388,0.095874,0.003612,-0.055874,1.970267,1.965405,3.949616,1.329755,0.798867,1,0
22.256144,0.200000,0.040000,0.196749,-0.047937,0.003251,0.087937,1.914416,2.025166,3.951812,1.332011,0.798783,1,0
22.272144,0.200000,0.040000,0.196372,0.143811,0.003628,-0.103811,1.987620,1.944307,3.954003,1.334263,0.800745,1,0
22.288145,0.200000,0.040000,0.196355,-0.095874,0.003645,0.135874,1.893250,2.042555,3.956189,1.336519,0.799983,1,0
22.304146,0.200000,0.040000,0.195970,0.191748,0.004030,-0.151748,2.008807,1.927043,3.958373,1.338769,0.802628,1,0
22.320147,0.200000,0.040000,0.196329,-0.095874,0.003671,0.135874,1.893346,2.042548,3.960555,1.341029,0.801188,1,0
22.336147,0.200000,0.040000,0.195976,0.143811,0.004024,-0.103811,1.991507,1.948297,3.962737,1.343281,0.803827,1,0
22.352148,0.200000,0.040000,0.196737,-0.047937,0.003263,0.087937,1.910698,2.021450,3.964921,1.345548,0.803070,1,0
22.368149,0.200000,0.040000,0.196010,0.095874,0.003990,-0.055874,1.970341,1.965686,3.967098,1.347805,0.805031,1,0
22.384150,0.200000,0.040000,0.196762,0.000000,0.003238,0.040000,1.931885,2.004186,3.969279,1.350075,0.804957,1,0
22.400150,0.200000,0.040000,0.196411,0.095874,0.003589,-0.055874,1.970436,1.965680,3.971457,1.352341,0.806238,1,0
22.416151,0.200000,0.040000,0.196773,0.000000,0.003227,0.040000,1.931980,2.004179,3.973636,1.354614,0.806158,1,0
22.432152,0.200000,0.040000,0.196415,0.095874,0.003585,-0.055874,1.970531,1.965673,3.975811,1.356882,0.807435,1,0
22.448153,0.200000,0.040000,0.196776,-0.047937,0.003224,0.087937,1.914680,2.025434,3.977987,1.359157,0.807352,1,0
22.464153,0.200000,0.040000,0.196399,0.143811,0.003601,-0.103811,1.987883,1.944574,3.980159,1.361428,0.809314,1,0
22.480154,0.200000,0.040000,0.196381,-0.095874,0.003619,0.135874,1.893514,2.042823,3.982327,1.363703,0.808553,1,0
22.496155,0.200000,0.040000,0.195996,0.191748,0.004004,-0.151748,2.009070,1.927310,3.984492,1.365971,0.811197,1,0
22.512156,0.200000,0.040000,0.196356,-0.095874,0.003644,0.135874,1.893609,2.042816,3.986654,1.368250,0.809757,1,0
22.528156,0.200000,0.040000,0.196002,0.143811,0.003998,-0.103811,1.991770,1.948565,3.988817,1.370522,0.812397,1,0
22.544157,0.200000,0.040000,0.196763,-0.047937,0.003237,0.087937,1.910962,2.021717,3.990981,1.372808,0.811640,1,0
22.560158,0.200000,0.040000,0.196037,0.095874,0.003963,-0.055874,1.970604,1.965954,3.993140,1.375083,0.813601,1,0
22.576159,0.200000,0.040000,0.196789,0.000000,0.003211,0.040000,1.932149,2.004453,3.995302,1.377372,0.813526,1,0
22.592159,0.200000,0.040000,0.196438,0.095874,0.003562,-0.055874,1.970699,1.965947,3.997460,1.379657,0.814807,1,0
22.608160,0.200000,0.040000,0.196799,0.000000,0.003201,0.040000,1.932244,2.004447,3.999620,1.381949,0.814727,1,0
22.624161,0.200000,0.040000,0.196441,0.095874,0.003559,-0.055874,1.970794,1.965941,4.001776,1.384236,0.816005,1,0
22.640162,0.200000,0.040000,0.196802,0.000000,0.003198,0.040000,1.932339,2.004440,4.003932,1.386530,0.815921,1,0
22.656162,0.200000,0.040000,0.196446,0.000000,0.003554,0.040000,1.932233,2.004591,4.006085,1.388820,0.817196,1,0
22.672163,0.200000,0.040000,0.196439,0.095874,0.003561,-0.055874,1.970784,1.966084,4.008236,1.391112,0.818483,1,0
22.688164,0.200000,0.040000,0.196810,0.000000,0.003190,0.040000,1.932328,2.004584,4.010387,1.393412,0.818407,1,0
22.704165,0.200000,0.040000,0.196452,0.095874,0.003548,-0.055874,1.970879,1.966078,4.012534,1.395707,0.819687,1,0
22.720165,0.200000,0.040000,0.196814,0.000000,0.003186,0.040000,1.932423,2.004577,4.014683,1.398010,0.819606,1,0
22.736166,0.200000,0.040000,0.196457,0.047937,0.003543,-0.007937,1.949713,1.983467,4.016827,1.400307,0.820882,1,0
22.752167,0.200000,0.040000,0.196471,0.047937,0.003529,-0.007937,1.953611,1.987314,4.018969,1.402608,0.821483,1,0
22.768167,0.200000,0.040000,0.196851,0.000000,0.003149,0.040000,1.932413,2.004721,4.021114,1.404915,0.822082,1,0
22.784168,0.200000,0.040000,0.196464,0.095874,0.003536,-0.055874,1.970963,1.966215,4.023253,1.407218,0.823365,1,0
22.800169,0.200000,0.040000,0.196825,0.000000,0.003175,0.040000,1.932508,2.004714,4.025393,1.409529,0.823287,1,0
22.816170,0.200000,0.040000,0.196468,0.047937,0.003532,-0.007937,1.949797,1.983604,4.027530,1.411834,0.824565,1,0
22.832170,0.200000,0.040000,0.196482,0.047937,0.003518,-0.007937,1.953695,1.987451,4.029663,1.414143,0.825168,1,0
22.848171,0.200000,0.040000,0.196862,0.000000,0.003138,0.040000,1.932497,2.004858,4.031800,1.416458,0.825767,1,0
22.864172,0.200000,0.040000,0.196475,0.095874,0.003525,-0.055874,1.971047,1.966352,4.033930,1.418769,0.827052,1,0
22.880173,0.200000,0.040000,0.196837,0.000000,0.003163,0.040000,1.932592,2.004852,4.036062,1.421088,0.826975,1,0
22.896173,0.200000,0.040000,0.196479,0.095874,0.003521,-0.055874,1.971142,1.966345,4.038190,1.423401,0.828254,1,0
22.912174,0.200000,0.040000,0.196841,0.000000,0.003159,0.040000,1.932687,2.004845,4.040319,1.425722,0.828173,1,0
22.928175,0.200000,0.040000,0.196484,0.047937,0.003516,-0.007937,1.949976,1.983734,4.042444,1.428039,0.829449,1,0
22.944176,0.200000,0.040000,0.196498,0.047937,0.003502,-0.007937,1.953874,1.987581,4.044567,1.430358,0.830049,1,0
22.960176,0.200000,0.040000,0.196878,0.000000,0.003122,0.040000,1.932676,2.004989,4.046692,1.432683,0.830648,1,0
22.976177,0.200000,0.040000,0.196491,0.095874,0.003509,-0.055874,1.971227,1.966483,4.048812,1.435005,0.831931,1,0
22.992178,0.200000,0.040000,0.196852,0.000000,0.003148,0.040000,1.932771,2.004982,4.050932,1.437334,0.831853,1,0
23.008179,0.200000,0.040000,0.196495,0.047937,0.003505,-0.007937,1.950061,1.983871,4.053049,1.439659,0.833132,1,0
23.024179,0.200000,0.040000,0.196509,0.047937,0.003491,-0.007937,1.953959,1.987718,4.055163,1.441986,0.833734,1,0
23.040180,0.200000,0.040000,0.196889,0.047937,0.003111,-0.007937,1.950156,1.983865,4.057280,1.444319,0.834334,1,0
23.056181,0.200000,0.040000,0.196522,0.000000,0.003478,0.040000,1.932793,2.005107,4.059391,1.446649,0.834932,1,0
23.072182,0.200000,0.040000,0.196494,0.095874,0.003506,-0.055874,1.971343,1.966601,4.061501,1.448980,0.836215,1,0
23.088182,0.200000,0.040000,0.196864,0.000000,0.003136,0.040000,1.932888,2.005101,4.063611,1.451318,0.836137,1,0
23.104183,0.200000,0.040000,0.196507,0.047937,0.003493,-0.007937,1.954043,1.987855,4.065718,1.453652,0.837415,1,0
23.120184,0.200000,0.040000,0.196900,0.047937,0.003100,-0.007937,1.950240,1.984002,4.067827,1.455993,0.838018,1,0
23.136185,0.200000,0.040000,0.196533,0.000000,0.003467,0.040000,1.932877,2.005244,4.069929,1.458331,0.838618,1,0
23.152185,0.200000,0.040000,0.196505,0.095874,0.003495,-0.055874,1.971427,1.966738,4.072031,1.460670,0.839902,1,0
23.168186,0.200000,0.040000,0.196875,0.000000,0.003125,0.040000,1.932972,2.005238,4.074133,1.463016,0.839825,1,0
23.184187,0.200000,0.040000,0.196517,0.095874,0.003483,-0.055874,1.971522,1.966732,4.076231,1.465357,0.841105,1,0
23.200188,0.200000,0.040000,0.196879,0.000000,0.003121,0.040000,1.933067,2.005231,4.078331,1.467706,0.841023,1,0
23.216188,0.200000,0.040000,0.196522,0.047937,0.003478,-0.007937,1.950356,1.984120,4.080426,1.470050,0.842300,1,0
23.232189,0.200000,0.040000,0.196536,0.047937,0.003464,-0.007937,1.954254,1.987967,4.082519,1.472397,0.842901,1,0
23.248190,0.200000,0.040000,0.196917,0.000000,0.003083,0.040000,1.933056,2.005375,4.084615,1.474749,0.843499,1,0
23.264191,0.200000,0.040000,0.196529,0.095874,0.003471,-0.055874,1.971607,1.966869,4.086705,1.477099,0.844783,1,0
23.280191,0.200000,0.040000,0.196891,0.000000,0.003109,0.040000,1.933151,2.005368,4.088796,1.479455,0.844705,1,0
23.296192,0.200000,0.040000,0.196533,0.047937,0.003467,-0.007937,1.950441,1.984257,4.090883,1.481807,0.845984,1,0
23.312193,0.200000,0.040000,0.196547,0.047937,0.003453,-0.007937,1.954339,1.988104,4.092967,1.484162,0.846586,1,0
23.328194,0.200000,0.040000,0.196927,0.047937,0.003073,-0.007937,1.950536,1.984251,4.095054,1.486522,0.847186,1,0
23.344194,0.200000,0.040000,0.196560,0.000000,0.003440,0.040000,1.933173,2.005493,4.097136,1.488880,0.847784,1,0
23.360195,0.200000,0.040000,0.196532,0.095874,0.003468,-0.055874,1.971723,1.966987,4.099216,1.491238,0.849068,1,0
23.376196,0.200000,0.040000,0.196902,0.000000,0.003098,0.040000,1.933268,2.005487,4.101297,1.493604,0.848989,1,0
23.392197,0.200000,0.040000,0.196545,0.047937,0.003455,-0.007937,1.954423,1.988242,4.103374,1.495965,0.850268,1,0
23.408197,0.200000,0.040000,0.196938,0.047937,0.003062,-0.007937,1.950620,1.984388,4.105452,1.498333,0.850870,1,0
23.424198,0.200000,0.040000,0.196571,0.000000,0.003429,0.040000,1.933257,2.005630,4.107525,1.500698,0.851470,1,0
23.440199,0.200000,0.040000,0.196543,0.095874,0.003457,-0.055874,1.971807,1.967124,4.109597,1.503064,0.852755,1,0
23.456200,0.200000,0.040000,0.196914,0.000000,0.003086,0.040000,1.933352,2.005624,4.111669,1.505438,0.852678,1,0
23.472200,0.200000,0.040000,0.196556,0.095874,0.003444,-0.055874,1.971902,1.967118,4.113738,1.507806,0.853958,1,0
23.488201,0.200000,0.040000,0.196918,0.000000,0.003082,0.040000,1.933447,2.005617,4.115807,1.510182,0.853877,1,0
23.504202,0.200000,0.040000,0.196561,0.000000,0.003439,0.040000,1.933341,2.005768,4.117873,1.512553,0.855153,1,0
23.520203,0.200000,0.040000,0.196554,0.095874,0.003446,-0.055874,1.971892,1.967261,4.119936,1.514927,0.856441,1,0
23.536203,0.200000,0.040000,0.196925,0.000000,0.003075,0.040000,1.933436,2.005761,4.121999,1.517308,0.856366,1,0
23.552204,0.200000,0.040000,0.196567,0.095874,0.003433,-0.055874,1.971987,1.967255,4.124059,1.519685,0.857647,1,0
23.568205,0.200000,0.040000,0.196929,0.000000,0.003071,0.040000,1.933531,2.005754,4.126120,1.522068,0.857568,1,0
23.584206,0.200000,0.040000,0.196571,0.047937,0.003429,-0.007937,1.950821,1.984644,4.128177,1.524447,0.858845,1,0
23.600206,0.200000,0.040000,0.196585,0.047937,0.003415,-0.007937,1.954719,1.988491,4.130231,1.526829,0.859447,1,0
23.616207,0.200000,0.040000,0.196966,0.047937,0.003034,-0.007937,1.950916,1.984637,4.132288,1.529217,0.860047,1,0
23.632208,0.200000,0.040000,0.196598,0.000000,0.003402,0.040000,1.933553,2.005879,4.134340,1.531601,0.860644,1,0
23.648209,0.200000,0.040000,0.196571,0.095874,0.003429,-0.055874,1.972103,1.967373,4.136390,1.533987,0.861928,1,0
23.664209,0.200000,0.040000,0.196941,0.000000,0.003059,0.040000,1.933648,2.005873,4.138440,1.536379,0.861849,1,0
23.680210,0.200000,0.040000,0.196583,0.047937,0.003417,-0.007937,1.954803,1.988628,4.140487,1.538767,0.863128,1,0
23.696211,0.200000,0.040000,0.196976,0.047937,0.003024,-0.007937,1.951000,1.984774,4.142536,1.541163,0.863731,1,0
23.712212,0.200000,0.040000,0.196609,0.000000,0.003391,0.040000,1.933637,2.006016,4.144578,1.543555,0.864331,1,0
23.728212,0.200000,0.040000,0.196581,0.095874,0.003419,-0.055874,1.972188,1.967510,4.146620,1.545948,0.865616,1,0
23.744213,0.200000,0.040000,0.196952,0.000000,0.003048,0.040000,1.933732,2.006010,4.148661,1.548348,0.865539,1,0
23.760214,0.200000,0.040000,0.196594,0.095874,0.003406,-0.055874,1.972283,1.967504,4.150700,1.550744,0.866819,1,0
23.776215,0.200000,0.040000,0.196956,0.000000,0.003044,0.040000,1.933827,2.006003,4.152739,1.553146,0.866738,1,0
23.792215,0.200000,0.040000,0.196599,0.047937,0.003401,-0.007937,1.951117,1.984893,4.154775,1.555544,0.868015,1,0
23.808216,0.200000,0.040000,0.196613,0.047937,0.003387,-0.007937,1.955014,1.988740,4.156807,1.557945,0.868616,1,0
23.824217,0.200000,0.040000,0.196993,0.000000,0.003007,0.040000,1.933816,2.006147,4.158842,1.560352,0.869214,1,0
23.840218,0.200000,0.040000,0.196605,0.095874,0.003395,-0.055874,1.972367,1.967641,4.160872,1.562755,0.870499,1,0
23.856218,0.200000,0.040000,0.196967,0.000000,0.003033,0.040000,1.933911,2.006140,4.162902,1.565166,0.870421,1,0
23.872219,0.200000,0.040000,0.196610,0.047937,0.003390,-0.007937,1.951201,1.985030,4.164929,1.567571,0.871700,1,0
23.888220,0.200000,0.040000,0.196623,0.047937,0.003377,-0.007937,1.955099,1.988877,4.166953,1.569980,0.872303,1,0
23.904221,0.200000,0.040000,0.197004,0.047937,0.002996,-0.007937,1.951296,1.985023,4.168979,1.572394,0.872903,1,0
23.920221,0.200000,0.040000,0.196636,0.000000,0.003364,0.040000,1.933933,2.006266,4.171001,1.574806,0.873501,1,0
23.936222,0.200000,0.040000,0.196609,0.095874,0.003391,-0.055874,1.972483,1.967759,4.173020,1.577217,0.874785,1,0
23.952223,0.200000,0.040000,0.196979,0.000000,0.003021,0.040000,1.934028,2.006259,4.175040,1.579637,0.874707,1,0
23.968224,0.200000,0.040000,0.196621,0.095874,0.003379,-0.055874,1.972578,1.967753,4.177057,1.582051,0.875985,1,0
23.984224,0.200000,0.040000,0.196983,0.000000,0.003017,0.040000,1.934123,2.006253,4.179074,1.584473,0.875903,1,0
24.000225,0.200000,0.040000,0.196626,0.000000,0.003374,0.040000,1.934017,2.006403,4.181088,1.586890,0.877179,1,0
24.016226,0.200000,0.040000,0.196620,0.095874,0.003380,-0.055874,1.972568,1.967896,4.183099,1.589309,0.878467,1,0
24.032227,0.200000,0.040000,0.196991,0.000000,0.003009,0.040000,1.934112,2.006396,4.185110,1.591736,0.878391,1,0
24.048227,0.200000,0.040000,0.196632,0.095874,0.003368,-0.055874,1.972663,1.967890,4.187118,1.594158,0.879672,1,0
24.064228,0.200000,0.040000,0.196994,-0.047937,0.003006,0.087937,1.912946,2.023785,4.189126,1.596587,0.879592,1,0
24.080229,0.200000,0.040000,0.196237,0.143811,0.003763,-0.103811,1.993850,1.950626,4.191127,1.599007,0.881556,1,0
24.096230,0.200000,0.040000,0.196968,-0.047937,0.003032,0.087937,1.913041,2.023778,4.193130,1.601440,0.880797,1,0
24.112230,0.200000,0.040000,0.196243,0.095874,0.003757,-0.055874,1.972684,1.968015,4.195129,1.603862,0.882756,1,0
24.128231,0.200000,0.040000,0.196995,0.000000,0.003005,0.040000,1.934229,2.006515,4.197129,1.606297,0.882680,1,0
24.144232,0.200000,0.040000,0.196645,0.095874,0.003355,-0.055874,1.972779,1.968008,4.199127,1.608728,0.883960,1,0
24.160233,0.200000,0.040000,0.197006,0.000000,0.002994,0.040000,1.934324,2.006508,4.201125,1.611166,0.883880,1,0
24.176233,0.200000,0.040000,0.196649,0.047937,0.003351,-0.007937,1.951613,1.985397,4.203120,1.613599,0.885157,1,0
24.192234,0.200000,0.040000,0.196663,0.047937,0.003337,-0.007937,1.955511,1.989244,4.205111,1.616035,0.885758,1,0
24.208235,0.200000,0.040000,0.197043,0.000000,0.002957,0.040000,1.934313,2.006652,4.207106,1.618477,0.886357,1,0
24.224236,0.200000,0.040000,0.196655,0.095874,0.003345,-0.055874,1.972863,1.968145,4.209094,1.620915,0.887641,1,0
24.240236,0.200000,0.040000,0.197017,0.000000,0.002983,0.040000,1.934408,2.006645,4.211083,1.623361,0.887563,1,0
24.256237,0.200000,0.040000,0.196659,0.047937,0.003341,-0.007937,1.951697,1.985534,4.213069,1.625802,0.888842,1,0
24.272238,0.200000,0.040000,0.196673,0.047937,0.003327,-0.007937,1.955595,1.989381,4.215052,1.628245,0.889445,1,0
24.288239,0.200000,0.040000,0.197054,0.047937,0.002946,-0.007937,1.951792,1.985528,4.217037,1.630694,0.890046,1,0
24.304239,0.200000,0.040000,0.196686,0.000000,0.003314,0.040000,1.934429,2.006770,4.219017,1.633140,0.890644,1,0
24.320240,0.200000,0.040000,0.196659,0.095874,0.003341,-0.055874,1.972980,1.968264,4.220996,1.635587,0.891927,1,0
24.336241,0.200000,0.040000,0.197029,0.000000,0.002971,0.040000,1.934524,2.006764,4.222974,1.638041,0.891849,1,0
24.352242,0.200000,0.040000,0.196671,0.095874,0.003329,-0.055874,1.973075,1.968257,4.224950,1.640491,0.893128,1,0
24.368242,0.200000,0.040000,0.197033,-0.047937,0.002967,0.087937,1.913358,2.024153,4.226926,1.642947,0.893046,1,0
24.384243,0.200000,0.040000,0.196276,0.143811,0.003724,-0.103811,1.994262,1.950994,4.228894,1.645394,0.895009,1,0
24.400244,0.200000,0.040000,0.197007,-0.047937,0.002993,0.087937,1.913453,2.024146,4.230865,1.647854,0.894249,1,0
24.416245,0.200000,0.040000,0.196282,0.095874,0.003718,-0.055874,1.973096,1.968382,4.232831,1.650303,0.896208,1,0
24.432245,0.200000,0.040000,0.197034,0.000000,0.002966,0.040000,1.934641,2.006882,4.234799,1.652766,0.896131,1,0
24.448246,0.200000,0.040000,0.196684,0.095874,0.003316,-0.055874,1.973191,1.968376,4.236765,1.655224,0.897411,1,0
24.464247,0.200000,0.040000,0.197045,0.000000,0.002955,0.040000,1.934736,2.006876,4.238730,1.657689,0.897330,1,0
24.480247,0.200000,0.040000,0.196688,0.000000,0.003312,0.040000,1.934630,2.007026,4.240692,1.660149,0.898606,1,0
24.496248,0.200000,0.040000,0.196682,0.095874,0.003318,-0.055874,1.973181,1.968519,4.242651,1.662612,0.899894,1,0
24.512249,0.200000,0.040000,0.197052,0.000000,0.002948,0.040000,1.934725,2.007019,4.244611,1.665082,0.899819,1,0
24.528250,0.200000,0.040000,0.196694,0.095874,0.003306,-0.055874,1.973276,1.968513,4.246567,1.667547,0.901100,1,0
24.544250,0.200000,0.040000,0.197056,0.000000,0.002944,0.040000,1.934820,2.007013,4.248523,1.670020,0.901020,1,0
24.560251,0.200000,0.040000,0.196699,0.047937,0.003301,-0.007937,1.952110,1.985902,4.250476,1.672487,0.902297,1,0
24.576252,0.200000,0.040000,0.196712,0.047937,0.003288,-0.007937,1.956007,1.989749,4.252427,1.674958,0.902898,1,0
24.592253,0.200000,0.040000,0.197093,0.047937,0.002907,-0.007937,1.952205,1.985895,4.254379,1.677434,0.903497,1,0
24.608253,0.200000,0.040000,0.196726,0.000000,0.003274,0.040000,1.934842,2.007138,4.256326,1.679907,0.904094,1,0
24.624254,0.200000,0.040000,0.196698,0.095874,0.003302,-0.055874,1.973392,1.968632,4.258272,1.682381,0.905377,1,0
24.640255,0.200000,0.040000,0.197068,0.000000,0.002932,0.040000,1.934937,2.007131,4.260218,1.684862,0.905298,1,0
24.656256,0.200000,0.040000,0.196710,0.047937,0.003290,-0.007937,1.952226,1.986020,4.262161,1.687338,0.906576,1,0
24.672256,0.200000,0.040000,0.196724,0.047937,0.003276,-0.007937,1.956124,1.989867,4.264100,1.689817,0.907179,1,0
24.688257,0.200000,0.040000,0.197105,0.047937,0.002895,-0.007937,1.952321,1.986014,4.266042,1.692302,0.907778,1,0
24.704258,0.200000,0.040000,0.196737,0.000000,0.003263,0.040000,1.934958,2.007256,4.267979,1.694783,0.908376,1,0
24.720259,0.200000,0.040000,0.196710,0.095874,0.003290,-0.055874,1.973509,1.968750,4.269914,1.697265,0.909659,1,0
24.736259,0.200000,0.040000,0.197080,0.000000,0.002920,0.040000,1.935053,2.007250,4.271850,1.699755,0.909580,1,0
24.752260,0.200000,0.040000,0.196722,0.095874,0.003278,-0.055874,1.973604,1.968743,4.273782,1.702239,0.910858,1,0
24.768261,0.200000,0.040000,0.197084,-0.047937,0.002916,0.087937,1.913887,2.024638,4.275714,1.704731,0.910776,1,0
24.784262,0.200000,0.040000,0.196327,0.143811,0.003673,-0.103811,1.994791,1.951480,4.277640,1.707213,0.912738,1,0
24.800262,0.200000,0.040000,0.197058,-0.095874,0.002942,0.135874,1.896587,2.045893,4.279567,1.709708,0.911977,1,0
24.816263,0.200000,0.040000,0.196312,0.143811,0.003688,-0.103811,1.990882,1.947776,4.281490,1.712192,0.914622,1,0
24.832264,0.200000,0.040000,0.196686,0.000000,0.003314,0.040000,1.935170,2.007368,4.283409,1.714686,0.913869,1,0
24.848265,0.200000,0.040000,0.196728,0.047937,0.003272,-0.007937,1.956325,1.990123,4.285331,1.717179,0.915146,1,0
24.864265,0.200000,0.040000,0.197129,0.047937,0.002871,-0.007937,1.952522,1.986269,4.287253,1.719680,0.915747,1,0
24.880266,0.200000,0.040000,0.196761,0.000000,0.003239,0.040000,1.935159,2.007512,4.289170,1.722177,0.916346,1,0
24.896267,0.200000,0.040000,0.196733,0.095874,0.003267,-0.055874,1.973709,1.969005,4.291086,1.724675,0.917630,1,0
24.912268,0.200000,0.040000,0.197103,0.000000,0.002897,0.040000,1.935254,2.007505,4.293001,1.727180,0.917552,1,0
24.928268,0.200000,0.040000,0.196745,0.047937,0.003255,-0.007937,1.952543,1.986394,4.294914,1.729680,0.918831,1,0
24.944269,0.200000,0.040000,0.196758,0.047937,0.003242,-0.007937,1.956441,1.990241,4.296823,1.732183,0.919434,1,0
24.960270,0.200000,0.040000,0.197139,0.047937,0.002861,-0.007937,1.952639,1.986388,4.298735,1.734692,0.920034,1,0
24.976271,0.200000,0.040000,0.196771,0.000000,0.003229,0.040000,1.935275,2.007630,4.300642,1.737197,0.920633,1,0
24.992271,0.200000,0.040000,0.196744,0.095874,0.003256,-0.055874,1.973826,1.969124,4.302547,1.739703,0.921916,1,0
25.008272,0.200000,0.040000,0.197114,0.000000,0.002886,0.040000,1.935370,2.007624,4.304452,1.742217,0.921838,1,0
25.024273,0.200000,0.040000,0.196756,0.095874,0.003244,-0.055874,1.973921,1.969118,4.306354,1.744725,0.923117,1,0
25.040274,0.200000,0.040000,0.197118,-0.047937,0.002882,0.087937,1.914204,2.025012,4.308256,1.747241,0.923036,1,0
25.056274,0.200000,0.040000,0.196361,0.143811,0.003639,-0.103811,1.995108,1.951854,4.310151,1.749747,0.924999,1,0
25.072275,0.200000,0.040000,0.197092,-0.047937,0.002908,0.087937,1.914299,2.025006,4.312048,1.752266,0.924239,1,0
25.088276,0.200000,0.040000,0.196367,0.095874,0.003633,-0.055874,1.973942,1.969242,4.313940,1.754774,0.926198,1,0
25.104277,0.200000,0.040000,0.197119,0.000000,0.002881,0.040000,1.935487,2.007742,4.315835,1.757296,0.926121,1,0
25.120277,0.200000,0.040000,0.196769,0.095874,0.003231,-0.055874,1.974037,1.969236,4.317726,1.759813,0.927401,1,0
25.136278,0.200000,0.040000,0.197131,0.000000,0.002869,0.040000,1.935582,2.007736,4.319618,1.762337,0.927321,1,0
25.152279,0.200000,0.040000,0.196774,0.047937,0.003226,-0.007937,1.952871,1.986625,4.321506,1.764856,0.928597,1,0
25.168280,0.200000,0.040000,0.196787,0.047937,0.003213,-0.007937,1.956769,1.990472,4.323391,1.767378,0.929198,1,0
25.184280,0.200000,0.040000,0.197168,0.000000,0.002832,0.040000,1.935571,2.007879,4.325279,1.769905,0.929797,1,0
25.200281,0.200000,0.040000,0.196780,0.047937,0.003220,-0.007937,1.952861,1.986768,4.327161,1.772429,0.931081,1,0
25.216282,0.200000,0.040000,0.196793,0.095874,0.003207,-0.055874,1.974154,1.969354,4.329040,1.774956,0.931687,1,0
25.232283,0.200000,0.040000,0.197141,0.000000,0.002859,0.040000,1.935698,2.007854,4.330920,1.777488,0.931606,1,0
25.248283,0.200000,0.040000,0.196785,0.047937,0.003215,-0.007937,1.952988,1.986743,4.332798,1.780015,0.932882,1,0
25.264284,0.200000,0.040000,0.196799,0.047937,0.003201,-0.007937,1.956886,1.990590,4.334673,1.782546,0.933482,1,0
25.280285,0.200000,0.040000,0.197179,0.000000,0.002821,0.040000,1.935688,2.007998,4.336549,1.785082,0.934080,1,0
25.296286,0.200000,0.040000,0.196791,0.095874,0.003209,-0.055874,1.974238,1.969491,4.338421,1.787614,0.935364,1,0
25.312286,0.200000,0.040000,0.197153,-0.047937,0.002847,0.087937,1.914522,2.025387,4.340292,1.790153,0.935286,1,0
25.328287,0.200000,0.040000,0.196396,0.143811,0.003604,-0.103811,1.995425,1.952228,4.342157,1.792682,0.937251,1,0
25.344288,0.200000,0.040000,0.197127,-0.047937,0.002873,0.087937,1.914617,2.025380,4.344023,1.795225,0.936493,1,0
25.360289,0.200000,0.040000,0.196401,0.095874,0.003599,-0.055874,1.974259,1.969617,4.345885,1.797756,0.938453,1,0
25.376289,0.200000,0.040000,0.197154,0.000000,0.002846,0.040000,1.935804,2.008116,4.347749,1.800301,0.938378,1,0
25.392290,0.200000,0.040000,0.196804,0.095874,0.003196,-0.055874,1.974355,1.969610,4.349609,1.802842,0.939659,1,0
25.408291,0.200000,0.040000,0.197165,-0.047937,0.002835,0.087937,1.914638,2.025505,4.351470,1.805389,0.939579,1,0
25.424292,0.200000,0.040000,0.196408,0.143811,0.003592,-0.103811,1.995542,1.952346,4.353324,1.807927,0.941543,1,0
25.440292,0.200000,0.040000,0.197139,-0.047937,0.002861,0.087937,1.914733,2.025499,4.355180,1.810477,0.940784,1,0
25.456293,0.200000,0.040000,0.196413,0.095874,0.003587,-0.055874,1.974376,1.969735,4.357031,1.813017,0.942744,1,0
25.472294,0.200000,0.040000,0.197166,0.000000,0.002834,0.040000,1.935920,2.008235,4.358884,1.815570,0.942668,1,0
25.488295,0.200000,0.040000,0.196815,0.095874,0.003185,-0.055874,1.974471,1.969728,4.360733,1.818119,0.943949,1,0
25.504295,0.200000,0.040000,0.197177,0.000000,0.002823,0.040000,1.936015,2.008228,4.362583,1.820674,0.943869,1,0
25.520296,0.200000,0.040000,0.196819,0.047937,0.003181,-0.007937,1.953305,1.987117,4.364430,1.823225,0.945146,1,0
25.536297,0.200000,0.040000,0.196833,0.000000,0.003167,0.040000,1.935942,2.008360,4.366274,1.825778,0.945748,1,0
25.552298,0.200000,0.040000,0.196814,0.095874,0.003186,-0.055874,1.974492,1.969854,4.368116,1.828332,0.947034,1,0
25.568298,0.200000,0.040000,0.197184,0.000000,0.002816,0.040000,1.936037,2.008353,4.369958,1.830894,0.946958,1,0
25.584299,0.200000,0.040000,0.196826,0.095874,0.003174,-0.055874,1.974587,1.969847,4.371797,1.833450,0.948239,1,0
25.600300,0.200000,0.040000,0.197188,0.000000,0.002812,0.040000,1.936132,2.008347,4.373636,1.836014,0.948159,1,0
25.616301,0.200000,0.040000,0.196831,0.047937,0.003169,-0.007937,1.953421,1.987236,4.375472,1.838572,0.949436,1,0
25.632301,0.200000,0.040000,0.196845,0.047937,0.003155,-0.007937,1.957319,1.991083,4.377305,1.841134,0.950038,1,0
25.648302,0.200000,0.040000,0.197225,0.047937,0.002775,-0.007937,1.953517,1.987229,4.379140,1.843701,0.950637,1,0
25.664303,0.200000,0.040000,0.196858,0.000000,0.003142,0.040000,1.936153,2.008472,4.380969,1.846265,0.951235,1,0
25.680304,0.200000,0.040000,0.196830,0.095874,0.003170,-0.055874,1.974704,1.969965,4.382797,1.848829,0.952518,1,0
25.696304,0.200000,0.040000,0.197200,0.000000,0.002800,0.040000,1.936248,2.008465,4.384626,1.851401,0.952440,1,0
25.712305,0.200000,0.040000,0.196843,0.047937,0.003157,-0.007937,1.953538,1.987354,4.386451,1.853967,0.953718,1,0
25.728306,0.200000,0.040000,0.196857,0.047937,0.003143,-0.007937,1.957436,1.991201,4.388273,1.856537,0.954321,1,0
25.744307,0.200000,0.040000,0.197237,0.047937,0.002763,-0.007937,1.953633,1.987348,4.390097,1.859112,0.954921,1,0
25.760307,0.200000,0.040000,0.196870,0.000000,0.003130,0.040000,1.936270,2.008590,4.391916,1.861684,0.955519,1,0
25.776308,0.200000,0.040000,0.196842,0.095874,0.003158,-0.055874,1.974820,1.970084,4.393733,1.864256,0.956803,1,0
25.792309,0.200000,0.040000,0.197212,0.000000,0.002788,0.040000,1.936365,2.008584,4.395550,1.866836,0.956725,1,0
25.808310,0.200000,0.040000,0.196855,0.047937,0.003145,-0.007937,1.953654,1.987473,4.397364,1.869410,0.958003,1,0
25.824310,0.200000,0.040000,0.196868,0.047937,0.003132,-0.007937,1.957552,1.991320,4.399175,1.871987,0.958606,1,0
25.840311,0.200000,0.040000,0.197249,0.047937,0.002751,-0.007937,1.953750,1.987466,4.400988,1.874571,0.959206,1,0
25.856312,0.200000,0.040000,0.196881,0.000000,0.003119,0.040000,1.936386,2.008709,4.402796,1.877150,0.959804,1,0
25.872313,0.200000,0.040000,0.196854,0.095874,0.003146,-0.055874,1.974937,1.970202,4.404602,1.879731,0.961088,1,0
25.888313,0.200000,0.040000,0.197224,0.000000,0.002776,0.040000,1.936481,2.008702,4.406409,1.882318,0.961009,1,0
25.904314,0.200000,0.040000,0.196866,0.047937,0.003134,-0.007937,1.953771,1.987591,4.408212,1.884901,0.962288,1,0
25.920315,0.200000,0.040000,0.196880,0.000000,0.003120,0.040000,1.936408,2.008834,4.410012,1.887486,0.962891,1,0
25.936316,0.200000,0.040000,0.196861,0.095874,0.003139,-0.055874,1.974958,1.970327,4.411810,1.890072,0.964178,1,0
25.952316,0.200000,0.040000,0.197232,0.000000,0.002768,0.040000,1.936503,2.008827,4.413609,1.892665,0.964102,1,0
25.968317,0.200000,0.040000,0.196873,0.095874,0.003127,-0.055874,1.975053,1.970321,4.415404,1.895253,0.965383,1,0
25.984318,0.200000,0.040000,0.197236,0.000000,0.002764,0.040000,1.936598,2.008821,4.417199,1.897849,0.965303,1,0
26.000319,0.200000,0.040000,0.196878,0.047937,0.003122,-0.007937,1.953887,1.987710,4.418992,1.900439,0.966580,1,0
26.016319,0.200000,0.040000,0.196892,0.000000,0.003108,0.040000,1.936524,2.008952,4.420781,1.903032,0.967182,1,0
26.032320,0.200000,0.040000,0.196873,0.095874,0.003128,-0.055874,1.975075,1.970446,4.422568,1.905626,0.968468,1,0
26.048321,0.200000,0.040000,0.197244,0.000000,0.002756,0.040000,1.936619,2.008946,4.424355,1.908227,0.968393,1,0
26.064322,0.200000,0.040000,0.196885,0.095874,0.003115,-0.055874,1.975170,1.970439,4.426140,1.910823,0.969673,1,0
26.080322,0.200000,0.040000,0.197247,-0.047937,0.002753,0.087937,1.915453,2.026335,4.427924,1.913426,0.969593,1,0
26.096323,0.200000,0.040000,0.196490,0.191748,0.003510,-0.151748,2.013752,1.931915,4.429702,1.916019,0.971557,1,0
26.112324,0.200000,0.040000,0.196819,-0.095874,0.003181,0.135874,1.898291,2.047420,4.431477,1.918620,0.970112,1,0
26.128325,0.200000,0.040000,0.196467,0.095874,0.003533,-0.055874,1.975191,1.970564,4.433253,1.921213,0.972748,1,0
26.144325,0.200000,0.040000,0.197250,0.000000,0.002750,0.040000,1.936736,2.009064,4.435029,1.923822,0.972675,1,0
26.160326,0.200000,0.040000,0.196899,0.095874,0.003101,-0.055874,1.975286,1.970558,4.436803,1.926426,0.973958,1,0
26.176327,0.200000,0.040000,0.197260,-0.047937,0.002740,0.087937,1.915570,2.026453,4.438576,1.929037,0.973879,1,0
26.192327,0.200000,0.040000,0.196502,0.143811,0.003498,-0.103811,1.992608,1.949428,4.440342,1.931638,0.975844,1,0
26.208328,0.200000,0.040000,0.196854,-0.047937,0.003146,0.087937,1.919500,2.030281,4.442107,1.934247,0.975087,1,0
26.224329,0.200000,0.040000,0.196875,0.095874,0.003125,-0.055874,1.975308,1.970683,4.443874,1.936855,0.977047,1,0
26.240330,0.200000,0.040000,0.197268,0.047937,0.002732,-0.007937,1.954248,1.987921,4.445639,1.939471,0.976972,1,0
26.256330,0.200000,0.040000,0.196929,0.000000,0.003071,0.040000,1.936884,2.009164,4.447401,1.942083,0.977566,1,0
26.272331,0.200000,0.040000,0.196902,0.095874,0.003098,-0.055874,1.975435,1.970658,4.449162,1.944696,0.978847,1,0
26.288332,0.200000,0.040000,0.197271,0.000000,0.002729,0.040000,1.936979,2.009157,4.450922,1.947316,0.978767,1,0
26.304333,0.200000,0.040000,0.196914,0.047937,0.003086,-0.007937,1.954269,1.988047,4.452680,1.949930,0.980044,1,0
26.320333,0.200000,0.040000,0.196928,0.047937,0.003072,-0.007937,1.958167,1.991894,4.454434,1.952548,0.980645,1,0
26.336334,0.200000,0.040000,0.197308,0.047937,0.002692,-0.007937,1.954364,1.988040,4.456190,1.955171,0.981245,1,0
26.352335,0.200000,0.040000,0.196941,0.000000,0.003059,0.040000,1.937001,2.009282,4.457942,1.957791,0.981842,1,0
26.368336,0.200000,0.040000,0.196913,0.095874,0.003087,-0.055874,1.975551,1.970776,4.459691,1.960411,0.983125,1,0
26.384336,0.200000,0.040000,0.197283,0.000000,0.002717,0.040000,1.937096,2.009276,4.461440,1.963038,0.983046,1,0
26.400337,0.200000,0.040000,0.196926,0.047937,0.003074,-0.007937,1.954385,1.988165,4.463187,1.965661,0.984324,1,0
26.416338,0.200000,0.040000,0.196939,0.000000,0.003061,0.040000,1.937022,2.009408,4.464930,1.968286,0.984926,1,0
26.432339,0.200000,0.040000,0.196920,0.095874,0.003080,-0.055874,1.975573,1.970901,4.466671,1.970911,0.986213,1,0
26.448339,0.200000,0.040000,0.197291,0.000000,0.002709,0.040000,1.937117,2.009401,4.468413,1.973544,0.986136,1,0
26.464340,0.200000,0.040000,0.196933,0.095874,0.003067,-0.055874,1.975668,1.970895,4.470151,1.976172,0.987417,1,0
26.480341,0.200000,0.040000,0.197295,-0.047937,0.002705,0.087937,1.915951,2.026790,4.471889,1.978807,0.987336,1,0
26.496342,0.200000,0.040000,0.196538,0.143811,0.003462,-0.103811,1.996855,1.953631,4.473621,1.981432,0.989300,1,0
26.512342,0.200000,0.040000,0.197269,-0.047937,0.002731,0.087937,1.916046,2.026783,4.475354,1.984070,0.988541,1,0
26.528343,0.200000,0.040000,0.196543,0.095874,0.003457,-0.055874,1.975689,1.971020,4.477083,1.986697,0.990499,1,0
26.544344,0.200000,0.040000,0.197296,0.000000,0.002704,0.040000,1.937234,2.009519,4.478813,1.989338,0.990424,1,0
26.560345,0.200000,0.040000,0.196945,0.047937,0.003055,-0.007937,1.954523,1.988409,4.480540,1.991973,0.991704,1,0
26.576345,0.200000,0.040000,0.196959,0.095874,0.003041,-0.055874,1.975816,1.970995,4.482264,1.994611,0.992308,1,0
26.592346,0.200000,0.040000,0.197307,0.000000,0.002693,0.040000,1.937361,2.009494,4.483989,1.997255,0.992225,1,0
26.608347,0.200000,0.040000,0.196950,0.000000,0.003050,0.040000,1.937255,2.009645,4.485712,1.999894,0.993499,1,0
26.624348,0.200000,0.040000,0.196944,0.095874,0.003056,-0.055874,1.975806,1.971138,4.487431,2.002534,0.994786,1,0
26.640348,0.200000,0.040000,0.197314,0.000000,0.002686,0.040000,1.937350,2.009638,4.489150,2.005183,0.994710,1,0
26.656349,0.200000,0.040000,0.196956,0.047937,0.003044,-0.007937,1.954640,1.988527,4.490866,2.007826,0.995991,1,0
26.672350,0.200000,0.040000,0.196970,0.095874,0.003030,-0.055874,1.975933,1.971113,4.492578,2.010471,0.996595,1,0
26.688351,0.200000,0.040000,0.197318,-0.047937,0.002682,0.087937,1.916216,2.027008,4.494293,2.013122,0.996512,1,0
26.704351,0.200000,0.040000,0.196562,0.143811,0.003438,-0.103811,1.997120,1.953849,4.496001,2.015763,0.998473,1,0
26.720352,0.200000,0.040000,0.197293,-0.047937,0.002707,0.087937,1.916312,2.027002,4.497709,2.018417,0.997713,1,0
26.736353,0.200000,0.040000,0.196567,0.095874,0.003433,-0.055874,1.975954,1.971238,4.499414,2.021060,0.999671,1,0
26.752354,0.200000,0.040000,0.197319,0.000000,0.002681,0.040000,1.937499,2.009738,4.501120,2.023717,0.999594,1,0
26.768354,0.200000,0.040000,0.196970,0.047937,0.003030,-0.007937,1.954788,1.988627,4.502823,2.026369,1.000873,1,0
26.784355,0.200000,0.040000,0.196983,0.047937,0.003017,-0.007937,1.958686,1.992474,4.504523,2.029023,1.001477,1,0
26.800356,0.200000,0.040000,0.197363,0.047937,0.002637,-0.007937,1.954883,1.988620,4.506225,2.031683,1.002078,1,0
26.816357,0.200000,0.040000,0.196996,0.000000,0.003004,0.040000,1.937520,2.009863,4.507921,2.034339,1.002676,1,0
26.832357,0.200000,0.040000,0.196968,0.095874,0.003032,-0.055874,1.976071,1.971357,4.509616,2.036996,1.003960,1,0
26.848358,0.200000,0.040000,0.197338,0.000000,0.002662,0.040000,1.937615,2.009856,4.511311,2.039660,1.003882,1,0
26.864359,0.200000,0.040000,0.196980,0.047937,0.003020,-0.007937,1.954905,1.988745,4.513003,2.042319,1.005161,1,0
26.880360,0.200000,0.040000,0.196994,0.047937,0.003006,-0.007937,1.958803,1.992592,4.514692,2.044980,1.005764,1,0
26.896360,0.200000,0.040000,0.197375,0.047937,0.002625,-0.007937,1.955000,1.988739,4.516382,2.047648,1.006364,1,0
26.912361,0.200000,0.040000,0.197007,0.000000,0.002993,0.040000,1.937637,2.009981,4.518067,2.050312,1.006962,1,0
26.928362,0.200000,0.040000,0.196980,0.095874,0.003020,-0.055874,1.976187,1.971475,4.519751,2.052976,1.008246,1,0
26.944363,0.200000,0.040000,0.197350,-0.047937,0.002650,0.087937,1.916471,2.027370,4.521434,2.055647,1.008168,1,0
26.960363,0.200000,0.040000,0.196592,0.191748,0.003408,-0.151748,2.014770,1.932950,4.523112,2.058308,1.010134,1,0
26.976364,0.200000,0.040000,0.196922,-0.095874,0.003078,0.135874,1.899309,2.048456,4.524786,2.060977,1.008689,1,0
26.992365,0.200000,0.040000,0.196569,0.143811,0.003431,-0.103811,1.993604,1.950339,4.526462,2.063639,1.011326,1,0
27.008366,0.200000,0.040000,0.196950,-0.095874,0.003050,0.135874,1.899235,2.048587,4.528134,2.066310,1.010567,1,0
27.024366,0.200000,0.040000,0.196572,0.191748,0.003428,-0.151748,2.014791,1.933075,4.529804,2.068975,1.013213,1,0
27.040367,0.200000,0.040000,0.196932,-0.095874,0.003068,0.135874,1.899330,2.048581,4.531471,2.071649,1.011774,1,0
27.056368,0.200000,0.040000,0.196578,0.143811,0.003422,-0.103811,1.993625,1.950464,4.533138,2.074316,1.014415,1,0
27.072369,0.200000,0.040000,0.196959,-0.047937,0.003041,0.087937,1.920517,2.031317,4.534802,2.076992,1.013659,1,0
27.088369,0.200000,0.040000,0.196980,0.143811,0.003020,-0.103811,1.993720,1.950458,4.536468,2.079668,1.015621,1,0
27.104370,0.200000,0.040000,0.196970,-0.095874,0.003030,0.135874,1.899351,2.048706,4.538128,2.082346,1.014860,1,0
27.120371,0.200000,0.040000,0.196583,0.191748,0.003417,-0.151748,2.014908,1.933194,4.539787,2.085018,1.017505,1,0
27.136372,0.200000,0.040000,0.196943,-0.095874,0.003057,0.135874,1.899446,2.048699,4.541442,2.087700,1.016065,1,0
27.152372,0.200000,0.040000,0.196588,0.143811,0.003412,-0.103811,1.993742,1.950583,4.543099,2.090374,1.018705,1,0
27.168373,0.200000,0.040000,0.196970,0.000000,0.003030,0.040000,1.938029,2.010175,4.544751,2.093058,1.017949,1,0
27.184374,0.200000,0.040000,0.197011,0.047937,0.002989,-0.007937,1.955319,1.989064,4.546405,2.095741,1.019223,1,0
27.200375,0.200000,0.040000,0.197032,0.047937,0.002968,-0.007937,1.959216,1.992911,4.548057,2.098426,1.019823,1,0
27.216375,0.200000,0.040000,0.197412,0.000000,0.002588,0.040000,1.938018,2.010318,4.549710,2.101118,1.020420,1,0
27.232376,0.200000,0.040000,0.197024,0.047937,0.002976,-0.007937,1.955308,1.989207,4.551358,2.103805,1.021703,1,0
27.248377,0.200000,0.040000,0.197036,0.095874,0.002964,-0.055874,1.976601,1.971793,4.553002,2.106495,1.022309,1,0
27.264378,0.200000,0.040000,0.197385,-0.047937,0.002615,0.087937,1.916885,2.027688,4.554648,2.109190,1.022227,1,0
27.280378,0.200000,0.040000,0.196628,0.095874,0.003372,-0.055874,1.976527,1.971925,4.556288,2.111875,1.024190,1,0
27.296379,0.200000,0.040000,0.197382,0.000000,0.002618,0.040000,1.938072,2.010425,4.557929,2.114573,1.024117,1,0
27.312380,0.200000,0.040000,0.197031,0.095874,0.002969,-0.055874,1.976622,1.971918,4.559567,2.117267,1.025400,1,0
27.328381,0.200000,0.040000,0.197394,0.000000,0.002606,0.040000,1.938167,2.010418,4.561205,2.119967,1.025321,1,0
27.344381,0.200000,0.040000,0.197036,0.047937,0.002964,-0.007937,1.955456,1.989307,4.562840,2.122663,1.026599,1,0
27.360382,0.200000,0.040000,0.197050,0.047937,0.002950,-0.007937,1.959354,1.993154,4.564471,2.125360,1.027202,1,0
27.376383,0.200000,0.040000,0.197430,0.047937,0.002570,-0.007937,1.955552,1.989301,4.566104,2.128064,1.027802,1,0
27.392384,0.200000,0.040000,0.197063,0.000000,0.002937,0.040000,1.938188,2.010543,4.567733,2.130764,1.028400,1,0
27.408384,0.200000,0.040000,0.197035,0.095874,0.002965,-0.055874,1.976739,1.972037,4.569360,2.133465,1.029684,1,0
27.424385,0.200000,0.040000,0.197405,0.000000,0.002595,0.040000,1.938283,2.010536,4.570986,2.136172,1.029606,1,0
27.440386,0.200000,0.040000,0.197048,0.047937,0.002952,-0.007937,1.955573,1.989426,4.572609,2.138875,1.030885,1,0
27.456387,0.200000,0.040000,0.197062,0.047937,0.002938,-0.007937,1.955605,1.989407,4.574229,2.141580,1.031488,1,0
27.472387,0.200000,0.040000,0.197063,0.047937,0.002937,-0.007937,1.959503,1.993254,4.575848,2.144286,1.032088,1,0
27.488388,0.200000,0.040000,0.197443,0.047937,0.002557,-0.007937,1.955700,1.989400,4.577468,2.146998,1.032687,1,0
27.504389,0.200000,0.040000,0.197076,0.000000,0.002924,0.040000,1.938337,2.010643,4.579083,2.149706,1.033284,1,0
27.520390,0.200000,0.040000,0.197048,0.095874,0.002952,-0.055874,1.976888,1.972137,4.580697,2.152414,1.034567,1,0
27.536390,0.200000,0.040000,0.197418,-0.047937,0.002582,0.087937,1.917171,2.028032,4.582310,2.155130,1.034488,1,0
27.552391,0.200000,0.040000,0.196661,0.143811,0.003339,-0.103811,1.998075,1.954873,4.583917,2.157835,1.036453,1,0
27.568392,0.200000,0.040000,0.197392,-0.047937,0.002608,0.087937,1.917266,2.028025,4.585525,2.160554,1.035695,1,0
27.584393,0.200000,0.040000,0.196666,0.095874,0.003334,-0.055874,1.976909,1.972262,4.587129,2.163261,1.037655,1,0
27.600393,0.200000,0.040000,0.197419,0.000000,0.002581,0.040000,1.938454,2.010761,4.588733,2.165982,1.037580,1,0
27.616394,0.200000,0.040000,0.197068,0.047937,0.002932,-0.007937,1.955743,1.989650,4.590335,2.168698,1.038861,1,0
27.632395,0.200000,0.040000,0.197082,0.095874,0.002918,-0.055874,1.977036,1.972237,4.591934,2.171416,1.039466,1,0
27.648396,0.200000,0.040000,0.197430,-0.047937,0.002570,0.087937,1.917320,2.028132,4.593534,2.174139,1.039383,1,0
27.664396,0.200000,0.040000,0.196673,0.143811,0.003327,-0.103811,1.998224,1.954973,4.595128,2.176853,1.041345,1,0
27.680397,0.200000,0.040000,0.197404,-0.047937,0.002596,0.087937,1.917415,2.028125,4.596722,2.179579,1.040585,1,0
27.696398,0.200000,0.040000,0.196679,0.095874,0.003321,-0.055874,1.977058,1.972362,4.598313,2.182294,1.042543,1,0
27.712399,0.200000,0.040000,0.197431,0.000000,0.002569,0.040000,1.938602,2.010861,4.599904,2.185023,1.042467,1,0
27.728399,0.200000,0.040000,0.197081,0.047937,0.002919,-0.007937,1.955892,1.989750,4.601493,2.187747,1.043747,1,0
27.744400,0.200000,0.040000,0.197094,0.095874,0.002906,-0.055874,1.977185,1.972336,4.603079,2.190473,1.044350,1,0
27.760401,0.200000,0.040000,0.197442,-0.047937,0.002558,0.087937,1.917468,2.028231,4.604665,2.193204,1.044267,1,0
27.776402,0.200000,0.040000,0.196686,0.095874,0.003314,-0.055874,1.977111,1.972468,4.606246,2.195925,1.046228,1,0
27.792402,0.200000,0.040000,0.197439,0.000000,0.002561,0.040000,1.938656,2.010968,4.607828,2.198660,1.046154,1,0
27.808403,0.200000,0.040000,0.197088,0.095874,0.002912,-0.055874,1.977206,1.972461,4.609407,2.201390,1.047436,1,0
27.824404,0.200000,0.040000,0.197450,0.000000,0.002550,0.040000,1.938751,2.010961,4.610985,2.204127,1.047356,1,0
27.840405,0.200000,0.040000,0.197093,0.047937,0.002907,-0.007937,1.956040,1.989850,4.612560,2.206858,1.048634,1,0
27.856405,0.200000,0.040000,0.197106,0.047937,0.002894,-0.007937,1.959938,1.993697,4.614133,2.209592,1.049236,1,0
27.872406,0.200000,0.040000,0.197487,0.047937,0.002513,-0.007937,1.956135,1.989844,4.615706,2.212332,1.049836,1,0
27.888407,0.200000,0.040000,0.197119,0.000000,0.002881,0.040000,1.938772,2.011086,4.617275,2.215068,1.050433,1,0
27.904408,0.200000,0.040000,0.197092,0.095874,0.002908,-0.055874,1.977323,1.972580,4.618843,2.217805,1.051716,1,0
27.920408,0.200000,0.040000,0.197462,-0.047937,0.002538,0.087937,1.917606,2.028475,4.620409,2.220548,1.051638,1,0
27.936409,0.200000,0.040000,0.196704,0.143811,0.003296,-0.103811,1.994644,1.951450,4.621970,2.223281,1.053603,1,0
27.952410,0.200000,0.040000,0.197056,-0.047937,0.002944,0.087937,1.921536,2.032303,4.623528,2.226022,1.052845,1,0
27.968410,0.200000,0.040000,0.197078,0.143811,0.002922,-0.103811,1.994739,1.951444,4.625089,2.228762,1.054805,1,0
27.984411,0.200000,0.040000,0.197069,-0.095874,0.002931,0.135874,1.900370,2.049692,4.626644,2.231505,1.054043,1,0
28.000412,0.200000,0.040000,0.196683,0.191748,0.003317,-0.151748,2.015927,1.934180,4.628198,2.234241,1.056687,1,0
28.016413,0.200000,0.040000,0.197043,-0.095874,0.002957,0.135874,1.900465,2.049686,4.629747,2.236987,1.055247,1,0
28.032413,0.200000,0.040000,0.196689,0.143811,0.003311,-0.103811,1.994761,1.951569,4.631298,2.239725,1.057886,1,0
28.048414,0.200000,0.040000,0.197071,0.000000,0.002929,0.040000,1.939048,2.011161,4.632845,2.242473,1.057130,1,0
28.064415,0.200000,0.040000,0.197112,0.000000,0.002888,0.040000,1.938942,2.011311,4.634394,2.245220,1.058404,1,0
28.080416,0.200000,0.040000,0.197113,0.095874,0.002887,-0.055874,1.977493,1.972805,4.635939,2.247970,1.059690,1,0
28.096416,0.200000,0.040000,0.197483,0.000000,0.002517,0.040000,1.939037,2.011304,4.637484,2.250726,1.059613,1,0
28.112417,0.200000,0.040000,0.197124,0.047937,0.002876,-0.007937,1.956327,1.990194,4.639026,2.253477,1.060893,1,0
28.128418,0.200000,0.040000,0.197137,0.047937,0.002863,-0.007937,1.956359,1.990175,4.640565,2.256231,1.061497,1,0
28.144419,0.200000,0.040000,0.197138,0.047937,0.002862,-0.007937,1.960257,1.994022,4.642102,2.258985,1.062098,1,0
28.160419,0.200000,0.040000,0.197519,0.047937,0.002481,-0.007937,1.956454,1.990168,4.643641,2.261745,1.062697,1,0
28.176420,0.200000,0.040000,0.197151,0.000000,0.002849,0.040000,1.939091,2.011411,4.645175,2.264502,1.063294,1,0
28.192421,0.200000,0.040000,0.197123,0.095874,0.002877,-0.055874,1.977641,1.972905,4.646707,2.267258,1.064577,1,0
28.208422,0.200000,0.040000,0.197493,-0.047937,0.002507,0.087937,1.917925,2.028800,4.648238,2.270022,1.064498,1,0
28.224422,0.200000,0.040000,0.196736,0.191748,0.003264,-0.151748,2.016224,1.934380,4.649764,2.272776,1.066463,1,0
28.240423,0.200000,0.040000,0.197066,-0.095874,0.002934,0.135874,1.900763,2.049886,4.651287,2.275537,1.065018,1,0
28.256424,0.200000,0.040000,0.196713,0.143811,0.003287,-0.103811,1.995058,1.951769,4.652811,2.278290,1.067654,1,0
28.272425,0.200000,0.040000,0.197094,-0.095874,0.002906,0.135874,1.900689,2.050017,4.654331,2.281053,1.066895,1,0
28.288425,0.200000,0.040000,0.196717,0.191748,0.003284,-0.151748,2.016245,1.934505,4.655850,2.283810,1.069541,1,0
28.304426,0.200000,0.040000,0.197076,-0.095874,0.002924,0.135874,1.900784,2.050010,4.657365,2.286576,1.068101,1,0
28.320427,0.200000,0.040000,0.196722,0.143811,0.003278,-0.103811,1.995080,1.951894,4.658881,2.289334,1.070742,1,0
28.336428,0.200000,0.040000,0.197103,0.000000,0.002897,0.040000,1.939367,2.011486,4.660392,2.292102,1.069986,1,0
28.352428,0.200000,0.040000,0.197144,0.000000,0.002856,0.040000,1.939261,2.011636,4.661906,2.294869,1.071260,1,0
28.368429,0.200000,0.040000,0.197145,0.095874,0.002855,-0.055874,1.977811,1.973130,4.663416,2.297639,1.072546,1,0
28.384430,0.200000,0.040000,0.197515,0.000000,0.002485,0.040000,1.939356,2.011629,4.664925,2.300415,1.072470,1,0
28.400431,0.200000,0.040000,0.197156,0.047937,0.002844,-0.007937,1.956646,1.990518,4.666432,2.303186,1.073750,1,0
28.416431,0.200000,0.040000,0.197169,0.047937,0.002831,-0.007937,1.956678,1.990500,4.667936,2.305960,1.074354,1,0
28.432432,0.200000,0.040000,0.197170,0.047937,0.002830,-0.007937,1.960576,1.994347,4.669438,2.308734,1.074955,1,0
28.448433,0.200000,0.040000,0.197551,0.047937,0.002449,-0.007937,1.956773,1.990493,4.670941,2.311515,1.075554,1,0
28.464434,0.200000,0.040000,0.197183,0.000000,0.002817,0.040000,1.939410,2.011736,4.672440,2.314291,1.076151,1,0
28.480434,0.200000,0.040000,0.197155,0.095874,0.002845,-0.055874,1.977960,1.973229,4.673936,2.317068,1.077434,1,0
28.496435,0.200000,0.040000,0.197526,-0.047937,0.002474,0.087937,1.918244,2.029124,4.675432,2.319852,1.077355,1,0
28.512436,0.200000,0.040000,0.196768,0.143811,0.003232,-0.103811,1.995282,1.952100,4.676923,2.322625,1.079320,1,0
28.528437,0.200000,0.040000,0.197120,-0.047937,0.002880,0.087937,1.922174,2.032953,4.678411,2.325406,1.078562,1,0
28.544437,0.200000,0.040000,0.197142,0.143811,0.002858,-0.103811,1.995377,1.952093,4.679901,2.328186,1.080523,1,0
28.560438,0.200000,0.040000,0.197133,-0.095874,0.002867,0.135874,1.901008,2.050342,4.681385,2.330969,1.079761,1,0
28.576439,0.200000,0.040000,0.196748,0.191748,0.003252,-0.151748,2.016564,1.934830,4.682869,2.333745,1.082405,1,0
28.592440,0.200000,0.040000,0.197108,-0.095874,0.002892,0.135874,1.901103,2.050335,4.684348,2.336531,1.080965,1,0
28.608440,0.200000,0.040000,0.196754,0.143811,0.003246,-0.103811,1.995398,1.952218,4.685828,2.339309,1.083604,1,0
28.624441,0.200000,0.040000,0.197135,-0.047937,0.002865,0.087937,1.918424,2.029206,4.687304,2.342096,1.082848,1,0
28.640442,0.200000,0.040000,0.196776,0.095874,0.003224,-0.055874,1.978067,1.973442,4.688779,2.344878,1.084809,1,0
28.656443,0.200000,0.040000,0.197537,0.000000,0.002463,0.040000,1.939612,2.011942,4.690255,2.347673,1.084735,1,0
28.672443,0.200000,0.040000,0.197185,0.095874,0.002815,-0.055874,1.978162,1.973436,4.691728,2.350463,1.086016,1,0
28.688444,0.200000,0.040000,0.197547,0.000000,0.002453,0.040000,1.939707,2.011935,4.693200,2.353260,1.085937,1,0
28.704445,0.200000,0.040000,0.197189,0.047937,0.002811,-0.007937,1.956996,1.990824,4.694670,2.356051,1.087215,1,0
28.720446,0.200000,0.040000,0.197203,0.000000,0.002797,0.040000,1.939633,2.012067,4.696136,2.358845,1.087817,1,0
28.736446,0.200000,0.040000,0.197183,0.095874,0.002817,-0.055874,1.978184,1.973561,4.697601,2.361640,1.089104,1,0
28.752447,0.200000,0.040000,0.197554,0.047937,0.002446,-0.007937,1.957124,1.990799,4.699064,2.364441,1.089028,1,0
28.768448,0.200000,0.040000,0.197216,0.000000,0.002784,0.040000,1.939761,2.012042,4.700526,2.367238,1.089622,1,0
28.784449,0.200000,0.040000,0.197189,0.095874,0.002811,-0.055874,1.978311,1.973536,4.701985,2.370035,1.090902,1,0
28.800449,0.200000,0.040000,0.197558,-0.047937,0.002442,0.087937,1.918595,2.029431,4.703444,2.372839,1.090822,1,0
28.816450,0.200000,0.040000,0.196801,0.095874,0.003199,-0.055874,1.978237,1.973667,4.704897,2.375633,1.092786,1,0
28.832451,0.200000,0.040000,0.197555,0.000000,0.002445,0.040000,1.939782,2.012167,4.706351,2.378440,1.092714,1,0
28.848452,0.200000,0.040000,0.197204,0.095874,0.002796,-0.055874,1.978333,1.973661,4.707802,2.381242,1.093997,1,0
28.864452,0.200000,0.040000,0.197567,0.000000,0.002433,0.040000,1.939877,2.012160,4.709251,2.384050,1.093919,1,0
28.880453,0.200000,0.040000,0.197209,0.047937,0.002791,-0.007937,1.957167,1.991049,4.710699,2.386854,1.095198,1,0
28.896454,0.200000,0.040000,0.197222,0.047937,0.002778,-0.007937,1.957199,1.991031,4.712143,2.389660,1.095801,1,0
28.912455,0.200000,0.040000,0.197223,0.047937,0.002777,-0.007937,1.961097,1.994878,4.713586,2.392466,1.096402,1,0
28.928455,0.200000,0.040000,0.197604,0.047937,0.002396,-0.007937,1.957294,1.991024,4.715029,2.395279,1.097001,1,0
28.944456,0.200000,0.040000,0.197236,0.000000,0.002764,0.040000,1.939931,2.012267,4.716468,2.398088,1.097598,1,0
28.960457,0.200000,0.040000,0.197209,0.095874,0.002791,-0.055874,1.978481,1.973760,4.717906,2.400897,1.098881,1,0
28.976458,0.200000,0.040000,0.197579,-0.047937,0.002421,0.087937,1.918765,2.029655,4.719342,2.403713,1.098803,1,0
28.992458,0.200000,0.040000,0.196821,0.143811,0.003179,-0.103811,1.995803,1.952631,4.720773,2.406518,1.100769,1,0
29.008459,0.200000,0.040000,0.197173,-0.047937,0.002827,0.087937,1.922695,2.033484,4.722201,2.409331,1.100011,1,0
29.024460,0.200000,0.040000,0.197195,0.143811,0.002805,-0.103811,1.995898,1.952625,4.723632,2.412143,1.101972,1,0
29.040461,0.200000,0.040000,0.197186,-0.095874,0.002814,0.135874,1.901529,2.050873,4.725056,2.414958,1.101210,1,0
29.056461,0.200000,0.040000,0.196800,0.191748,0.003200,-0.151748,2.017085,1.935361,4.726481,2.417767,1.103855,1,0
29.072462,0.200000,0.040000,0.197161,-0.095874,0.002839,0.135874,1.901624,2.050866,4.727900,2.420584,1.102415,1,0
29.088463,0.200000,0.040000,0.196806,0.143811,0.003194,-0.103811,1.995919,1.952749,4.729321,2.423394,1.105055,1,0
29.104464,0.200000,0.040000,0.197188,-0.047937,0.002812,0.087937,1.918946,2.029737,4.730737,2.426213,1.104298,1,0
29.120464,0.200000,0.040000,0.196829,0.095874,0.003171,-0.055874,1.978588,1.973973,4.732153,2.429026,1.106260,1,0
29.136465,0.200000,0.040000,0.197589,0.000000,0.002411,0.040000,1.940133,2.012473,4.733568,2.431853,1.106186,1,0
29.152466,0.200000,0.040000,0.197238,0.095874,0.002762,-0.055874,1.978683,1.973967,4.734982,2.434675,1.107468,1,0
29.168467,0.200000,0.040000,0.197600,0.000000,0.002400,0.040000,1.940228,2.012466,4.736394,2.437504,1.107389,1,0
29.184467,0.200000,0.040000,0.197242,0.047937,0.002758,-0.007937,1.957518,1.991356,4.737804,2.440327,1.108667,1,0
29.200468,0.200000,0.040000,0.197255,0.047937,0.002745,-0.007937,1.957550,1.991337,4.739210,2.443152,1.109269,1,0
29.216469,0.200000,0.040000,0.197256,0.047937,0.002744,-0.007937,1.961447,1.995184,4.740615,2.445979,1.109869,1,0
29.232470,0.200000,0.040000,0.197636,0.047937,0.002364,-0.007937,1.957645,1.991330,4.742021,2.448811,1.110467,1,0
29.248470,0.200000,0.040000,0.197269,0.000000,0.002731,0.040000,1.940282,2.012573,4.743422,2.451639,1.111063,1,0
29.264471,0.200000,0.040000,0.197241,0.047937,0.002759,-0.007937,1.957571,1.991462,4.744822,2.454468,1.112346,1,0
29.280472,0.200000,0.040000,0.197262,0.095874,0.002738,-0.055874,1.978864,1.974048,4.746218,2.457298,1.112952,1,0
29.296473,0.200000,0.040000,0.197611,-0.047937,0.002389,0.087937,1.919148,2.029943,4.747615,2.460135,1.112869,1,0
29.312473,0.200000,0.040000,0.196855,0.095874,0.003145,-0.055874,1.978791,1.974180,4.749006,2.462960,1.114832,1,0
29.328474,0.200000,0.040000,0.197608,0.000000,0.002392,0.040000,1.940335,2.012679,4.750398,2.465799,1.114759,1,0
29.344475,0.200000,0.040000,0.197258,0.095874,0.002742,-0.055874,1.978886,1.974173,4.751787,2.468633,1.116041,1,0
29.360476,0.200000,0.040000,0.197620,0.000000,0.002380,0.040000,1.940430,2.012673,4.753175,2.471474,1.115962,1,0
29.376476,0.200000,0.040000,0.197262,0.047937,0.002738,-0.007937,1.957720,1.991562,4.754561,2.474310,1.117241,1,0
29.392477,0.200000,0.040000,0.197276,0.047937,0.002724,-0.007937,1.957752,1.991543,4.755943,2.477148,1.117843,1,0
29.408478,0.200000,0.040000,0.197277,0.047937,0.002723,-0.007937,1.961650,1.995390,4.757324,2.479986,1.118443,1,0
29.424479,0.200000,0.040000,0.197657,0.047937,0.002343,-0.007937,1.957847,1.991537,4.758705,2.482831,1.119041,1,0
29.440479,0.200000,0.040000,0.197290,0.000000,0.002710,0.040000,1.940484,2.012779,4.760083,2.485671,1.119638,1,0
29.456480,0.200000,0.040000,0.197262,0.095874,0.002738,-0.055874,1.979034,1.974273,4.761458,2.488512,1.120921,1,0
29.472481,0.200000,0.040000,0.197632,-0.047937,0.002368,0.087937,1.919318,2.030168,4.762832,2.491360,1.120842,1,0
29.488482,0.200000,0.040000,0.196875,0.143811,0.003125,-0.103811,1.996356,1.953143,4.764202,2.494197,1.122807,1,0
29.504482,0.200000,0.040000,0.197227,-0.047937,0.002773,0.087937,1.923248,2.033996,4.765568,2.497041,1.122048,1,0
29.520483,0.200000,0.040000,0.197249,0.143811,0.002751,-0.103811,1.996451,1.953137,4.766936,2.499885,1.124008,1,0
29.536484,0.200000,0.040000,0.197239,-0.095874,0.002761,0.135874,1.902082,2.051385,4.768299,2.502731,1.123246,1,0
29.552485,0.200000,0.040000,0.196854,0.143811,0.003146,-0.103811,1.996377,1.953269,4.769662,2.505571,1.125890,1,0
29.568485,0.200000,0.040000,0.197236,0.000000,0.002764,0.040000,1.940665,2.012860,4.771019,2.508420,1.125136,1,0
29.584486,0.200000,0.040000,0.197277,0.047937,0.002723,-0.007937,1.957954,1.991750,4.772379,2.511269,1.126413,1,0
29.600487,0.200000,0.040000,0.197299,0.047937,0.002701,-0.007937,1.961852,1.995597,4.773735,2.514119,1.127014,1,0
29.616488,0.200000,0.040000,0.197679,0.047937,0.002321,-0.007937,1.958049,1.991743,4.775092,2.516976,1.127613,1,0
29.632488,0.200000,0.040000,0.197311,0.000000,0.002689,0.040000,1.940686,2.012985,4.776446,2.519828,1.128210,1,0
29.648489,0.200000,0.040000,0.197283,0.095874,0.002717,-0.055874,1.979236,1.974479,4.777797,2.522681,1.129493,1,0
29.664490,0.200000,0.040000,0.197652,-0.047937,0.002348,0.087937,1.919520,2.030374,4.779147,2.525541,1.129414,1,0
29.680490,0.200000,0.040000,0.196895,0.143811,0.003105,-0.103811,1.996558,1.953350,4.780492,2.528390,1.131379,1,0
29.696491,0.200000,0.040000,0.197247,-0.047937,0.002753,0.087937,1.923450,2.034203,4.781833,2.531246,1.130621,1,0
29.712492,0.200000,0.040000,0.197269,0.143811,0.002731,-0.103811,1.996653,1.953343,4.783178,2.534102,1.132581,1,0
29.728493,0.200000,0.040000,0.197259,-0.095874,0.002741,0.135874,1.902284,2.051592,4.784516,2.536960,1.131818,1,0
29.744493,0.200000,0.040000,0.196874,0.143811,0.003126,-0.103811,1.996580,1.953475,4.785854,2.539812,1.134462,1,0
29.760494,0.200000,0.040000,0.197256,0.000000,0.002744,0.040000,1.940867,2.013067,4.787187,2.542673,1.133709,1,0
29.776495,0.200000,0.040000,0.197297,0.047937,0.002703,-0.007937,1.958156,1.991956,4.788523,2.545533,1.134985,1,0
29.792496,0.200000,0.040000,0.197319,0.047937,0.002681,-0.007937,1.962054,1.995803,4.789855,2.548395,1.135586,1,0
29.808496,0.200000,0.040000,0.197699,0.047937,0.002301,-0.007937,1.958251,1.991949,4.791188,2.551264,1.136185,1,0
29.824497,0.200000,0.040000,0.197331,0.000000,0.002669,0.040000,1.940888,2.013192,4.792517,2.554128,1.136782,1,0
29.840498,0.200000,0.040000,0.197303,0.047937,0.002697,-0.007937,1.958178,1.992081,4.793843,2.556992,1.138065,1,0
29.856499,0.200000,0.040000,0.197324,0.095874,0.002676,-0.055874,1.979471,1.974667,4.795166,2.559859,1.138671,1,0
29.872499,0.200000,0.040000,0.197673,-0.047937,0.002327,0.087937,1.919755,2.030562,4.796490,2.562731,1.138589,1,0
29.888500,0.200000,0.040000,0.196916,0.095874,0.003084,-0.055874,1.979397,1.974798,4.797809,2.565593,1.140551,1,0
29.904501,0.200000,0.040000,0.197669,0.000000,0.002331,0.040000,1.940942,2.013298,4.799128,2.568467,1.140478,1,0
29.920502,0.200000,0.040000,0.197319,0.095874,0.002681,-0.055874,1.979492,1.974792,4.800444,2.571337,1.141761,1,0
29.936502,0.200000,0.040000,0.197681,0.000000,0.002319,0.040000,1.941037,2.013292,4.801759,2.574214,1.141682,1,0
29.952503,0.200000,0.040000,0.197323,0.047937,0.002677,-0.007937,1.958326,1.992181,4.803072,2.577085,1.142960,1,0
29.968504,0.200000,0.040000,0.197337,0.047937,0.002663,-0.007937,1.958359,1.992162,4.804381,2.579958,1.143563,1,0
29.984505,0.200000,0.040000,0.197338,0.000000,0.002662,0.040000,1.940995,2.013405,4.805689,2.582832,1.144163,1,0
30.000505,0.200000,0.040000,0.197319,0.095874,0.002681,-0.055874,1.979546,1.974898,4.806994,2.585706,1.145448,1,0
30.016506,0.200000,0.040000,0.197689,0.000000,0.002311,0.040000,1.941090,2.013398,4.808299,2.588588,1.145372,1,0
30.032507,0.200000,0.040000,0.197331,0.047937,0.002669,-0.007937,1.958380,1.992287,4.809601,2.591464,1.146652,1,0
30.048508,0.200000,0.040000,0.197345,0.095874,0.002655,-0.055874,1.979673,1.974873,4.810900,2.594342,1.147256,1,0
30.064508,0.200000,0.040000,0.197694,-0.047937,0.002306,0.087937,1.919957,2.030768,4.812199,2.597226,1.147172,1,0
30.080509,0.200000,0.040000,0.196937,0.095874,0.003063,-0.055874,1.979599,1.975005,4.813494,2.600099,1.149134,1,0
30.096510,0.200000,0.040000,0.197690,0.000000,0.002310,0.040000,1.941144,2.013505,4.814787,2.602985,1.149061,1,0
30.112511,0.200000,0.040000,0.197339,0.095874,0.002661,-0.055874,1.979695,1.974998,4.816079,2.605866,1.150343,1,0
30.128511,0.200000,0.040000,0.197702,0.000000,0.002298,0.040000,1.937374,2.009632,4.817370,2.608754,1.150265,1,0
30.144512,0.200000,0.040000,0.196964,0.047937,0.003036,-0.007937,1.962364,1.996222,4.818655,2.611632,1.151543,1,0
30.160513,0.200000,0.040000,0.197726,0.047937,0.002274,-0.007937,1.958561,1.992368,4.819942,2.614522,1.152146,1,0
30.176514,0.200000,0.040000,0.197367,0.047937,0.002633,-0.007937,1.958593,1.992350,4.821226,2.617407,1.152746,1,0
30.192514,0.200000,0.040000,0.197360,0.047937,0.002640,-0.007937,1.962491,1.996197,4.822507,2.620293,1.153345,1,0
30.208515,0.200000,0.040000,0.197740,0.047937,0.002260,-0.007937,1.958688,1.992343,4.823789,2.623186,1.153942,1,0
30.224516,0.200000,0.040000,0.197372,0.000000,0.002628,0.040000,1.941325,2.013586,4.825067,2.626073,1.154538,1,0
30.240517,0.200000,0.040000,0.197345,0.047937,0.002655,-0.007937,1.958614,1.992475,4.826343,2.628962,1.155820,1,0
30.256517,0.200000,0.040000,0.197366,0.095874,0.002634,-0.055874,1.979908,1.975061,4.827615,2.631852,1.156425,1,0
30.272518,0.200000,0.040000,0.197715,-0.047937,0.002285,0.087937,1.920191,2.030956,4.828888,2.634748,1.156342,1,0
30.288519,0.200000,0.040000,0.196958,0.095874,0.003042,-0.055874,1.979834,1.975192,4.830156,2.637633,1.158304,1,0
30.304520,0.200000,0.040000,0.197711,0.000000,0.002289,0.040000,1.941379,2.013692,4.831424,2.640531,1.158231,1,0
30.320520,0.200000,0.040000,0.197361,0.095874,0.002639,-0.055874,1.979929,1.975186,4.832689,2.643424,1.159513,1,0
30.336521,0.200000,0.040000,0.197723,-0.047937,0.002277,0.087937,1.920213,2.031081,4.833953,2.646324,1.159434,1,0
30.352522,0.200000,0.040000,0.196965,0.143811,0.003035,-0.103811,1.997251,1.954056,4.835213,2.649213,1.161399,1,0
30.368523,0.200000,0.040000,0.197317,-0.047937,0.002683,0.087937,1.924143,2.034909,4.836468,2.652110,1.160641,1,0
30.384523,0.200000,0.040000,0.197339,0.143811,0.002661,-0.103811,1.997346,1.954050,4.837727,2.655006,1.162600,1,0
30.400524,0.200000,0.040000,0.197330,-0.095874,0.002670,0.135874,1.902977,2.052298,4.838979,2.657904,1.161838,1,0
30.416525,0.200000,0.040000,0.196944,0.143811,0.003056,-0.103811,1.997272,1.954181,4.840232,2.660795,1.164482,1,0
30.432526,0.200000,0.040000,0.197326,0.000000,0.002674,0.040000,1.941559,2.013773,4.841479,2.663696,1.163729,1,0
30.448526,0.200000,0.040000,0.197367,0.047937,0.002633,-0.007937,1.958849,1.992662,4.842728,2.666596,1.165005,1,0
30.464527,0.200000,0.040000,0.197389,0.047937,0.002611,-0.007937,1.962747,1.996510,4.843974,2.669498,1.165607,1,0
30.480528,0.200000,0.040000,0.197769,0.047937,0.002231,-0.007937,1.958944,1.992656,4.845221,2.672406,1.166206,1,0
30.496529,0.200000,0.040000,0.197401,0.000000,0.002599,0.040000,1.941581,2.013898,4.846463,2.675310,1.166803,1,0
30.512529,0.200000,0.040000,0.197373,0.047937,0.002627,-0.007937,1.958870,1.992787,4.847704,2.678214,1.168086,1,0
30.528530,0.200000,0.040000,0.197394,0.095874,0.002606,-0.055874,1.980163,1.975374,4.848941,2.681120,1.168692,1,0
30.544531,0.200000,0.040000,0.197743,-0.047937,0.002257,0.087937,1.920447,2.031269,4.850178,2.684032,1.168610,1,0
30.560532,0.200000,0.040000,0.196986,0.095874,0.003014,-0.055874,1.980090,1.975505,4.851411,2.686933,1.170573,1,0
30.576532,0.200000,0.040000,0.197739,0.047937,0.002261,-0.007937,1.959030,1.992744,4.852643,2.689847,1.170500,1,0
30.592533,0.200000,0.040000,0.197409,0.000000,0.002591,0.040000,1.941667,2.013986,4.853873,2.692756,1.171096,1,0
30.608534,0.200000,0.040000,0.197382,0.095874,0.002618,-0.055874,1.980217,1.975480,4.855102,2.695665,1.172378,1,0
30.624535,0.200000,0.040000,0.197752,0.000000,0.002248,0.040000,1.941762,2.013980,4.856328,2.698582,1.172299,1,0
30.640535,0.200000,0.040000,0.197394,0.047937,0.002606,-0.007937,1.959051,1.992869,4.857553,2.701493,1.173577,1,0
30.656536,0.200000,0.040000,0.197408,0.047937,0.002592,-0.007937,1.959083,1.992850,4.858774,2.704406,1.174179,1,0
30.672537,0.200000,0.040000,0.197409,0.000000,0.002591,0.040000,1.941720,2.014092,4.859994,2.707320,1.174779,1,0
30.688538,0.200000,0.040000,0.197389,0.095874,0.002611,-0.055874,1.980271,1.975586,4.861211,2.710234,1.176064,1,0
30.704538,0.200000,0.040000,0.197760,0.000000,0.002240,0.040000,1.941815,2.014086,4.862427,2.713155,1.175987,1,0
30.720539,0.200000,0.040000,0.197402,0.047937,0.002598,-0.007937,1.959105,1.992975,4.863641,2.716071,1.177266,1,0
30.736540,0.200000,0.040000,0.197416,0.095874,0.002584,-0.055874,1.980398,1.975561,4.864852,2.718988,1.177870,1,0
30.752541,0.200000,0.040000,0.197764,-0.047937,0.002236,0.087937,1.920681,2.031456,4.866063,2.721912,1.177786,1,0
30.768541,0.200000,0.040000,0.197008,0.095874,0.002992,-0.055874,1.980324,1.975693,4.867269,2.724824,1.179747,1,0
30.784542,0.200000,0.040000,0.197761,0.000000,0.002239,0.040000,1.941869,2.014192,4.868474,2.727749,1.179673,1,0
30.800543,0.200000,0.040000,0.197410,0.095874,0.002590,-0.055874,1.980419,1.975686,4.869678,2.730670,1.180955,1,0
30.816544,0.200000,0.040000,0.197773,-0.047937,0.002227,0.087937,1.920703,2.031581,4.870880,2.733597,1.180876,1,0
30.832544,0.200000,0.040000,0.197015,0.143811,0.002985,-0.103811,1.997741,1.954557,4.872077,2.736513,1.182841,1,0
30.848545,0.200000,0.040000,0.197367,0.000000,0.002633,0.040000,1.942028,2.014149,4.873271,2.739436,1.182082,1,0
30.864546,0.200000,0.040000,0.197409,0.000000,0.002591,0.040000,1.941922,2.014299,4.874467,2.742360,1.183355,1,0
30.880547,0.200000,0.040000,0.197411,0.095874,0.002589,-0.055874,1.980473,1.975793,4.875660,2.745284,1.184641,1,0
30.896547,0.200000,0.040000,0.197781,0.000000,0.002219,0.040000,1.938152,2.010427,4.876851,2.748216,1.184564,1,0
30.912548,0.200000,0.040000,0.197043,0.047937,0.002957,-0.007937,1.963142,1.997016,4.878038,2.751137,1.185844,1,0
30.928549,0.200000,0.040000,0.197805,0.047937,0.002195,-0.007937,1.959339,1.993163,4.879226,2.754070,1.186448,1,0
30.944550,0.200000,0.040000,0.197445,0.047937,0.002555,-0.007937,1.959371,1.993144,4.880409,2.756999,1.187049,1,0
30.960550,0.200000,0.040000,0.197438,0.047937,0.002562,-0.007937,1.963269,1.996991,4.881591,2.759929,1.187648,1,0
30.976551,0.200000,0.040000,0.197818,0.047937,0.002182,-0.007937,1.959466,1.993138,4.882774,2.762865,1.188245,1,0
30.992552,0.200000,0.040000,0.197451,0.000000,0.002549,0.040000,1.942103,2.014380,4.883952,2.765796,1.188841,1,0
31.008553,0.200000,0.040000,0.197423,0.047937,0.002577,-0.007937,1.959393,1.993269,4.885129,2.768727,1.190124,1,0
31.024553,0.200000,0.040000,0.197444,0.095874,0.002556,-0.055874,1.980686,1.975855,4.886302,2.771661,1.190729,1,0
31.040554,0.200000,0.040000,0.197793,-0.047937,0.002207,0.087937,1.920969,2.031750,4.887475,2.774600,1.190646,1,0
31.056555,0.200000,0.040000,0.197037,0.095874,0.002963,-0.055874,1.980612,1.975987,4.888645,2.777528,1.192609,1,0
31.072556,0.200000,0.040000,0.197790,0.000000,0.002210,0.040000,1.942157,2.014487,4.889812,2.780469,1.192535,1,0
31.088556,0.200000,0.040000,0.197439,0.095874,0.002561,-0.055874,1.980707,1.975980,4.890978,2.783405,1.193818,1,0
31.104557,0.200000,0.040000,0.197802,0.000000,0.002198,0.040000,1.938386,2.010614,4.892142,2.786348,1.193739,1,0
31.120558,0.200000,0.040000,0.197064,0.047937,0.002936,-0.007937,1.963376,1.997204,4.893303,2.789280,1.195017,1,0
31.136559,0.200000,0.040000,0.197826,0.047937,0.002174,-0.007937,1.959574,1.993351,4.894463,2.792224,1.195619,1,0
31.152559,0.200000,0.040000,0.197467,0.047937,0.002533,-0.007937,1.959606,1.993332,4.895620,2.795164,1.196219,1,0
31.168560,0.200000,0.040000,0.197459,0.000000,0.002541,0.040000,1.942243,2.014574,4.896776,2.798105,1.196817,1,0
31.184561,0.200000,0.040000,0.197440,0.095874,0.002560,-0.055874,1.980793,1.976068,4.897929,2.801046,1.198101,1,0
31.200562,0.200000,0.040000,0.197810,0.000000,0.002190,0.040000,1.942338,2.014568,4.899081,2.803994,1.198022,1,0
31.216562,0.200000,0.040000,0.197452,0.047937,0.002548,-0.007937,1.959627,1.993457,4.900230,2.806936,1.199301,1,0
31.232563,0.200000,0.040000,0.197466,0.047937,0.002534,-0.007937,1.959659,1.993438,4.901377,2.809881,1.199904,1,0
31.248564,0.200000,0.040000,0.197467,0.000000,0.002533,0.040000,1.942296,2.014681,4.902521,2.812826,1.200504,1,0
31.264565,0.200000,0.040000,0.197448,0.095874,0.002552,-0.055874,1.980847,1.976174,4.903663,2.815771,1.201789,1,0
31.280565,0.200000,0.040000,0.197818,0.000000,0.002182,0.040000,1.942391,2.014674,4.904804,2.818723,1.201712,1,0
31.296566,0.200000,0.040000,0.197460,0.047937,0.002540,-0.007937,1.959681,1.993563,4.905943,2.821670,1.202992,1,0
31.312567,0.200000,0.040000,0.197474,0.047937,0.002526,-0.007937,1.959713,1.993545,4.907079,2.824619,1.203596,1,0
31.328568,0.200000,0.040000,0.197475,0.047937,0.002525,-0.007937,1.963611,1.997392,4.908212,2.827568,1.204197,1,0
31.344568,0.200000,0.040000,0.197855,0.047937,0.002145,-0.007937,1.959808,1.993538,4.909346,2.830524,1.204796,1,0
31.360569,0.200000,0.040000,0.197488,0.047937,0.002512,-0.007937,1.959840,1.993520,4.910476,2.833474,1.205393,1,0
31.376570,0.200000,0.040000,0.197481,0.000000,0.002519,0.040000,1.942477,2.014762,4.911605,2.836426,1.205990,1,0
31.392570,0.200000,0.040000,0.197461,0.095874,0.002539,-0.055874,1.981028,1.976256,4.912731,2.839378,1.207272,1,0
31.408571,0.200000,0.040000,0.197831,-0.047937,0.002169,0.087937,1.921311,2.032151,4.913856,2.842336,1.207192,1,0
31.424572,0.200000,0.040000,0.197074,0.143811,0.002926,-0.103811,1.998349,1.955126,4.914976,2.845284,1.209157,1,0
31.440573,0.200000,0.040000,0.197425,-0.047937,0.002575,0.087937,1.925241,2.035979,4.916093,2.848238,1.208399,1,0
31.456573,0.200000,0.040000,0.197448,0.143811,0.002552,-0.103811,1.998444,1.955120,4.917213,2.851193,1.210359,1,0
31.472574,0.200000,0.040000,0.197438,-0.095874,0.002562,0.135874,1.904075,2.053368,4.918326,2.854149,1.209596,1,0
31.488575,0.200000,0.040000,0.197053,0.143811,0.002947,-0.103811,1.998371,1.955251,4.919439,2.857099,1.212240,1,0
31.504576,0.200000,0.040000,0.197435,0.000000,0.002565,0.040000,1.942658,2.014843,4.920547,2.860057,1.211486,1,0
31.520576,0.200000,0.040000,0.197476,0.047937,0.002524,-0.007937,1.959947,1.993732,4.921657,2.863015,1.212763,1,0
31.536577,0.200000,0.040000,0.197498,0.000000,0.002502,0.040000,1.942584,2.014975,4.922764,2.865975,1.213364,1,0
31.552578,0.200000,0.040000,0.197478,0.095874,0.002522,-0.055874,1.981135,1.976469,4.923869,2.868935,1.214650,1,0
31.568579,0.200000,0.040000,0.197848,0.047937,0.002152,-0.007937,1.960075,1.993707,4.924972,2.871902,1.214573,1,0
31.584579,0.200000,0.040000,0.197510,0.000000,0.002490,0.040000,1.942712,2.014950,4.926073,2.874864,1.215166,1,0
31.600580,0.200000,0.040000,0.197482,0.047937,0.002518,-0.007937,1.960001,1.993839,4.927172,2.877827,1.216446,1,0
31.616581,0.200000,0.040000,0.197503,0.047937,0.002497,-0.007937,1.960033,1.993820,4.928268,2.880791,1.217050,1,0
31.632582,0.200000,0.040000,0.197505,0.047937,0.002495,-0.007937,1.963931,1.997667,4.929362,2.883755,1.217650,1,0
31.648582,0.200000,0.040000,0.197885,0.047937,0.002115,-0.007937,1.960128,1.993814,4.930456,2.886726,1.218249,1,0
31.664583,0.200000,0.040000,0.197518,0.000000,0.002482,0.040000,1.942765,2.015056,4.931547,2.889693,1.218846,1,0
31.680584,0.200000,0.040000,0.197490,0.047937,0.002510,-0.007937,1.960055,1.993945,4.932635,2.892659,1.220128,1,0
31.696585,0.200000,0.040000,0.197511,0.095874,0.002489,-0.055874,1.981348,1.976531,4.933720,2.895627,1.220734,1,0
31.712585,0.200000,0.040000,0.197860,-0.047937,0.002140,0.087937,1.921631,2.032426,4.934805,2.898601,1.220652,1,0
31.728586,0.200000,0.040000,0.197103,0.095874,0.002897,-0.055874,1.981274,1.976663,4.935886,2.901564,1.222614,1,0
31.744587,0.200000,0.040000,0.197857,0.047937,0.002143,-0.007937,1.960214,1.993901,4.936965,2.904540,1.222541,1,0
31.760588,0.200000,0.040000,0.197526,0.000000,0.002474,0.040000,1.942851,2.015144,4.938043,2.907511,1.223136,1,0
31.776588,0.200000,0.040000,0.197499,0.095874,0.002501,-0.055874,1.981401,1.976638,4.939119,2.910482,1.224418,1,0
31.792589,0.200000,0.040000,0.197869,-0.047937,0.002131,0.087937,1.921685,2.032533,4.940193,2.913460,1.224338,1,0
31.808590,0.200000,0.040000,0.197112,0.143811,0.002888,-0.103811,1.998723,1.955508,4.941263,2.916427,1.226303,1,0
31.824591,0.200000,0.040000,0.197463,-0.047937,0.002537,0.087937,1.925615,2.036361,4.942329,2.919401,1.225544,1,0
31.840591,0.200000,0.040000,0.197485,0.143811,0.002515,-0.103811,1.998818,1.955502,4.943398,2.922374,1.227504,1,0
31.856592,0.200000,0.040000,0.197476,-0.095874,0.002524,0.135874,1.904449,2.053750,4.944461,2.925350,1.226741,1,0
31.872593,0.200000,0.040000,0.197090,0.143811,0.002910,-0.103811,1.998744,1.955633,4.945524,2.928319,1.229385,1,0
31.888594,0.200000,0.040000,0.197473,0.000000,0.002527,0.040000,1.943032,2.015225,4.946581,2.931296,1.228631,1,0
31.904594,0.200000,0.040000,0.197514,0.047937,0.002486,-0.007937,1.960321,1.994114,4.947640,2.934274,1.229907,1,0
31.920595,0.200000,0.040000,0.197535,0.047937,0.002465,-0.007937,1.960353,1.994096,4.948696,2.937253,1.230509,1,0
31.936596,0.200000,0.040000,0.197536,0.000000,0.002464,0.040000,1.942990,2.015338,4.949750,2.940232,1.231107,1,0
31.952597,0.200000,0.040000,0.197516,0.095874,0.002484,-0.055874,1.981541,1.976832,4.950803,2.943212,1.232392,1,0
31.968597,0.200000,0.040000,0.197886,0.000000,0.002114,0.040000,1.943085,2.015332,4.951853,2.946199,1.232314,1,0
31.984598,0.200000,0.040000,0.197528,0.047937,0.002472,-0.007937,1.960375,1.994221,4.952902,2.949180,1.233593,1,0
32.000599,0.200000,0.040000,0.197541,0.047937,0.002459,-0.007937,1.960407,1.994202,4.953947,2.952163,1.234196,1,0
32.016598,0.200000,0.040000,0.197542,0.000000,0.002458,0.040000,1.943044,2.015445,4.954990,2.955147,1.234796,1,0
32.032597,0.200000,0.040000,0.197523,0.095874,0.002477,-0.055874,1.981594,1.976938,4.956031,2.958131,1.236082,1,0
32.048595,0.200000,0.040000,0.197894,0.000000,0.002106,0.040000,1.943139,2.015438,4.957070,2.961122,1.236005,1,0
32.064594,0.200000,0.040000,0.197535,0.047937,0.002465,-0.007937,1.960428,1.994327,4.958108,2.964107,1.237285,1,0
32.080593,0.200000,0.040000,0.197549,0.047937,0.002451,-0.007937,1.960461,1.994308,4.959142,2.967094,1.237889,1,0
32.096592,0.200000,0.040000,0.197550,0.095874,0.002450,-0.055874,1.981754,1.976894,4.960174,2.970082,1.238490,1,0
32.112591,0.200000,0.040000,0.197898,-0.047937,0.002102,0.087937,1.922037,2.032790,4.961206,2.973075,1.238404,1,0
32.128590,0.200000,0.040000,0.197142,0.095874,0.002858,-0.055874,1.981680,1.977026,4.962235,2.976057,1.240365,1,0
32.144588,0.200000,0.040000,0.197895,0.000000,0.002105,0.040000,1.943225,2.015526,4.963261,2.979052,1.240290,1,0
32.160587,0.200000,0.040000,0.197545,0.047937,0.002455,-0.007937,1.960514,1.994415,4.964286,2.982042,1.241571,1,0
32.176586,0.200000,0.040000,0.197558,0.095874,0.002442,-0.055874,1.981807,1.977001,4.965308,2.985033,1.242176,1,0
32.192585,0.200000,0.040000,0.197907,-0.047937,0.002093,0.087937,1.922091,2.032896,4.966329,2.988031,1.242093,1,0
32.208584,0.200000,0.040000,0.197150,0.095874,0.002850,-0.055874,1.981734,1.977132,4.967346,2.991017,1.244055,1,0
32.224583,0.200000,0.040000,0.197903,0.047937,0.002097,-0.007937,1.960674,1.994371,4.968362,2.994016,1.243982,1,0
32.240582,0.200000,0.040000,0.197573,0.000000,0.002427,0.040000,1.943310,2.015614,4.969376,2.997010,1.244578,1,0
32.256580,0.200000,0.040000,0.197546,0.095874,0.002454,-0.055874,1.981861,1.977107,4.970388,3.000004,1.245859,1,0
32.272579,0.200000,0.040000,0.197915,-0.047937,0.002085,0.087937,1.922145,2.033002,4.971398,3.003005,1.245780,1,0
32.288578,0.200000,0.040000,0.197158,0.143811,0.002842,-0.103811,1.999183,1.955978,4.972405,3.005995,1.247744,1,0
32.304577,0.200000,0.040000,0.197510,-0.047937,0.002490,0.087937,1.926075,2.036831,4.973407,3.008992,1.246986,1,0
32.320576,0.200000,0.040000,0.197532,0.143811,0.002468,-0.103811,1.999278,1.955971,4.974412,3.011988,1.248946,1,0
32.336575,0.200000,0.040000,0.197522,-0.047937,0.002478,0.087937,1.922304,2.032959,4.975411,3.014987,1.248183,1,0
32.352573,0.200000,0.040000,0.197157,0.095874,0.002843,-0.055874,1.981947,1.977195,4.976410,3.017979,1.250140,1,0
32.368572,0.200000,0.040000,0.197917,0.000000,0.002083,0.040000,1.943491,2.015695,4.977408,3.020984,1.250063,1,0
32.384571,0.200000,0.040000,0.197568,0.047937,0.002432,-0.007937,1.960781,1.994584,4.978404,3.023984,1.251342,1,0
32.400570,0.200000,0.040000,0.197581,0.047937,0.002419,-0.007937,1.960813,1.994565,4.979396,3.026986,1.251945,1,0
32.416569,0.200000,0.040000,0.197582,0.000000,0.002418,0.040000,1.943450,2.015808,4.980386,3.029988,1.252545,1,0
32.432568,0.200000,0.040000,0.197562,0.095874,0.002438,-0.055874,1.982000,1.977302,4.981374,3.032991,1.253830,1,0
32.448566,0.200000,0.040000,0.197932,0.000000,0.002068,0.040000,1.943545,2.015801,4.982360,3.036000,1.253753,1,0
32.464565,0.200000,0.040000,0.197574,0.047937,0.002426,-0.007937,1.960835,1.994690,4.983345,3.039004,1.255032,1,0
32.480564,0.200000,0.040000,0.197588,0.047937,0.002412,-0.007937,1.960867,1.994672,4.984326,3.042009,1.255636,1,0
32.496563,0.200000,0.040000,0.197589,0.000000,0.002411,0.040000,1.943503,2.015914,4.985305,3.045015,1.256236,1,0
32.512562,0.200000,0.040000,0.197569,0.095874,0.002431,-0.055874,1.982054,1.977408,4.986283,3.048022,1.257522,1,0
32.528561,0.200000,0.040000,0.197940,0.047937,0.002060,-0.007937,1.960994,1.994647,4.987258,3.051035,1.257445,1,0
32.544559,0.200000,0.040000,0.197602,0.000000,0.002398,0.040000,1.943631,2.015889,4.988232,3.054043,1.258038,1,0
32.560558,0.200000,0.040000,0.197575,0.047937,0.002425,-0.007937,1.960920,1.994778,4.989204,3.057051,1.259318,1,0
32.576557,0.200000,0.040000,0.197597,0.047937,0.002403,-0.007937,1.960952,1.994760,4.990172,3.060061,1.259922,1,0
32.592556,0.200000,0.040000,0.197598,0.047937,0.002402,-0.007937,1.964850,1.998607,4.991138,3.063071,1.260523,1,0
32.608555,0.200000,0.040000,0.197978,0.047937,0.002022,-0.007937,1.961048,1.994753,4.992104,3.066087,1.261122,1,0
32.624554,0.200000,0.040000,0.197611,0.047937,0.002389,-0.007937,1.961080,1.994734,4.993067,3.069099,1.261719,1,0
32.640553,0.200000,0.040000,0.197604,0.000000,0.002396,0.040000,1.943717,2.015977,4.994028,3.072111,1.262315,1,0
32.656551,0.200000,0.040000,0.197584,0.047937,0.002416,-0.007937,1.961006,1.994866,4.994987,3.075123,1.263597,1,0
32.672550,0.200000,0.040000,0.197605,0.095874,0.002395,-0.055874,1.982299,1.977452,4.995942,3.078137,1.264202,1,0
32.688549,0.200000,0.040000,0.197954,-0.047937,0.002046,0.087937,1.922583,2.033347,4.996898,3.081157,1.264119,1,0
32.704548,0.200000,0.040000,0.197197,0.095874,0.002803,-0.055874,1.982226,1.977584,4.997849,3.084165,1.266081,1,0
32.720547,0.200000,0.040000,0.197951,0.000000,0.002049,0.040000,1.943770,2.016083,4.998799,3.087187,1.266008,1,0
32.736546,0.200000,0.040000,0.197600,0.047937,0.002400,-0.007937,1.961060,1.994972,4.999747,3.090203,1.267290,1,0
32.752544,0.200000,0.040000,0.197614,0.095874,0.002386,-0.055874,1.982353,1.977558,5.000691,3.093221,1.267896,1,0
32.768543,0.200000,0.040000,0.197962,-0.047937,0.002038,0.087937,1.922636,2.033453,5.001635,3.096244,1.267813,1,0
32.784542,0.200000,0.040000,0.197205,0.095874,0.002795,-0.055874,1.982279,1.977690,5.002576,3.099256,1.269776,1,0
32.800541,0.200000,0.040000,0.197959,0.047937,0.002041,-0.007937,1.961219,1.994929,5.003514,3.102281,1.269702,1,0
32.816540,0.200000,0.040000,0.197628,0.000000,0.002372,0.040000,1.943856,2.016171,5.004451,3.105301,1.270298,1,0
32.832539,0.200000,0.040000,0.197601,0.095874,0.002399,-0.055874,1.982406,1.977665,5.005386,3.108321,1.271580,1,0
32.848537,0.200000,0.040000,0.197970,-0.047937,0.002030,0.087937,1.922690,2.033560,5.006319,3.111348,1.271500,1,0
32.864536,0.200000,0.040000,0.197213,0.143811,0.002787,-0.103811,1.999728,1.956535,5.007249,3.114364,1.273465,1,0
32.880535,0.200000,0.040000,0.197565,0.000000,0.002435,0.040000,1.944015,2.016127,5.008174,3.117386,1.272706,1,0
32.896534,0.200000,0.040000,0.197607,0.047937,0.002393,-0.007937,1.961305,1.995016,5.009102,3.120409,1.273979,1,0
32.912533,0.200000,0.040000,0.197629,0.000000,0.002371,0.040000,1.943942,2.016259,5.010026,3.123433,1.274578,1,0
32.928532,0.200000,0.040000,0.197610,0.095874,0.002390,-0.055874,1.982492,1.977753,5.010948,3.126457,1.275861,1,0
32.944530,0.200000,0.040000,0.197979,-0.047937,0.002021,0.087937,1.922776,2.033648,5.011868,3.129488,1.275783,1,0
32.960529,0.200000,0.040000,0.197222,0.143811,0.002778,-0.103811,1.999814,1.956623,5.012785,3.132508,1.277749,1,0
32.976528,0.200000,0.040000,0.197574,-0.047937,0.002426,0.087937,1.926706,2.037476,5.013697,3.135534,1.276991,1,0
32.992527,0.200000,0.040000,0.197595,0.143811,0.002405,-0.103811,1.999909,1.956617,5.014612,3.138561,1.278952,1,0
33.008526,0.200000,0.040000,0.197586,-0.047937,0.002414,0.087937,1.922935,2.033604,5.015521,3.141589,1.278190,1,0
33.024525,0.200000,0.040000,0.197221,0.095874,0.002779,-0.055874,1.982578,1.977840,5.016430,3.144610,1.280147,1,0
33.040524,0.200000,0.040000,0.197981,-0.047937,0.002019,0.087937,1.922861,2.033736,5.017337,3.147645,1.280069,1,0
33.056522,0.200000,0.040000,0.197231,0.143811,0.002769,-0.103811,1.999900,1.956711,5.018241,3.150669,1.282035,1,0
33.072521,0.200000,0.040000,0.197583,-0.047937,0.002417,0.087937,1.926792,2.037564,5.019140,3.153699,1.281278,1,0
33.088520,0.200000,0.040000,0.197604,0.143811,0.002396,-0.103811,1.999995,1.956704,5.020042,3.156730,1.283238,1,0
33.104519,0.200000,0.040000,0.197595,-0.047937,0.002405,0.087937,1.923021,2.033692,5.020938,3.159762,1.282477,1,0
33.120518,0.200000,0.040000,0.197230,0.095874,0.002770,-0.055874,1.982664,1.977928,5.021835,3.162787,1.284434,1,0
33.136517,0.200000,0.040000,0.197989,0.000000,0.002011,0.040000,1.944208,2.016428,5.022729,3.165826,1.284356,1,0
33.152515,0.200000,0.040000,0.197640,0.047937,0.002360,-0.007937,1.961498,1.995317,5.023621,3.168860,1.285635,1,0
33.168514,0.200000,0.040000,0.197653,0.047937,0.002347,-0.007937,1.961530,1.995298,5.024510,3.171895,1.286239,1,0
33.184513,0.200000,0.040000,0.197654,0.000000,0.002346,0.040000,1.944167,2.016541,5.025397,3.174930,1.286839,1,0
33.200512,0.200000,0.040000,0.197634,0.095874,0.002366,-0.055874,1.982717,1.978035,5.026282,3.177966,1.288124,1,0
33.216511,0.200000,0.040000,0.198004,0.047937,0.001996,-0.007937,1.961657,1.995273,5.027165,3.181009,1.288047,1,0
33.232510,0.200000,0.040000,0.197667,0.000000,0.002333,0.040000,1.944294,2.016516,5.028047,3.184046,1.288640,1,0
33.248508,0.200000,0.040000,0.197640,0.047937,0.002360,-0.007937,1.961584,1.995405,5.028927,3.187083,1.289919,1,0
33.264507,0.200000,0.040000,0.197661,0.047937,0.002339,-0.007937,1.961616,1.995386,5.029802,3.190122,1.290522,1,0
33.280506,0.200000,0.040000,0.197662,0.000000,0.002338,0.040000,1.944253,2.016629,5.030676,3.193162,1.291123,1,0
33.296505,0.200000,0.040000,0.197643,0.095874,0.002357,-0.055874,1.982803,1.978122,5.031549,3.196201,1.292408,1,0
33.312504,0.200000,0.040000,0.198013,0.000000,0.001987,0.040000,1.944348,2.016622,5.032418,3.199248,1.292331,1,0
33.328503,0.200000,0.040000,0.197655,0.047937,0.002345,-0.007937,1.961637,1.995511,5.033287,3.202289,1.293611,1,0
33.344501,0.200000,0.040000,0.197669,0.047937,0.002331,-0.007937,1.961669,1.995493,5.034152,3.205331,1.294214,1,0
33.360500,0.200000,0.040000,0.197670,0.047937,0.002330,-0.007937,1.961702,1.995474,5.035014,3.208374,1.294815,1,0
33.376499,0.200000,0.040000,0.197671,0.000000,0.002329,0.040000,1.944338,2.016716,5.035875,3.211417,1.295414,1,0
33.392498,0.200000,0.040000,0.197652,0.095874,0.002348,-0.055874,1.982889,1.978210,5.036735,3.214460,1.296698,1,0
33.408497,0.200000,0.040000,0.198022,0.000000,0.001978,0.040000,1.944433,2.016710,5.037591,3.217511,1.296621,1,0
33.424496,0.200000,0.040000,0.197664,0.047937,0.002336,-0.007937,1.961723,1.995599,5.038447,3.220555,1.297900,1,0
33.440495,0.200000,0.040000,0.197678,0.047937,0.002322,-0.007937,1.961755,1.995580,5.039299,3.223601,1.298504,1,0
33.456493,0.200000,0.040000,0.197679,0.047937,0.002321,-0.007937,1.961787,1.995562,5.040148,3.226648,1.299105,1,0
33.472492,0.200000,0.040000,0.197680,0.047937,0.002320,-0.007937,1.965685,1.999409,5.040996,3.229695,1.299703,1,0
33.488491,0.200000,0.040000,0.198060,0.047937,0.001940,-0.007937,1.961882,1.995555,5.041844,3.232749,1.300301,1,0
33.504490,0.200000,0.040000,0.197693,0.000000,0.002307,0.040000,1.944519,2.016798,5.042689,3.235797,1.300897,1,0
33.520489,0.200000,0.040000,0.197665,0.047937,0.002335,-0.007937,1.961809,1.995687,5.043531,3.238845,1.302179,1,0
33.536488,0.200000,0.040000,0.197686,0.047937,0.002314,-0.007937,1.961841,1.995668,5.044370,3.241895,1.302785,1,0
33.552486,0.200000,0.040000,0.197688,0.047937,0.002312,-0.007937,1.961873,1.995650,5.045207,3.244945,1.303387,1,0
33.568485,0.200000,0.040000,0.197688,0.047937,0.002312,-0.007937,1.965771,1.999497,5.046042,3.247996,1.303987,1,0
33.584484,0.200000,0.040000,0.198069,0.047937,0.001931,-0.007937,1.961968,1.995643,5.046876,3.251053,1.304585,1,0
33.600483,0.200000,0.040000,0.197702,0.000000,0.002298,0.040000,1.944605,2.016886,5.047708,3.254105,1.305182,1,0
33.616482,0.200000,0.040000,0.197674,0.047937,0.002326,-0.007937,1.961895,1.995775,5.048537,3.257157,1.306464,1,0
33.632481,0.200000,0.040000,0.197695,0.047937,0.002305,-0.007937,1.961927,1.995756,5.049363,3.260211,1.307070,1,0
33.648479,0.200000,0.040000,0.197696,0.047937,0.002304,-0.007937,1.965824,1.999603,5.050187,3.263265,1.307672,1,0
33.664478,0.200000,0.040000,0.198077,0.047937,0.001923,-0.007937,1.962022,1.995749,5.051010,3.266325,1.308272,1,0
33.680477,0.200000,0.040000,0.197709,0.047937,0.002291,-0.007937,1.962054,1.995731,5.051830,3.269380,1.308870,1,0
33.696476,0.200000,0.040000,0.197702,0.000000,0.002298,0.040000,1.944691,2.016973,5.052649,3.272436,1.309467,1,0
33.712475,0.200000,0.040000,0.197683,0.047937,0.002317,-0.007937,1.961980,1.995862,5.053465,3.275492,1.310749,1,0
33.728474,0.200000,0.040000,0.197704,0.047937,0.002296,-0.007937,1.962013,1.995844,5.054278,3.278549,1.311355,1,0
33.744473,0.200000,0.040000,0.197705,0.047937,0.002295,-0.007937,1.965910,1.999691,5.055088,3.281606,1.311957,1,0
33.760471,0.200000,0.040000,0.198085,0.047937,0.001915,-0.007937,1.962108,1.995837,5.055899,3.284670,1.312557,1,0
33.776470,0.200000,0.040000,0.197718,0.047937,0.002282,-0.007937,1.962140,1.995819,5.056706,3.287729,1.313155,1,0
33.792469,0.200000,0.040000,0.197711,0.000000,0.002289,0.040000,1.944777,2.017061,5.057511,3.290788,1.313752,1,0
33.808468,0.200000,0.040000,0.197691,0.047937,0.002309,-0.007937,1.962066,1.995950,5.058315,3.293848,1.315034,1,0
33.824467,0.200000,0.040000,0.197712,0.047937,0.002288,-0.007937,1.962098,1.995932,5.059114,3.296908,1.315640,1,0
33.840466,0.200000,0.040000,0.197714,0.047937,0.002286,-0.007937,1.965996,1.999779,5.059912,3.299970,1.316242,1,0
33.856464,0.200000,0.040000,0.198094,0.047937,0.001906,-0.007937,1.962193,1.995925,5.060709,3.303037,1.316842,1,0
33.872463,0.200000,0.040000,0.197727,0.047937,0.002273,-0.007937,1.962226,1.995906,5.061503,3.306100,1.317440,1,0
33.888462,0.200000,0.040000,0.197719,0.000000,0.002281,0.040000,1.944862,2.017149,5.062295,3.309162,1.318037,1,0
33.904461,0.200000,0.040000,0.197700,0.047937,0.002300,-0.007937,1.962152,1.996038,5.063086,3.312225,1.319319,1,0
33.920460,0.200000,0.040000,0.197721,0.047937,0.002279,-0.007937,1.962184,1.996019,5.063872,3.315289,1.319925,1,0
33.936459,0.200000,0.040000,0.197722,0.047937,0.002278,-0.007937,1.966082,1.999866,5.064657,3.318354,1.320527,1,0
33.952457,0.200000,0.040000,0.198103,0.047937,0.001897,-0.007937,1.962279,1.996013,5.065441,3.321425,1.321127,1,0
33.968456,0.200000,0.040000,0.197735,0.047937,0.002265,-0.007937,1.962311,1.995994,5.066222,3.324491,1.321725,1,0
33.984455,0.200000,0.040000,0.197728,0.000000,0.002272,0.040000,1.944948,2.017237,5.067001,3.327557,1.322322,1,0
34.000454,0.200000,0.040000,0.197709,0.047937,0.002291,-0.007937,1.962238,1.996126,5.067778,3.330624,1.323605,1,0
34.016453,0.200000,0.040000,0.197730,0.047937,0.002270,-0.007937,1.962270,1.996107,5.068551,3.333691,1.324210,1,0
34.032452,0.200000,0.040000,0.197731,0.047937,0.002269,-0.007937,1.966168,1.999954,5.069323,3.336760,1.324813,1,0
34.048450,0.200000,0.040000,0.198112,0.047937,0.001888,-0.007937,1.962365,1.996101,5.070094,3.339834,1.325413,1,0
34.064449,0.200000,0.040000,0.197744,0.047937,0.002256,-0.007937,1.962397,1.996082,5.070862,3.342903,1.326011,1,0
34.080448,0.200000,0.040000,0.197737,0.000000,0.002263,0.040000,1.945034,2.017324,5.071628,3.345973,1.326608,1,0
34.096447,0.200000,0.040000,0.197717,0.047937,0.002283,-0.007937,1.962323,1.996214,5.072392,3.349043,1.327890,1,0
34.112446,0.200000,0.040000,0.197738,0.047937,0.002262,-0.007937,1.962356,1.996195,5.073152,3.352114,1.328496,1,0
34.128445,0.200000,0.040000,0.197740,0.095874,0.002260,-0.055874,1.983649,1.978781,5.073910,3.355186,1.329098,1,0
34.144444,0.200000,0.040000,0.198088,-0.047937,0.001912,0.087937,1.923932,2.034676,5.074668,3.358263,1.329013,1,0
34.160442,0.200000,0.040000,0.197332,0.095874,0.002668,-0.055874,1.983575,1.978913,5.075423,3.361329,1.330974,1,0
34.176441,0.200000,0.040000,0.198084,0.000000,0.001916,0.040000,1.945120,2.017412,5.076175,3.364408,1.330899,1,0
34.192440,0.200000,0.040000,0.197734,0.047937,0.002266,-0.007937,1.962409,1.996301,5.076926,3.367481,1.332181,1,0
34.208439,0.200000,0.040000,0.197748,0.047937,0.002252,-0.007937,1.962441,1.996283,5.077673,3.370556,1.332786,1,0
34.224438,0.200000,0.040000,0.197749,0.095874,0.002251,-0.055874,1.983735,1.978869,5.078418,3.373631,1.333388,1,0
34.240437,0.200000,0.040000,0.198096,-0.047937,0.001904,0.087937,1.924018,2.034764,5.079163,3.376711,1.333302,1,0
34.256435,0.200000,0.040000,0.197340,0.095874,0.002660,-0.055874,1.983661,1.979000,5.079905,3.379780,1.335263,1,0
34.272434,0.200000,0.040000,0.198093,0.000000,0.001907,0.040000,1.945206,2.017500,5.080644,3.382862,1.335188,1,0
34.288433,0.200000,0.040000,0.197743,0.047937,0.002257,-0.007937,1.962495,1.996389,5.081382,3.385939,1.336469,1,0
34.304432,0.200000,0.040000,0.197756,0.047937,0.002244,-0.007937,1.962527,1.996371,5.082115,3.389017,1.337074,1,0
34.320431,0.200000,0.040000,0.197757,0.047937,0.002243,-0.007937,1.962559,1.996352,5.082847,3.392095,1.337676,1,0
34.336430,0.200000,0.040000,0.197758,0.047937,0.002242,-0.007937,1.966457,2.000199,5.083578,3.395174,1.338275,1,0
34.352428,0.200000,0.040000,0.198138,0.047937,0.001862,-0.007937,1.962654,1.996346,5.084307,3.398259,1.338873,1,0
34.368427,0.200000,0.040000,0.197771,0.000000,0.002229,0.040000,1.945291,2.017588,5.085034,3.401339,1.339470,1,0
34.384426,0.200000,0.040000,0.197743,0.047937,0.002257,-0.007937,1.962581,1.996477,5.085759,3.404419,1.340752,1,0
34.400425,0.200000,0.040000,0.197764,0.047937,0.002236,-0.007937,1.962613,1.996458,5.086479,3.407500,1.341358,1,0
34.416424,0.200000,0.040000,0.197765,0.047937,0.002235,-0.007937,1.962645,1.996440,5.087198,3.410581,1.341960,1,0
34.432423,0.200000,0.040000,0.197766,0.047937,0.002234,-0.007937,1.966543,2.000287,5.087915,3.413663,1.342560,1,0
34.448421,0.200000,0.040000,0.198147,0.047937,0.001853,-0.007937,1.962740,1.996433,5.088632,3.416751,1.343159,1,0
34.464420,0.200000,0.040000,0.197780,0.047937,0.002220,-0.007937,1.962772,1.996415,5.089345,3.419834,1.343756,1,0
34.480419,0.200000,0.040000,0.197772,0.000000,0.002228,0.040000,1.945409,2.017657,5.090057,3.422918,1.344351,1,0
34.496418,0.200000,0.040000,0.197753,0.047937,0.002247,-0.007937,1.962699,1.996546,5.090766,3.426001,1.345633,1,0
34.512417,0.200000,0.040000,0.197774,0.047937,0.002226,-0.007937,1.962731,1.996528,5.091472,3.429086,1.346238,1,0
34.528416,0.200000,0.040000,0.197775,0.000000,0.002225,0.040000,1.945368,2.017770,5.092176,3.432171,1.346840,1,0
34.544415,0.200000,0.040000,0.197756,0.095874,0.002244,-0.055874,1.983918,1.979264,5.092878,3.435256,1.348126,1,0
34.560413,0.200000,0.040000,0.198127,0.047937,0.001873,-0.007937,1.962858,1.996503,5.093577,3.438348,1.348050,1,0
34.576412,0.200000,0.040000,0.197789,0.000000,0.002211,0.040000,1.945495,2.017745,5.094275,3.441435,1.348644,1,0
34.592411,0.200000,0.040000,0.197762,0.047937,0.002238,-0.007937,1.962785,1.996634,5.094972,3.444521,1.349924,1,0
34.608410,0.200000,0.040000,0.197783,0.047937,0.002217,-0.007937,1.962817,1.996615,5.095664,3.447609,1.350528,1,0
34.624409,0.200000,0.040000,0.197784,0.000000,0.002216,0.040000,1.945454,2.017858,5.096355,3.450698,1.351129,1,0
34.640408,0.200000,0.040000,0.197765,0.095874,0.002235,-0.055874,1.984004,1.979352,5.097043,3.453786,1.352415,1,0
34.656406,0.200000,0.040000,0.198135,0.047937,0.001865,-0.007937,1.962944,1.996590,5.097729,3.456881,1.352338,1,0
34.672405,0.200000,0.040000,0.197797,0.000000,0.002203,0.040000,1.945581,2.017833,5.098415,3.459971,1.352931,1,0
34.688404,0.200000,0.040000,0.197770,0.047937,0.002230,-0.007937,1.962870,1.996722,5.099098,3.463060,1.354212,1,0
34.704403,0.200000,0.040000,0.197791,0.047937,0.002209,-0.007937,1.962903,1.996703,5.099777,3.466151,1.354815,1,0
34.720402,0.200000,0.040000,0.197793,0.000000,0.002207,0.040000,1.945539,2.017946,5.100454,3.469243,1.355416,1,0
34.736401,0.200000,0.040000,0.197773,0.143811,0.002227,-0.103811,2.001485,1.958178,5.101130,3.472334,1.356702,1,0
34.752399,0.200000,0.040000,0.197742,-0.095874,0.002258,0.135874,1.907116,2.056427,5.101801,3.475426,1.355939,1,0
34.768398,0.200000,0.040000,0.197357,0.143811,0.002643,-0.103811,2.001411,1.958310,5.102474,3.478511,1.358582,1,0
34.784397,0.200000,0.040000,0.197740,0.000000,0.002260,0.040000,1.945699,2.017902,5.103139,3.481604,1.357828,1,0
34.800396,0.200000,0.040000,0.197781,0.047937,0.002219,-0.007937,1.962988,1.996791,5.103807,3.484697,1.359104,1,0
34.816395,0.200000,0.040000,0.197802,0.047937,0.002198,-0.007937,1.963021,1.996772,5.104472,3.487792,1.359706,1,0
34.832394,0.200000,0.040000,0.197803,0.000000,0.002197,0.040000,1.945657,2.018015,5.105134,3.490887,1.360305,1,0
34.848392,0.200000,0.040000,0.197783,0.095874,0.002217,-0.055874,1.984208,1.979509,5.105794,3.493981,1.361589,1,0
34.864391,0.200000,0.040000,0.198153,-0.047937,0.001847,0.087937,1.924491,2.035404,5.106452,3.497083,1.361511,1,0
34.880390,0.200000,0.040000,0.197395,0.143811,0.002605,-0.103811,2.001529,1.958379,5.107107,3.500172,1.363478,1,0
34.896389,0.200000,0.040000,0.197747,0.000000,0.002253,0.040000,1.945817,2.017971,5.107758,3.503269,1.362720,1,0
34.912388,0.200000,0.040000,0.197789,0.047937,0.002211,-0.007937,1.963106,1.996860,5.108411,3.506365,1.363994,1,0
34.928387,0.200000,0.040000,0.197811,0.000000,0.002189,0.040000,1.945743,2.018103,5.109060,3.509463,1.364594,1,0
34.944386,0.200000,0.040000,0.197792,0.095874,0.002208,-0.055874,1.984294,1.979596,5.109707,3.512561,1.365878,1,0
34.960384,0.200000,0.040000,0.198162,0.000000,0.001838,0.040000,1.941972,2.014230,5.110351,3.515665,1.365800,1,0
34.976383,0.200000,0.040000,0.197424,0.095874,0.002576,-0.055874,1.984358,1.979559,5.110994,3.518758,1.367080,1,0
34.992382,0.200000,0.040000,0.198154,0.000000,0.001846,0.040000,1.945903,2.018059,5.111634,3.521863,1.366998,1,0
35.008381,0.200000,0.040000,0.197806,0.047937,0.002194,-0.007937,1.963192,1.996948,5.112274,3.524963,1.368275,1,0
35.024380,0.200000,0.040000,0.197819,0.000000,0.002181,0.040000,1.945829,2.018190,5.112910,3.528063,1.368876,1,0
35.040379,0.200000,0.040000,0.197800,0.095874,0.002200,-0.055874,1.984379,1.979684,5.113544,3.531164,1.370162,1,0
35.056377,0.200000,0.040000,0.198170,0.000000,0.001830,0.040000,1.942058,2.014318,5.114175,3.534271,1.370085,1,0
35.072376,0.200000,0.040000,0.197433,0.095874,0.002567,-0.055874,1.984444,1.979647,5.114804,3.537367,1.371365,1,0
35.088375,0.200000,0.040000,0.198163,-0.047937,0.001837,0.087937,1.924727,2.035542,5.115431,3.540475,1.371284,1,0
35.104374,0.200000,0.040000,0.197414,0.095874,0.002586,-0.055874,1.984370,1.979779,5.116057,3.543571,1.373247,1,0
35.120373,0.200000,0.040000,0.198168,0.047937,0.001832,-0.007937,1.963310,1.997017,5.116678,3.546680,1.373175,1,0
35.136372,0.200000,0.040000,0.197837,0.000000,0.002163,0.040000,1.945947,2.018260,5.117299,3.549784,1.373771,1,0
35.152370,0.200000,0.040000,0.197810,0.095874,0.002190,-0.055874,1.984497,1.979753,5.117917,3.552888,1.375053,1,0
35.168369,0.200000,0.040000,0.198179,-0.047937,0.001821,0.087937,1.924781,2.035649,5.118533,3.555998,1.374973,1,0
35.184368,0.200000,0.040000,0.197422,0.143811,0.002578,-0.103811,2.001819,1.958624,5.119147,3.559097,1.376938,1,0
35.200367,0.200000,0.040000,0.197774,-0.047937,0.002226,0.087937,1.924845,2.035611,5.119756,3.562202,1.376180,1,0
35.216366,0.200000,0.040000,0.197416,0.095874,0.002584,-0.055874,1.984488,1.979848,5.120366,3.565301,1.378140,1,0
35.232365,0.200000,0.040000,0.198177,0.000000,0.001823,0.040000,1.946033,2.018348,5.120972,3.568414,1.378064,1,0
35.248363,0.200000,0.040000,0.197827,0.047937,0.002173,-0.007937,1.963322,1.997236,5.121578,3.571521,1.379345,1,0
35.264362,0.200000,0.040000,0.197840,0.095874,0.002160,-0.055874,1.984615,1.979823,5.122179,3.574628,1.379950,1,0
35.280361,0.200000,0.040000,0.198189,-0.047937,0.001811,0.087937,1.924899,2.035718,5.122780,3.577742,1.379867,1,0
35.296360,0.200000,0.040000,0.197431,0.143811,0.002569,-0.103811,2.001937,1.958693,5.123379,3.580844,1.381829,1,0
35.312359,0.200000,0.040000,0.197783,-0.095874,0.002217,0.135874,1.907568,2.056942,5.123972,3.583952,1.381069,1,0
35.328358,0.200000,0.040000,0.197405,0.191748,0.002595,-0.151748,2.023124,1.941429,5.124567,3.587054,1.383714,1,0
35.344357,0.200000,0.040000,0.197766,-0.095874,0.002234,0.135874,1.903797,2.053069,5.125155,3.590163,1.382275,1,0
35.360355,0.200000,0.040000,0.197032,0.143811,0.002968,-0.103811,2.005793,1.962653,5.125745,3.593260,1.384916,1,0
35.376354,0.200000,0.040000,0.198162,-0.047937,0.001838,0.087937,1.924985,2.035805,5.126330,3.596376,1.384160,1,0
35.392353,0.200000,0.040000,0.197442,0.143811,0.002558,-0.103811,2.002023,1.958781,5.126916,3.599480,1.386122,1,0
35.408352,0.200000,0.040000,0.197793,-0.047937,0.002207,0.087937,1.925049,2.035768,5.127496,3.602591,1.385361,1,0
35.424351,0.200000,0.040000,0.197435,0.095874,0.002565,-0.055874,1.984692,1.980005,5.128078,3.605696,1.387319,1,0
35.440350,0.200000,0.040000,0.198195,0.000000,0.001805,0.040000,1.946236,2.018504,5.128655,3.608814,1.387243,1,0
35.456348,0.200000,0.040000,0.197845,0.047937,0.002155,-0.007937,1.963526,1.997394,5.129232,3.611927,1.388523,1,0
35.472347,0.200000,0.040000,0.197858,0.047937,0.002142,-0.007937,1.963558,1.997375,5.129805,3.615040,1.389127,1,0
35.488346,0.200000,0.040000,0.197858,0.047937,0.002142,-0.007937,1.963590,1.997356,5.130376,3.618154,1.389728,1,0
35.504345,0.200000,0.040000,0.197859,0.047937,0.002141,-0.007937,1.967488,2.001204,5.130946,3.621268,1.390327,1,0
35.520344,0.200000,0.040000,0.198240,0.047937,0.001760,-0.007937,1.963685,1.997350,5.131514,3.624389,1.390925,1,0
35.536343,0.200000,0.040000,0.197872,0.000000,0.002128,0.040000,1.946322,2.018592,5.132080,3.627504,1.391521,1,0
35.552341,0.200000,0.040000,0.197844,0.047937,0.002156,-0.007937,1.963612,1.997481,5.132644,3.630619,1.392803,1,0
35.568340,0.200000,0.040000,0.197866,0.047937,0.002134,-0.007937,1.963644,1.997463,5.133203,3.633735,1.393408,1,0
35.584339,0.200000,0.040000,0.197867,0.047937,0.002133,-0.007937,1.963676,1.997444,5.133761,3.636851,1.394010,1,0
35.600338,0.200000,0.040000,0.197868,0.000000,0.002132,0.040000,1.946313,2.018687,5.134317,3.639968,1.394610,1,0
35.616337,0.200000,0.040000,0.197849,0.095874,0.002151,-0.055874,1.984863,1.980180,5.134871,3.643084,1.395895,1,0
35.632336,0.200000,0.040000,0.198219,0.000000,0.001781,0.040000,1.942542,2.014814,5.135422,3.646208,1.395818,1,0
35.648335,0.200000,0.040000,0.197482,0.095874,0.002518,-0.055874,1.984928,1.980143,5.135971,3.649319,1.397097,1,0
35.664333,0.200000,0.040000,0.198212,0.000000,0.001788,0.040000,1.946472,2.018643,5.136519,3.652443,1.397016,1,0
35.680332,0.200000,0.040000,0.197863,0.047937,0.002137,-0.007937,1.963762,1.997532,5.137065,3.655561,1.398292,1,0
35.696331,0.200000,0.040000,0.197877,0.047937,0.002123,-0.007937,1.963794,1.997513,5.137608,3.658680,1.398894,1,0
35.712330,0.200000,0.040000,0.197878,0.000000,0.002122,0.040000,1.946431,2.018756,5.138149,3.661800,1.399493,1,0
35.728329,0.200000,0.040000,0.197859,0.095874,0.002141,-0.055874,1.984981,1.980250,5.138688,3.664919,1.400777,1,0
35.744328,0.200000,0.040000,0.198229,-0.047937,0.001771,0.087937,1.925265,2.036145,5.139223,3.668046,1.400699,1,0
35.760326,0.200000,0.040000,0.197471,0.143811,0.002529,-0.103811,2.002303,1.959120,5.139758,3.671160,1.402665,1,0
35.776325,0.200000,0.040000,0.197823,0.000000,0.002177,0.040000,1.946590,2.018712,5.140286,3.674280,1.401907,1,0
35.792324,0.200000,0.040000,0.197865,0.047937,0.002135,-0.007937,1.963880,1.997601,5.140818,3.677401,1.403180,1,0
35.808323,0.200000,0.040000,0.197887,0.000000,0.002113,0.040000,1.946517,2.018844,5.141345,3.680523,1.403779,1,0
35.824322,0.200000,0.040000,0.197868,0.047937,0.002132,-0.007937,1.963806,1.997733,5.141871,3.683645,1.405063,1,0
35.840321,0.200000,0.040000,0.197889,0.095874,0.002111,-0.055874,1.985099,1.980319,5.142392,3.686768,1.405670,1,0
35.856319,0.200000,0.040000,0.198238,-0.047937,0.001762,0.087937,1.925383,2.036214,5.142913,3.689897,1.405589,1,0
35.872318,0.200000,0.040000,0.197481,0.143811,0.002519,-0.103811,2.002421,1.959189,5.143432,3.693014,1.407552,1,0
35.888317,0.200000,0.040000,0.197832,-0.095874,0.002168,0.135874,1.908052,2.057438,5.143945,3.696137,1.406792,1,0
35.904316,0.200000,0.040000,0.197454,0.191748,0.002546,-0.151748,2.023608,1.941926,5.144460,3.699254,1.409438,1,0
35.920315,0.200000,0.040000,0.197815,-0.095874,0.002185,0.135874,1.904281,2.053566,5.144968,3.702378,1.407999,1,0
35.936314,0.200000,0.040000,0.197081,0.191748,0.002919,-0.151748,2.023673,1.941888,5.145478,3.705490,1.410640,1,0
35.952312,0.200000,0.040000,0.197809,-0.095874,0.002191,0.135874,1.908211,2.057394,5.145982,3.708614,1.409197,1,0
35.968311,0.200000,0.040000,0.197463,0.143811,0.002537,-0.103811,2.002507,1.959277,5.146490,3.711733,1.411835,1,0
35.984310,0.200000,0.040000,0.197844,-0.047937,0.002156,0.087937,1.925533,2.036264,5.146990,3.714859,1.411077,1,0
36.000309,0.200000,0.040000,0.197485,0.095874,0.002515,-0.055874,1.985176,1.980501,5.147492,3.717978,1.413037,1,0
36.016308,0.200000,0.040000,0.198245,0.000000,0.001755,0.040000,1.946720,2.019001,5.147989,3.721111,1.412961,1,0
36.032307,0.200000,0.040000,0.197894,0.047937,0.002106,-0.007937,1.964010,1.997890,5.148486,3.724238,1.414242,1,0
36.048306,0.200000,0.040000,0.197907,0.047937,0.002093,-0.007937,1.964042,1.997871,5.148979,3.727366,1.414847,1,0
36.064304,0.200000,0.040000,0.197907,0.047937,0.002093,-0.007937,1.964074,1.997852,5.149470,3.730494,1.415449,1,0
36.080303,0.200000,0.040000,0.197908,0.000000,0.002092,0.040000,1.946711,2.019095,5.149959,3.733623,1.416048,1,0
36.096302,0.200000,0.040000,0.197888,0.095874,0.002112,-0.055874,1.985262,1.980589,5.150446,3.736751,1.417333,1,0
36.112301,0.200000,0.040000,0.198259,0.000000,0.001741,0.040000,1.942941,2.015223,5.150930,3.739886,1.417255,1,0
36.128300,0.200000,0.040000,0.197521,0.095874,0.002479,-0.055874,1.985326,1.980551,5.151413,3.743009,1.418535,1,0
36.144299,0.200000,0.040000,0.198252,0.000000,0.001748,0.040000,1.946871,2.019051,5.151893,3.746145,1.418453,1,0
36.160297,0.200000,0.040000,0.197903,0.047937,0.002097,-0.007937,1.964160,1.997940,5.152373,3.749275,1.419730,1,0
36.176296,0.200000,0.040000,0.197917,0.047937,0.002083,-0.007937,1.964192,1.997922,5.152849,3.752405,1.420331,1,0
36.192295,0.200000,0.040000,0.197918,0.000000,0.002082,0.040000,1.946829,2.019164,5.153323,3.755536,1.420930,1,0
36.208294,0.200000,0.040000,0.197899,0.095874,0.002101,-0.055874,1.985380,1.980658,5.153795,3.758667,1.422214,1,0
36.224293,0.200000,0.040000,0.198269,0.000000,0.001731,0.040000,1.943059,2.015292,5.154263,3.761805,1.422136,1,0
36.240292,0.200000,0.040000,0.197532,0.047937,0.002468,-0.007937,1.968049,2.001882,5.154731,3.764931,1.423415,1,0
36.256290,0.200000,0.040000,0.198293,0.047937,0.001707,-0.007937,1.964246,1.998028,5.155196,3.768069,1.424019,1,0
36.272289,0.200000,0.040000,0.197934,0.047937,0.002066,-0.007937,1.964278,1.998009,5.155658,3.771202,1.424619,1,0
36.288288,0.200000,0.040000,0.197927,0.000000,0.002073,0.040000,1.946915,2.019252,5.156119,3.774335,1.425218,1,0
36.304287,0.200000,0.040000,0.197907,0.095874,0.002093,-0.055874,1.981600,1.976880,5.156577,3.777468,1.426502,1,0
36.320286,0.200000,0.040000,0.197898,0.000000,0.002102,0.040000,1.946979,2.019215,5.157032,3.780602,1.426423,1,0
36.336285,0.200000,0.040000,0.197909,0.095874,0.002091,-0.055874,1.985530,1.980708,5.157487,3.783736,1.427702,1,0
36.352283,0.200000,0.040000,0.198278,-0.047937,0.001722,0.087937,1.925813,2.036603,5.157938,3.786876,1.427620,1,0
36.368282,0.200000,0.040000,0.197522,0.095874,0.002478,-0.055874,1.985456,1.980840,5.158388,3.790004,1.429583,1,0
36.384281,0.200000,0.040000,0.198275,0.047937,0.001725,-0.007937,1.964396,1.998079,5.158834,3.793145,1.429510,1,0
36.400280,0.200000,0.040000,0.197945,0.000000,0.002055,0.040000,1.947033,2.019321,5.159279,3.796281,1.430106,1,0
36.416279,0.200000,0.040000,0.197918,0.047937,0.002082,-0.007937,1.964322,1.998210,5.159722,3.799416,1.431387,1,0
36.432278,0.200000,0.040000,0.197938,0.047937,0.002062,-0.007937,1.964355,1.998192,5.160162,3.802553,1.431993,1,0
36.448277,0.200000,0.040000,0.197939,0.047937,0.002061,-0.007937,1.964387,1.998173,5.160599,3.805689,1.432595,1,0
36.464275,0.200000,0.040000,0.197940,0.000000,0.002060,0.040000,1.947024,2.019415,5.161034,3.808826,1.433194,1,0
36.480274,0.200000,0.040000,0.197921,0.095874,0.002079,-0.055874,1.985574,1.980909,5.161468,3.811963,1.434479,1,0
36.496273,0.200000,0.040000,0.198291,0.047937,0.001709,-0.007937,1.964514,1.998148,5.161898,3.815106,1.434402,1,0
36.512272,0.200000,0.040000,0.197954,0.000000,0.002046,0.040000,1.947151,2.019390,5.162328,3.818244,1.434995,1,0
36.528271,0.200000,0.040000,0.197927,0.047937,0.002073,-0.007937,1.964440,1.998279,5.162756,3.821382,1.436274,1,0
36.544270,0.200000,0.040000,0.197948,0.047937,0.002052,-0.007937,1.964473,1.998261,5.163180,3.824521,1.436878,1,0
36.560268,0.200000,0.040000,0.197949,0.047937,0.002051,-0.007937,1.964505,1.998242,5.163602,3.827660,1.437479,1,0
36.576267,0.200000,0.040000,0.197950,0.000000,0.002050,0.040000,1.947142,2.019485,5.164022,3.830799,1.438077,1,0
36.592266,0.200000,0.040000,0.197930,0.095874,0.002070,-0.055874,1.985692,1.980978,5.164441,3.833938,1.439361,1,0
36.608265,0.200000,0.040000,0.198300,0.000000,0.001700,0.040000,1.943371,2.015612,5.164856,3.837084,1.439283,1,0
36.624264,0.200000,0.040000,0.197563,0.095874,0.002437,-0.055874,1.985757,1.980941,5.165269,3.840217,1.440562,1,0
36.640263,0.200000,0.040000,0.198293,-0.047937,0.001707,0.087937,1.926040,2.036836,5.165681,3.843363,1.440481,1,0
36.656261,0.200000,0.040000,0.197545,0.095874,0.002455,-0.055874,1.985683,1.981073,5.166091,3.846497,1.442444,1,0
36.672260,0.200000,0.040000,0.198298,0.000000,0.001702,0.040000,1.947227,2.019572,5.166496,3.849644,1.442371,1,0
36.688259,0.200000,0.040000,0.197947,0.095874,0.002053,-0.055874,1.981912,1.977201,5.166901,3.852785,1.443654,1,0
36.704258,0.200000,0.040000,0.197930,0.000000,0.002070,0.040000,1.947292,2.019535,5.167301,3.855927,1.443575,1,0
36.720257,0.200000,0.040000,0.197941,0.095874,0.002059,-0.055874,1.985842,1.981029,5.167702,3.859068,1.444853,1,0
36.736256,0.200000,0.040000,0.198310,-0.047937,0.001690,0.087937,1.926126,2.036924,5.168100,3.862216,1.444771,1,0
36.752254,0.200000,0.040000,0.197554,0.143811,0.002446,-0.103811,2.003164,1.959900,5.168497,3.865352,1.446734,1,0
36.768253,0.200000,0.040000,0.197905,-0.095874,0.002095,0.135874,1.908795,2.058148,5.168888,3.868494,1.445973,1,0
36.784252,0.200000,0.040000,0.197527,0.191748,0.002473,-0.151748,2.024351,1.942636,5.169280,3.871630,1.448619,1,0
36.800251,0.200000,0.040000,0.197887,-0.095874,0.002113,0.135874,1.905024,2.054276,5.169665,3.874773,1.447180,1,0
36.816250,0.200000,0.040000,0.197154,0.191748,0.002846,-0.151748,2.024416,1.942599,5.170054,3.877904,1.449820,1,0
36.832249,0.200000,0.040000,0.197881,-0.095874,0.002119,0.135874,1.908954,2.058104,5.170435,3.881047,1.448377,1,0
36.848248,0.200000,0.040000,0.197536,0.143811,0.002464,-0.103811,2.003250,1.959987,5.170820,3.884184,1.451014,1,0
36.864246,0.200000,0.040000,0.197916,-0.047937,0.002084,0.087937,1.926276,2.036975,5.171198,3.887328,1.450256,1,0
36.880245,0.200000,0.040000,0.197558,0.095874,0.002442,-0.055874,1.985919,1.981211,5.171577,3.890466,1.452215,1,0
36.896244,0.200000,0.040000,0.198317,0.000000,0.001683,0.040000,1.947463,2.019711,5.171951,3.893617,1.452139,1,0
36.912243,0.200000,0.040000,0.197967,0.047937,0.002033,-0.007937,1.964753,1.998600,5.172326,3.896762,1.453420,1,0
36.928242,0.200000,0.040000,0.197980,0.047937,0.002020,-0.007937,1.964785,1.998581,5.172696,3.899908,1.454024,1,0
36.944241,0.200000,0.040000,0.197980,0.047937,0.002020,-0.007937,1.964817,1.998563,5.173064,3.903054,1.454625,1,0
36.960239,0.200000,0.040000,0.197981,0.000000,0.002019,0.040000,1.947454,2.019805,5.173430,3.906201,1.455224,1,0
36.976238,0.200000,0.040000,0.197961,0.095874,0.002039,-0.055874,1.986005,1.981299,5.173795,3.909347,1.456508,1,0
36.992237,0.200000,0.040000,0.198331,0.000000,0.001669,0.040000,1.943684,2.015933,5.174156,3.912500,1.456430,1,0
37.008236,0.200000,0.040000,0.197594,0.095874,0.002406,-0.055874,1.986069,1.981262,5.174516,3.915641,1.457709,1,0
37.024235,0.200000,0.040000,0.198324,-0.047937,0.001676,0.087937,1.926353,2.037157,5.174873,3.918794,1.457627,1,0
37.040234,0.200000,0.040000,0.197576,0.095874,0.002424,-0.055874,1.985995,1.981393,5.175229,3.921935,1.459590,1,0
37.056232,0.200000,0.040000,0.198329,0.047937,0.001671,-0.007937,1.964935,1.998632,5.175580,3.925088,1.459517,1,0
37.072231,0.200000,0.040000,0.197999,0.000000,0.002001,0.040000,1.947572,2.019874,5.175931,3.928237,1.460112,1,0
37.088230,0.200000,0.040000,0.197972,0.047937,0.002028,-0.007937,1.964862,1.998763,5.176281,3.931385,1.461394,1,0
37.104229,0.200000,0.040000,0.197993,0.047937,0.002007,-0.007937,1.964894,1.998745,5.176626,3.934534,1.462000,1,0
37.120228,0.200000,0.040000,0.197994,0.047937,0.002006,-0.007937,1.964926,1.998726,5.176969,3.937683,1.462602,1,0
37.136227,0.200000,0.040000,0.197995,0.000000,0.002005,0.040000,1.947563,2.019969,5.177310,3.940833,1.463202,1,0
37.152225,0.200000,0.040000,0.197975,0.095874,0.002025,-0.055874,1.986113,1.981462,5.177649,3.943982,1.464487,1,0
37.168224,0.200000,0.040000,0.198346,0.047937,0.001654,-0.007937,1.965053,1.998701,5.177985,3.947138,1.464409,1,0
37.184223,0.200000,0.040000,0.198008,0.000000,0.001992,0.040000,1.947690,2.019943,5.178321,3.950288,1.465002,1,0
37.200222,0.200000,0.040000,0.197981,0.047937,0.002019,-0.007937,1.964980,1.998833,5.178655,3.953438,1.466282,1,0
37.216221,0.200000,0.040000,0.198002,0.047937,0.001998,-0.007937,1.965012,1.998814,5.178984,3.956589,1.466886,1,0
37.232220,0.200000,0.040000,0.198004,0.047937,0.001996,-0.007937,1.965044,1.998795,5.179312,3.959740,1.467487,1,0
37.248219,0.200000,0.040000,0.198004,0.000000,0.001996,0.040000,1.947681,2.020038,5.179638,3.962892,1.468086,1,0
37.264217,0.200000,0.040000,0.197985,0.095874,0.002015,-0.055874,1.986231,1.981532,5.179962,3.966043,1.469370,1,0
37.280216,0.200000,0.040000,0.198355,0.000000,0.001645,0.040000,1.943910,2.016166,5.180282,3.969200,1.469293,1,0
37.296215,0.200000,0.040000,0.197618,0.095874,0.002382,-0.055874,1.986296,1.981494,5.180602,3.972346,1.470572,1,0
37.312214,0.200000,0.040000,0.198348,-0.047937,0.001652,0.087937,1.926579,2.037390,5.180919,3.975504,1.470490,1,0
37.328213,0.200000,0.040000,0.197599,0.095874,0.002401,-0.055874,1.986222,1.981626,5.181235,3.978649,1.472454,1,0
37.344212,0.200000,0.040000,0.198353,0.047937,0.001647,-0.007937,1.965162,1.998865,5.181545,3.981808,1.472381,1,0
37.360210,0.200000,0.040000,0.198022,0.000000,0.001978,0.040000,1.947799,2.020107,5.181856,3.984961,1.472977,1,0
37.376209,0.200000,0.040000,0.197995,0.047937,0.002005,-0.007937,1.965088,1.998996,5.182164,3.988114,1.474259,1,0
37.392208,0.200000,0.040000,0.198016,0.047937,0.001984,-0.007937,1.965120,1.998978,5.182469,3.991267,1.474865,1,0
37.408207,0.200000,0.040000,0.198017,0.047937,0.001983,-0.007937,1.965153,1.998959,5.182772,3.994421,1.475467,1,0
37.424206,0.200000,0.040000,0.198018,0.047937,0.001982,-0.007937,1.969050,2.002806,5.183072,3.997575,1.476068,1,0
37.440205,0.200000,0.040000,0.198398,0.000000,0.001602,0.040000,1.943987,2.016348,5.183372,4.000735,1.476666,1,0
37.456203,0.200000,0.040000,0.197631,0.095874,0.002369,-0.055874,1.986372,1.981677,5.183668,4.003883,1.477950,1,0
37.472202,0.200000,0.040000,0.198361,0.000000,0.001639,0.040000,1.947917,2.020176,5.183962,4.007044,1.477871,1,0
37.488201,0.200000,0.040000,0.198012,0.047937,0.001988,-0.007937,1.965206,1.999065,5.184255,4.010198,1.479151,1,0
37.504200,0.200000,0.040000,0.198026,0.047937,0.001974,-0.007937,1.965238,1.999047,5.184544,4.013353,1.479754,1,0
37.520199,0.200000,0.040000,0.198027,0.047937,0.001973,-0.007937,1.965271,1.999028,5.184831,4.016509,1.480355,1,0
37.536198,0.200000,0.040000,0.198027,0.000000,0.001973,0.040000,1.947907,2.020271,5.185117,4.019664,1.480954,1,0
37.552197,0.200000,0.040000,0.198008,0.095874,0.001992,-0.055874,1.986458,1.981764,5.185400,4.022820,1.482238,1,0
37.568195,0.200000,0.040000,0.198378,0.000000,0.001622,0.040000,1.944137,2.016398,5.185680,4.025981,1.482160,1,0
37.584194,0.200000,0.040000,0.197641,0.095874,0.002359,-0.055874,1.986522,1.981727,5.185959,4.029131,1.483439,1,0
37.600193,0.200000,0.040000,0.198371,-0.047937,0.001629,0.087937,1.926806,2.037622,5.186235,4.032293,1.483358,1,0
37.616192,0.200000,0.040000,0.197622,0.095874,0.002378,-0.055874,1.986449,1.981859,5.186511,4.035443,1.485321,1,0
37.632191,0.200000,0.040000,0.198376,0.047937,0.001624,-0.007937,1.965389,1.999097,5.186780,4.038606,1.485248,1,0
37.648190,0.200000,0.040000,0.198045,0.000000,0.001955,0.040000,1.948025,2.020340,5.187050,4.041763,1.485845,1,0
37.664188,0.200000,0.040000,0.198018,0.095874,0.001982,-0.055874,1.982710,1.977968,5.187319,4.044920,1.487127,1,0
37.680187,0.200000,0.040000,0.198008,0.000000,0.001992,0.040000,1.948090,2.020303,5.187582,4.048077,1.487048,1,0
37.696186,0.200000,0.040000,0.198019,0.047937,0.001981,-0.007937,1.965379,1.999192,5.187847,4.051234,1.488326,1,0
37.712185,0.200000,0.040000,0.198041,0.000000,0.001959,0.040000,1.948016,2.020434,5.188107,4.054392,1.488928,1,0
37.728184,0.200000,0.040000,0.198022,0.143811,0.001978,-0.103811,2.003962,1.960667,5.188365,4.057550,1.490215,1,0
37.744183,0.200000,0.040000,0.197990,-0.095874,0.002010,0.135874,1.909593,2.058915,5.188619,4.060708,1.489452,1,0
37.760181,0.200000,0.040000,0.197605,0.143811,0.002395,-0.103811,2.003888,1.960798,5.188876,4.063859,1.492096,1,0
37.776180,0.200000,0.040000,0.197988,0.000000,0.002012,0.040000,1.948176,2.020390,5.189124,4.067017,1.491342,1,0
37.792179,0.200000,0.040000,0.198029,0.047937,0.001971,-0.007937,1.965465,1.999279,5.189374,4.070175,1.492619,1,0
37.808178,0.200000,0.040000,0.198051,0.047937,0.001949,-0.007937,1.965497,1.999261,5.189621,4.073335,1.493221,1,0
37.824177,0.200000,0.040000,0.198051,0.047937,0.001949,-0.007937,1.965529,1.999242,5.189866,4.076494,1.493820,1,0
37.840176,0.200000,0.040000,0.198052,0.000000,0.001948,0.040000,1.948166,2.020485,5.190109,4.079654,1.494418,1,0
37.856174,0.200000,0.040000,0.198032,0.095874,0.001968,-0.055874,1.986717,1.981978,5.190350,4.082813,1.495701,1,0
37.872173,0.200000,0.040000,0.198401,0.000000,0.001599,0.040000,1.944396,2.016613,5.190587,4.085978,1.495622,1,0
37.888172,0.200000,0.040000,0.197664,0.095874,0.002336,-0.055874,1.986781,1.981941,5.190824,4.089132,1.496900,1,0
37.904171,0.200000,0.040000,0.198394,-0.047937,0.001606,0.087937,1.927065,2.037836,5.191057,4.092298,1.496818,1,0
37.920170,0.200000,0.040000,0.197646,0.095874,0.002354,-0.055874,1.986707,1.982073,5.191290,4.095452,1.498781,1,0
37.936169,0.200000,0.040000,0.198399,0.047937,0.001601,-0.007937,1.965647,1.999311,5.191518,4.098618,1.498707,1,0
37.952168,0.200000,0.040000,0.198069,0.000000,0.001931,0.040000,1.948284,2.020554,5.191745,4.101779,1.499303,1,0
37.968166,0.200000,0.040000,0.198042,0.047937,0.001958,-0.007937,1.965574,1.999443,5.191971,4.104939,1.500585,1,0
37.984165,0.200000,0.040000,0.198063,0.047937,0.001937,-0.007937,1.965606,1.999424,5.192192,4.108101,1.501190,1,0
38.000164,0.200000,0.040000,0.198064,0.047937,0.001936,-0.007937,1.965638,1.999406,5.192412,4.111262,1.501791,1,0
38.016163,0.200000,0.040000,0.198064,0.000000,0.001936,0.040000,1.948275,2.020648,5.192629,4.114424,1.502391,1,0
38.032162,0.200000,0.040000,0.198045,0.095874,0.001955,-0.055874,1.986825,1.982142,5.192845,4.117585,1.503676,1,0
38.048161,0.200000,0.040000,0.198415,0.000000,0.001585,0.040000,1.944504,2.016776,5.193057,4.120752,1.503598,1,0
38.064159,0.200000,0.040000,0.197678,0.095874,0.002322,-0.055874,1.986890,1.982105,5.193269,4.123908,1.504877,1,0
38.080158,0.200000,0.040000,0.198408,-0.047937,0.001592,0.087937,1.927173,2.038000,5.193477,4.127076,1.504796,1,0
38.096157,0.200000,0.040000,0.197659,0.095874,0.002341,-0.055874,1.986816,1.982236,5.193685,4.130232,1.506759,1,0
38.112156,0.200000,0.040000,0.198413,0.047937,0.001587,-0.007937,1.965756,1.999475,5.193887,4.133400,1.506686,1,0
38.128155,0.200000,0.040000,0.198082,0.000000,0.001918,0.040000,1.948393,2.020717,5.194089,4.136563,1.507282,1,0
38.144154,0.200000,0.040000,0.198055,0.047937,0.001945,-0.007937,1.965683,1.999606,5.194290,4.139725,1.508565,1,0
38.160152,0.200000,0.040000,0.198076,0.047937,0.001924,-0.007937,1.965715,1.999588,5.194486,4.142888,1.509171,1,0
38.176151,0.200000,0.040000,0.198077,0.047937,0.001923,-0.007937,1.965747,1.999569,5.194680,4.146052,1.509773,1,0
38.192150,0.200000,0.040000,0.198078,0.047937,0.001922,-0.007937,1.969645,2.003416,5.194873,4.149215,1.510373,1,0
38.208149,0.200000,0.040000,0.198458,0.000000,0.001542,0.040000,1.944581,2.016958,5.195064,4.152385,1.510972,1,0
38.224148,0.200000,0.040000,0.197691,0.095874,0.002309,-0.055874,1.986966,1.982287,5.195252,4.155542,1.512256,1,0
38.240147,0.200000,0.040000,0.198421,0.000000,0.001579,0.040000,1.948511,2.020787,5.195437,4.158711,1.512178,1,0
38.256145,0.200000,0.040000,0.198072,0.095874,0.001928,-0.055874,1.983196,1.978415,5.195622,4.161875,1.513457,1,0
38.272144,0.200000,0.040000,0.198054,0.000000,0.001946,0.040000,1.948575,2.020749,5.195802,4.165039,1.513376,1,0
38.288143,0.200000,0.040000,0.198066,0.047937,0.001934,-0.007937,1.965865,1.999638,5.195984,4.168203,1.514652,1,0
38.304142,0.200000,0.040000,0.198088,0.047937,0.001912,-0.007937,1.965897,1.999620,5.196161,4.171367,1.515254,1,0
38.320141,0.200000,0.040000,0.198089,0.000000,0.001911,0.040000,1.948534,2.020862,5.196336,4.174532,1.515853,1,0
38.336140,0.200000,0.040000,0.198069,0.095874,0.001931,-0.055874,1.987084,1.982356,5.196509,4.177696,1.517137,1,0
38.352139,0.200000,0.040000,0.198439,0.000000,0.001561,0.040000,1.944763,2.016990,5.196678,4.180867,1.517059,1,0
38.368137,0.200000,0.040000,0.197702,0.095874,0.002298,-0.055874,1.987149,1.982319,5.196848,4.184025,1.518339,1,0
38.384136,0.200000,0.040000,0.198432,-0.047937,0.001568,0.087937,1.927432,2.038214,5.197013,4.187196,1.518257,1,0
38.400135,0.200000,0.040000,0.197683,0.095874,0.002317,-0.055874,1.987075,1.982450,5.197179,4.190355,1.520220,1,0
38.416134,0.200000,0.040000,0.198436,0.047937,0.001564,-0.007937,1.966015,1.999689,5.197338,4.193525,1.520147,1,0
38.432133,0.200000,0.040000,0.198106,0.000000,0.001894,0.040000,1.948652,2.020931,5.197498,4.196691,1.520742,1,0
38.448132,0.200000,0.040000,0.198079,0.047937,0.001921,-0.007937,1.965941,1.999821,5.197656,4.199857,1.522024,1,0
38.464130,0.200000,0.040000,0.198100,0.047937,0.001900,-0.007937,1.965973,1.999802,5.197809,4.203022,1.522630,1,0
38.480129,0.200000,0.040000,0.198101,0.047937,0.001899,-0.007937,1.966006,1.999783,5.197961,4.206188,1.523232,1,0
38.496128,0.200000,0.040000,0.198102,0.000000,0.001898,0.040000,1.948642,2.021026,5.198111,4.209354,1.523831,1,0
38.512127,0.200000,0.040000,0.198082,0.143811,0.001918,-0.103811,2.004588,1.961259,5.198259,4.212520,1.525116,1,0
38.528126,0.200000,0.040000,0.198051,-0.095874,0.001949,0.135874,1.910219,2.059507,5.198403,4.215686,1.524351,1,0
38.544125,0.200000,0.040000,0.197666,0.143811,0.002334,-0.103811,2.004515,1.961390,5.198549,4.218845,1.526994,1,0
38.560123,0.200000,0.040000,0.198049,-0.047937,0.001951,0.087937,1.927541,2.038378,5.198687,4.222011,1.526239,1,0
38.576122,0.200000,0.040000,0.197690,0.143811,0.002310,-0.103811,2.004579,1.961353,5.198827,4.225171,1.528202,1,0
38.592121,0.200000,0.040000,0.198049,-0.095874,0.001951,0.135874,1.910210,2.059601,5.198961,4.228337,1.527442,1,0
38.608120,0.200000,0.040000,0.197311,0.191748,0.002689,-0.151748,2.025766,1.944089,5.199098,4.231491,1.529934,1,0
38.624119,0.200000,0.040000,0.198024,-0.095874,0.001976,0.135874,1.906439,2.055729,5.199226,4.234657,1.528494,1,0
38.640118,0.200000,0.040000,0.197095,0.191748,0.002905,-0.151748,2.025831,1.944052,5.199360,4.237807,1.530926,1,0
38.656116,0.200000,0.040000,0.198021,-0.095874,0.001979,0.135874,1.910369,2.059557,5.199485,4.240973,1.529482,1,0
38.672115,0.200000,0.040000,0.197077,0.143811,0.002923,-0.103811,2.004665,1.961441,5.199616,4.244124,1.531864,1,0
38.688114,0.200000,0.040000,0.198048,-0.047937,0.001952,0.087937,1.927691,2.038428,5.199738,4.247290,1.531104,1,0
38.704113,0.200000,0.040000,0.197701,0.095874,0.002299,-0.055874,1.987334,1.982665,5.199863,4.250451,1.533064,1,0
38.720112,0.200000,0.040000,0.198461,0.000000,0.001539,0.040000,1.945013,2.017299,5.199982,4.253624,1.532989,1,0
38.736111,0.200000,0.040000,0.197730,0.095874,0.002270,-0.055874,1.987398,1.982627,5.200100,4.256785,1.534271,1,0
38.752110,0.200000,0.040000,0.198460,-0.047937,0.001540,0.087937,1.927682,2.038522,5.200215,4.259959,1.534192,1,0
38.768108,0.200000,0.040000,0.197711,0.143811,0.002289,-0.103811,2.004720,1.961498,5.200330,4.263120,1.536157,1,0
38.784107,0.200000,0.040000,0.198062,-0.047937,0.001938,0.087937,1.931612,2.042351,5.200439,4.266287,1.535400,1,0
38.800106,0.200000,0.040000,0.198084,0.095874,0.001916,-0.055874,1.983554,1.978887,5.200551,4.269454,1.537360,1,0
38.816105,0.200000,0.040000,0.198097,0.000000,0.001903,0.040000,1.948934,2.021221,5.200656,4.272622,1.537286,1,0
38.832104,0.200000,0.040000,0.198107,0.047937,0.001893,-0.007937,1.966223,2.000110,5.200761,4.275790,1.538567,1,0
38.848103,0.200000,0.040000,0.198128,0.047937,0.001872,-0.007937,1.966255,2.000092,5.200863,4.278959,1.539173,1,0
38.864101,0.200000,0.040000,0.198129,0.047937,0.001871,-0.007937,1.966287,2.000073,5.200962,4.282127,1.539775,1,0
38.880100,0.200000,0.040000,0.198130,0.000000,0.001870,0.040000,1.948924,2.021316,5.201059,4.285296,1.540375,1,0
38.896099,0.200000,0.040000,0.198110,0.095874,0.001890,-0.055874,1.987475,1.982809,5.201155,4.288464,1.541660,1,0
38.912098,0.200000,0.040000,0.198481,0.000000,0.001519,0.040000,1.945154,2.017443,5.201247,4.291638,1.541583,1,0
38.928097,0.200000,0.040000,0.197743,0.095874,0.002257,-0.055874,1.987539,1.982772,5.201338,4.294801,1.542863,1,0
38.944096,0.200000,0.040000,0.198474,0.000000,0.001526,0.040000,1.949084,2.021272,5.201426,4.297975,1.542782,1,0
38.960094,0.200000,0.040000,0.198125,0.047937,0.001875,-0.007937,1.966373,2.000161,5.201514,4.301144,1.544059,1,0
38.976093,0.200000,0.040000,0.198139,0.047937,0.001861,-0.007937,1.966405,2.000142,5.201598,4.304313,1.544660,1,0
38.992092,0.200000,0.040000,0.198140,0.000000,0.001860,0.040000,1.949042,2.021385,5.201680,4.307482,1.545259,1,0
39.008091,0.200000,0.040000,0.198120,0.095874,0.001880,-0.055874,1.983727,1.979013,5.201760,4.310651,1.546544,1,0
39.024090,0.200000,0.040000,0.198111,0.000000,0.001889,0.040000,1.949107,2.021348,5.201836,4.313820,1.546466,1,0
39.040089,0.200000,0.040000,0.198122,0.047937,0.001878,-0.007937,1.966396,2.000237,5.201913,4.316989,1.547746,1,0
39.056087,0.200000,0.040000,0.198144,0.095874,0.001856,-0.055874,1.987689,1.982823,5.201985,4.320159,1.548349,1,0
39.072086,0.200000,0.040000,0.198492,-0.047937,0.001508,0.087937,1.927973,2.038718,5.202055,4.323334,1.548265,1,0
39.088085,0.200000,0.040000,0.196876,0.095874,0.003124,-0.055874,1.987616,1.982954,5.202126,4.326483,1.549554,1,0
39.104084,0.200000,0.040000,0.198470,0.047937,0.001530,-0.007937,1.966556,2.000193,5.202193,4.329658,1.549474,1,0
39.120083,0.200000,0.040000,0.198158,0.000000,0.001842,0.040000,1.949192,2.021435,5.202260,4.332828,1.550066,1,0
39.136082,0.200000,0.040000,0.197926,0.047937,0.002074,-0.007937,1.966482,2.000324,5.202325,4.335994,1.551255,1,0
39.152081,0.200000,0.040000,0.198148,0.047937,0.001852,-0.007937,1.966514,2.000306,5.202386,4.339164,1.551860,1,0
39.168079,0.200000,0.040000,0.198154,0.047937,0.001846,-0.007937,1.966546,2.000287,5.202445,4.342334,1.552462,1,0
39.184078,0.200000,0.040000,0.198154,0.000000,0.001846,0.040000,1.949183,2.021530,5.202502,4.345504,1.553062,1,0
39.200077,0.200000,0.040000,0.197483,0.095874,0.002517,-0.055874,1.983868,1.979158,5.202558,4.348663,1.554076,1,0
39.216076,0.200000,0.040000,0.198113,0.000000,0.001887,0.040000,1.949247,2.021492,5.202610,4.351832,1.553997,1,0
39.232075,0.200000,0.040000,0.197370,0.047937,0.002630,-0.007937,1.966537,2.000382,5.202663,4.354990,1.554959,1,0
39.248074,0.200000,0.040000,0.198142,0.095874,0.001858,-0.055874,1.987830,1.982968,5.202712,4.358159,1.555561,1,0
39.264072,0.200000,0.040000,0.198507,-0.047937,0.001493,0.087937,1.928114,2.038863,5.202760,4.361335,1.555477,1,0
39.280071,0.200000,0.040000,0.195602,0.095874,0.004398,-0.055874,1.987756,1.983099,5.202807,4.364465,1.556348,1,0
39.296070,0.200000,0.040000,0.198459,0.047937,0.001541,-0.007937,1.966697,2.000338,5.202853,4.367640,1.556266,1,0
39.312069,0.200000,0.040000,0.198173,0.000000,0.001827,0.040000,1.949333,2.021580,5.202898,4.370810,1.556858,1,0
39.328068,0.200000,0.040000,0.197332,0.047937,0.002668,-0.007937,1.966623,2.000469,5.202942,4.373967,1.557657,1,0
39.344067,0.200000,0.040000,0.198151,0.047937,0.001849,-0.007937,1.966655,2.000451,5.202983,4.377137,1.558259,1,0
