t,v_cmd,w_cmd,v_meas,w_meas,e_v,e_w,left_voltage,right_voltage,x_gt,y_gt,yaw_gt,seq_ok,status
0.016000,0.200000,0.000000,0.003197,0.000000,0.196803,0.000000,2.128480,2.128480,0.000000,0.000010,0.000000,1,0
0.032000,0.200000,0.000000,0.051479,0.000000,0.148521,0.000000,1.959672,1.959672,0.000824,0.000008,-0.000000,1,0
0.048000,0.200000,0.000000,0.103044,0.000000,0.096956,0.000000,1.971199,1.971199,0.002472,0.000006,-0.000000,1,0
0.064000,0.200000,0.000000,0.154390,0.000000,0.045610,0.000000,1.971221,1.971221,0.004943,0.000005,-0.000000,1,0
0.080000,0.200000,0.000000,0.196838,0.000000,0.003162,0.000000,1.971243,1.971243,0.008092,0.000004,-0.000000,1,0
0.096000,0.200000,0.000000,0.197609,0.000000,0.002391,0.000000,1.971266,1.971266,0.011254,0.000003,-0.000000,1,0
0.112000,0.200000,0.000000,0.197527,0.000000,0.002473,0.000000,1.971288,1.971288,0.014414,0.000002,-0.000000,1,0
0.128000,0.200000,0.000000,0.197448,0.000000,0.002552,0.000000,1.971310,1.971310,0.017573,0.000002,-0.000000,1,0
0.144000,0.200000,0.000000,0.197385,0.000000,0.002615,0.000000,1.967466,1.967466,0.020731,0.000002,-0.000000,1,0
0.160000,0.200000,0.000000,0.196956,0.000000,0.003044,0.000000,1.971323,1.971323,0.023883,0.000001,-0.000000,1,0
0.176000,0.200000,0.000000,0.197285,0.000000,0.002715,0.000000,1.971346,1.971346,0.027039,0.000001,-0.000000,1,0
0.192000,0.200000,0.000000,0.197262,0.000000,0.002738,0.000000,1.971368,1.971368,0.030196,0.000001,-0.000000,1,0
0.208000,0.200000,0.000000,0.197238,0.000000,0.002762,0.000000,1.971390,1.971390,0.033351,0.000001,-0.000000,1,0
0.224000,0.200000,0.000000,0.197219,0.000000,0.002781,0.000000,1.971412,1.971412,0.036507,0.000000,-0.000000,1,0
0.240000,0.200000,0.000000,0.197204,0.000000,0.002796,0.000000,1.971434,1.971434,0.039662,0.000000,-0.000000,1,0
0.256000,0.200000,0.000000,0.197192,0.000000,0.002808,0.000000,1.971456,1.971456,0.042817,0.000000,-0.000000,1,0
0.272000,0.200000,0.000000,0.197184,0.000000,0.002816,0.000000,1.971478,1.971478,0.045972,0.000000,-0.000000,1,0
0.288000,0.200000,0.000000,0.197177,0.000000,0.002823,0.000000,1.971501,1.971501,0.049127,0.000000,-0.000000,1,0
0.304000,0.200000,0.000000,0.197172,0.000000,0.002828,0.000000,1.971523,1.971523,0.052282,0.000000,-0.000000,1,0
0.320000,0.200000,0.000000,0.197169,0.000000,0.002831,0.000000,1.971545,1.971545,0.055436,0.000000,-0.000000,1,0
0.336000,0.200000,0.000000,0.197167,0.000000,0.002833,0.000000,1.971567,1.971567,0.058591,0.000000,-0.000000,1,0
0.352000,0.200000,0.000000,0.197166,0.000000,0.002834,0.000000,1.971589,1.971589,0.061746,0.000000,-0.000000,1,0
0.368000,0.200000,0.000000,0.197165,0.000000,0.002835,0.000000,1.971611,1.971611,0.064900,-0.000000,-0.000000,1,0
0.384000,0.200000,0.000000,0.197165,0.000000,0.002835,0.000000,1.967768,1.967768,0.068055,-0.000000,-0.000000,1,0
0.400000,0.200000,0.000000,0.196786,0.000000,0.003214,0.000000,1.971625,1.971625,0.071204,-0.000000,-0.000000,1,0
0.416000,0.200000,0.000000,0.197155,0.000000,0.002845,0.000000,1.971647,1.971647,0.074358,-0.000000,-0.000000,1,0
0.432000,0.200000,0.000000,0.197164,0.000000,0.002836,0.000000,1.971669,1.971669,0.077513,-0.000000,-0.000000,1,0
0.448000,0.200000,0.000000,0.197166,0.000000,0.002834,0.000000,1.971691,1.971691,0.080667,-0.000000,-0.000000,1,0
0.464000,0.200000,0.000000,0.197167,0.000000,0.002833,0.000000,1.971713,1.971713,0.083822,-0.000000,-0.000000,1,0
0.480000,0.200000,0.000000,0.197169,0.000000,0.002831,0.000000,1.971735,1.971735,0.086977,-0.000000,-0.000000,1,0
0.496000,0.200000,0.000000,0.197170,0.000000,0.002830,0.000000,1.971758,1.971758,0.090131,-0.000000,-0.000000,1,0
0.512000,0.200000,0.000000,0.197172,0.000000,0.002828,0.000000,1.971780,1.971780,0.093286,-0.000000,-0.000000,1,0
0.528000,0.200000,0.000000,0.197174,0.000000,0.002826,0.000000,1.971802,1.971802,0.096441,-0.000000,-0.000000,1,0
0.544000,0.200000,0.000000,0.197176,0.000000,0.002824,0.000000,1.971824,1.971824,0.099596,-0.000000,-0.000000,1,0
0.560000,0.200000,0.000000,0.197178,0.000000,0.002822,0.000000,1.971846,1.971846,0.102751,-0.000000,-0.000000,1,0
0.576000,0.200000,0.000000,0.197180,0.000000,0.002820,0.000000,1.971868,1.971868,0.105905,-0.000000,-0.000000,1,0
0.592000,0.200000,0.000000,0.197182,0.000000,0.002818,0.000000,1.971890,1.971890,0.109060,-0.000000,-0.000000,1,0
0.608000,0.200000,0.000000,0.197184,0.000000,0.002816,0.000000,1.968047,1.968047,0.112215,-0.000000,-0.000000,1,0
0.624000,0.200000,0.000000,0.196807,0.000000,0.003193,0.000000,1.971904,1.971904,0.115364,-0.000000,-0.000000,1,0
0.640000,0.200000,0.000000,0.197177,0.000000,0.002823,0.000000,1.971926,1.971926,0.118519,-0.000000,-0.000000,1,0
0.656000,0.200000,0.000000,0.197188,0.000000,0.002812,0.000000,1.971948,1.971948,0.121674,-0.000000,-0.000000,1,0
0.672000,0.200000,0.000000,0.197190,0.000000,0.002810,0.000000,1.971970,1.971970,0.124829,-0.000000,-0.000000,1,0
0.688000,0.200000,0.000000,0.197192,0.000000,0.002808,0.000000,1.971992,1.971992,0.127984,-0.000000,-0.000000,1,0
0.704000,0.200000,0.000000,0.197194,0.000000,0.002806,0.000000,1.972015,1.972015,0.131139,-0.000000,-0.000000,1,0
0.720000,0.200000,0.000000,0.197196,0.000000,0.002804,0.000000,1.972037,1.972037,0.134294,-0.000000,-0.000000,1,0
0.736000,0.200000,0.000000,0.197199,0.000000,0.002801,0.000000,1.972059,1.972059,0.137450,-0.000000,-0.000000,1,0
0.752000,0.200000,0.000000,0.197201,0.000000,0.002799,0.000000,1.972081,1.972081,0.140605,-0.000000,-0.000000,1,0
0.768000,0.200000,0.000000,0.197203,0.000000,0.002797,0.000000,1.972103,1.972103,0.143760,-0.000000,-0.000000,1,0
0.784000,0.200000,0.000000,0.197205,0.000000,0.002795,0.000000,1.972125,1.972125,0.146915,-0.000000,-0.000000,1,0
0.800000,0.200000,0.000000,0.197207,0.000000,0.002793,0.000000,1.972147,1.972147,0.150071,-0.000000,-0.000000,1,0
0.816000,0.200000,0.000000,0.197210,0.000000,0.002790,0.000000,1.968304,1.968304,0.153226,-0.000000,-0.000000,1,0
0.831999,0.200000,0.000000,0.196832,0.000000,0.003168,0.000000,1.972161,1.972161,0.156375,-0.000000,-0.000000,1,0
0.847999,0.200000,0.000000,0.197203,0.000000,0.002797,0.000000,1.972183,1.972183,0.159531,-0.000000,-0.000000,1,0
0.863999,0.200000,0.000000,0.197213,0.000000,0.002787,0.000000,1.972205,1.972205,0.162686,-0.000000,-0.000000,1,0
0.879999,0.200000,0.000000,0.197215,0.000000,0.002785,0.000000,1.972227,1.972227,0.165841,-0.000000,-0.000000,1,0
0.895999,0.200000,0.000000,0.197218,0.000000,0.002782,0.000000,1.972250,1.972250,0.168997,-0.000000,-0.000000,1,0
0.911999,0.200000,0.000000,0.197220,0.000000,0.002780,0.000000,1.972272,1.972272,0.172152,-0.000000,-0.000000,1,0
0.927999,0.200000,0.000000,0.197222,0.000000,0.002778,0.000000,1.972294,1.972294,0.175308,-0.000000,-0.000000,1,0
0.943999,0.200000,0.000000,0.197224,0.000000,0.002776,0.000000,1.972316,1.972316,0.178464,-0.000000,-0.000000,1,0
0.959999,0.200000,0.000000,0.197226,0.000000,0.002774,0.000000,1.972338,1.972338,0.181619,-0.000000,-0.000000,1,0
0.975999,0.200000,0.000000,0.197229,0.000000,0.002771,0.000000,1.972360,1.972360,0.184775,-0.000000,-0.000000,1,0
0.991999,0.200000,0.000000,0.197231,0.000000,0.002769,0.000000,1.972382,1.972382,0.187931,-0.000000,-0.000000,1,0
1.007999,0.200000,0.000000,0.197233,0.000000,0.002767,0.000000,1.968539,1.968539,0.191086,-0.000000,-0.000000,1,0
1.023999,0.200000,0.000000,0.196856,0.000000,0.003144,0.000000,1.972396,1.972396,0.194236,-0.000000,-0.000000,1,0
1.039999,0.200000,0.000000,0.197226,0.000000,0.002774,0.000000,1.972418,1.972418,0.197392,-0.000000,-0.000000,1,0
1.055999,0.200000,0.000000,0.197237,0.000000,0.002763,0.000000,1.972440,1.972440,0.200547,-0.000000,-0.000000,1,0
1.071999,0.200000,0.000000,0.197239,0.000000,0.002761,0.000000,1.972462,1.972462,0.203703,-0.000000,-0.000000,1,0
1.087999,0.200000,0.000000,0.197241,0.000000,0.002759,0.000000,1.972485,1.972485,0.206859,-0.000000,-0.000000,1,0
1.103999,0.200000,0.000000,0.197243,0.000000,0.002757,0.000000,1.972507,1.972507,0.210015,-0.000000,-0.000000,1,0
1.119999,0.200000,0.000000,0.197246,0.000000,0.002754,0.000000,1.972529,1.972529,0.213171,-0.000000,-0.000000,1,0
1.135999,0.200000,0.000000,0.197248,0.000000,0.002752,0.000000,1.972551,1.972551,0.216327,-0.000000,-0.000000,1,0
1.151999,0.200000,0.000000,0.197250,0.000000,0.002750,0.000000,1.972573,1.972573,0.219483,-0.000000,-0.000000,1,0
1.168000,0.200000,0.000000,0.197252,0.000000,0.002748,0.000000,1.972595,1.972595,0.222639,-0.000000,-0.000000,1,0
1.184000,0.200000,0.000000,0.197254,0.000000,0.002746,0.000000,1.972617,1.972617,0.225795,-0.000000,-0.000000,1,0
1.200000,0.200000,0.000000,0.197256,0.000000,0.002744,0.000000,1.968774,1.968774,0.228951,-0.000000,-0.000000,1,0
1.216000,0.200000,0.000000,0.196879,0.000000,0.003121,0.000000,1.972631,1.972631,0.232101,-0.000000,-0.000000,1,0
1.232000,0.200000,0.000000,0.197250,0.000000,0.002750,0.000000,1.972653,1.972653,0.235257,-0.000000,-0.000000,1,0
1.248000,0.200000,0.000000,0.197260,0.000000,0.002740,0.000000,1.972675,1.972675,0.238413,-0.000000,-0.000000,1,0
1.264000,0.200000,0.000000,0.197262,0.000000,0.002738,0.000000,1.972697,1.972697,0.241569,-0.000000,-0.000000,1,0
1.280000,0.200000,0.000000,0.197265,0.000000,0.002735,0.000000,1.972720,1.972720,0.244726,-0.000000,-0.000000,1,0
1.296000,0.200000,0.000000,0.197267,0.000000,0.002733,0.000000,1.972742,1.972742,0.247882,-0.000000,-0.000000,1,0
1.312000,0.200000,0.000000,0.197269,0.000000,0.002731,0.000000,1.972764,1.972764,0.251038,-0.000000,-0.000000,1,0
1.328000,0.200000,0.000000,0.197271,0.000000,0.002729,0.000000,1.972786,1.972786,0.254195,-0.000000,-0.000000,1,0
1.344000,0.200000,0.000000,0.197273,0.000000,0.002727,0.000000,1.972808,1.972808,0.257351,-0.000000,-0.000000,1,0
1.360000,0.200000,0.000000,0.197276,0.000000,0.002724,0.000000,1.972830,1.972830,0.260507,-0.000000,-0.000000,1,0
1.376000,0.200000,0.000000,0.197278,0.000000,0.002722,0.000000,1.968987,1.968987,0.263664,-0.000000,-0.000000,1,0
1.392000,0.200000,0.000000,0.196900,0.000000,0.003100,0.000000,1.972844,1.972844,0.266814,-0.000000,-0.000000,1,0
1.408000,0.200000,0.000000,0.197271,0.000000,0.002729,0.000000,1.972866,1.972866,0.269971,-0.000000,-0.000000,1,0
1.424000,0.200000,0.000000,0.197281,0.000000,0.002719,0.000000,1.972888,1.972888,0.273127,-0.000000,-0.000000,1,0
1.440000,0.200000,0.000000,0.197284,0.000000,0.002716,0.000000,1.972910,1.972910,0.276284,-0.000000,-0.000000,1,0
1.456000,0.200000,0.000000,0.197286,0.000000,0.002714,0.000000,1.972932,1.972932,0.279440,-0.000000,-0.000000,1,0
1.472000,0.200000,0.000000,0.197288,0.000000,0.002712,0.000000,1.972954,1.972954,0.282597,-0.000000,-0.000000,1,0
1.488000,0.200000,0.000000,0.197290,0.000000,0.002710,0.000000,1.972977,1.972977,0.285753,-0.000000,-0.000000,1,0
1.504000,0.200000,0.000000,0.197292,0.000000,0.002708,0.000000,1.972999,1.972999,0.288910,-0.000000,-0.000000,1,0
1.520000,0.200000,0.000000,0.197295,0.000000,0.002705,0.000000,1.973021,1.973021,0.292067,-0.000000,-0.000000,1,0
1.536000,0.200000,0.000000,0.197297,0.000000,0.002703,0.000000,1.969177,1.969177,0.295224,-0.000000,-0.000000,1,0
1.552000,0.200000,0.000000,0.196919,0.000000,0.003081,0.000000,1.973035,1.973035,0.298374,-0.000000,-0.000000,1,0
1.568000,0.200000,0.000000,0.197290,0.000000,0.002710,0.000000,1.973057,1.973057,0.301531,-0.000000,-0.000000,1,0
1.584000,0.200000,0.000000,0.197301,0.000000,0.002699,0.000000,1.973079,1.973079,0.304688,-0.000000,-0.000000,1,0
1.600000,0.200000,0.000000,0.197303,0.000000,0.002697,0.000000,1.973101,1.973101,0.307845,-0.000000,-0.000000,1,0
1.616000,0.200000,0.000000,0.197305,0.000000,0.002695,0.000000,1.973123,1.973123,0.311001,-0.000000,-0.000000,1,0
1.632000,0.200000,0.000000,0.197307,0.000000,0.002693,0.000000,1.973145,1.973145,0.314158,-0.000000,-0.000000,1,0
1.648000,0.200000,0.000000,0.197309,0.000000,0.002691,0.000000,1.973167,1.973167,0.317315,-0.000000,-0.000000,1,0
1.664001,0.200000,0.000000,0.197312,0.000000,0.002688,0.000000,1.973189,1.973189,0.320472,-0.000000,-0.000000,1,0
1.680001,0.200000,0.000000,0.197314,0.000000,0.002686,0.000000,1.973212,1.973212,0.323629,-0.000000,-0.000000,1,0
1.696001,0.200000,0.000000,0.197316,0.000000,0.002684,0.000000,1.969368,1.969368,0.326786,-0.000000,-0.000000,1,0
1.712001,0.200000,0.000000,0.196938,0.000000,0.003062,0.000000,1.973225,1.973225,0.329937,-0.000000,-0.000000,1,0
1.728001,0.200000,0.000000,0.197309,0.000000,0.002691,0.000000,1.973247,1.973247,0.333094,-0.000000,-0.000000,1,0
1.744001,0.200000,0.000000,0.197320,0.000000,0.002680,0.000000,1.973269,1.973269,0.336251,-0.000000,-0.000000,1,0
1.760001,0.200000,0.000000,0.197322,0.000000,0.002678,0.000000,1.973292,1.973292,0.339409,-0.000000,-0.000000,1,0
1.776001,0.200000,0.000000,0.197324,0.000000,0.002676,0.000000,1.973314,1.973314,0.342566,-0.000000,-0.000000,1,0
1.792001,0.200000,0.000000,0.197326,0.000000,0.002674,0.000000,1.973336,1.973336,0.345723,-0.000000,-0.000000,1,0
1.808001,0.200000,0.000000,0.197328,0.000000,0.002672,0.000000,1.973358,1.973358,0.348880,-0.000000,-0.000000,1,0
1.824001,0.200000,0.000000,0.197331,0.000000,0.002669,0.000000,1.973380,1.973380,0.352038,-0.000000,-0.000000,1,0
1.840001,0.200000,0.000000,0.197333,0.000000,0.002667,0.000000,1.973402,1.973402,0.355195,-0.000000,-0.000000,1,0
1.856001,0.200000,0.000000,0.197335,0.000000,0.002665,0.000000,1.969559,1.969559,0.358352,-0.000000,-0.000000,1,0
1.872001,0.200000,0.000000,0.196958,0.000000,0.003042,0.000000,1.973416,1.973416,0.361504,-0.000000,-0.000000,1,0
1.888001,0.200000,0.000000,0.197328,0.000000,0.002672,0.000000,1.973438,1.973438,0.364661,-0.000000,-0.000000,1,0
1.904001,0.200000,0.000000,0.197339,0.000000,0.002661,0.000000,1.973460,1.973460,0.367818,-0.000000,-0.000000,1,0
1.920001,0.200000,0.000000,0.197341,0.000000,0.002659,0.000000,1.973482,1.973482,0.370976,-0.000000,-0.000000,1,0
1.936001,0.200000,0.000000,0.197343,0.000000,0.002657,0.000000,1.973504,1.973504,0.374133,-0.000000,-0.000000,1,0
1.952001,0.200000,0.000000,0.197345,0.000000,0.002655,0.000000,1.973526,1.973526,0.377291,-0.000000,-0.000000,1,0
1.968001,0.200000,0.000000,0.197347,0.000000,0.002653,0.000000,1.973549,1.973549,0.380448,-0.000000,-0.000000,1,0
1.984001,0.200000,0.000000,0.197350,0.000000,0.002650,0.000000,1.973571,1.973571,0.383606,-0.000000,-0.000000,1,0
2.000001,0.200000,0.000000,0.197352,0.000000,0.002648,0.000000,1.973593,1.973593,0.386764,-0.000000,-0.000000,1,0
2.016001,0.200000,0.000000,0.197354,0.000000,0.002646,0.000000,1.969749,1.969749,0.389921,-0.000000,-0.000000,1,0
2.032001,0.200000,0.000000,0.196977,0.000000,0.003023,0.000000,1.973606,1.973606,0.393073,-0.000000,-0.000000,1,0
2.048001,0.200000,0.000000,0.197347,0.000000,0.002653,0.000000,1.973629,1.973629,0.396230,-0.000000,-0.000000,1,0
2.064001,0.200000,0.000000,0.197358,0.000000,0.002642,0.000000,1.973651,1.973651,0.399388,-0.000000,-0.000000,1,0
2.080001,0.200000,0.000000,0.197360,0.000000,0.002640,0.000000,1.973673,1.973673,0.402546,-0.000000,-0.000000,1,0
2.096001,0.200000,0.000000,0.197362,0.000000,0.002638,0.000000,1.973695,1.973695,0.405704,-0.000000,-0.000000,1,0
2.112001,0.200000,0.000000,0.197364,0.000000,0.002636,0.000000,1.973717,1.973717,0.408861,-0.000000,-0.000000,1,0
2.128001,0.200000,0.000000,0.197367,0.000000,0.002633,0.000000,1.973739,1.973739,0.412019,-0.000000,-0.000000,1,0
2.144001,0.200000,0.000000,0.197369,0.000000,0.002631,0.000000,1.973761,1.973761,0.415177,-0.000000,-0.000000,1,0
2.160002,0.200000,0.000000,0.197371,0.000000,0.002629,0.000000,1.969918,1.969918,0.418335,-0.000000,-0.000000,1,0
2.176002,0.200000,0.000000,0.196993,0.000000,0.003007,0.000000,1.973775,1.973775,0.421487,-0.000000,-0.000000,1,0
2.192002,0.200000,0.000000,0.197364,0.000000,0.002636,0.000000,1.973797,1.973797,0.424645,-0.000000,-0.000000,1,0
2.208002,0.200000,0.000000,0.197375,0.000000,0.002625,0.000000,1.973819,1.973819,0.427803,-0.000000,-0.000000,1,0
2.224002,0.200000,0.000000,0.197377,0.000000,0.002623,0.000000,1.973841,1.973841,0.430961,-0.000000,-0.000000,1,0
2.240002,0.200000,0.000000,0.197379,0.000000,0.002621,0.000000,1.973864,1.973864,0.434119,-0.000000,-0.000000,1,0
2.256002,0.200000,0.000000,0.197381,0.000000,0.002619,0.000000,1.973886,1.973886,0.437277,-0.000000,-0.000000,1,0
2.272002,0.200000,0.000000,0.197383,0.000000,0.002617,0.000000,1.973908,1.973908,0.440435,-0.000000,-0.000000,1,0
2.288002,0.200000,0.000000,0.197386,0.000000,0.002614,0.000000,1.973930,1.973930,0.443593,-0.000000,-0.000000,1,0
2.304002,0.200000,0.000000,0.197388,0.000000,0.002612,0.000000,1.970086,1.970086,0.446752,-0.000000,-0.000000,1,0
2.320002,0.200000,0.000000,0.197010,0.000000,0.002990,0.000000,1.973944,1.973944,0.449904,-0.000000,-0.000000,1,0
2.336002,0.200000,0.000000,0.197381,0.000000,0.002619,0.000000,1.973966,1.973966,0.453062,-0.000000,-0.000000,1,0
2.352002,0.200000,0.000000,0.197391,0.000000,0.002609,0.000000,1.973988,1.973988,0.456220,-0.000000,-0.000000,1,0
2.368002,0.200000,0.000000,0.197394,0.000000,0.002606,0.000000,1.974010,1.974010,0.459378,-0.000000,-0.000000,1,0
2.384002,0.200000,0.000000,0.197396,0.000000,0.002604,0.000000,1.974032,1.974032,0.462537,-0.000000,-0.000000,1,0
2.400002,0.200000,0.000000,0.197398,0.000000,0.002602,0.000000,1.974054,1.974054,0.465695,-0.000000,-0.000000,1,0
2.416002,0.200000,0.000000,0.197400,0.000000,0.002600,0.000000,1.974076,1.974076,0.468854,-0.000000,-0.000000,1,0
2.432002,0.200000,0.000000,0.197402,0.000000,0.002598,0.000000,1.974099,1.974099,0.472012,-0.000000,-0.000000,1,0
2.448002,0.200000,0.000000,0.197405,0.000000,0.002595,0.000000,1.970255,1.970255,0.475170,-0.000000,-0.000000,1,0
2.464002,0.200000,0.000000,0.197027,0.000000,0.002973,0.000000,1.974112,1.974112,0.478323,-0.000000,-0.000000,1,0
2.480002,0.200000,0.000000,0.197398,0.000000,0.002602,0.000000,1.974134,1.974134,0.481481,-0.000000,-0.000000,1,0
2.496002,0.200000,0.000000,0.197408,0.000000,0.002592,0.000000,1.974156,1.974156,0.484640,-0.000000,-0.000000,1,0
2.512002,0.200000,0.000000,0.197411,0.000000,0.002589,0.000000,1.974179,1.974179,0.487798,-0.000000,-0.000000,1,0
2.528002,0.200000,0.000000,0.197413,0.000000,0.002587,0.000000,1.974201,1.974201,0.490957,-0.000000,-0.000000,1,0
2.544002,0.200000,0.000000,0.197415,0.000000,0.002585,0.000000,1.974223,1.974223,0.494116,-0.000000,-0.000000,1,0
2.560002,0.200000,0.000000,0.197417,0.000000,0.002583,0.000000,1.974245,1.974245,0.497274,-0.000000,-0.000000,1,0
2.576002,0.200000,0.000000,0.197419,0.000000,0.002581,0.000000,1.970401,1.970401,0.500433,-0.000000,-0.000000,1,0
2.592002,0.200000,0.000000,0.197042,0.000000,0.002958,0.000000,1.974259,1.974259,0.503586,-0.000000,-0.000000,1,0
2.608002,0.200000,0.000000,0.197413,0.000000,0.002587,0.000000,1.974281,1.974281,0.506744,-0.000000,-0.000000,1,0
2.624002,0.200000,0.000000,0.197423,0.000000,0.002577,0.000000,1.974303,1.974303,0.509903,-0.000000,-0.000000,1,0
2.640002,0.200000,0.000000,0.197425,0.000000,0.002575,0.000000,1.974325,1.974325,0.513062,-0.000000,-0.000000,1,0
2.656003,0.200000,0.000000,0.197427,0.000000,0.002573,0.000000,1.974347,1.974347,0.516221,-0.000000,-0.000000,1,0
2.672003,0.200000,0.000000,0.197430,0.000000,0.002570,0.000000,1.974369,1.974369,0.519380,-0.000000,-0.000000,1,0
2.688003,0.200000,0.000000,0.197432,0.000000,0.002568,0.000000,1.974391,1.974391,0.522538,-0.000000,-0.000000,1,0
2.704003,0.200000,0.000000,0.197434,0.000000,0.002566,0.000000,1.970548,1.970548,0.525697,-0.000000,-0.000000,1,0
2.720003,0.200000,0.000000,0.197056,0.000000,0.002944,0.000000,1.974405,1.974405,0.528850,-0.000000,-0.000000,1,0
2.736003,0.200000,0.000000,0.197427,0.000000,0.002573,0.000000,1.974427,1.974427,0.532009,-0.000000,-0.000000,1,0
2.752003,0.200000,0.000000,0.197438,0.000000,0.002562,0.000000,1.974449,1.974449,0.535168,-0.000000,-0.000000,1,0
2.768003,0.200000,0.000000,0.197440,0.000000,0.002560,0.000000,1.974471,1.974471,0.538327,-0.000000,-0.000000,1,0
2.784003,0.200000,0.000000,0.197442,0.000000,0.002558,0.000000,1.974494,1.974494,0.541486,-0.000000,-0.000000,1,0
2.800003,0.200000,0.000000,0.197444,0.000000,0.002556,0.000000,1.974516,1.974516,0.544645,-0.000000,-0.000000,1,0
2.816003,0.200000,0.000000,0.197446,0.000000,0.002554,0.000000,1.974538,1.974538,0.547804,-0.000000,-0.000000,1,0
2.832003,0.200000,0.000000,0.197449,0.000000,0.002551,0.000000,1.970694,1.970694,0.550964,-0.000000,-0.000000,1,0
2.848003,0.200000,0.000000,0.197071,0.000000,0.002929,0.000000,1.974551,1.974551,0.554117,-0.000000,-0.000000,1,0
2.864003,0.200000,0.000000,0.197442,0.000000,0.002558,0.000000,1.974573,1.974573,0.557276,-0.000000,-0.000000,1,0
2.880003,0.200000,0.000000,0.197452,0.000000,0.002548,0.000000,1.974596,1.974596,0.560435,-0.000000,-0.000000,1,0
2.896003,0.200000,0.000000,0.197455,0.000000,0.002545,0.000000,1.974618,1.974618,0.563594,-0.000000,-0.000000,1,0
2.912003,0.200000,0.000000,0.197457,0.000000,0.002543,0.000000,1.974640,1.974640,0.566754,-0.000000,-0.000000,1,0
2.928003,0.200000,0.000000,0.197459,0.000000,0.002541,0.000000,1.974662,1.974662,0.569913,-0.000000,-0.000000,1,0
2.944003,0.200000,0.000000,0.197461,0.000000,0.002539,0.000000,1.974684,1.974684,0.573072,-0.000000,-0.000000,1,0
2.960003,0.200000,0.000000,0.197463,0.000000,0.002537,0.000000,1.970841,1.970841,0.576232,-0.000000,-0.000000,1,0
2.976003,0.200000,0.000000,0.197086,0.000000,0.002914,0.000000,1.974698,1.974698,0.579385,-0.000000,-0.000000,1,0
2.992003,0.200000,0.000000,0.197456,0.000000,0.002544,0.000000,1.974720,1.974720,0.582544,-0.000000,-0.000000,1,0
3.008003,0.200000,0.000000,0.197467,0.000000,0.002533,0.000000,1.974742,1.974742,0.585704,-0.000000,-0.000000,1,0
3.024003,0.200000,0.000000,0.197469,0.000000,0.002531,0.000000,1.974764,1.974764,0.588863,-0.000000,-0.000000,1,0
3.040003,0.200000,0.000000,0.197471,0.000000,0.002529,0.000000,1.974786,1.974786,0.592023,-0.000000,-0.000000,1,0
3.056003,0.200000,0.000000,0.197473,0.000000,0.002527,0.000000,1.974808,1.974808,0.595183,-0.000000,-0.000000,1,0
3.072003,0.200000,0.000000,0.197476,0.000000,0.002524,0.000000,1.974831,1.974831,0.598342,-0.000000,-0.000000,1,0
3.088003,0.200000,0.000000,0.197478,0.000000,0.002522,0.000000,1.970987,1.970987,0.601502,-0.000000,-0.000000,1,0
3.104003,0.200000,0.000000,0.197100,0.000000,0.002900,0.000000,1.974844,1.974844,0.604655,-0.000000,-0.000000,1,0
3.120003,0.200000,0.000000,0.197471,0.000000,0.002529,0.000000,1.974866,1.974866,0.607815,-0.000000,-0.000000,1,0
3.136003,0.200000,0.000000,0.197482,0.000000,0.002518,0.000000,1.974888,1.974888,0.610975,-0.000000,-0.000000,1,0
3.152004,0.200000,0.000000,0.197484,0.000000,0.002516,0.000000,1.974910,1.974910,0.614134,-0.000000,-0.000000,1,0
3.168004,0.200000,0.000000,0.197486,0.000000,0.002514,0.000000,1.974933,1.974933,0.617294,-0.000000,-0.000000,1,0
3.184004,0.200000,0.000000,0.197488,0.000000,0.002512,0.000000,1.974955,1.974955,0.620454,-0.000000,-0.000000,1,0
3.200004,0.200000,0.000000,0.197490,0.000000,0.002510,0.000000,1.971111,1.971111,0.623614,-0.000000,-0.000000,1,0
3.216004,0.200000,0.000000,0.197113,0.000000,0.002887,0.000000,1.974968,1.974968,0.626768,-0.000000,-0.000000,1,0
3.232004,0.200000,0.000000,0.197484,0.000000,0.002516,0.000000,1.974991,1.974991,0.629927,-0.000000,-0.000000,1,0
3.248004,0.200000,0.000000,0.197494,0.000000,0.002506,0.000000,1.975013,1.975013,0.633087,-0.000000,-0.000000,1,0
3.264004,0.200000,0.000000,0.197496,0.000000,0.002504,0.000000,1.975035,1.975035,0.636247,-0.000000,-0.000000,1,0
3.280004,0.200000,0.000000,0.197498,0.000000,0.002502,0.000000,1.975057,1.975057,0.639407,-0.000000,-0.000000,1,0
3.296004,0.200000,0.000000,0.197501,0.000000,0.002499,0.000000,1.975079,1.975079,0.642567,-0.000000,-0.000000,1,0
3.312004,0.200000,0.000000,0.197503,0.000000,0.002497,0.000000,1.975101,1.975101,0.645727,-0.000000,-0.000000,1,0
3.328004,0.200000,0.000000,0.197505,0.000000,0.002495,0.000000,1.971258,1.971258,0.648887,-0.000000,-0.000000,1,0
3.344004,0.200000,0.000000,0.197127,0.000000,0.002873,0.000000,1.975115,1.975115,0.652041,-0.000000,-0.000000,1,0
3.360004,0.200000,0.000000,0.197498,0.000000,0.002502,0.000000,1.975137,1.975137,0.655201,-0.000000,-0.000000,1,0
3.376004,0.200000,0.000000,0.197509,0.000000,0.002491,0.000000,1.975159,1.975159,0.658361,-0.000000,-0.000000,1,0
3.392004,0.200000,0.000000,0.197511,0.000000,0.002489,0.000000,1.975181,1.975181,0.661522,-0.000000,-0.000000,1,0
3.408004,0.200000,0.000000,0.197513,0.000000,0.002487,0.000000,1.975203,1.975203,0.664682,-0.000000,-0.000000,1,0
3.424004,0.200000,0.000000,0.197515,0.000000,0.002485,0.000000,1.975225,1.975225,0.667842,-0.000000,-0.000000,1,0
3.440004,0.200000,0.000000,0.197517,0.000000,0.002483,0.000000,1.971382,1.971382,0.671002,-0.000000,-0.000000,1,0
3.456004,0.200000,0.000000,0.197140,0.000000,0.002860,0.000000,1.975239,1.975239,0.674157,-0.000000,-0.000000,1,0
3.472004,0.200000,0.000000,0.197511,0.000000,0.002489,0.000000,1.975261,1.975261,0.677317,-0.000000,-0.000000,1,0
3.488004,0.200000,0.000000,0.197521,0.000000,0.002479,0.000000,1.975283,1.975283,0.680477,-0.000000,-0.000000,1,0
3.504004,0.200000,0.000000,0.197523,0.000000,0.002477,0.000000,1.975306,1.975306,0.683638,-0.000000,-0.000000,1,0
3.520004,0.200000,0.000000,0.197525,0.000000,0.002475,0.000000,1.975328,1.975328,0.686798,-0.000000,-0.000000,1,0
3.536004,0.200000,0.000000,0.197528,0.000000,0.002472,0.000000,1.975350,1.975350,0.689958,-0.000000,-0.000000,1,0
3.552004,0.200000,0.000000,0.197530,0.000000,0.002470,0.000000,1.971506,1.971506,0.693119,-0.000000,-0.000000,1,0
3.568004,0.200000,0.000000,0.197152,0.000000,0.002848,0.000000,1.975363,1.975363,0.696273,-0.000000,-0.000000,1,0
3.584004,0.200000,0.000000,0.197523,0.000000,0.002477,0.000000,1.975386,1.975386,0.699434,-0.000000,-0.000000,1,0
3.600004,0.200000,0.000000,0.197533,0.000000,0.002467,0.000000,1.975408,1.975408,0.702594,-0.000000,-0.000000,1,0
3.616004,0.200000,0.000000,0.197536,0.000000,0.002464,0.000000,1.975430,1.975430,0.705755,-0.000000,-0.000000,1,0
3.632004,0.200000,0.000000,0.197538,0.000000,0.002462,0.000000,1.975452,1.975452,0.708915,-0.000000,-0.000000,1,0
3.648005,0.200000,0.000000,0.197540,0.000000,0.002460,0.000000,1.975474,1.975474,0.712076,-0.000000,-0.000000,1,0
3.664005,0.200000,0.000000,0.197542,0.000000,0.002458,0.000000,1.971631,1.971631,0.715237,-0.000000,-0.000000,1,0
3.680005,0.200000,0.000000,0.197165,0.000000,0.002835,0.000000,1.975488,1.975488,0.718391,-0.000000,-0.000000,1,0
3.696005,0.200000,0.000000,0.197535,0.000000,0.002465,0.000000,1.975510,1.975510,0.721552,-0.000000,-0.000000,1,0
3.712005,0.200000,0.000000,0.197546,0.000000,0.002454,0.000000,1.975532,1.975532,0.724713,-0.000000,-0.000000,1,0
3.728005,0.200000,0.000000,0.197548,0.000000,0.002452,0.000000,1.975554,1.975554,0.727873,-0.000000,-0.000000,1,0
3.744005,0.200000,0.000000,0.197550,0.000000,0.002450,0.000000,1.975576,1.975576,0.731034,-0.000000,-0.000000,1,0
3.760005,0.200000,0.000000,0.197553,0.000000,0.002448,0.000000,1.975598,1.975598,0.734195,-0.000000,-0.000000,1,0
3.776005,0.200000,0.000000,0.197555,0.000000,0.002445,0.000000,1.971755,1.971755,0.737356,-0.000000,-0.000000,1,0
3.792005,0.200000,0.000000,0.197177,0.000000,0.002823,0.000000,1.975612,1.975612,0.740511,-0.000000,-0.000000,1,0
3.808005,0.200000,0.000000,0.197548,0.000000,0.002452,0.000000,1.975634,1.975634,0.743672,-0.000000,-0.000000,1,0
3.824005,0.200000,0.000000,0.197558,0.000000,0.002442,0.000000,1.975656,1.975656,0.746832,-0.000000,-0.000000,1,0
3.840005,0.200000,0.000000,0.197561,0.000000,0.002439,0.000000,1.975678,1.975678,0.749993,-0.000000,-0.000000,1,0
3.856005,0.200000,0.000000,0.197563,0.000000,0.002437,0.000000,1.975700,1.975700,0.753154,-0.000000,-0.000000,1,0
3.872005,0.200000,0.000000,0.197565,0.000000,0.002435,0.000000,1.975723,1.975723,0.756315,-0.000000,-0.000000,1,0
3.888005,0.200000,0.000000,0.197567,0.000000,0.002433,0.000000,1.971879,1.971879,0.759477,-0.000000,-0.000000,1,0
3.904005,0.200000,0.000000,0.197190,0.000000,0.002810,0.000000,1.975736,1.975736,0.762632,-0.000000,-0.000000,1,0
3.920005,0.200000,0.000000,0.197560,0.000000,0.002440,0.000000,1.975758,1.975758,0.765793,-0.000000,-0.000000,1,0
3.936005,0.200000,0.000000,0.197571,0.000000,0.002429,0.000000,1.975780,1.975780,0.768954,-0.000000,-0.000000,1,0
3.952005,0.200000,0.000000,0.197573,0.000000,0.002427,0.000000,1.975803,1.975803,0.772115,-0.000000,-0.000000,1,0
3.968005,0.200000,0.000000,0.197575,0.000000,0.002425,0.000000,1.975825,1.975825,0.775276,-0.000000,-0.000000,1,0
4.000005,0.200000,0.000000,0.043462,0.000000,0.156538,0.000000,1.975847,1.975847,0.779133,-0.000000,-0.000000,1,0
4.016005,0.200000,0.000000,0.090523,0.000000,0.109477,0.000000,1.972003,1.972003,0.780581,-0.000000,-0.000000,1,0
4.032005,0.200000,0.000000,0.142099,0.000000,0.057901,0.000000,1.975860,1.975860,0.782855,-0.000000,-0.000000,1,0
4.048005,0.200000,0.000000,0.193533,0.000000,0.006467,0.000000,1.975883,1.975883,0.785951,-0.000000,-0.000000,1,0
4.064004,0.200000,0.000000,0.197476,0.000000,0.002524,0.000000,1.975905,1.975905,0.789111,-0.000000,-0.000000,1,0
4.080004,0.200000,0.000000,0.197564,0.000000,0.002436,0.000000,1.975927,1.975927,0.792272,-0.000000,-0.000000,1,0
4.096004,0.200000,0.000000,0.197572,0.000000,0.002428,0.000000,1.975949,1.975949,0.795433,-0.000000,-0.000000,1,0
4.112004,0.200000,0.000000,0.197577,0.000000,0.002423,0.000000,1.972106,1.972106,0.798594,-0.000000,-0.000000,1,0
4.128004,0.200000,0.000000,0.197202,0.000000,0.002798,0.000000,1.975963,1.975963,0.801749,-0.000000,-0.000000,1,0
4.144003,0.200000,0.000000,0.197575,0.000000,0.002425,0.000000,1.975985,1.975985,0.804911,-0.000000,-0.000000,1,0
4.160003,0.200000,0.000000,0.197587,0.000000,0.002413,0.000000,1.976007,1.976007,0.808072,-0.000000,-0.000000,1,0
4.176003,0.200000,0.000000,0.197591,0.000000,0.002409,0.000000,1.976029,1.976029,0.811233,-0.000000,-0.000000,1,0
4.192003,0.200000,0.000000,0.197594,0.000000,0.002406,0.000000,1.976051,1.976051,0.814395,-0.000000,-0.000000,1,0
4.208003,0.200000,0.000000,0.197597,0.000000,0.002403,0.000000,1.976073,1.976073,0.817556,-0.000000,-0.000000,1,0
4.224002,0.200000,0.000000,0.197600,0.000000,0.002400,0.000000,1.972230,1.972230,0.820718,-0.000000,-0.000000,1,0
4.240002,0.200000,0.000000,0.197223,0.000000,0.002777,0.000000,1.976087,1.976087,0.823874,-0.000000,-0.000000,1,0
4.256002,0.200000,0.000000,0.197594,0.000000,0.002406,0.000000,1.976109,1.976109,0.827035,-0.000000,-0.000000,1,0
4.272002,0.200000,0.000000,0.197604,0.000000,0.002396,0.000000,1.976131,1.976131,0.830197,-0.000000,-0.000000,1,0
4.288002,0.200000,0.000000,0.197607,0.000000,0.002393,0.000000,1.976153,1.976153,0.833359,-0.000000,-0.000000,1,0
4.304001,0.200000,0.000000,0.197609,0.000000,0.002391,0.000000,1.976175,1.976175,0.836520,-0.000000,-0.000000,1,0
4.320001,0.200000,0.000000,0.197612,0.000000,0.002388,0.000000,1.972332,1.972332,0.839682,-0.000000,-0.000000,1,0
4.336001,0.200000,0.000000,0.197234,0.000000,0.002766,0.000000,1.976189,1.976189,0.842838,-0.000000,-0.000000,1,0
4.352001,0.200000,0.000000,0.197605,0.000000,0.002395,0.000000,1.976211,1.976211,0.845999,-0.000000,-0.000000,1,0
4.368001,0.200000,0.000000,0.197616,0.000000,0.002384,0.000000,1.976233,1.976233,0.849161,-0.000000,-0.000000,1,0
4.384000,0.200000,0.000000,0.197618,0.000000,0.002382,0.000000,1.976255,1.976255,0.852323,-0.000000,-0.000000,1,0
4.400000,0.200000,0.000000,0.197620,0.000000,0.002380,0.000000,1.976278,1.976278,0.855485,-0.000000,-0.000000,1,0
4.416000,0.200000,0.000000,0.197622,0.000000,0.002378,0.000000,1.976300,1.976300,0.858647,-0.000000,-0.000000,1,0
4.432000,0.200000,0.000000,0.197625,0.000000,0.002375,0.000000,1.972456,1.972456,0.861809,-0.000000,-0.000000,1,0
4.447999,0.200000,0.000000,0.197247,0.000000,0.002753,0.000000,1.976313,1.976313,0.864965,-0.000000,-0.000000,1,0
4.463999,0.200000,0.000000,0.197618,0.000000,0.002382,0.000000,1.976335,1.976335,0.868127,-0.000000,-0.000000,1,0
4.479999,0.200000,0.000000,0.197628,0.000000,0.002372,0.000000,1.976358,1.976358,0.871289,-0.000000,-0.000000,1,0
4.495999,0.200000,0.000000,0.197631,0.000000,0.002369,0.000000,1.976380,1.976380,0.874451,-0.000000,-0.000000,1,0
4.511999,0.200000,0.000000,0.197633,0.000000,0.002367,0.000000,1.976402,1.976402,0.877613,-0.000000,-0.000000,1,0
4.527998,0.200000,0.000000,0.197635,0.000000,0.002365,0.000000,1.972558,1.972558,0.880775,-0.000000,-0.000000,1,0
4.543998,0.200000,0.000000,0.197258,0.000000,0.002742,0.000000,1.976415,1.976415,0.883931,-0.000000,-0.000000,1,0
4.559998,0.200000,0.000000,0.197628,0.000000,0.002372,0.000000,1.976438,1.976438,0.887094,-0.000000,-0.000000,1,0
4.575998,0.200000,0.000000,0.197639,0.000000,0.002361,0.000000,1.976460,1.976460,0.890256,-0.000000,-0.000000,1,0
4.591998,0.200000,0.000000,0.197641,0.000000,0.002359,0.000000,1.976482,1.976482,0.893418,-0.000000,-0.000000,1,0
4.607997,0.200000,0.000000,0.197643,0.000000,0.002357,0.000000,1.976504,1.976504,0.896580,-0.000000,-0.000000,1,0
4.623997,0.200000,0.000000,0.197645,0.000000,0.002355,0.000000,1.972660,1.972660,0.899743,-0.000000,-0.000000,1,0
4.639997,0.200000,0.000000,0.197268,0.000000,0.002732,0.000000,1.976518,1.976518,0.902899,-0.000000,-0.000000,1,0
4.655997,0.200000,0.000000,0.197638,0.000000,0.002362,0.000000,1.976540,1.976540,0.906061,-0.000000,-0.000000,1,0
4.671997,0.200000,0.000000,0.197649,0.000000,0.002351,0.000000,1.976562,1.976562,0.909224,-0.000000,-0.000000,1,0
4.687996,0.200000,0.000000,0.197651,0.000000,0.002349,0.000000,1.976584,1.976584,0.912386,-0.000000,-0.000000,1,0
4.703996,0.200000,0.000000,0.197653,0.000000,0.002347,0.000000,1.976606,1.976606,0.915548,-0.000000,-0.000000,1,0
4.719996,0.200000,0.000000,0.197655,0.000000,0.002345,0.000000,1.972763,1.972763,0.918711,-0.000000,-0.000000,1,0
4.735996,0.200000,0.000000,0.197278,0.000000,0.002722,0.000000,1.976620,1.976620,0.921867,-0.000000,-0.000000,1,0
4.751996,0.200000,0.000000,0.197649,0.000000,0.002351,0.000000,1.976642,1.976642,0.925030,-0.000000,-0.000000,1,0
4.767995,0.200000,0.000000,0.197659,0.000000,0.002341,0.000000,1.976664,1.976664,0.928192,-0.000000,-0.000000,1,0
4.783995,0.200000,0.000000,0.197661,0.000000,0.002339,0.000000,1.976686,1.976686,0.931355,-0.000000,-0.000000,1,0
4.799995,0.200000,0.000000,0.197664,0.000000,0.002336,0.000000,1.976708,1.976708,0.934517,-0.000000,-0.000000,1,0
4.815995,0.200000,0.000000,0.197666,0.000000,0.002334,0.000000,1.972865,1.972865,0.937680,-0.000000,-0.000000,1,0
4.831995,0.200000,0.000000,0.197288,0.000000,0.002712,0.000000,1.976722,1.976722,0.940837,-0.000000,-0.000000,1,0
4.847994,0.200000,0.000000,0.197659,0.000000,0.002341,0.000000,1.976744,1.976744,0.943999,-0.000000,-0.000000,1,0
4.863994,0.200000,0.000000,0.197669,0.000000,0.002331,0.000000,1.976766,1.976766,0.947162,-0.000000,-0.000000,1,0
4.879994,0.200000,0.000000,0.197672,0.000000,0.002328,0.000000,1.976788,1.976788,0.950325,-0.000000,-0.000000,1,0
4.895994,0.200000,0.000000,0.197674,0.000000,0.002326,0.000000,1.976810,1.976810,0.953487,-0.000000,-0.000000,1,0
4.911994,0.200000,0.000000,0.197676,0.000000,0.002324,0.000000,1.972967,1.972967,0.956650,-0.000000,-0.000000,1,0
4.927993,0.200000,0.000000,0.197298,0.000000,0.002702,0.000000,1.976824,1.976824,0.959807,-0.000000,-0.000000,1,0
4.943993,0.200000,0.000000,0.197669,0.000000,0.002331,0.000000,1.976846,1.976846,0.962970,-0.000000,-0.000000,1,0
4.959993,0.200000,0.000000,0.197680,0.000000,0.002320,0.000000,1.976868,1.976868,0.966133,-0.000000,-0.000000,1,0
4.975993,0.200000,0.000000,0.197682,0.000000,0.002318,0.000000,1.976890,1.976890,0.969296,-0.000000,-0.000000,1,0
4.991992,0.200000,0.000000,0.197684,0.000000,0.002316,0.000000,1.976912,1.976912,0.972459,-0.000000,-0.000000,1,0
5.023992,0.200000,0.000000,0.043571,0.000000,0.156429,0.000000,1.973069,1.973069,0.976319,-0.000000,-0.000000,1,0
5.039992,0.200000,0.000000,0.090632,0.000000,0.109368,0.000000,1.976926,1.976926,0.977769,-0.000000,-0.000000,1,0
5.055992,0.000000,0.000000,0.142207,0.000000,-0.142207,0.000000,-0.100332,-0.100332,0.980044,-0.000000,-0.000000,1,0
5.071991,0.000000,0.000000,0.003831,0.000000,-0.003831,0.000000,0.064633,0.064633,0.980105,-0.000000,-0.000000,1,0
5.087991,0.000000,0.000000,0.005373,0.000000,-0.005373,0.000000,0.053097,0.053097,0.980191,-0.000000,-0.000000,1,0
5.103991,0.000000,0.000000,0.004502,0.000000,-0.004502,0.000000,0.053066,0.053066,0.980263,-0.000000,-0.000000,1,0
5.119991,0.000000,0.000000,0.004640,0.000000,-0.004640,0.000000,0.053036,0.053036,0.980337,-0.000000,-0.000000,1,0
5.135991,0.000000,0.000000,0.004770,0.000000,-0.004770,0.000000,0.053005,0.053005,0.980414,-0.000000,-0.000000,1,0
5.151990,0.000000,0.000000,0.004872,0.000000,-0.004872,0.000000,0.049109,0.049109,0.980492,-0.000000,-0.000000,1,0
5.167990,0.000000,0.000000,0.004575,0.000000,-0.004575,0.000000,0.052913,0.052913,0.980565,-0.000000,-0.000000,1,0
5.183990,0.000000,0.000000,0.005008,0.000000,-0.005008,0.000000,0.052882,0.052882,0.980645,-0.000000,-0.000000,1,0
5.199990,0.000000,0.000000,0.005067,0.000000,-0.005067,0.000000,0.052852,0.052852,0.980726,-0.000000,-0.000000,1,0
5.215990,0.000000,0.000000,0.005107,0.000000,-0.005107,0.000000,0.052821,0.052821,0.980808,-0.000000,-0.000000,1,0
5.231989,0.000000,0.000000,0.005139,0.000000,-0.005139,0.000000,0.052790,0.052790,0.980890,-0.000000,-0.000000,1,0
5.247989,0.000000,0.000000,0.005164,0.000000,-0.005164,0.000000,0.052760,0.052760,0.980973,-0.000000,-0.000000,1,0
5.263989,0.000000,0.000000,0.005183,0.000000,-0.005183,0.000000,0.052729,0.052729,0.981055,-0.000000,-0.000000,1,0
5.279989,0.000000,0.000000,0.005197,0.000000,-0.005197,0.000000,0.052698,0.052698,0.981139,-0.000000,-0.000000,1,0
5.295989,0.000000,0.000000,0.005208,0.000000,-0.005208,0.000000,0.052668,0.052668,0.981222,-0.000000,-0.000000,1,0
5.311988,0.000000,0.000000,0.005216,0.000000,-0.005216,0.000000,0.048771,0.048771,0.981305,-0.000000,-0.000000,1,0
5.327988,0.000000,0.000000,0.004843,0.000000,-0.004843,0.000000,0.052576,0.052576,0.981383,-0.000000,-0.000000,1,0
5.343988,0.000000,0.000000,0.005215,0.000000,-0.005215,0.000000,0.052545,0.052545,0.981466,-0.000000,-0.000000,1,0
5.359988,0.000000,0.000000,0.005226,0.000000,-0.005226,0.000000,0.052514,0.052514,0.981550,-0.000000,-0.000000,1,0
5.375988,0.000000,0.000000,0.005228,0.000000,-0.005228,0.000000,0.052484,0.052484,0.981634,-0.000000,-0.000000,1,0
5.391987,0.000000,0.000000,0.005229,0.000000,-0.005229,0.000000,0.052453,0.052453,0.981717,-0.000000,-0.000000,1,0
5.407987,0.000000,0.000000,0.005228,0.000000,-0.005228,0.000000,0.052422,0.052422,0.981801,-0.000000,-0.000000,1,0
5.423987,0.000000,0.000000,0.005228,0.000000,-0.005228,0.000000,0.052391,0.052391,0.981885,-0.000000,-0.000000,1,0
5.439987,0.000000,0.000000,0.005226,0.000000,-0.005226,0.000000,0.052361,0.052361,0.981968,-0.000000,-0.000000,1,0
5.455986,0.000000,0.000000,0.005225,0.000000,-0.005225,0.000000,0.052330,0.052330,0.982052,-0.000000,-0.000000,1,0
5.471986,0.000000,0.000000,0.005223,0.000000,-0.005223,0.000000,0.052299,0.052299,0.982135,-0.000000,-0.000000,1,0
5.487986,0.000000,0.000000,0.005221,0.000000,-0.005221,0.000000,0.052269,0.052269,0.982219,-0.000000,-0.000000,1,0
5.503986,0.000000,0.000000,0.005219,0.000000,-0.005219,0.000000,0.048372,0.048372,0.982302,-0.000000,-0.000000,1,0
5.519986,0.000000,0.000000,0.004836,0.000000,-0.004836,0.000000,0.052177,0.052177,0.982380,-0.000000,-0.000000,1,0
5.535985,0.000000,0.000000,0.005202,0.000000,-0.005202,0.000000,0.052146,0.052146,0.982463,-0.000000,-0.000000,1,0
5.551985,0.000000,2.000000,0.005208,0.000000,-0.005208,2.000000,-1.742285,1.846515,0.982546,-0.000000,-0.000000,1,0
5.567985,0.000000,2.000000,0.000086,3.595268,-0.000086,-1.595268,-0.297171,0.405206,0.982548,-0.000000,0.015068,1,0
5.583985,0.000000,2.000000,0.000485,0.719053,-0.000485,1.280946,-1.455636,1.555909,0.982555,-0.000000,0.024760,1,0
5.599985,0.000000,2.000000,0.000510,2.972088,-0.000510,-0.972088,-0.549425,0.653472,0.982564,-0.000001,0.049414,1,0
5.615984,0.000000,2.000000,0.003200,1.246359,-0.003200,0.753641,-1.242159,1.346144,0.982615,-0.000001,0.068551,1,0
5.631984,0.000000,2.000000,0.003230,2.540656,-0.003230,-0.540656,-0.724674,0.824732,0.982666,-0.000001,0.102246,1,0
5.647984,0.000000,2.000000,0.004990,1.581918,-0.004990,0.418082,-1.105687,1.213385,0.982746,0.000002,0.127138,1,0
5.663984,0.000000,2.000000,0.005405,2.300971,-0.005405,-0.300971,-0.819051,0.922852,0.982833,0.000008,0.164404,1,0
5.679984,0.000000,2.000000,0.005207,1.773665,-0.005207,0.226335,-1.032661,1.132535,0.982915,0.000018,0.192395,1,0
5.695983,0.000000,2.000000,0.005005,2.109224,-0.005005,-0.109224,-0.896201,0.999849,0.982995,0.000029,0.227188,1,0
5.711983,0.000000,2.000000,0.005173,1.917476,-0.005173,0.082524,-0.973195,1.076781,0.983076,0.000045,0.257638,1,0
5.727983,0.000000,2.000000,0.005166,2.013350,-0.005166,-0.013350,-0.934833,1.038359,0.983157,0.000062,0.290551,1,0
5.743983,0.000000,2.000000,0.005152,2.013350,-0.005152,-0.013350,-0.934821,1.038285,0.983236,0.000083,0.322212,1,0
5.759983,0.000000,2.000000,0.005138,1.965413,-0.005138,0.034587,-0.956070,1.055607,0.983315,0.000106,0.353853,1,0
5.775982,0.000000,2.000000,0.004935,2.013350,-0.004935,-0.013350,-0.934966,1.038276,0.983390,0.000131,0.386102,1,0
5.791982,0.000000,2.000000,0.005108,1.965413,-0.005108,0.034587,-0.952349,1.059464,0.983467,0.000159,0.417717,1,0
5.807982,0.000000,2.000000,0.005292,2.013350,-0.005292,-0.013350,-0.938946,1.034433,0.983545,0.000191,0.449942,1,0
5.823982,0.000000,2.000000,0.004748,1.965413,-0.004748,0.034587,-0.952494,1.059455,0.983614,0.000223,0.481535,1,0
5.839982,0.000000,2.000000,0.005259,2.013350,-0.005259,-0.013350,-0.935225,1.038290,0.983690,0.000260,0.513740,1,0
5.855981,0.000000,2.000000,0.005070,1.965413,-0.005070,0.034587,-0.956474,1.055612,0.983762,0.000298,0.545316,1,0
5.871981,0.000000,2.000000,0.004862,2.013350,-0.004862,-0.013350,-0.935369,1.038281,0.983829,0.000336,0.577505,1,0
5.887981,0.000000,2.000000,0.005037,1.965413,-0.005037,0.034587,-0.952753,1.059469,0.983898,0.000378,0.609067,1,0
5.903981,0.000000,2.000000,0.005220,2.061286,-0.005220,-0.061286,-0.918088,1.017042,0.983968,0.000424,0.641244,1,0
5.919981,0.000000,2.000000,0.004887,1.917476,-0.004887,0.082524,-0.973989,1.076717,0.984031,0.000470,0.672170,1,0
5.935980,0.000000,2.000000,0.005000,2.013350,-0.005000,-0.013350,-0.935628,1.038294,0.984095,0.000519,0.704955,1,0
5.951980,0.000000,2.000000,0.004993,2.013350,-0.004993,-0.013350,-0.935616,1.038221,0.984157,0.000569,0.736498,1,0
5.967980,0.000000,2.000000,0.004980,1.965413,-0.004980,0.034587,-0.956865,1.055543,0.984217,0.000621,0.768033,1,0
5.983980,0.000000,2.000000,0.004800,2.013350,-0.004800,-0.013350,-0.935761,1.038212,0.984273,0.000673,0.800185,1,0
5.999979,0.000000,2.000000,0.004947,1.965413,-0.004947,0.034587,-0.953144,1.059400,0.984330,0.000729,0.831713,1,0
6.015979,0.000000,2.000000,0.005125,2.013350,-0.005125,-0.013350,-0.935875,1.038234,0.984386,0.000788,0.863858,1,0
6.047979,0.000000,2.000000,0.000201,1.965413,-0.000201,0.034587,-0.957124,1.055556,0.984439,0.000849,0.895375,1,0
6.063979,0.000000,2.000000,0.000224,2.013350,-0.000224,-0.013350,-0.936019,1.038225,0.984437,0.000852,0.908040,1,0
6.079978,0.000000,2.000000,0.000237,2.013350,-0.000237,-0.013350,-0.936007,1.038152,0.984435,0.000855,0.933545,1,0
6.095978,0.000000,2.000000,0.004718,1.917476,-0.004718,0.082524,-0.974651,1.076735,0.984482,0.000915,0.965017,1,0
6.111978,0.000000,2.000000,0.004819,2.061286,-0.004819,-0.061286,-0.918895,1.017051,0.984528,0.000976,0.997761,1,0
6.127978,0.000000,2.000000,0.004685,1.965413,-0.004685,0.034587,-0.953535,1.059331,0.984570,0.001038,1.028659,1,0
6.143978,0.000000,2.000000,0.004978,1.965413,-0.004978,0.034587,-0.957527,1.055560,0.984613,0.001105,1.060796,1,0
6.159977,0.000000,2.000000,0.004812,2.013350,-0.004812,-0.013350,-0.936423,1.038230,0.984651,0.001173,1.092936,1,0
6.175977,0.000000,2.000000,0.004802,2.013350,-0.004802,-0.013350,-0.936410,1.038156,0.984688,0.001240,1.124450,1,0
6.191977,0.000000,2.000000,0.004747,1.965413,-0.004747,0.034587,-0.953794,1.059344,0.984722,0.001308,1.155951,1,0
6.207977,0.000000,2.000000,0.004860,1.965413,-0.004860,0.034587,-0.957785,1.055573,0.984755,0.001378,1.188060,1,0
6.223977,0.000000,2.000000,0.004744,2.013350,-0.004744,-0.013350,-0.936681,1.038243,0.984784,0.001448,1.220158,1,0
6.239976,0.000000,2.000000,0.004732,2.013350,-0.004732,-0.013350,-0.936669,1.038169,0.984811,0.001519,1.251622,1,0
6.255976,0.000000,2.000000,0.004695,1.965413,-0.004695,0.034587,-0.957918,1.055491,0.984835,0.001590,1.283062,1,0
6.271976,0.000000,2.000000,0.004640,2.013350,-0.004640,-0.013350,-0.936814,1.038161,0.984856,0.001661,1.315098,1,0
6.287976,0.000000,2.000000,0.005081,1.965413,-0.005081,0.034587,-0.954197,1.059348,0.984878,0.001740,1.346725,1,0
6.303976,0.000000,2.000000,0.005158,2.013350,-0.005158,-0.013350,-0.936928,1.038183,0.984898,0.001820,1.378925,1,0
6.319975,0.000000,2.000000,0.005125,1.965413,-0.005125,0.034587,-0.958177,1.055505,0.984915,0.001900,1.410555,1,0
6.335975,0.000000,2.000000,0.004924,2.013350,-0.004924,-0.013350,-0.937072,1.038174,0.984930,0.001977,1.442803,1,0
6.351975,0.000000,0.000000,0.005098,2.013350,-0.005098,-2.013350,0.857340,-0.756300,0.984942,0.002058,1.474428,1,0
6.367975,0.000000,0.000000,0.000320,-1.629854,-0.000320,1.629854,-0.605188,0.706167,0.984941,0.002060,1.474426,1,0
6.383975,0.000000,0.000000,0.000032,1.342233,-0.000032,-1.342233,0.587911,-0.486994,0.984941,0.002060,1.487471,1,0
6.399974,0.000000,0.000000,0.000160,-1.102549,-0.000160,1.102549,-0.395493,0.492484,0.984940,0.002059,1.481557,1,0
6.415974,0.000000,0.000000,0.000041,0.910801,-0.000041,-0.910801,0.416581,-0.311951,0.984940,0.002059,1.490470,1,0
6.431974,0.000000,0.000000,0.000097,-0.766990,-0.000097,0.766990,-0.258938,0.359671,0.984940,0.002058,1.482033,1,0
6.447974,0.000000,0.000000,0.000059,0.623180,-0.000059,-0.623180,0.297160,-0.200354,0.984940,0.002058,1.489229,1,0
6.463974,0.000000,0.000000,0.001964,-0.479369,-0.001964,0.479369,-0.143506,0.244086,0.984941,0.002089,1.482059,1,0
6.479973,0.000000,0.000000,0.001553,0.383495,-0.001553,-0.383495,0.202836,-0.102317,0.984944,0.002114,1.487098,1,0
6.495973,0.000000,0.000000,0.001083,-0.287621,-0.001083,0.287621,-0.066562,0.167019,0.984947,0.002131,1.483417,1,0
6.511973,0.000000,0.000000,0.000732,0.191748,-0.000732,-0.191748,0.125769,-0.025373,0.984951,0.002142,1.485740,1,0
6.527973,0.000000,0.000000,0.000346,-0.095874,-0.000346,0.095874,0.010383,0.089952,0.984954,0.002146,1.484798,1,0
6.543972,0.000000,0.000000,0.001209,0.000000,-0.001209,0.000000,0.048702,0.051571,0.984956,0.002166,1.484845,1,0
6.559972,0.000000,0.000000,0.004917,0.047937,-0.004917,-0.047937,0.066066,0.030280,0.984963,0.002244,1.484872,1,0
6.575972,0.000000,0.000000,0.003267,-0.047937,-0.003267,0.047937,0.031383,0.072602,0.984967,0.002296,1.484787,1,0
6.591972,0.000000,0.000000,0.003443,0.047937,-0.003443,-0.047937,0.066005,0.030218,0.984972,0.002351,1.484889,1,0
6.607972,0.000000,0.000000,0.003233,-0.047937,-0.003233,0.047937,0.031322,0.072541,0.984977,0.002402,1.484802,1,0
6.623971,0.000000,0.000000,0.003420,0.047937,-0.003420,-0.047937,0.065944,0.030157,0.984982,0.002457,1.484902,1,0
6.639971,0.000000,0.000000,0.003243,-0.047937,-0.003243,0.047937,0.031260,0.072480,0.984987,0.002509,1.484812,1,0
6.655971,0.000000,0.000000,0.003404,0.047937,-0.003404,-0.047937,0.065882,0.030096,0.984992,0.002563,1.484910,1,0
6.671971,0.000000,0.000000,0.003248,0.000000,-0.003248,0.000000,0.048594,0.051157,0.984997,0.002614,1.484820,1,0
6.687971,0.000000,0.000000,0.004940,0.000000,-0.004940,0.000000,0.048564,0.051127,0.985004,0.002693,1.484860,1,0
6.703970,0.000000,0.000000,0.004972,0.000000,-0.004972,0.000000,0.048533,0.051096,0.985010,0.002773,1.484902,1,0
6.719970,0.000000,0.000000,0.004969,0.000000,-0.004969,0.000000,0.048502,0.051065,0.985017,0.002852,1.484944,1,0
6.735970,0.000000,0.000000,0.004966,0.000000,-0.004966,0.000000,0.048472,0.051035,0.985024,0.002931,1.484986,1,0
6.751970,0.000000,0.000000,0.004962,0.000000,-0.004962,0.000000,0.048441,0.051004,0.985030,0.003010,1.485029,1,0
6.767970,0.000000,0.000000,0.004959,0.000000,-0.004959,0.000000,0.048410,0.050973,0.985037,0.003089,1.485073,1,0
6.783969,0.000000,0.000000,0.004955,0.000000,-0.004955,0.000000,0.048379,0.050943,0.985044,0.003168,1.485117,1,0
6.799969,0.000000,0.000000,0.004952,0.000000,-0.004952,0.000000,0.048349,0.050912,0.985050,0.003247,1.485161,1,0
6.815969,0.000000,0.000000,0.004949,0.000000,-0.004949,0.000000,0.048318,0.050881,0.985057,0.003326,1.485205,1,0
6.831969,0.000000,0.000000,0.004946,0.000000,-0.004946,0.000000,0.048287,0.050851,0.985064,0.003405,1.485250,1,0
6.847969,0.000000,0.000000,0.004943,0.000000,-0.004943,0.000000,0.048257,0.050820,0.985070,0.003484,1.485294,1,0
6.863968,0.200000,0.000000,0.004939,0.000000,0.195061,0.000000,2.125506,2.128069,0.985077,0.003562,1.485339,1,0
6.879968,0.200000,0.000000,0.058182,0.047937,0.141818,-0.047937,1.977929,1.941835,0.985356,0.004451,1.483513,1,0
6.895968,0.200000,0.000000,0.108371,-0.095874,0.091629,0.095874,1.933542,2.013111,0.985630,0.006163,1.482813,1,0
6.911968,0.200000,0.000000,0.159239,0.095874,0.040761,-0.095874,2.010570,1.936127,0.985905,0.008696,1.483491,1,0
6.927968,0.200000,0.000000,0.196728,-0.095874,0.003272,0.095874,1.933586,2.013155,0.986180,0.011831,1.482166,1,0
6.943967,0.200000,0.000000,0.197374,0.095874,0.002626,-0.095874,2.010614,1.936171,0.986460,0.014977,1.483569,1,0
6.959967,0.200000,0.000000,0.197322,-0.047937,0.002678,0.047937,1.951026,1.991938,0.986735,0.018122,1.482254,1,0
6.975967,0.200000,0.000000,0.197238,0.000000,0.002762,0.000000,1.972140,1.974703,0.987014,0.021265,1.482976,1,0
6.991967,0.200000,0.000000,0.197573,0.000000,0.002427,0.000000,1.972162,1.974725,0.987291,0.024414,1.483026,1,0
7.007967,0.200000,0.000000,0.197533,0.000000,0.002467,0.000000,1.972184,1.974747,0.987568,0.027563,1.483077,1,0
7.023966,0.200000,0.000000,0.197494,0.047937,0.002506,-0.047937,1.989602,1.953509,0.987845,0.030711,1.483128,1,0
7.039966,0.200000,0.000000,0.197091,-0.047937,0.002909,0.047937,1.954971,1.995884,0.988121,0.033852,1.482493,1,0
7.055966,0.200000,0.000000,0.197411,0.047937,0.002589,-0.047937,1.989646,1.953553,0.988400,0.036998,1.483218,1,0
7.071966,0.200000,0.000000,0.197049,0.000000,0.002951,0.000000,1.972411,1.974667,0.988676,0.040139,1.482585,1,0
7.087965,0.200000,0.000000,0.197400,-0.047937,0.002600,0.047937,1.951172,1.992085,0.988954,0.043285,1.482623,1,0
7.103965,0.200000,0.000000,0.196996,0.047937,0.003004,-0.047937,1.993548,1.957454,0.989232,0.046425,1.483351,1,0
7.119965,0.200000,0.000000,0.197384,-0.047937,0.002616,0.047937,1.951216,1.992129,0.989507,0.049571,1.482717,1,0
7.135965,0.200000,0.000000,0.196982,0.047937,0.003018,-0.047937,1.993592,1.957499,0.989785,0.052710,1.483443,1,0
7.151965,0.200000,0.000000,0.197373,-0.047937,0.002627,0.047937,1.951261,1.992173,0.990060,0.055856,1.482809,1,0
7.167964,0.200000,0.000000,0.196974,0.047937,0.003026,-0.047937,1.989771,1.953677,0.990337,0.058995,1.483533,1,0
7.183964,0.200000,0.000000,0.196988,-0.047937,0.003012,0.047937,1.955140,1.996053,0.990612,0.062135,1.482898,1,0
7.199964,0.200000,0.000000,0.197339,0.047937,0.002661,-0.047937,1.989815,1.953721,0.990889,0.065281,1.483622,1,0
7.215964,0.200000,0.000000,0.196995,0.000000,0.003005,0.000000,1.972580,1.974836,0.991164,0.068420,1.482986,1,0
7.231964,0.200000,0.000000,0.197360,0.000000,0.002640,0.000000,1.972602,1.974858,0.991441,0.071566,1.483022,1,0
7.247963,0.200000,0.000000,0.197368,0.000000,0.002632,0.000000,1.972624,1.974880,0.991717,0.074712,1.483060,1,0
7.263963,0.200000,0.000000,0.197368,-0.047937,0.002632,0.047937,1.951385,1.992298,0.991994,0.077858,1.483098,1,0
7.279963,0.200000,0.000000,0.196969,0.095874,0.003031,-0.095874,2.011156,1.936406,0.992270,0.080997,1.483824,1,0
7.295963,0.200000,0.000000,0.196965,-0.095874,0.003035,0.095874,1.934172,2.013434,0.992544,0.084136,1.482503,1,0
7.311963,0.200000,0.000000,0.196943,0.095874,0.003057,-0.095874,2.011200,1.936450,0.992822,0.087275,1.483903,1,0
7.327962,0.200000,0.000000,0.196970,-0.095874,0.003030,0.095874,1.934216,2.013478,0.993095,0.090415,1.482582,1,0
7.343962,0.200000,0.000000,0.196947,0.047937,0.003053,-0.047937,1.989983,1.953890,0.993373,0.093554,1.483983,1,0
7.359962,0.200000,0.000000,0.196995,0.000000,0.003005,0.000000,1.972748,1.975004,0.993646,0.096694,1.483350,1,0
7.375962,0.200000,0.000000,0.197370,0.000000,0.002630,0.000000,1.972770,1.975026,0.993922,0.099840,1.483388,1,0
7.391962,0.200000,0.000000,0.197379,0.000000,0.002621,0.000000,1.972792,1.975049,0.994197,0.102986,1.483427,1,0
7.407961,0.200000,0.000000,0.197381,0.000000,0.002619,0.000000,1.972815,1.975071,0.994473,0.106132,1.483466,1,0
7.423961,0.200000,0.000000,0.197382,0.047937,0.002618,-0.047937,1.990232,1.953832,0.994748,0.109278,1.483505,1,0
7.439961,0.200000,0.000000,0.197008,-0.095874,0.002992,0.095874,1.934340,2.013603,0.995023,0.112418,1.482860,1,0
7.455961,0.200000,0.000000,0.196957,0.095874,0.003043,-0.095874,2.011369,1.936619,0.995300,0.115557,1.484262,1,0
7.471961,0.200000,0.000000,0.196984,-0.047937,0.003016,0.047937,1.951780,1.992386,0.995572,0.118697,1.482943,1,0
7.487960,0.200000,0.000000,0.196984,0.000000,0.003016,0.000000,1.972895,1.975151,0.995849,0.121837,1.483658,1,0
7.503960,0.200000,0.000000,0.197382,0.000000,0.002618,0.000000,1.972917,1.975173,0.996123,0.124983,1.483699,1,0
7.519960,0.200000,0.000000,0.197393,0.000000,0.002607,0.000000,1.972939,1.975195,0.996398,0.128129,1.483740,1,0
7.535960,0.200000,0.000000,0.197395,0.047937,0.002605,-0.047937,1.990356,1.953956,0.996672,0.131276,1.483781,1,0
7.551960,0.200000,0.000000,0.197021,-0.095874,0.002979,0.095874,1.934465,2.013727,0.996946,0.134416,1.483136,1,0
7.567959,0.200000,0.000000,0.196969,0.095874,0.003031,-0.095874,2.011493,1.936743,0.997222,0.137555,1.484538,1,0
7.583959,0.200000,0.000000,0.196996,-0.047937,0.003004,0.047937,1.951904,1.992510,0.997494,0.140696,1.483219,1,0
7.599959,0.200000,0.000000,0.196996,0.047937,0.003004,-0.047937,1.994280,1.957880,0.997769,0.143835,1.483934,1,0
7.615959,0.200000,0.000000,0.197399,-0.047937,0.002601,0.047937,1.951949,1.992555,0.998043,0.146982,1.483290,1,0
7.631958,0.200000,0.000000,0.197008,0.000000,0.002992,0.000000,1.973063,1.975319,0.998319,0.150122,1.484006,1,0
7.647958,0.200000,0.000000,0.197399,0.000000,0.002601,0.000000,1.973085,1.975341,0.998592,0.153268,1.484049,1,0
7.663958,0.200000,0.000000,0.197409,0.047937,0.002591,-0.047937,1.990503,1.954103,0.998866,0.156415,1.484090,1,0
7.679958,0.200000,0.000000,0.197035,-0.047937,0.002965,0.047937,1.955872,1.996478,0.999139,0.159556,1.483446,1,0
7.695958,0.200000,0.000000,0.197385,0.047937,0.002615,-0.047937,1.990547,1.954147,0.999415,0.162702,1.484162,1,0
7.711957,0.200000,0.000000,0.197040,0.000000,0.002960,0.000000,1.973312,1.975261,0.999687,0.165843,1.483519,1,0
7.727957,0.200000,0.000000,0.197410,-0.047937,0.002590,0.047937,1.952073,1.992679,0.999963,0.168989,1.483549,1,0
7.743957,0.200000,0.000000,0.197020,0.047937,0.002980,-0.047937,1.994448,1.958048,1.000237,0.172130,1.484268,1,0
7.759957,0.200000,0.000000,0.197415,-0.047937,0.002585,0.047937,1.952117,1.992723,1.000510,0.175276,1.483626,1,0
7.775957,0.200000,0.000000,0.197025,0.095874,0.002975,-0.095874,2.011888,1.936831,1.000785,0.178417,1.484344,1,0
7.791956,0.200000,0.000000,0.197018,-0.095874,0.002982,0.095874,1.934904,2.013860,1.001057,0.181557,1.483016,1,0
7.807956,0.200000,0.000000,0.197000,0.047937,0.003000,-0.047937,1.990671,1.954271,1.001333,0.184697,1.484410,1,0
7.823956,0.200000,0.000000,0.197045,0.000000,0.002955,0.000000,1.973436,1.975386,1.001605,0.187838,1.483770,1,0
7.839956,0.200000,0.000000,0.197424,0.000000,0.002576,0.000000,1.973458,1.975408,1.001879,0.190985,1.483802,1,0
7.855956,0.200000,0.000000,0.197433,0.000000,0.002567,0.000000,1.973480,1.975430,1.002154,0.194132,1.483836,1,0
7.871955,0.200000,0.000000,0.197435,-0.047937,0.002565,0.047937,1.952241,1.992847,1.002428,0.197279,1.483869,1,0
7.887955,0.200000,0.000000,0.197037,0.095874,0.002963,-0.095874,2.012012,1.936956,1.002702,0.200420,1.484591,1,0
7.903955,0.200000,0.000000,0.197030,-0.095874,0.002970,0.095874,1.935028,2.013984,1.002973,0.203561,1.483264,1,0
7.919955,0.200000,0.000000,0.197012,0.095874,0.002988,-0.095874,2.012057,1.937000,1.003249,0.206701,1.484658,1,0
7.935955,0.200000,0.000000,0.197036,-0.095874,0.002964,0.095874,1.935073,2.014028,1.003520,0.209842,1.483333,1,0
7.951954,0.200000,0.000000,0.197017,0.047937,0.002983,-0.047937,1.990840,1.954440,1.003795,0.212982,1.484728,1,0
7.967954,0.200000,0.000000,0.197062,0.000000,0.002938,0.000000,1.973605,1.975554,1.004066,0.216123,1.484089,1,0
7.983954,0.200000,0.000000,0.197441,0.000000,0.002559,0.000000,1.973627,1.975576,1.004340,0.219270,1.484122,1,0
7.999954,0.200000,0.000000,0.197450,0.000000,0.002550,0.000000,1.973649,1.975598,1.004613,0.222418,1.484155,1,0
8.015954,0.200000,0.000000,0.197452,0.000000,0.002548,0.000000,1.973671,1.975621,1.004886,0.225565,1.484189,1,0
8.031954,0.200000,0.000000,0.197454,0.000000,0.002546,0.000000,1.969828,1.971777,1.005160,0.228713,1.484223,1,0
8.047954,0.200000,0.000000,0.197076,0.000000,0.002924,0.000000,1.973685,1.975634,1.005432,0.231854,1.484257,1,0
8.063953,0.200000,0.000000,0.197446,0.000000,0.002554,0.000000,1.973707,1.975656,1.005705,0.235001,1.484291,1,0
8.079953,0.200000,0.000000,0.197457,0.000000,0.002543,0.000000,1.973729,1.975678,1.005978,0.238149,1.484325,1,0
8.095953,0.200000,0.000000,0.197459,0.000000,0.002541,0.000000,1.973751,1.975700,1.006251,0.241296,1.484360,1,0
8.111953,0.200000,0.000000,0.197461,0.000000,0.002539,0.000000,1.973773,1.975723,1.006523,0.244444,1.484394,1,0
8.127953,0.200000,0.000000,0.197463,0.000000,0.002537,0.000000,1.973795,1.975745,1.006796,0.247592,1.484428,1,0
8.143952,0.200000,0.000000,0.197466,0.047937,0.002534,-0.047937,1.991213,1.954506,1.007068,0.250739,1.484462,1,0
8.159952,0.200000,0.000000,0.197089,-0.095874,0.002911,0.095874,1.935321,2.014277,1.007340,0.253881,1.483812,1,0
8.175952,0.200000,0.000000,0.197041,0.095874,0.002959,-0.095874,2.012349,1.937293,1.007614,0.257022,1.485209,1,0
8.191952,0.200000,0.000000,0.197064,-0.047937,0.002936,0.047937,1.952761,1.993060,1.007884,0.260163,1.483884,1,0
8.207952,0.200000,0.000000,0.197068,0.000000,0.002932,0.000000,1.973875,1.975825,1.008157,0.263304,1.484593,1,0
8.223951,0.200000,0.000000,0.197467,0.000000,0.002533,0.000000,1.973897,1.975847,1.008429,0.266452,1.484629,1,0
8.239951,0.200000,0.000000,0.197477,0.000000,0.002523,0.000000,1.973920,1.975869,1.008701,0.269600,1.484664,1,0
8.255951,0.200000,0.000000,0.197479,0.047937,0.002521,-0.047937,1.991337,1.954630,1.008973,0.272748,1.484699,1,0
8.271951,0.200000,0.000000,0.197102,-0.095874,0.002898,0.095874,1.935446,2.014401,1.009244,0.275890,1.484049,1,0
8.287951,0.200000,0.000000,0.197054,0.095874,0.002946,-0.095874,2.012474,1.937417,1.009517,0.279031,1.485446,1,0
8.303950,0.200000,0.000000,0.197077,-0.047937,0.002923,0.047937,1.952885,1.993184,1.009786,0.282173,1.484122,1,0
8.319950,0.200000,0.000000,0.197080,0.000000,0.002920,0.000000,1.974000,1.975949,1.010059,0.285314,1.484830,1,0
8.335950,0.200000,0.000000,0.197479,0.000000,0.002521,0.000000,1.974022,1.975971,1.010330,0.288462,1.484866,1,0
8.351950,0.200000,0.000000,0.197489,0.047937,0.002511,-0.047937,1.991439,1.954732,1.010601,0.291610,1.484902,1,0
8.367949,0.200000,0.000000,0.197112,-0.047937,0.002888,0.047937,1.956809,1.997108,1.010871,0.294752,1.484251,1,0
8.383949,0.200000,0.000000,0.197465,0.047937,0.002535,-0.047937,1.991483,1.954777,1.011145,0.297900,1.484961,1,0
8.399949,0.200000,0.000000,0.197116,-0.047937,0.002884,0.047937,1.952987,1.993286,1.011415,0.301042,1.484313,1,0
8.415949,0.200000,0.000000,0.197090,0.047937,0.002910,-0.047937,1.995363,1.958656,1.011687,0.304184,1.485024,1,0
8.431949,0.200000,0.000000,0.197489,-0.047937,0.002511,0.047937,1.953032,1.993331,1.011958,0.307332,1.484376,1,0
8.447948,0.200000,0.000000,0.197102,0.047937,0.002898,-0.047937,1.995407,1.958700,1.012230,0.310474,1.485088,1,0
8.463948,0.200000,0.000000,0.197494,-0.047937,0.002506,0.047937,1.953076,1.993375,1.012501,0.313622,1.484441,1,0
8.479948,0.200000,0.000000,0.197107,0.047937,0.002893,-0.047937,1.991586,1.954879,1.012773,0.316764,1.485153,1,0
8.495948,0.200000,0.000000,0.197119,0.000000,0.002881,0.000000,1.974350,1.975993,1.013042,0.319907,1.484505,1,0
8.511948,0.200000,0.000000,0.197501,0.000000,0.002499,0.000000,1.974373,1.976015,1.013315,0.323055,1.484530,1,0
8.527947,0.200000,0.000000,0.197511,0.000000,0.002489,0.000000,1.974395,1.976037,1.013587,0.326203,1.484557,1,0
8.543947,0.200000,0.000000,0.197513,-0.047937,0.002487,0.047937,1.953156,1.993455,1.013859,0.329352,1.484585,1,0
8.559947,0.200000,0.000000,0.197114,0.095874,0.002886,-0.095874,2.012927,1.937563,1.014131,0.332494,1.485300,1,0
8.575947,0.200000,0.000000,0.197105,-0.095874,0.002895,0.095874,1.935943,2.014591,1.014400,0.335636,1.483968,1,0
8.591947,0.200000,0.000000,0.197090,0.047937,0.002910,-0.047937,1.991710,1.955003,1.014673,0.338778,1.485357,1,0
8.607946,0.200000,0.000000,0.197132,0.000000,0.002868,0.000000,1.974475,1.976117,1.014942,0.341920,1.484713,1,0
8.623946,0.200000,0.000000,0.197514,0.000000,0.002486,0.000000,1.974497,1.976139,1.015214,0.345069,1.484740,1,0
8.639946,0.200000,0.000000,0.197523,0.000000,0.002477,0.000000,1.974519,1.976162,1.015486,0.348217,1.484768,1,0
8.655946,0.200000,0.000000,0.197525,0.000000,0.002475,0.000000,1.974541,1.976184,1.015757,0.351366,1.484796,1,0
8.671946,0.200000,0.000000,0.197527,-0.047937,0.002473,0.047937,1.953302,1.993601,1.016028,0.354515,1.484825,1,0
8.687945,0.200000,0.000000,0.197129,0.095874,0.002871,-0.095874,2.013073,1.937710,1.016299,0.357657,1.485541,1,0
8.703945,0.200000,0.000000,0.197119,-0.095874,0.002881,0.095874,1.936089,2.014738,1.016568,0.360800,1.484209,1,0
8.719945,0.200000,0.000000,0.197104,0.047937,0.002896,-0.047937,1.991856,1.955149,1.016841,0.363942,1.485598,1,0
8.735945,0.200000,0.000000,0.197146,0.000000,0.002854,0.000000,1.974621,1.976264,1.017109,0.367085,1.484953,1,0
8.751945,0.200000,0.000000,0.197528,0.000000,0.002472,0.000000,1.974643,1.976286,1.017380,0.370233,1.484980,1,0
8.767944,0.200000,0.000000,0.197538,0.000000,0.002462,0.000000,1.974665,1.976308,1.017651,0.373382,1.485008,1,0
8.783944,0.200000,0.000000,0.197540,0.000000,0.002460,0.000000,1.974687,1.976330,1.017921,0.376531,1.485036,1,0
8.799944,0.200000,0.000000,0.197542,0.000000,0.002458,0.000000,1.970844,1.972487,1.018192,0.379680,1.485064,1,0
8.815944,0.200000,0.000000,0.197164,0.000000,0.002836,0.000000,1.974701,1.976344,1.018462,0.382824,1.485093,1,0
8.831944,0.200000,0.000000,0.197535,0.000000,0.002465,0.000000,1.974723,1.976366,1.018732,0.385972,1.485121,1,0
8.847943,0.200000,0.000000,0.197545,0.000000,0.002455,0.000000,1.974745,1.976388,1.019003,0.389122,1.485150,1,0
8.863943,0.200000,0.000000,0.197547,0.000000,0.002453,0.000000,1.974767,1.976410,1.019273,0.392271,1.485179,1,0
8.879943,0.200000,0.000000,0.197549,0.000000,0.002451,0.000000,1.974790,1.976432,1.019543,0.395420,1.485208,1,0
8.895943,0.200000,0.000000,0.197552,0.047937,0.002448,-0.047937,1.992207,1.955193,1.019813,0.398569,1.485237,1,0
8.911942,0.200000,0.000000,0.197171,-0.095874,0.002829,0.095874,1.936316,2.014964,1.020083,0.401713,1.484580,1,0
8.927942,0.200000,0.000000,0.197127,0.095874,0.002873,-0.095874,2.013344,1.937980,1.020355,0.404855,1.485972,1,0
8.943942,0.200000,0.000000,0.197147,-0.047937,0.002853,0.047937,1.953755,1.993747,1.020622,0.407998,1.484642,1,0
8.959942,0.200000,0.000000,0.197154,0.000000,0.002846,0.000000,1.974870,1.976512,1.020893,0.411141,1.485345,1,0
8.975942,0.200000,0.000000,0.197552,0.000000,0.002448,0.000000,1.974892,1.976534,1.021163,0.414290,1.485376,1,0
8.991941,0.200000,0.000000,0.197563,0.047937,0.002437,-0.047937,1.992309,1.955296,1.021432,0.417439,1.485406,1,0
9.007941,0.200000,0.000000,0.197182,-0.095874,0.002818,0.095874,1.936418,2.015066,1.021701,0.420583,1.484750,1,0
9.023941,0.200000,0.000000,0.197137,0.095874,0.002863,-0.095874,2.013446,1.938082,1.021973,0.423725,1.486142,1,0
9.039941,0.200000,0.000000,0.197157,-0.047937,0.002843,0.047937,1.953857,1.993850,1.022239,0.426869,1.484812,1,0
9.055941,0.200000,0.000000,0.197164,0.000000,0.002836,0.000000,1.974972,1.976614,1.022510,0.430012,1.485516,1,0
9.071940,0.200000,0.000000,0.197563,0.000000,0.002437,0.000000,1.974994,1.976637,1.022779,0.433161,1.485546,1,0
9.087940,0.200000,0.000000,0.197573,0.047937,0.002427,-0.047937,1.992411,1.955398,1.023048,0.436311,1.485576,1,0
9.103940,0.200000,0.000000,0.197193,-0.047937,0.002807,0.047937,1.957781,1.997773,1.023317,0.439454,1.484920,1,0
9.119940,0.200000,0.000000,0.197548,0.047937,0.002452,-0.047937,1.992456,1.955442,1.023588,0.442604,1.485625,1,0
9.135940,0.200000,0.000000,0.197197,-0.047937,0.002803,0.047937,1.953959,1.993952,1.023856,0.445747,1.484971,1,0
9.151939,0.200000,0.000000,0.197173,0.047937,0.002827,-0.047937,1.996335,1.959321,1.024127,0.448890,1.485677,1,0
9.167939,0.200000,0.000000,0.197570,-0.047937,0.002430,0.047937,1.954004,1.993996,1.024395,0.452040,1.485024,1,0
9.183939,0.200000,0.000000,0.197186,0.047937,0.002814,-0.047937,1.992514,1.955500,1.024666,0.455183,1.485730,1,0
9.199939,0.200000,0.000000,0.197194,-0.047937,0.002806,0.047937,1.957883,1.997875,1.024934,0.458327,1.485077,1,0
9.215939,0.200000,0.000000,0.197559,0.047937,0.002441,-0.047937,1.992558,1.955544,1.025204,0.461476,1.485784,1,0
9.231938,0.200000,0.000000,0.197207,-0.047937,0.002793,0.047937,1.954062,1.994054,1.025472,0.464620,1.485131,1,0
9.247938,0.200000,0.000000,0.197184,0.047937,0.002816,-0.047937,1.996437,1.959423,1.025742,0.467764,1.485837,1,0
9.263938,0.200000,0.000000,0.197580,-0.047937,0.002420,0.047937,1.954106,1.994098,1.026010,0.470914,1.485185,1,0
9.279938,0.200000,0.000000,0.197196,0.047937,0.002804,-0.047937,1.992616,1.955602,1.026280,0.474057,1.485891,1,0
9.295938,0.200000,0.000000,0.197205,-0.047937,0.002795,0.047937,1.957985,1.997977,1.026548,0.477201,1.485238,1,0
9.311937,0.200000,0.000000,0.197569,0.047937,0.002431,-0.047937,1.992660,1.955646,1.026818,0.480351,1.485945,1,0
9.327937,0.200000,0.000000,0.197217,0.000000,0.002783,0.000000,1.975425,1.976761,1.027085,0.483495,1.485292,1,0
9.343937,0.200000,0.000000,0.197595,-0.047937,0.002405,0.047937,1.954186,1.994178,1.027355,0.486645,1.485311,1,0
9.359937,0.200000,0.000000,0.197204,0.047937,0.002796,-0.047937,1.996561,1.959548,1.027625,0.489789,1.486019,1,0
9.375937,0.200000,0.000000,0.197592,-0.047937,0.002408,0.047937,1.954230,1.994222,1.027892,0.492939,1.485367,1,0
9.391936,0.200000,0.000000,0.197209,0.047937,0.002791,-0.047937,1.992740,1.955726,1.028161,0.496082,1.486074,1,0
9.407936,0.200000,0.000000,0.197217,-0.047937,0.002783,0.047937,1.958109,1.998102,1.028428,0.499227,1.485421,1,0
9.423936,0.200000,0.000000,0.197582,0.047937,0.002418,-0.047937,1.992784,1.955770,1.028698,0.502376,1.486128,1,0
9.455935,0.200000,0.000000,0.042414,0.000000,0.157586,0.000000,1.975549,1.976885,1.028972,0.506199,1.485475,1,0
9.471935,0.200000,0.000000,0.090912,-0.047937,0.109088,0.047937,1.954310,1.994302,1.029232,0.507630,1.484546,1,0
9.487935,0.200000,0.000000,0.142018,0.095874,0.057982,-0.095874,2.014081,1.938411,1.029503,0.509887,1.484902,1,0
9.503935,0.200000,0.000000,0.193166,-0.095874,0.006834,0.095874,1.937097,2.015439,1.029773,0.512965,1.483652,1,0
9.519935,0.200000,0.000000,0.197082,0.047937,0.002918,-0.047937,1.992864,1.955850,1.030048,0.516107,1.485032,1,0
9.535934,0.200000,0.000000,0.197208,0.000000,0.002792,0.000000,1.975629,1.976965,1.030318,0.519251,1.484381,1,0
9.567934,0.200000,0.000000,0.042758,0.000000,0.157242,0.000000,1.975651,1.976987,1.030598,0.523084,1.484402,1,0
9.583934,0.200000,0.000000,0.091283,0.000000,0.108717,0.000000,1.975673,1.977009,1.030862,0.524521,1.483485,1,0
9.599934,0.200000,0.000000,0.142385,-0.047937,0.057615,0.047937,1.954434,1.994427,1.031137,0.526782,1.483472,1,0
9.615933,0.200000,0.000000,0.193529,0.095874,0.006471,-0.095874,2.014205,1.938535,1.031411,0.529867,1.484143,1,0
9.631933,0.200000,0.000000,0.197108,-0.095874,0.002892,0.095874,1.937221,2.015563,1.031684,0.533009,1.482804,1,0
9.647933,0.200000,0.000000,0.197177,0.047937,0.002823,-0.047937,1.992988,1.955975,1.031962,0.536151,1.484188,1,0
9.663933,0.200000,0.000000,0.197222,0.000000,0.002778,0.000000,1.975753,1.977089,1.032235,0.539295,1.483540,1,0
9.679933,0.200000,0.000000,0.197611,0.000000,0.002389,0.000000,1.975775,1.977111,1.032510,0.542445,1.483563,1,0
9.695932,0.200000,0.000000,0.197624,0.000000,0.002376,0.000000,1.975798,1.977133,1.032785,0.545595,1.483588,1,0
9.711932,0.200000,0.000000,0.197629,-0.047937,0.002371,0.047937,1.954559,1.994551,1.033061,0.548745,1.483613,1,0
9.727932,0.200000,0.000000,0.197232,0.095874,0.002768,-0.095874,2.014329,1.938659,1.033336,0.551888,1.484326,1,0
9.743932,0.200000,0.000000,0.197222,-0.095874,0.002778,0.095874,1.937346,2.015687,1.033608,0.555032,1.482990,1,0
9.759932,0.200000,0.000000,0.197211,0.047937,0.002789,-0.047937,1.993113,1.956099,1.033885,0.558175,1.484375,1,0
9.775931,0.200000,0.000000,0.197251,0.000000,0.002749,0.000000,1.975878,1.977213,1.034157,0.561320,1.483727,1,0
9.791931,0.200000,0.000000,0.197637,0.000000,0.002363,0.000000,1.975900,1.977236,1.034432,0.564470,1.483749,1,0
9.807931,0.200000,0.000000,0.197647,0.000000,0.002353,0.000000,1.972056,1.973392,1.034707,0.567620,1.483772,1,0
9.823931,0.200000,0.000000,0.197270,0.000000,0.002730,0.000000,1.975913,1.977249,1.034981,0.570765,1.483796,1,0
9.839931,0.200000,0.000000,0.197641,0.000000,0.002359,0.000000,1.975935,1.977271,1.035256,0.573915,1.483819,1,0
9.855930,0.200000,0.000000,0.197651,0.000000,0.002349,0.000000,1.975958,1.977293,1.035531,0.577065,1.483843,1,0
9.871930,0.200000,0.000000,0.197654,0.000000,0.002346,0.000000,1.975980,1.977316,1.035805,0.580216,1.483866,1,0
9.887930,0.200000,0.000000,0.197656,0.000000,0.002344,0.000000,1.976002,1.977338,1.036080,0.583366,1.483890,1,0
9.903930,0.200000,0.000000,0.197658,0.047937,0.002342,-0.047937,1.993419,1.956099,1.036354,0.586517,1.483914,1,0
9.919930,0.200000,0.000000,0.197275,-0.095874,0.002725,0.095874,1.937528,2.015870,1.036628,0.589662,1.483252,1,0
9.935929,0.200000,0.000000,0.197234,0.095874,0.002766,-0.095874,2.014556,1.938886,1.036904,0.592805,1.484638,1,0
9.951929,0.200000,0.000000,0.197251,-0.047937,0.002749,0.047937,1.954967,1.994653,1.037176,0.595950,1.483303,1,0
9.967929,0.200000,0.000000,0.197261,0.000000,0.002739,0.000000,1.976082,1.977418,1.037452,0.599094,1.484001,1,0
9.983929,0.200000,0.000000,0.197660,0.047937,0.002340,-0.047937,1.993499,1.956179,1.037726,0.602244,1.484026,1,0
9.999928,0.200000,0.000000,0.197285,-0.095874,0.002715,0.095874,1.937608,2.015949,1.037999,0.605389,1.483365,1,0
10.015928,0.200000,0.000000,0.197243,0.095874,0.002757,-0.095874,2.014636,1.938966,1.038275,0.608533,1.484752,1,0
10.031928,0.200000,0.000000,0.197259,-0.047937,0.002741,0.047937,1.955047,1.994733,1.038546,0.611677,1.483417,1,0
10.047928,0.200000,0.000000,0.197269,0.000000,0.002731,0.000000,1.976162,1.977498,1.038821,0.614822,1.484115,1,0
10.063928,0.200000,0.000000,0.197668,0.000000,0.002332,0.000000,1.976184,1.977520,1.039095,0.617972,1.484141,1,0
10.079927,0.200000,0.000000,0.197678,0.047937,0.002322,-0.047937,1.993601,1.956281,1.039369,0.621123,1.484165,1,0
10.095927,0.200000,0.000000,0.197295,-0.095874,0.002705,0.095874,1.937710,2.016052,1.039642,0.624268,1.483504,1,0
10.111927,0.200000,0.000000,0.197253,0.095874,0.002747,-0.095874,2.014738,1.939068,1.039917,0.627412,1.484890,1,0
10.127927,0.200000,0.000000,0.197269,-0.047937,0.002731,0.047937,1.955150,1.994835,1.040188,0.630557,1.483554,1,0
10.143927,0.200000,0.000000,0.197279,0.000000,0.002721,0.000000,1.976264,1.977600,1.040463,0.633701,1.484252,1,0
10.159926,0.200000,0.000000,0.197678,0.047937,0.002322,-0.047937,1.993681,1.956361,1.040736,0.636852,1.484277,1,0
10.175926,0.200000,0.000000,0.197303,-0.047937,0.002697,0.047937,1.959051,1.998736,1.041009,0.639997,1.483616,1,0
10.191926,0.200000,0.000000,0.197662,0.047937,0.002338,-0.047937,1.993726,1.956405,1.041284,0.643148,1.484316,1,0
10.207926,0.200000,0.000000,0.197307,-0.047937,0.002693,0.047937,1.955230,1.994915,1.041557,0.646293,1.483656,1,0
10.223926,0.200000,0.000000,0.197287,0.000000,0.002713,0.000000,1.976344,1.977680,1.041832,0.649438,1.484357,1,0
10.239925,0.200000,0.000000,0.197686,0.000000,0.002314,0.000000,1.976366,1.977702,1.042105,0.652589,1.484383,1,0
10.255925,0.200000,0.000000,0.197696,0.047937,0.002304,-0.047937,1.993784,1.956463,1.042377,0.655740,1.484409,1,0
10.271925,0.200000,0.000000,0.197312,-0.047937,0.002688,0.047937,1.959153,1.998838,1.042650,0.658885,1.483748,1,0
10.287925,0.200000,0.000000,0.197672,0.047937,0.002328,-0.047937,1.993828,1.956507,1.042925,0.662036,1.484448,1,0
10.303925,0.200000,0.000000,0.197317,-0.047937,0.002683,0.047937,1.955332,1.995017,1.043197,0.665182,1.483788,1,0
10.319924,0.200000,0.000000,0.197297,0.047937,0.002703,-0.047937,1.997707,1.960387,1.043471,0.668326,1.484489,1,0
10.335924,0.200000,0.000000,0.197690,-0.047937,0.002310,0.047937,1.955376,1.995061,1.043744,0.671478,1.483830,1,0
10.351924,0.200000,0.000000,0.197310,0.047937,0.002690,-0.047937,1.993886,1.956565,1.044018,0.674623,1.484531,1,0
10.367924,0.200000,0.000000,0.197315,0.000000,0.002685,0.000000,1.976651,1.977680,1.044290,0.677768,1.483872,1,0
10.383924,0.200000,0.000000,0.197703,-0.047937,0.002297,0.047937,1.955412,1.995097,1.044565,0.680919,1.483886,1,0
10.399923,0.200000,0.000000,0.197313,0.047937,0.002687,-0.047937,1.997787,1.960467,1.044839,0.684064,1.484589,1,0
10.415923,0.200000,0.000000,0.197698,-0.047937,0.002302,0.047937,1.955456,1.995141,1.045111,0.687216,1.483932,1,0
10.431923,0.200000,0.000000,0.197318,0.047937,0.002682,-0.047937,1.993966,1.956645,1.045385,0.690361,1.484633,1,0
10.447923,0.200000,0.000000,0.197323,-0.047937,0.002677,0.047937,1.959335,1.999021,1.045657,0.693506,1.483975,1,0
10.463923,0.200000,0.000000,0.197690,0.047937,0.002310,-0.047937,1.994010,1.956689,1.045931,0.696658,1.484677,1,0
10.479922,0.200000,0.000000,0.197335,-0.047937,0.002665,0.047937,1.955514,1.995199,1.046202,0.699803,1.484018,1,0
10.495922,0.200000,0.000000,0.197315,0.047937,0.002685,-0.047937,1.997889,1.960569,1.046476,0.702948,1.484719,1,0
10.511922,0.200000,0.000000,0.197708,-0.047937,0.002292,0.047937,1.955558,1.995244,1.046748,0.706100,1.484061,1,0
10.527922,0.200000,0.000000,0.197328,0.047937,0.002672,-0.047937,1.994068,1.956747,1.047021,0.709245,1.484762,1,0
10.543921,0.200000,0.000000,0.197333,0.000000,0.002667,0.000000,1.976833,1.977862,1.047293,0.712391,1.484103,1,0
10.559921,0.200000,0.000000,0.197721,0.000000,0.002279,0.000000,1.976855,1.977884,1.047567,0.715543,1.484117,1,0
10.575921,0.200000,0.000000,0.197732,-0.047937,0.002268,0.047937,1.955616,1.995301,1.047840,0.718695,1.484132,1,0
10.591921,0.200000,0.000000,0.197333,0.095874,0.002667,-0.095874,2.015387,1.939410,1.048114,0.721840,1.484836,1,0
10.607921,0.200000,0.000000,0.197317,-0.095874,0.002683,0.095874,1.938403,2.016438,1.048385,0.724985,1.483492,1,0
10.623920,0.200000,0.000000,0.197309,0.047937,0.002691,-0.047937,1.994170,1.956849,1.048660,0.728130,1.484869,1,0
10.639920,0.200000,0.000000,0.197344,0.000000,0.002656,0.000000,1.976935,1.977964,1.048931,0.731276,1.484214,1,0
10.655920,0.200000,0.000000,0.197732,0.000000,0.002268,0.000000,1.976957,1.977986,1.049204,0.734428,1.484230,1,0
10.671920,0.200000,0.000000,0.197742,-0.047937,0.002258,0.047937,1.955718,1.995404,1.049478,0.737580,1.484247,1,0
10.687920,0.200000,0.000000,0.197344,0.095874,0.002656,-0.095874,2.015489,1.939512,1.049751,0.740726,1.484951,1,0
10.703919,0.200000,0.000000,0.197327,-0.095874,0.002673,0.095874,1.938505,2.016540,1.050021,0.743871,1.483608,1,0
10.719919,0.200000,0.000000,0.197319,0.047937,0.002681,-0.047937,1.994272,1.956952,1.050296,0.747017,1.484986,1,0
10.735919,0.200000,0.000000,0.197354,0.000000,0.002646,0.000000,1.977037,1.978066,1.050567,0.750163,1.484330,1,0
10.751919,0.200000,0.000000,0.197742,0.000000,0.002258,0.000000,1.977059,1.978088,1.050840,0.753315,1.484346,1,0
10.767919,0.200000,0.000000,0.197752,-0.047937,0.002248,0.047937,1.955820,1.995506,1.051113,0.756467,1.484363,1,0
10.783918,0.200000,0.000000,0.197354,0.095874,0.002646,-0.095874,2.015591,1.939614,1.051386,0.759613,1.485067,1,0
10.799918,0.200000,0.000000,0.197338,-0.095874,0.002662,0.095874,1.938607,2.016642,1.051656,0.762759,1.483724,1,0
10.815918,0.200000,0.000000,0.197329,0.047937,0.002671,-0.047937,1.994374,1.957054,1.051931,0.765904,1.485101,1,0
10.831918,0.200000,0.000000,0.197364,0.000000,0.002636,0.000000,1.977139,1.978168,1.052201,0.769050,1.484446,1,0
10.847918,0.200000,0.000000,0.197752,0.000000,0.002248,0.000000,1.977161,1.978190,1.052474,0.772202,1.484462,1,0
10.863917,0.200000,0.000000,0.197762,0.000000,0.002238,0.000000,1.973318,1.974347,1.052747,0.775355,1.484478,1,0
10.879917,0.200000,0.000000,0.197385,0.000000,0.002615,0.000000,1.977175,1.978204,1.053019,0.778501,1.484495,1,0
10.895917,0.200000,0.000000,0.197755,0.000000,0.002245,0.000000,1.977197,1.978226,1.053291,0.781653,1.484513,1,0
10.911917,0.200000,0.000000,0.197765,0.000000,0.002235,0.000000,1.977219,1.978248,1.053564,0.784806,1.484530,1,0
10.927917,0.200000,0.000000,0.197767,0.000000,0.002233,0.000000,1.977241,1.978270,1.053836,0.787958,1.484548,1,0
10.943916,0.200000,0.000000,0.197769,0.000000,0.002231,0.000000,1.973398,1.974427,1.054109,0.791111,1.484566,1,0
10.959916,0.200000,0.000000,0.197392,0.000000,0.002608,0.000000,1.977255,1.978284,1.054381,0.794258,1.484584,1,0
10.975916,0.200000,0.000000,0.197763,0.000000,0.002237,0.000000,1.977277,1.978306,1.054653,0.797410,1.484602,1,0
10.991916,0.200000,0.000000,0.197773,0.000000,0.002227,0.000000,1.977299,1.978328,1.054926,0.800563,1.484620,1,0
11.007915,0.200000,0.000000,0.197775,0.000000,0.002225,0.000000,1.977321,1.978350,1.055198,0.803715,1.484638,1,0
11.023915,0.200000,0.000000,0.197777,0.047937,0.002223,-0.047937,1.994739,1.957111,1.055470,0.806868,1.484656,1,0
11.039915,0.200000,0.000000,0.197391,-0.095874,0.002609,0.095874,1.938847,2.016882,1.055742,0.810015,1.483989,1,0
11.055915,0.200000,0.000000,0.197352,0.095874,0.002648,-0.095874,2.015875,1.939898,1.056016,0.813160,1.485369,1,0
11.071915,0.200000,0.000000,0.197366,-0.047937,0.002634,0.047937,1.956287,1.995665,1.056285,0.816307,1.484029,1,0
11.087914,0.200000,0.000000,0.197379,0.000000,0.002621,0.000000,1.977401,1.978430,1.056559,0.819453,1.484721,1,0
11.103914,0.200000,0.000000,0.197778,0.047937,0.002222,-0.047937,1.994819,1.957191,1.056831,0.822606,1.484741,1,0
11.119914,0.200000,0.000000,0.197400,-0.095874,0.002600,0.095874,1.938927,2.016962,1.057102,0.825752,1.484075,1,0
11.135914,0.200000,0.000000,0.197361,0.095874,0.002639,-0.095874,2.015955,1.939978,1.057376,0.828898,1.485456,1,0
11.151914,0.200000,0.000000,0.197375,-0.047937,0.002625,0.047937,1.956367,1.995745,1.057645,0.832045,1.484115,1,0
11.167913,0.200000,0.000000,0.197388,0.000000,0.002612,0.000000,1.977481,1.978510,1.057918,0.835191,1.484808,1,0
11.183913,0.200000,0.000000,0.197787,0.047937,0.002213,-0.047937,1.994899,1.957271,1.058190,0.838344,1.484828,1,0
11.199913,0.200000,0.000000,0.197408,-0.095874,0.002592,0.095874,1.939007,2.017042,1.058461,0.841491,1.484162,1,0
11.215913,0.200000,0.000000,0.197369,0.095874,0.002631,-0.095874,2.016035,1.940058,1.058734,0.844637,1.485543,1,0
11.231913,0.200000,0.000000,0.197382,-0.047937,0.002618,0.047937,1.956447,1.995825,1.059003,0.847784,1.484202,1,0
11.247912,0.200000,0.000000,0.197396,0.000000,0.002604,0.000000,1.977561,1.978590,1.059276,0.850930,1.484895,1,0
11.263912,0.200000,0.000000,0.197794,0.047937,0.002206,-0.047937,1.994979,1.957351,1.059548,0.854083,1.484915,1,0
11.279912,0.200000,0.000000,0.197416,-0.095874,0.002584,0.095874,1.939087,2.017122,1.059819,0.857230,1.484248,1,0
11.295912,0.200000,0.000000,0.197377,0.095874,0.002623,-0.095874,2.016115,1.940138,1.060092,0.860376,1.485629,1,0
11.311912,0.200000,0.000000,0.197390,-0.047937,0.002610,0.047937,1.956527,1.995905,1.060360,0.863523,1.484288,1,0
11.327911,0.200000,0.000000,0.197403,0.000000,0.002597,0.000000,1.977641,1.978670,1.060633,0.866670,1.484981,1,0
11.343911,0.200000,0.000000,0.197802,0.047937,0.002198,-0.047937,1.995059,1.957431,1.060904,0.869823,1.485000,1,0
11.359911,0.200000,0.000000,0.197424,-0.095874,0.002576,0.095874,1.939167,2.017202,1.061175,0.872970,1.484334,1,0
11.375911,0.200000,0.000000,0.197385,0.095874,0.002615,-0.095874,2.016195,1.940218,1.061448,0.876116,1.485715,1,0
11.391911,0.200000,0.000000,0.197398,-0.047937,0.002602,0.047937,1.956607,1.995986,1.061716,0.879263,1.484374,1,0
11.407910,0.200000,0.000000,0.197411,0.000000,0.002589,0.000000,1.977721,1.978750,1.061989,0.882410,1.485067,1,0
11.423910,0.200000,0.000000,0.197810,0.047937,0.002190,-0.047937,1.995139,1.957511,1.062259,0.885564,1.485086,1,0
11.439910,0.200000,0.000000,0.197432,-0.095874,0.002568,0.095874,1.939247,2.017282,1.062530,0.888711,1.484420,1,0
11.455910,0.200000,0.000000,0.197393,0.095874,0.002607,-0.095874,2.016275,1.940298,1.062802,0.891857,1.485801,1,0
11.471910,0.200000,0.000000,0.197406,-0.047937,0.002594,0.047937,1.956687,1.996065,1.063070,0.895005,1.484460,1,0
11.487909,0.200000,0.000000,0.197419,0.000000,0.002581,0.000000,1.977801,1.978830,1.063343,0.898151,1.485152,1,0
11.503909,0.200000,0.000000,0.197818,0.047937,0.002182,-0.047937,1.995219,1.957591,1.063613,0.901305,1.485172,1,0
11.519909,0.200000,0.000000,0.197440,-0.095874,0.002560,0.095874,1.939327,2.017362,1.063884,0.904452,1.484505,1,0
11.535909,0.200000,0.000000,0.197401,0.095874,0.002599,-0.095874,2.016355,1.940378,1.064156,0.907599,1.485886,1,0
11.551908,0.200000,0.000000,0.197414,-0.047937,0.002586,0.047937,1.956767,1.996145,1.064423,0.910746,1.484545,1,0
11.567908,0.200000,0.000000,0.197427,0.000000,0.002573,0.000000,1.977881,1.978910,1.064696,0.913893,1.485238,1,0
11.583908,0.200000,0.000000,0.197826,0.047937,0.002174,-0.047937,1.995299,1.957671,1.064966,0.917047,1.485258,1,0
11.599908,0.200000,0.000000,0.197448,-0.047937,0.002552,0.047937,1.960668,2.000047,1.065236,0.920195,1.484591,1,0
11.615908,0.200000,0.000000,0.197810,0.047937,0.002190,-0.047937,1.995343,1.957716,1.065509,0.923348,1.485285,1,0
11.631907,0.200000,0.000000,0.197452,-0.047937,0.002548,0.047937,1.956847,1.996225,1.065778,0.926496,1.484620,1,0
11.647907,0.200000,0.000000,0.197435,0.000000,0.002565,0.000000,1.977961,1.978990,1.066050,0.929643,1.485315,1,0
11.663907,0.200000,0.000000,0.197834,0.047937,0.002166,-0.047937,1.995379,1.957751,1.066320,0.932797,1.485336,1,0
11.679907,0.200000,0.000000,0.197455,0.000000,0.002545,0.000000,1.978144,1.978866,1.066590,0.935944,1.484671,1,0
11.695907,0.200000,0.000000,0.197837,-0.047937,0.002163,0.047937,1.956905,1.996283,1.066862,0.939098,1.484679,1,0
11.711906,0.200000,0.000000,0.197448,0.047937,0.002552,-0.047937,1.999280,1.961653,1.067134,0.942246,1.485375,1,0
11.727906,0.200000,0.000000,0.197830,-0.047937,0.002170,0.047937,1.956949,1.996328,1.067404,0.945399,1.484712,1,0
11.743906,0.200000,0.000000,0.197453,0.047937,0.002547,-0.047937,1.995459,1.957831,1.067676,0.948547,1.485408,1,0
11.759906,0.200000,0.000000,0.197455,0.000000,0.002545,0.000000,1.978224,1.978946,1.067945,0.951695,1.484745,1,0
11.775906,0.200000,0.000000,0.197845,-0.047937,0.002155,0.047937,1.956985,1.996363,1.068217,0.954848,1.484754,1,0
11.791905,0.200000,0.000000,0.197457,0.047937,0.002543,-0.047937,1.999360,1.961733,1.068489,0.957996,1.485451,1,0
11.807905,0.200000,0.000000,0.197838,-0.047937,0.002162,0.047937,1.957029,1.996408,1.068758,0.961150,1.484788,1,0
11.823905,0.200000,0.000000,0.197461,0.047937,0.002539,-0.047937,1.995539,1.957911,1.069030,0.964298,1.485485,1,0
11.839905,0.200000,0.000000,0.197463,0.000000,0.002537,0.000000,1.978304,1.979026,1.069299,0.967446,1.484821,1,0
11.855905,0.200000,0.000000,0.197853,-0.047937,0.002147,0.047937,1.957065,1.996443,1.069571,0.970599,1.484830,1,0
11.871904,0.200000,0.000000,0.197465,0.047937,0.002535,-0.047937,1.999440,1.961813,1.069842,0.973747,1.485528,1,0
11.887904,0.000000,0.000000,0.197846,-0.047937,-0.197846,0.047937,-0.120171,-0.080792,1.070111,0.976901,1.484865,1,0
11.903904,0.000000,0.000000,0.043043,0.095874,-0.043043,-0.095874,0.104542,0.028258,1.070109,0.977590,1.484684,1,0
11.919904,0.000000,0.000000,0.006278,-0.143811,-0.006278,0.143811,-0.005260,0.111124,1.070117,0.977690,1.483469,1,0
11.935904,0.000000,0.000000,0.000893,0.143811,-0.000893,-0.143811,0.110202,-0.004431,1.070125,0.977679,1.483655,1,0
11.951903,0.000000,0.000000,0.000826,-0.143811,-0.000826,0.143811,-0.001487,0.114898,1.070133,0.977668,1.483497,1,0
11.967903,0.000000,0.000000,0.000577,0.143811,-0.000577,-0.143811,0.110141,-0.004492,1.070135,0.977659,1.483550,1,0
11.983903,0.000000,0.000000,0.000437,-0.095874,-0.000437,0.095874,0.015847,0.093575,1.070137,0.977653,1.483390,1,0
11.999903,0.000000,0.000000,0.001340,0.095874,-0.001340,-0.095874,0.092822,0.016539,1.070140,0.977674,1.483445,1,0
12.015903,0.000000,0.000000,0.001523,-0.095874,-0.001523,0.095874,0.015786,0.093514,1.070142,0.977698,1.483388,1,0
12.031902,0.000000,0.000000,0.001506,0.047937,-0.001506,-0.047937,0.071500,0.033873,1.070145,0.977722,1.483443,1,0
12.047902,0.000000,0.000000,0.003450,0.000000,-0.003450,0.000000,0.054212,0.054934,1.070150,0.977777,1.483338,1,0
12.063902,0.000000,0.000000,0.005275,0.000000,-0.005275,0.000000,0.054181,0.054904,1.070157,0.977861,1.483350,1,0
12.079902,0.000000,0.000000,0.005337,0.000000,-0.005337,0.000000,0.054151,0.054873,1.070165,0.977946,1.483362,1,0
12.095901,0.000000,0.000000,0.005357,-0.047937,-0.005357,0.047937,0.032859,0.072238,1.070172,0.978032,1.483374,1,0
12.111901,0.000000,0.000000,0.003576,0.095874,-0.003576,-0.095874,0.092577,0.016293,1.070177,0.978088,1.483478,1,0
12.127901,0.000000,0.000000,0.001785,-0.095874,-0.001785,0.095874,0.015540,0.093268,1.070180,0.978117,1.483420,1,0
12.143901,0.000000,0.000000,0.001662,0.047937,-0.001662,-0.047937,0.071255,0.033627,1.070183,0.978143,1.483475,1,0
12.159901,0.000000,0.000000,0.003570,0.000000,-0.003570,0.000000,0.053967,0.054689,1.070189,0.978200,1.483371,1,0
12.175900,0.000000,0.000000,0.005366,0.000000,-0.005366,0.000000,0.053936,0.054658,1.070196,0.978286,1.483383,1,0
12.191900,0.000000,0.000000,0.005405,0.000000,-0.005405,0.000000,0.053905,0.054627,1.070204,0.978372,1.483395,1,0
12.207900,0.000000,0.000000,0.005407,0.000000,-0.005407,0.000000,0.053875,0.054597,1.070211,0.978458,1.483407,1,0
12.223900,0.000000,0.000000,0.005406,-0.047937,-0.005406,0.047937,0.032583,0.071961,1.070218,0.978544,1.483420,1,0
12.239900,0.000000,0.000000,0.003607,0.095874,-0.003607,-0.095874,0.092301,0.016017,1.070224,0.978602,1.483523,1,0
12.255899,0.000000,0.000000,0.001805,-0.095874,-0.001805,0.095874,0.015264,0.092992,1.070227,0.978630,1.483466,1,0
12.271899,0.000000,0.000000,0.001672,0.095874,-0.001672,-0.095874,0.092239,0.015956,1.070230,0.978657,1.483520,1,0
12.287899,0.000000,0.000000,0.001747,-0.095874,-0.001747,0.095874,0.015203,0.092931,1.070233,0.978685,1.483464,1,0
12.303899,0.000000,0.000000,0.001670,0.047937,-0.001670,-0.047937,0.070917,0.033290,1.070236,0.978711,1.483518,1,0
12.319899,0.000000,0.000000,0.003569,0.000000,-0.003569,0.000000,0.053629,0.054351,1.070241,0.978768,1.483415,1,0
12.335898,0.000000,0.000000,0.005361,0.000000,-0.005361,0.000000,0.053598,0.054321,1.070248,0.978854,1.483427,1,0
12.351898,0.000000,0.000000,0.005395,0.000000,-0.005395,0.000000,0.053568,0.054290,1.070256,0.978940,1.483439,1,0
12.367898,0.000000,0.000000,0.005391,-0.047937,-0.005391,0.047937,0.032276,0.071655,1.070263,0.979026,1.483451,1,0
12.383898,0.000000,2.000000,0.003586,0.095874,-0.003586,1.904126,-1.702406,1.810110,1.070269,0.979083,1.483554,1,0
12.399898,0.000000,2.000000,0.003560,3.499393,-0.003560,-1.499393,-0.338164,0.441941,1.070274,0.979139,1.499981,1,0
12.415897,0.000000,2.000000,0.002900,0.766990,-0.002900,1.233010,-1.433184,1.540735,1.070280,0.979186,1.511751,1,0
12.431897,0.000000,2.000000,0.002903,2.972088,-0.002903,-0.972088,-0.548065,0.655554,1.070286,0.979232,1.538927,1,0
12.447897,0.000000,2.000000,0.002173,1.246359,-0.002173,0.753641,-1.240798,1.348227,1.070288,0.979266,1.558555,1,0
12.463897,0.000000,2.000000,0.001400,2.540656,-0.001400,-0.540656,-0.723313,0.826815,1.070289,0.979289,1.591832,1,0
12.479897,0.000000,2.000000,0.001871,1.581918,-0.001871,0.418082,-1.104327,1.215467,1.070290,0.979319,1.617805,1,0
12.495896,0.000000,2.000000,0.005541,2.300971,-0.005541,-0.300971,-0.817690,0.924935,1.070290,0.979407,1.655095,1,0
12.511896,0.000000,2.000000,0.005409,1.773665,-0.005409,0.226335,-1.031301,1.134618,1.070286,0.979494,1.683105,1,0
12.527896,0.000000,2.000000,0.005207,2.109224,-0.005207,-0.109224,-0.894841,1.001932,1.070281,0.979577,1.717917,1,0
12.543896,0.000000,2.000000,0.005373,1.917476,-0.005373,0.082524,-0.971835,1.078864,1.070272,0.979662,1.748384,1,0
12.559896,0.000000,2.000000,0.005364,2.061286,-0.005364,-0.061286,-0.916078,1.019180,1.070260,0.979747,1.781313,1,0
12.575895,0.000000,2.000000,0.005157,1.917476,-0.005157,0.082524,-0.971979,1.078855,1.070245,0.979828,1.812365,1,0
12.591895,0.000000,2.000000,0.005330,2.013350,-0.005330,-0.013350,-0.933618,1.040432,1.070228,0.979912,1.845265,1,0
12.607895,0.000000,2.000000,0.005320,2.013350,-0.005320,-0.013350,-0.933606,1.040359,1.070207,0.979995,1.876913,1,0
12.623895,0.000000,2.000000,0.005307,1.965413,-0.005307,0.034587,-0.954855,1.057681,1.070184,0.980076,1.908543,1,0
12.639894,0.000000,2.000000,0.005104,2.013350,-0.005104,-0.013350,-0.933750,1.040350,1.070160,0.980154,1.940784,1,0
12.655894,0.000000,2.000000,0.005277,1.965413,-0.005277,0.034587,-0.951134,1.061538,1.070131,0.980234,1.972393,1,0
12.671894,0.000000,2.000000,0.005462,2.061286,-0.005462,-0.061286,-0.916469,1.019111,1.070099,0.980315,2.004615,1,0
12.687894,0.000000,2.000000,0.005073,1.917476,-0.005073,0.082524,-0.972371,1.078786,1.070067,0.980389,2.035582,1,0
12.703894,0.000000,2.000000,0.005243,2.013350,-0.005243,-0.013350,-0.934009,1.040363,1.070031,0.980465,2.068407,1,0
12.719893,0.000000,2.000000,0.005237,1.965413,-0.005237,0.034587,-0.955258,1.057685,1.069993,0.980540,2.099988,1,0
12.735893,0.000000,2.000000,0.005034,2.013350,-0.005034,-0.013350,-0.934154,1.040355,1.069954,0.980611,2.132183,1,0
12.751893,0.000000,2.000000,0.005208,2.013350,-0.005208,-0.013350,-0.934142,1.040281,1.069912,0.980682,2.163753,1,0
12.767893,0.000000,2.000000,0.005201,1.917476,-0.005201,0.082524,-0.972786,1.078864,1.069867,0.980752,2.195314,1,0
12.783893,0.000000,2.000000,0.005188,2.109224,-0.005188,-0.109224,-0.895768,1.001785,1.069820,0.980821,2.228118,1,0
12.799892,0.000000,2.000000,0.005180,1.869539,-0.005180,0.130461,-0.994023,1.096113,1.069771,0.980887,2.258430,1,0
12.815892,0.000000,2.000000,0.004990,2.109224,-0.004990,-0.109224,-0.895913,1.001776,1.069721,0.980950,2.291844,1,0
12.831892,0.000000,2.000000,0.005151,1.917476,-0.005151,0.082524,-0.972906,1.078709,1.069668,0.981013,2.322151,1,0
12.847892,0.000000,2.000000,0.005134,2.013350,-0.005134,-0.013350,-0.934545,1.040286,1.069614,0.981074,2.354934,1,0
12.863892,0.000000,2.000000,0.005124,2.013350,-0.005124,-0.013350,-0.934533,1.040212,1.069557,0.981134,2.386477,1,0
12.879891,0.000000,2.000000,0.005109,1.917476,-0.005109,0.082524,-0.973177,1.078795,1.069499,0.981191,2.418013,1,0
12.895891,0.000000,2.000000,0.005088,2.061286,-0.005088,-0.061286,-0.917420,1.019112,1.069439,0.981246,2.450790,1,0
12.911891,0.000000,2.000000,0.004924,1.917476,-0.004924,0.082524,-0.973322,1.078786,1.069379,0.981297,2.481701,1,0
12.927891,0.000000,2.000000,0.005046,2.109224,-0.005046,-0.109224,-0.896304,1.001707,1.069316,0.981348,2.514469,1,0
12.943891,0.000000,2.000000,0.005046,1.869539,-0.005046,0.130461,-0.994559,1.096035,1.069252,0.981397,2.544749,1,0
12.959890,0.000000,2.000000,0.004915,2.061287,-0.004915,-0.061287,-0.913844,1.022960,1.069187,0.981442,2.578125,1,0
12.975890,0.000000,2.000000,0.005189,1.965413,-0.005189,0.034587,-0.956185,1.057539,1.069118,0.981488,2.609020,1,0
12.991890,0.000000,2.000000,0.005020,2.013350,-0.005020,-0.013350,-0.935081,1.040208,1.069048,0.981528,2.641144,1,0
13.007890,0.000000,2.000000,0.005011,2.013350,-0.005011,-0.013350,-0.935069,1.040135,1.068979,0.981567,2.672643,1,0
13.023890,0.000000,2.000000,0.004955,1.917476,-0.004955,0.082524,-0.973713,1.078718,1.068909,0.981604,2.704131,1,0
13.039889,0.000000,2.000000,0.004902,2.061286,-0.004902,-0.061286,-0.917956,1.019034,1.068838,0.981639,2.736852,1,0
13.055889,0.000000,2.000000,0.004812,1.965413,-0.004812,0.034587,-0.952597,1.061314,1.068768,0.981670,2.767709,1,0
13.071889,0.000000,2.000000,0.004980,1.965413,-0.004980,0.034587,-0.956589,1.057543,1.068694,0.981701,2.799785,1,0
13.087889,0.000000,2.000000,0.004882,2.013350,-0.004882,-0.013350,-0.935484,1.040213,1.068621,0.981727,2.831853,1,0
13.103889,0.000000,2.000000,0.004871,2.013350,-0.004871,-0.013350,-0.935472,1.040139,1.068547,0.981751,2.863288,1,0
13.119888,0.000000,2.000000,0.004840,1.965413,-0.004840,0.034587,-0.956721,1.057461,1.068472,0.981773,2.894698,1,0
13.135888,0.000000,2.000000,0.004796,2.013350,-0.004796,-0.013350,-0.935617,1.040130,1.068398,0.981792,2.926702,1,0
13.151888,0.000000,2.000000,0.005264,1.965413,-0.005264,0.034587,-0.953000,1.061318,1.068316,0.981810,2.958327,1,0
13.167888,0.000000,0.000000,0.005471,2.013350,-0.005471,-2.013350,0.858669,-0.754248,1.068230,0.981828,2.990575,1,0
13.183887,0.000000,0.000000,0.000337,-1.581918,-0.000337,1.581918,-0.586463,0.686958,1.068228,0.981827,2.990573,1,0
13.199887,0.000000,0.000000,0.000042,1.246359,-0.000042,-1.246359,0.550723,-0.446454,1.068228,0.981827,3.004195,1,0
13.215887,0.000000,0.000000,0.000161,-0.958738,-0.000161,0.958738,-0.334415,0.438622,1.068229,0.981827,2.998186,1,0
13.231887,0.000000,0.000000,0.000049,0.766990,-0.000049,-0.766990,0.358300,-0.254155,1.068229,0.981827,3.007808,1,0
13.247887,0.000000,0.000000,0.000095,-0.623180,-0.000095,0.623180,-0.201726,0.301944,1.068230,0.981826,2.999502,1,0
13.263886,0.000000,0.000000,0.002265,0.479369,-0.002265,-0.479369,0.242715,-0.138722,1.068194,0.981832,3.006628,1,0
13.279886,0.000000,0.000000,0.002500,-0.383495,-0.002500,0.383495,-0.103689,0.207620,1.068154,0.981839,3.001280,1,0
13.295886,0.000000,0.000000,0.001916,0.287621,-0.001916,-0.287621,0.165647,-0.061778,1.068124,0.981845,3.005151,1,0
13.311886,0.000000,0.000000,0.001207,-0.191748,-0.001207,0.191748,-0.026744,0.130553,1.068106,0.981851,3.002743,1,0
13.327886,0.000000,0.000000,0.000624,0.191748,-0.000624,-0.191748,0.127237,-0.023490,1.068098,0.981858,3.003717,1,0
13.343885,0.000000,0.000000,0.000595,-0.191748,-0.000595,0.191748,-0.026806,0.130491,1.068091,0.981864,3.002777,1,0
13.359885,0.000000,0.000000,0.000619,0.143811,-0.000619,-0.143811,0.105914,-0.006156,1.068084,0.981870,3.003769,1,0
13.375885,0.000000,0.000000,0.000411,-0.095874,-0.000411,0.095874,0.011620,0.091912,1.068081,0.981876,3.003501,1,0
13.391885,0.000000,0.000000,0.001375,0.095874,-0.001375,-0.095874,0.088596,0.014875,1.068060,0.981880,3.003573,1,0
13.407885,0.000000,0.000000,0.001645,-0.095874,-0.001645,0.095874,0.011559,0.091850,1.068034,0.981884,3.003499,1,0
13.423884,0.000000,0.000000,0.001384,0.095874,-0.001384,-0.095874,0.088534,0.014814,1.068012,0.981888,3.003569,1,0
13.439884,0.000000,0.000000,0.001662,-0.095874,-0.001662,0.095874,0.011498,0.091789,1.067986,0.981892,3.003492,1,0
13.455884,0.000000,0.000000,0.001367,0.095874,-0.001367,-0.095874,0.088473,0.014752,1.067964,0.981895,3.003561,1,0
13.471884,0.000000,0.000000,0.001670,-0.047937,-0.001670,0.047937,0.028832,0.070466,1.067938,0.981899,3.003482,1,0
13.487884,0.000000,0.000000,0.003260,0.000000,-0.003260,0.000000,0.049893,0.053179,1.067886,0.981907,3.003629,1,0
13.503883,0.000000,0.000000,0.005104,0.000000,-0.005104,0.000000,0.049863,0.053148,1.067805,0.981918,3.003684,1,0
13.519883,0.000000,0.000000,0.005138,0.000000,-0.005138,0.000000,0.049832,0.053117,1.067724,0.981929,3.003738,1,0
13.535883,0.000000,0.000000,0.005135,0.000000,-0.005135,0.000000,0.049801,0.053086,1.067642,0.981940,3.003794,1,0
13.551883,0.000000,0.000000,0.005130,0.000000,-0.005130,0.000000,0.049771,0.053056,1.067561,0.981951,3.003850,1,0
13.567883,0.000000,0.000000,0.005126,0.047937,-0.005126,-0.047937,0.067135,0.031764,1.067480,0.981963,3.003906,1,0
13.583882,0.000000,0.000000,0.003710,-0.047937,-0.003710,0.047937,0.032452,0.074087,1.067421,0.981971,3.003745,1,0
13.599882,0.000000,0.000000,0.003687,0.047937,-0.003687,-0.047937,0.067074,0.031703,1.067363,0.981980,3.003910,1,0
13.615882,0.000000,0.000000,0.003596,-0.047937,-0.003596,0.047937,0.032391,0.074025,1.067306,0.981989,3.003751,1,0
13.631882,0.000000,0.000000,0.003676,0.047937,-0.003676,-0.047937,0.067012,0.031641,1.067248,0.981997,3.003915,1,0
13.647882,0.000000,0.000000,0.003590,0.000000,-0.003590,0.000000,0.049725,0.052703,1.067191,0.982006,3.003755,1,0
13.663881,0.000000,0.000000,0.005076,0.000000,-0.005076,0.000000,0.049694,0.052672,1.067110,0.982017,3.003806,1,0
13.679881,0.200000,0.000000,0.005104,0.000000,0.194896,0.000000,2.126943,2.129921,1.067029,0.982028,3.003858,1,0
13.695881,0.200000,0.000000,0.062364,-0.047937,0.137636,0.047937,1.940709,1.982344,1.066139,0.982479,3.002371,1,0
13.711881,0.200000,0.000000,0.110568,0.047937,0.089432,-0.047937,1.994589,1.959218,1.064425,0.982915,3.003050,1,0
13.727880,0.200000,0.000000,0.160776,-0.047937,0.039224,0.047937,1.952258,1.993893,1.061890,0.983352,3.002451,1,0
13.743880,0.200000,0.000000,0.196909,0.095874,0.003091,-0.095874,2.012029,1.938002,1.058770,0.983790,3.003185,1,0
13.759880,0.200000,0.000000,0.197567,-0.095874,0.002433,0.095874,1.935045,2.015030,1.055639,0.984226,3.001873,1,0
13.775880,0.200000,0.000000,0.197454,0.047937,0.002546,-0.047937,1.990812,1.955441,1.052510,0.984666,3.003286,1,0
13.791880,0.200000,0.000000,0.197431,0.000000,0.002569,0.000000,1.973577,1.976556,1.049382,0.985101,3.002667,1,0
13.807879,0.200000,0.000000,0.197735,0.000000,0.002265,0.000000,1.973599,1.976578,1.046248,0.985539,3.002720,1,0
13.823879,0.200000,0.000000,0.197694,0.000000,0.002306,0.000000,1.973621,1.976600,1.043116,0.985977,3.002774,1,0
13.839879,0.200000,0.000000,0.197656,0.000000,0.002344,0.000000,1.973644,1.976622,1.039983,0.986414,3.002828,1,0
13.855879,0.200000,0.000000,0.197625,0.000000,0.002375,0.000000,1.969800,1.972779,1.036852,0.986852,3.002883,1,0
13.871879,0.200000,0.000000,0.197222,0.000000,0.002778,0.000000,1.973657,1.976636,1.033727,0.987288,3.002938,1,0
13.887878,0.200000,0.000000,0.197572,0.000000,0.002428,0.000000,1.973679,1.976658,1.030596,0.987725,3.002992,1,0
13.903878,0.200000,0.000000,0.197566,0.000000,0.002434,0.000000,1.973701,1.976680,1.027465,0.988161,3.003047,1,0
13.919878,0.200000,0.000000,0.197555,0.000000,0.002445,0.000000,1.973724,1.976702,1.024334,0.988598,3.003101,1,0
13.935878,0.200000,0.000000,0.197546,0.000000,0.002454,0.000000,1.973746,1.976724,1.021204,0.989034,3.003155,1,0
13.951878,0.200000,0.000000,0.197540,0.047937,0.002460,-0.047937,1.991163,1.955485,1.018074,0.989470,3.003209,1,0
13.967877,0.200000,0.000000,0.197168,-0.095874,0.002832,0.095874,1.935272,2.015256,1.014949,0.989905,3.002577,1,0
13.983877,0.200000,0.000000,0.197103,0.095874,0.002897,-0.095874,2.012300,1.938272,1.011826,0.990343,3.003993,1,0
13.999877,0.200000,0.000000,0.197134,-0.047937,0.002866,0.047937,1.952711,1.994039,1.008701,0.990775,3.002687,1,0
14.015877,0.200000,0.000000,0.197123,0.000000,0.002877,0.000000,1.973826,1.976804,1.005578,0.991212,3.003415,1,0
14.031877,0.200000,0.000000,0.197518,0.000000,0.002482,0.000000,1.973848,1.976826,1.002448,0.991647,3.003470,1,0
14.047876,0.200000,0.000000,0.197527,0.047937,0.002473,-0.047937,1.991265,1.955588,0.999317,0.992082,3.003524,1,0
14.063876,0.200000,0.000000,0.197159,-0.047937,0.002841,0.047937,1.956635,1.997963,0.996193,0.992516,3.002892,1,0
14.079876,0.200000,0.000000,0.197499,0.047937,0.002501,-0.047937,1.991310,1.955632,0.993063,0.992953,3.003620,1,0
14.095876,0.200000,0.000000,0.197161,-0.047937,0.002839,0.047937,1.952813,1.994142,0.989939,0.993387,3.002990,1,0
14.111876,0.200000,0.000000,0.197122,0.047937,0.002878,-0.047937,1.995189,1.959511,0.986815,0.993823,3.003720,1,0
14.127875,0.200000,0.000000,0.197532,-0.047937,0.002468,0.047937,1.952858,1.994186,0.983684,0.994257,3.003091,1,0
14.143875,0.200000,0.000000,0.197133,0.047937,0.002867,-0.047937,1.991368,1.955690,0.980560,0.994692,3.003821,1,0
14.159875,0.200000,0.000000,0.197156,-0.047937,0.002844,0.047937,1.956737,1.998065,0.977436,0.995126,3.003192,1,0
14.175875,0.200000,0.000000,0.197505,0.047937,0.002495,-0.047937,1.991412,1.955734,0.974306,0.995562,3.003922,1,0
14.191875,0.200000,0.000000,0.197168,0.000000,0.002832,0.000000,1.974177,1.976848,0.971181,0.995994,3.003293,1,0
14.207874,0.200000,0.000000,0.197530,0.000000,0.002470,0.000000,1.974199,1.976870,0.968051,0.996430,3.003337,1,0
14.223874,0.200000,0.000000,0.197540,-0.047937,0.002460,0.047937,1.952960,1.994288,0.964920,0.996866,3.003382,1,0
14.239874,0.200000,0.000000,0.197141,0.095874,0.002859,-0.095874,2.012731,1.938396,0.961796,0.997300,3.004115,1,0
14.255874,0.200000,0.000000,0.197143,-0.095874,0.002857,0.095874,1.935747,2.015424,0.958672,0.997732,3.002800,1,0
14.271873,0.200000,0.000000,0.197117,0.095874,0.002883,-0.095874,2.012775,1.938441,0.955548,0.998169,3.004207,1,0
14.287873,0.200000,0.000000,0.197148,-0.095874,0.002852,0.095874,1.935791,2.015469,0.952423,0.998601,3.002894,1,0
14.303873,0.200000,0.000000,0.197122,0.047937,0.002878,-0.047937,1.991558,1.955880,0.949300,0.999037,3.004303,1,0
14.319873,0.200000,0.000000,0.197174,0.000000,0.002826,0.000000,1.974323,1.976995,0.946175,0.999468,3.003677,1,0
14.335873,0.200000,0.000000,0.197545,0.000000,0.002455,0.000000,1.974345,1.977017,0.943044,0.999903,3.003723,1,0
14.351872,0.200000,0.000000,0.197554,0.047937,0.002446,-0.047937,1.991763,1.955778,0.939913,1.000337,3.003769,1,0
14.367872,0.200000,0.000000,0.197185,-0.095874,0.002815,0.095874,1.935871,2.015549,0.936788,1.000771,3.003130,1,0
14.383872,0.200000,0.000000,0.197129,0.095874,0.002871,-0.095874,2.012899,1.938565,0.933664,1.001206,3.004540,1,0
14.399872,0.200000,0.000000,0.197160,-0.047937,0.002840,0.047937,1.953311,1.994332,0.930539,1.001637,3.003228,1,0
14.415872,0.200000,0.000000,0.197155,0.000000,0.002845,0.000000,1.974425,1.977097,0.927415,1.002072,3.003950,1,0
14.431871,0.200000,0.000000,0.197554,0.000000,0.002446,0.000000,1.974447,1.977119,0.924284,1.002506,3.003999,1,0
14.447871,0.200000,0.000000,0.197564,0.047937,0.002436,-0.047937,1.991865,1.955880,0.921153,1.002939,3.004047,1,0
14.463871,0.200000,0.000000,0.197195,-0.095874,0.002805,0.095874,1.935973,2.015651,0.918027,1.003372,3.003410,1,0
14.479871,0.200000,0.000000,0.197139,0.095874,0.002861,-0.095874,2.013001,1.938667,0.914903,1.003806,3.004820,1,0
14.495871,0.200000,0.000000,0.197170,-0.047937,0.002830,0.047937,1.953413,1.994434,0.911778,1.004236,3.003509,1,0
14.511870,0.200000,0.000000,0.197165,0.000000,0.002835,0.000000,1.974527,1.977199,0.908653,1.004670,3.004231,1,0
14.527870,0.200000,0.000000,0.197564,0.000000,0.002436,0.000000,1.974549,1.977221,0.905522,1.005103,3.004280,1,0
14.543870,0.200000,0.000000,0.197574,0.047937,0.002426,-0.047937,1.991967,1.955982,0.902391,1.005536,3.004328,1,0
14.559870,0.200000,0.000000,0.197205,-0.047937,0.002795,0.047937,1.957336,1.998358,0.899265,1.005967,3.003691,1,0
14.575870,0.200000,0.000000,0.197550,0.047937,0.002450,-0.047937,1.992011,1.956026,0.896134,1.006402,3.004414,1,0
14.591869,0.200000,0.000000,0.197209,-0.047937,0.002791,0.047937,1.953515,1.994536,0.893009,1.006833,3.003778,1,0
14.607869,0.200000,0.000000,0.197175,0.047937,0.002825,-0.047937,1.995890,1.959906,0.889884,1.007267,3.004502,1,0
14.623869,0.200000,0.000000,0.197582,-0.047937,0.002418,0.047937,1.953559,1.994581,0.886752,1.007699,3.003867,1,0
14.639869,0.200000,0.000000,0.197187,0.047937,0.002813,-0.047937,1.992069,1.956084,0.883627,1.008132,3.004592,1,0
14.655869,0.200000,0.000000,0.197207,-0.047937,0.002793,0.047937,1.957439,1.998460,0.880501,1.008563,3.003957,1,0
14.671868,0.200000,0.000000,0.197560,0.047937,0.002440,-0.047937,1.992113,1.956129,0.877370,1.008996,3.004682,1,0
14.687868,0.200000,0.000000,0.197220,0.000000,0.002780,0.000000,1.974878,1.977243,0.874244,1.009427,3.004048,1,0
14.703868,0.200000,0.000000,0.197586,-0.047937,0.002414,0.047937,1.953639,1.994661,0.871113,1.009860,3.004086,1,0
14.719868,0.200000,0.000000,0.197195,0.095874,0.002805,-0.095874,2.013410,1.938769,0.867987,1.010293,3.004812,1,0
14.735868,0.200000,0.000000,0.197194,-0.095874,0.002806,0.095874,1.936426,2.015797,0.864862,1.010723,3.003492,1,0
14.751867,0.200000,0.000000,0.197171,0.047937,0.002829,-0.047937,1.992193,1.956209,0.861737,1.011157,3.004893,1,0
14.767867,0.200000,0.000000,0.197220,0.000000,0.002780,0.000000,1.974958,1.977323,0.858611,1.011587,3.004261,1,0
14.783867,0.200000,0.000000,0.197594,0.000000,0.002406,0.000000,1.974980,1.977345,0.855479,1.012020,3.004301,1,0
14.799867,0.200000,0.000000,0.197604,0.000000,0.002396,0.000000,1.975002,1.977367,0.852347,1.012453,3.004342,1,0
14.815866,0.200000,0.000000,0.197606,-0.047937,0.002394,0.047937,1.953763,1.994785,0.849215,1.012885,3.004383,1,0
14.831866,0.200000,0.000000,0.197207,0.095874,0.002793,-0.095874,2.013534,1.938893,0.846089,1.013317,3.005111,1,0
14.847866,0.200000,0.000000,0.197206,-0.095874,0.002794,0.095874,1.936550,2.015921,0.842963,1.013746,3.003792,1,0
14.863866,0.200000,0.000000,0.197183,0.047937,0.002817,-0.047937,1.992318,1.956333,0.839838,1.014179,3.005194,1,0
14.879866,0.200000,0.000000,0.197232,0.000000,0.002768,0.000000,1.975082,1.977447,0.836712,1.014608,3.004562,1,0
14.895865,0.200000,0.000000,0.197607,0.000000,0.002393,0.000000,1.975105,1.977469,0.833580,1.015040,3.004602,1,0
14.911865,0.200000,0.000000,0.197616,0.000000,0.002384,0.000000,1.975127,1.977492,0.830448,1.015472,3.004643,1,0
14.927865,0.200000,0.000000,0.197618,0.047937,0.002382,-0.047937,1.992544,1.956253,0.827315,1.015903,3.004684,1,0
14.943865,0.200000,0.000000,0.197245,-0.095874,0.002755,0.095874,1.936653,2.016023,0.824189,1.016334,3.004040,1,0
14.959865,0.200000,0.000000,0.197193,0.095874,0.002807,-0.095874,2.013681,1.939040,0.821064,1.016767,3.005444,1,0
14.975864,0.200000,0.000000,0.197221,-0.047937,0.002779,0.047937,1.954092,1.994807,0.817937,1.017195,3.004126,1,0
14.991864,0.200000,0.000000,0.197219,0.000000,0.002781,0.000000,1.975207,1.977572,0.814812,1.017627,3.004843,1,0
15.007864,0.200000,0.000000,0.197618,0.047937,0.002382,-0.047937,1.992624,1.956333,0.811679,1.018058,3.004886,1,0
15.023864,0.200000,0.000000,0.197254,-0.095874,0.002746,0.095874,1.936733,2.016104,0.808553,1.018488,3.004244,1,0
15.039864,0.200000,0.000000,0.197201,0.095874,0.002799,-0.095874,2.013761,1.939120,0.805427,1.018921,3.005649,1,0
15.055863,0.200000,0.000000,0.197229,-0.047937,0.002771,0.047937,1.954172,1.994887,0.802301,1.019348,3.004332,1,0
15.071863,0.200000,0.000000,0.197228,0.000000,0.002772,0.000000,1.975287,1.977652,0.799175,1.019780,3.005049,1,0
15.087863,0.200000,0.000000,0.197626,0.000000,0.002374,0.000000,1.975309,1.977674,0.796042,1.020210,3.005093,1,0
15.103863,0.200000,0.000000,0.197636,0.047937,0.002364,-0.047937,1.992726,1.956435,0.792909,1.020640,3.005135,1,0
15.119863,0.200000,0.000000,0.197264,-0.047937,0.002736,0.047937,1.958096,1.998810,0.789782,1.021070,3.004493,1,0
15.135862,0.200000,0.000000,0.197612,0.047937,0.002388,-0.047937,1.992771,1.956479,0.786650,1.021502,3.005210,1,0
15.151862,0.200000,0.000000,0.197268,-0.047937,0.002732,0.047937,1.954274,1.994989,0.783523,1.021931,3.004569,1,0
15.167862,0.200000,0.000000,0.197237,0.047937,0.002763,-0.047937,1.996650,1.960358,0.780397,1.022362,3.005288,1,0
15.183862,0.200000,0.000000,0.197641,-0.047937,0.002359,0.047937,1.954319,1.995033,0.777264,1.022792,3.004647,1,0
15.199862,0.200000,0.000000,0.197250,0.047937,0.002750,-0.047937,1.992828,1.956537,0.774138,1.023223,3.005367,1,0
15.215861,0.200000,0.000000,0.197266,0.000000,0.002734,0.000000,1.975593,1.977651,0.771011,1.023651,3.004726,1,0
15.231861,0.200000,0.000000,0.197643,0.000000,0.002357,0.000000,1.975615,1.977674,0.767878,1.024082,3.004759,1,0
15.247861,0.200000,0.000000,0.197653,-0.047937,0.002347,0.047937,1.954376,1.995091,0.764745,1.024514,3.004793,1,0
15.263861,0.200000,0.000000,0.197255,0.047937,0.002745,-0.047937,1.996752,1.960461,0.761618,1.024944,3.005515,1,0
15.279860,0.200000,0.000000,0.197651,-0.047937,0.002349,0.047937,1.954421,1.995135,0.758485,1.025373,3.004877,1,0
15.295860,0.200000,0.000000,0.197260,0.047937,0.002740,-0.047937,1.992931,1.956639,0.755358,1.025803,3.005597,1,0
15.311860,0.200000,0.000000,0.197276,0.000000,0.002724,0.000000,1.975695,1.977754,0.752231,1.026231,3.004958,1,0
15.327860,0.200000,0.000000,0.197654,0.000000,0.002346,0.000000,1.975718,1.977776,0.749098,1.026662,3.004991,1,0
15.343860,0.200000,0.000000,0.197663,-0.047937,0.002337,0.047937,1.954479,1.995193,0.745965,1.027092,3.005025,1,0
15.359859,0.200000,0.000000,0.197265,0.095874,0.002735,-0.095874,2.014249,1.939302,0.742838,1.027522,3.005747,1,0
15.375859,0.200000,0.000000,0.197260,-0.095874,0.002740,0.095874,1.937266,2.016330,0.739711,1.027949,3.004422,1,0
15.391859,0.200000,0.000000,0.197241,0.047937,0.002759,-0.047937,1.993033,1.956741,0.736585,1.028381,3.005818,1,0
15.407859,0.200000,0.000000,0.197287,0.000000,0.002713,0.000000,1.975798,1.977856,0.733457,1.028808,3.005181,1,0
15.423859,0.200000,0.000000,0.197664,0.000000,0.002336,0.000000,1.975820,1.977878,0.730324,1.029238,3.005215,1,0
15.439858,0.200000,0.000000,0.197674,0.000000,0.002326,0.000000,1.975842,1.977900,0.727191,1.029668,3.005250,1,0
15.455858,0.200000,0.000000,0.197676,-0.047937,0.002324,0.047937,1.954603,1.995317,0.724057,1.030098,3.005286,1,0
15.471858,0.200000,0.000000,0.197278,0.095874,0.002722,-0.095874,2.014374,1.939426,0.720930,1.030527,3.006008,1,0
15.487858,0.200000,0.000000,0.197273,-0.095874,0.002727,0.095874,1.937390,2.016454,0.717803,1.030953,3.004683,1,0
15.503858,0.200000,0.000000,0.197253,0.047937,0.002747,-0.047937,1.993157,1.956865,0.714676,1.031384,3.006080,1,0
15.519857,0.200000,0.000000,0.197299,0.000000,0.002701,0.000000,1.975922,1.977980,0.711548,1.031811,3.005443,1,0
15.535857,0.200000,0.000000,0.197677,0.000000,0.002323,0.000000,1.975944,1.978002,0.708415,1.032240,3.005477,1,0
15.551857,0.200000,0.000000,0.197686,0.047937,0.002314,-0.047937,1.993361,1.956763,0.705281,1.032669,3.005512,1,0
15.567857,0.200000,0.000000,0.197310,-0.095874,0.002690,0.095874,1.937470,2.016534,0.702153,1.033097,3.004862,1,0
15.583857,0.200000,0.000000,0.197261,0.095874,0.002739,-0.095874,2.014498,1.939550,0.699026,1.033528,3.006260,1,0
15.599856,0.200000,0.000000,0.197286,-0.047937,0.002714,0.047937,1.954910,1.995317,0.695899,1.033953,3.004938,1,0
15.615856,0.200000,0.000000,0.197288,0.000000,0.002712,0.000000,1.976024,1.978082,0.692772,1.034383,3.005648,1,0
15.631856,0.200000,0.000000,0.197686,0.047937,0.002314,-0.047937,1.993441,1.956843,0.689638,1.034812,3.005686,1,0
15.647856,0.200000,0.000000,0.197319,-0.095874,0.002681,0.095874,1.937550,2.016614,0.686510,1.035240,3.005038,1,0
15.663856,0.200000,0.000000,0.197269,0.095874,0.002731,-0.095874,2.014578,1.939630,0.683383,1.035669,3.006438,1,0
15.679855,0.200000,0.000000,0.197294,-0.047937,0.002706,0.047937,1.954990,1.995397,0.680255,1.036094,3.005116,1,0
15.695855,0.200000,0.000000,0.197296,0.000000,0.002704,0.000000,1.976104,1.978162,0.677127,1.036524,3.005827,1,0
15.711855,0.200000,0.000000,0.197694,0.000000,0.002306,0.000000,1.976126,1.978184,0.673993,1.036952,3.005865,1,0
15.727855,0.200000,0.000000,0.197705,0.047937,0.002295,-0.047937,1.993544,1.956945,0.670859,1.037380,3.005903,1,0
15.743855,0.200000,0.000000,0.197329,-0.095874,0.002671,0.095874,1.937652,2.016716,0.667731,1.037807,3.005254,1,0
15.759854,0.200000,0.000000,0.197279,0.095874,0.002721,-0.095874,2.014680,1.939732,0.664604,1.038236,3.006653,1,0
15.775854,0.200000,0.000000,0.197304,-0.047937,0.002696,0.047937,1.955092,1.995499,0.661476,1.038661,3.005331,1,0
15.791854,0.200000,0.000000,0.197306,0.000000,0.002694,0.000000,1.976206,1.978264,0.658348,1.039089,3.006042,1,0
15.807854,0.200000,0.000000,0.197704,0.047937,0.002296,-0.047937,1.993624,1.957025,0.655214,1.039517,3.006080,1,0
15.823853,0.200000,0.000000,0.197337,-0.047937,0.002663,0.047937,1.958993,1.999401,0.652085,1.039943,3.005431,1,0
15.839853,0.200000,0.000000,0.197688,0.047937,0.002312,-0.047937,1.993668,1.957070,0.648952,1.040373,3.006144,1,0
15.855853,0.200000,0.000000,0.197341,-0.047937,0.002659,0.047937,1.955172,1.995579,0.645823,1.040799,3.005497,1,0
15.871853,0.200000,0.000000,0.197313,0.000000,0.002687,0.000000,1.976286,1.978344,0.642695,1.041227,3.006211,1,0
15.887853,0.200000,0.000000,0.197712,0.047937,0.002288,-0.047937,1.993704,1.957105,0.639561,1.041654,3.006250,1,0
15.903852,0.200000,0.000000,0.197345,-0.047937,0.002655,0.047937,1.959073,1.999481,0.636432,1.042080,3.005603,1,0
15.919852,0.200000,0.000000,0.197696,0.047937,0.002304,-0.047937,1.993748,1.957150,0.633298,1.042509,3.006316,1,0
15.935852,0.200000,0.000000,0.197349,-0.047937,0.002651,0.047937,1.955252,1.995659,0.630169,1.042935,3.005670,1,0
15.951852,0.200000,0.000000,0.197321,0.047937,0.002679,-0.047937,1.997627,1.961029,0.627041,1.043363,3.006383,1,0
15.967852,0.200000,0.000000,0.197722,-0.047937,0.002278,0.047937,1.955296,1.995704,0.623907,1.043789,3.005738,1,0
15.983851,0.200000,0.000000,0.197334,0.047937,0.002666,-0.047937,1.993806,1.957207,0.620779,1.044217,3.006451,1,0
15.999851,0.200000,0.000000,0.197347,0.000000,0.002653,0.000000,1.976570,1.978322,0.617650,1.044642,3.005806,1,0
16.015852,0.200000,0.000000,0.197727,0.000000,0.002273,0.000000,1.976593,1.978344,0.614515,1.045070,3.005833,1,0
16.031853,0.200000,0.000000,0.197737,-0.047937,0.002263,0.047937,1.955354,1.995762,0.611381,1.045498,3.005861,1,0
16.047853,0.200000,0.000000,0.197339,0.095874,0.002661,-0.095874,2.015125,1.939870,0.608252,1.045926,3.006577,1,0
16.063854,0.200000,0.000000,0.197331,-0.095874,0.002669,0.095874,1.938141,2.016898,0.605124,1.046351,3.005247,1,0
16.079855,0.200000,0.000000,0.197315,0.047937,0.002685,-0.047937,1.993908,1.957309,0.601996,1.046780,3.006637,1,0
16.095856,0.200000,0.000000,0.197358,0.000000,0.002642,0.000000,1.976673,1.978424,0.598867,1.047204,3.005995,1,0
16.111856,0.200000,0.000000,0.197738,0.000000,0.002262,0.000000,1.976695,1.978446,0.595732,1.047632,3.006024,1,0
16.127857,0.200000,0.000000,0.197748,-0.047937,0.002252,0.047937,1.955456,1.995864,0.592597,1.048060,3.006054,1,0
16.143858,0.200000,0.000000,0.197350,0.095874,0.002650,-0.095874,2.015227,1.939972,0.589468,1.048486,3.006771,1,0
16.159859,0.200000,0.000000,0.197341,-0.095874,0.002659,0.095874,1.938243,2.017000,0.586340,1.048911,3.005440,1,0
16.175859,0.200000,0.000000,0.197325,0.047937,0.002675,-0.047937,1.994010,1.957412,0.583212,1.049339,3.006831,1,0
16.191860,0.200000,0.000000,0.197368,0.000000,0.002632,0.000000,1.976775,1.978526,0.580082,1.049763,3.006189,1,0
16.207861,0.200000,0.000000,0.197748,0.000000,0.002252,0.000000,1.976797,1.978548,0.576947,1.050190,3.006218,1,0
16.223862,0.200000,0.000000,0.197758,0.000000,0.002242,0.000000,1.972953,1.974705,0.573812,1.050617,3.006247,1,0
16.239862,0.200000,0.000000,0.197380,0.000000,0.002620,0.000000,1.976810,1.978562,0.570683,1.051043,3.006277,1,0
16.255863,0.200000,0.000000,0.197751,0.000000,0.002249,0.000000,1.976833,1.978584,0.567548,1.051470,3.006308,1,0
16.271864,0.200000,0.000000,0.197761,0.000000,0.002239,0.000000,1.976855,1.978606,0.564413,1.051897,3.006338,1,0
16.287865,0.200000,0.000000,0.197763,0.000000,0.002237,0.000000,1.976877,1.978628,0.561277,1.052324,3.006369,1,0
16.303865,0.200000,0.000000,0.197765,0.047937,0.002235,-0.047937,1.994294,1.957389,0.558142,1.052750,3.006400,1,0
16.319866,0.200000,0.000000,0.197386,-0.095874,0.002614,0.095874,1.938403,2.017160,0.555013,1.053176,3.005745,1,0
16.335867,0.200000,0.000000,0.197340,0.095874,0.002660,-0.095874,2.015431,1.940176,0.551884,1.053603,3.007138,1,0
16.351868,0.200000,0.000000,0.197362,-0.047937,0.002638,0.047937,1.955842,1.995943,0.548755,1.054026,3.005811,1,0
16.367868,0.200000,0.000000,0.197367,0.000000,0.002633,0.000000,1.976957,1.978708,0.545626,1.054454,3.006516,1,0
16.383869,0.200000,0.000000,0.197766,0.047937,0.002234,-0.047937,1.994374,1.957469,0.542491,1.054880,3.006549,1,0
16.399870,0.200000,0.000000,0.197395,-0.095874,0.002605,0.095874,1.938483,2.017240,0.539361,1.055305,3.005896,1,0
16.415871,0.200000,0.000000,0.197349,0.095874,0.002651,-0.095874,2.015511,1.940256,0.536233,1.055732,3.007290,1,0
16.431871,0.200000,0.000000,0.197370,-0.047937,0.002630,0.047937,1.955922,1.996023,0.533103,1.056155,3.005962,1,0
16.447872,0.200000,0.000000,0.197375,0.000000,0.002625,0.000000,1.977037,1.978788,0.529974,1.056582,3.006668,1,0
16.463873,0.200000,0.000000,0.197774,0.047937,0.002226,-0.047937,1.994454,1.957549,0.526838,1.057008,3.006701,1,0
16.479874,0.200000,0.000000,0.197403,-0.095874,0.002597,0.095874,1.938563,2.017320,0.523709,1.057432,3.006047,1,0
16.495874,0.200000,0.000000,0.197357,0.095874,0.002643,-0.095874,2.015591,1.940336,0.520580,1.057859,3.007441,1,0
16.511875,0.200000,0.000000,0.197378,-0.047937,0.002622,0.047937,1.956002,1.996103,0.517450,1.058281,3.006113,1,0
16.527876,0.200000,0.000000,0.197383,0.000000,0.002617,0.000000,1.977117,1.978868,0.514321,1.058708,3.006819,1,0
16.543877,0.200000,0.000000,0.197782,0.047937,0.002218,-0.047937,1.994534,1.957629,0.511185,1.059133,3.006851,1,0
16.559877,0.200000,0.000000,0.197411,-0.095874,0.002589,0.095874,1.938643,2.017400,0.508055,1.059557,3.006198,1,0
16.575878,0.200000,0.000000,0.197365,0.095874,0.002635,-0.095874,2.015671,1.940416,0.504926,1.059984,3.007591,1,0
16.591879,0.200000,0.000000,0.197386,-0.047937,0.002614,0.047937,1.956082,1.996183,0.501796,1.060405,3.006264,1,0
16.607880,0.200000,0.000000,0.197391,0.000000,0.002609,0.000000,1.977197,1.978948,0.498667,1.060832,3.006969,1,0
16.623880,0.200000,0.000000,0.197790,0.047937,0.002210,-0.047937,1.994614,1.957709,0.495531,1.061256,3.007001,1,0
16.639881,0.200000,0.000000,0.197419,-0.047937,0.002581,0.047937,1.959984,2.000085,0.492401,1.061680,3.006348,1,0
16.655882,0.200000,0.000000,0.197774,0.047937,0.002226,-0.047937,1.994659,1.957754,0.489265,1.062107,3.007055,1,0
16.671883,0.200000,0.000000,0.197423,-0.047937,0.002577,0.047937,1.956162,1.996263,0.486135,1.062530,3.006402,1,0
16.687883,0.200000,0.000000,0.197398,0.047937,0.002602,-0.047937,1.994672,1.957767,0.483006,1.062956,3.007110,1,0
16.703884,0.200000,0.000000,0.197416,-0.047937,0.002584,0.047937,1.960042,2.000143,0.479875,1.063380,3.006459,1,0
16.719885,0.200000,0.000000,0.197780,0.047937,0.002220,-0.047937,1.994717,1.957811,0.476740,1.063806,3.007167,1,0
16.735886,0.200000,0.000000,0.197429,0.000000,0.002571,0.000000,1.977481,1.978926,0.473609,1.064229,3.006516,1,0
16.751886,0.200000,0.000000,0.197805,-0.047937,0.002195,0.047937,1.956242,1.996343,0.470473,1.064655,3.006538,1,0
16.767887,0.200000,0.000000,0.197414,0.095874,0.002586,-0.095874,2.016013,1.940452,0.467344,1.065081,3.007248,1,0
16.783888,0.200000,0.000000,0.197403,-0.095874,0.002597,0.095874,1.939029,2.017480,0.464214,1.065504,3.005911,1,0
16.799889,0.200000,0.000000,0.197390,0.047937,0.002610,-0.047937,1.994797,1.957891,0.461084,1.065931,3.007296,1,0
16.815889,0.200000,0.000000,0.197430,0.000000,0.002570,0.000000,1.977561,1.979006,0.457954,1.066354,3.006648,1,0
16.831890,0.200000,0.000000,0.197813,-0.047937,0.002187,0.047937,1.956322,1.996423,0.454818,1.066780,3.006671,1,0
16.847891,0.200000,0.000000,0.197423,0.095874,0.002577,-0.095874,2.016093,1.940532,0.451688,1.067204,3.007382,1,0
16.863892,0.200000,0.000000,0.197411,-0.095874,0.002589,0.095874,1.939109,2.017560,0.448557,1.067627,3.006046,1,0
16.879892,0.200000,0.000000,0.197398,0.047937,0.002602,-0.047937,1.994877,1.957971,0.445428,1.068054,3.007432,1,0
16.895893,0.200000,0.000000,0.197438,0.000000,0.002562,0.000000,1.977641,1.979086,0.442297,1.068476,3.006783,1,0
16.911894,0.200000,0.000000,0.197821,0.000000,0.002179,0.000000,1.977664,1.979108,0.439161,1.068902,3.006807,1,0
16.927895,0.200000,0.000000,0.197831,-0.047937,0.002169,0.047937,1.956425,1.996526,0.436024,1.069327,3.006831,1,0
16.943895,0.200000,0.000000,0.197433,0.095874,0.002567,-0.095874,2.016195,1.940634,0.432894,1.069751,3.007543,1,0
16.959896,0.200000,0.000000,0.197421,-0.095874,0.002579,0.095874,1.939212,2.017662,0.429764,1.070173,3.006207,1,0
16.975897,0.200000,0.000000,0.197408,0.047937,0.002592,-0.047937,1.994979,1.958074,0.426634,1.070600,3.007592,1,0
16.991898,0.200000,0.000000,0.197448,0.000000,0.002552,0.000000,1.977744,1.979188,0.423503,1.071022,3.006944,1,0
17.007898,0.200000,0.000000,0.197831,-0.047937,0.002169,0.047937,1.956505,1.996606,0.420367,1.071447,3.006967,1,0
17.023899,0.200000,0.000000,0.197441,0.095874,0.002559,-0.095874,2.016275,1.940714,0.417236,1.071871,3.007678,1,0
17.039900,0.200000,0.000000,0.197429,-0.095874,0.002571,0.095874,1.939292,2.017742,0.414105,1.072292,3.006341,1,0
17.055901,0.200000,0.000000,0.197416,0.047937,0.002584,-0.047937,1.995059,1.958154,0.410976,1.072718,3.007726,1,0
17.071901,0.200000,0.000000,0.197456,0.000000,0.002544,0.000000,1.977823,1.979268,0.407845,1.073140,3.007078,1,0
17.087902,0.200000,0.000000,0.197840,0.000000,0.002160,0.000000,1.973980,1.975425,0.404708,1.073564,3.007101,1,0
17.103903,0.200000,0.000000,0.197470,0.000000,0.002530,0.000000,1.977837,1.979282,0.401577,1.073988,3.007125,1,0
17.119904,0.200000,0.000000,0.197840,0.000000,0.002160,0.000000,1.977859,1.979304,0.398440,1.074412,3.007149,1,0
17.135904,0.200000,0.000000,0.197850,0.000000,0.002150,0.000000,1.977881,1.979326,0.395303,1.074836,3.007174,1,0
17.151905,0.200000,0.000000,0.197852,0.000000,0.002148,0.000000,1.977903,1.979348,0.392166,1.075261,3.007199,1,0
17.167906,0.200000,0.000000,0.197854,0.047937,0.002146,-0.047937,1.995321,1.958109,0.389029,1.075685,3.007224,1,0
17.183907,0.200000,0.000000,0.197472,-0.095874,0.002528,0.095874,1.939430,2.017880,0.385898,1.076108,3.006564,1,0
17.199907,0.200000,0.000000,0.197429,0.095874,0.002571,-0.095874,2.016458,1.940896,0.382767,1.076533,3.007952,1,0
17.215908,0.200000,0.000000,0.197447,-0.047937,0.002553,0.047937,1.956869,1.996663,0.379636,1.076954,3.006618,1,0
17.231909,0.200000,0.000000,0.197456,0.000000,0.002544,0.000000,1.977983,1.979428,0.376506,1.077379,3.007318,1,0
17.247910,0.200000,0.000000,0.197855,0.047937,0.002145,-0.047937,1.995401,1.958189,0.373369,1.077803,3.007346,1,0
17.263910,0.200000,0.000000,0.197481,-0.047937,0.002519,0.047937,1.956905,1.996699,0.370237,1.078226,3.006687,1,0
17.279911,0.200000,0.000000,0.197459,0.000000,0.002541,0.000000,1.978019,1.979464,0.367107,1.078651,3.007389,1,0
17.295912,0.200000,0.000000,0.197858,0.000000,0.002142,0.000000,1.978041,1.979486,0.363970,1.079074,3.007417,1,0
17.311913,0.200000,0.000000,0.197868,0.047937,0.002132,-0.047937,1.995459,1.958247,0.360832,1.079498,3.007444,1,0
17.327913,0.200000,0.000000,0.197486,-0.095874,0.002514,0.095874,1.939567,2.018018,0.357701,1.079920,3.006785,1,0
17.343914,0.200000,0.000000,0.197443,0.095874,0.002557,-0.095874,2.016595,1.941034,0.354570,1.080345,3.008173,1,0
17.359915,0.200000,0.000000,0.197461,-0.047937,0.002539,0.047937,1.957007,1.996801,0.351439,1.080765,3.006840,1,0
17.375916,0.200000,0.000000,0.197470,0.000000,0.002530,0.000000,1.978121,1.979566,0.348308,1.081189,3.007541,1,0
17.391916,0.200000,0.000000,0.197869,0.047937,0.002131,-0.047937,1.995539,1.958327,0.345171,1.081612,3.007568,1,0
17.407917,0.200000,0.000000,0.197495,-0.047937,0.002505,0.047937,1.957043,1.996837,0.342039,1.082035,3.006909,1,0
17.423918,0.200000,0.000000,0.197473,0.000000,0.002527,0.000000,1.978157,1.979602,0.338908,1.082459,3.007610,1,0
17.439919,0.200000,0.000000,0.197872,0.000000,0.002128,0.000000,1.978179,1.979624,0.335770,1.082882,3.007638,1,0
17.455919,0.200000,0.000000,0.197882,0.047937,0.002118,-0.047937,1.995597,1.958385,0.332633,1.083305,3.007664,1,0
17.471920,0.200000,0.000000,0.197500,-0.095874,0.002500,0.095874,1.939705,2.018156,0.329501,1.083726,3.007005,1,0
17.487921,0.200000,0.000000,0.197457,0.095874,0.002543,-0.095874,2.016733,1.941172,0.326370,1.084150,3.008394,1,0
17.503922,0.200000,0.000000,0.197475,-0.047937,0.002525,0.047937,1.957145,1.996939,0.323239,1.084570,3.007061,1,0
17.519922,0.200000,0.000000,0.197484,0.000000,0.002516,0.000000,1.978259,1.979704,0.320107,1.084994,3.007760,1,0
17.535923,0.200000,0.000000,0.197882,0.047937,0.002118,-0.047937,1.995677,1.958465,0.316970,1.085416,3.007787,1,0
17.551924,0.200000,0.000000,0.197508,-0.047937,0.002492,0.047937,1.957181,1.996975,0.313838,1.085838,3.007128,1,0
17.567924,0.200000,0.000000,0.197487,0.047937,0.002513,-0.047937,1.999556,1.962344,0.310706,1.086261,3.007829,1,0
17.583925,0.200000,0.000000,0.197881,-0.047937,0.002119,0.047937,1.957225,1.997019,0.307569,1.086683,3.007172,1,0
17.599926,0.200000,0.000000,0.197499,0.047937,0.002501,-0.047937,1.995735,1.958523,0.304437,1.087107,3.007874,1,0
17.615927,0.200000,0.000000,0.197506,-0.047937,0.002494,0.047937,1.961104,2.000898,0.301305,1.087528,3.007217,1,0
17.631927,0.200000,0.000000,0.197872,0.047937,0.002128,-0.047937,1.995779,1.958567,0.298168,1.087952,3.007920,1,0
17.647928,0.200000,0.000000,0.197518,-0.047937,0.002482,0.047937,1.957283,1.997077,0.295036,1.088374,3.007263,1,0
17.663929,0.200000,0.000000,0.197497,0.047937,0.002503,-0.047937,1.999658,1.962446,0.291904,1.088797,3.007966,1,0
17.679930,0.200000,0.000000,0.197891,-0.047937,0.002109,0.047937,1.957327,1.997121,0.288766,1.089219,3.007310,1,0
17.695930,0.200000,0.000000,0.197510,0.047937,0.002490,-0.047937,1.995837,1.958625,0.285634,1.089642,3.008013,1,0
17.711931,0.200000,0.000000,0.197516,-0.047937,0.002484,0.047937,1.957340,1.997135,0.282502,1.090062,3.007357,1,0
17.727932,0.200000,0.000000,0.197503,0.047937,0.002497,-0.047937,1.999716,1.962504,0.279371,1.090485,3.008060,1,0
17.743933,0.200000,0.000000,0.197897,-0.047937,0.002103,0.047937,1.957385,1.997179,0.276233,1.090907,3.007403,1,0
17.759933,0.200000,0.000000,0.197516,0.047937,0.002484,-0.047937,1.995895,1.958683,0.273101,1.091330,3.008106,1,0
17.775934,0.200000,0.000000,0.197522,0.000000,0.002478,0.000000,1.978659,1.979797,0.269969,1.091750,3.007449,1,0
17.791935,0.200000,0.000000,0.197909,-0.047937,0.002091,0.047937,1.957420,1.997215,0.266830,1.092174,3.007465,1,0
17.807936,0.200000,0.000000,0.197519,0.095874,0.002481,-0.095874,2.017191,1.941323,0.263699,1.092596,3.008170,1,0
17.823936,0.200000,0.000000,0.197504,-0.095874,0.002496,0.095874,1.940207,2.018351,0.260567,1.093017,3.006827,1,0
17.839937,0.200000,0.000000,0.197494,0.047937,0.002506,-0.047937,1.995975,1.958763,0.257435,1.093441,3.008206,1,0
17.855938,0.200000,0.000000,0.197531,0.000000,0.002469,0.000000,1.978739,1.979877,0.254303,1.093862,3.007552,1,0
17.871939,0.200000,0.000000,0.197918,-0.047937,0.002082,0.047937,1.957500,1.997295,0.251165,1.094285,3.007570,1,0
17.887939,0.200000,0.000000,0.197527,0.095874,0.002473,-0.095874,2.017271,1.941403,0.248032,1.094707,3.008276,1,0
17.903940,0.200000,0.000000,0.197512,-0.095874,0.002488,0.095874,1.940287,2.018431,0.244900,1.095127,3.006934,1,0
17.919941,0.200000,0.000000,0.197502,0.047937,0.002498,-0.047937,1.996055,1.958843,0.241769,1.095551,3.008314,1,0
17.935942,0.200000,0.000000,0.197538,0.000000,0.002462,0.000000,1.978819,1.979957,0.238636,1.095971,3.007660,1,0
17.951942,0.200000,0.000000,0.197925,-0.047937,0.002075,0.047937,1.957580,1.997375,0.235498,1.096394,3.007678,1,0
17.967943,0.200000,0.000000,0.197535,0.095874,0.002465,-0.095874,2.017351,1.941483,0.232366,1.096816,3.008384,1,0
17.983944,0.200000,0.000000,0.197520,-0.095874,0.002480,0.095874,1.940367,2.018511,0.229233,1.097236,3.007042,1,0
17.999945,0.200000,0.000000,0.197510,0.047937,0.002490,-0.047937,1.996135,1.958923,0.226102,1.097660,3.008421,1,0
18.015945,0.200000,0.000000,0.197546,0.000000,0.002454,0.000000,1.978899,1.980037,0.222969,1.098079,3.007767,1,0
18.031946,0.200000,0.000000,0.197933,-0.047937,0.002067,0.047937,1.957660,1.997455,0.219830,1.098502,3.007785,1,0
18.047947,0.200000,0.000000,0.197543,0.095874,0.002457,-0.095874,2.017431,1.941563,0.216698,1.098923,3.008491,1,0
18.063948,0.200000,0.000000,0.197528,-0.095874,0.002472,0.095874,1.940447,2.018591,0.213565,1.099343,3.007149,1,0
18.079948,0.200000,0.000000,0.197518,0.095874,0.002482,-0.095874,2.013610,1.937742,0.210434,1.099766,3.008528,1,0
18.095949,0.200000,0.000000,0.197153,-0.095874,0.002847,0.095874,1.940461,2.018605,0.207307,1.100185,3.007187,1,0
18.111950,0.200000,0.000000,0.197512,0.095874,0.002488,-0.095874,2.017489,1.941621,0.204175,1.100608,3.008567,1,0
18.127951,0.200000,0.000000,0.197535,-0.095874,0.002465,0.095874,1.940505,2.018649,0.201043,1.101027,3.007227,1,0
18.143951,0.200000,0.000000,0.197525,0.047937,0.002475,-0.047937,1.996272,1.959061,0.197911,1.101451,3.008608,1,0
18.159952,0.200000,0.000000,0.197561,0.000000,0.002439,0.000000,1.979037,1.980175,0.194778,1.101870,3.007955,1,0
18.175953,0.200000,0.000000,0.197947,0.000000,0.002053,0.000000,1.975194,1.976331,0.191639,1.102292,3.007973,1,0
18.191954,0.200000,0.000000,0.197577,0.000000,0.002423,0.000000,1.979051,1.980189,0.188506,1.102713,3.007992,1,0
18.207954,0.200000,0.000000,0.197948,0.000000,0.002052,0.000000,1.979073,1.980211,0.185367,1.103135,3.008011,1,0
18.223955,0.200000,0.000000,0.197958,0.000000,0.002042,0.000000,1.979095,1.980233,0.182228,1.103556,3.008030,1,0
18.239956,0.200000,0.000000,0.197960,0.000000,0.002040,0.000000,1.979117,1.980255,0.179088,1.103978,3.008049,1,0
18.255957,0.200000,0.000000,0.197962,0.000000,0.002038,0.000000,1.975274,1.976411,0.175949,1.104400,3.008069,1,0
18.271957,0.200000,0.000000,0.197584,0.000000,0.002416,0.000000,1.979131,1.980269,0.172816,1.104821,3.008089,1,0
18.287958,0.200000,0.000000,0.197955,0.000000,0.002045,0.000000,1.979153,1.980291,0.169677,1.105242,3.008109,1,0
18.303959,0.200000,0.000000,0.197965,0.000000,0.002035,0.000000,1.979175,1.980313,0.166538,1.105664,3.008129,1,0
18.319960,0.200000,0.000000,0.197967,0.047937,0.002033,-0.047937,1.996593,1.959074,0.163398,1.106085,3.008148,1,0
18.335960,0.200000,0.000000,0.197582,-0.095874,0.002418,0.095874,1.940701,2.018845,0.160265,1.106506,3.007483,1,0
18.351961,0.200000,0.000000,0.197543,0.143811,0.002457,-0.143811,2.035125,1.920600,0.157133,1.106928,3.008866,1,0
18.367962,0.200000,0.000000,0.197156,-0.143811,0.002844,0.143811,1.919622,2.036116,0.154006,1.107346,3.006840,1,0
18.383963,0.200000,0.000000,0.197139,0.095874,0.002861,-0.095874,2.017743,1.941875,0.150880,1.107770,3.008897,1,0
18.399963,0.200000,0.000000,0.197553,-0.095874,0.002447,0.095874,1.940759,2.018903,0.147747,1.108188,3.007560,1,0
18.415964,0.200000,0.000000,0.197551,0.095874,0.002449,-0.095874,2.017787,1.941919,0.144615,1.108610,3.008943,1,0
18.431965,0.200000,0.000000,0.197565,-0.047937,0.002435,0.047937,1.958199,1.997686,0.141482,1.109028,3.007604,1,0
18.447966,0.200000,0.000000,0.197577,0.047937,0.002423,-0.047937,1.996708,1.959190,0.138349,1.109450,3.008299,1,0
18.463966,0.200000,0.000000,0.197587,-0.095874,0.002413,0.095874,1.940817,2.018960,0.135215,1.109870,3.007635,1,0
18.479967,0.200000,0.000000,0.197555,0.095874,0.002445,-0.095874,2.017845,1.941977,0.132083,1.110293,3.009018,1,0
18.495968,0.200000,0.000000,0.197570,-0.047937,0.002430,0.047937,1.958256,1.997744,0.128949,1.110710,3.007680,1,0
18.511969,0.200000,0.000000,0.197581,0.000000,0.002419,0.000000,1.979371,1.980509,0.125816,1.111133,3.008374,1,0
18.527969,0.200000,0.000000,0.197980,0.047937,0.002020,-0.047937,1.996788,1.959270,0.122677,1.111553,3.008396,1,0
18.543970,0.200000,0.000000,0.197602,-0.047937,0.002398,0.047937,1.958292,1.997779,0.119543,1.111973,3.007732,1,0
18.559971,0.200000,0.000000,0.197584,0.000000,0.002416,0.000000,1.979407,1.980544,0.116410,1.112395,3.008428,1,0
18.575972,0.200000,0.000000,0.197983,0.000000,0.002017,0.000000,1.979429,1.980566,0.113270,1.112815,3.008450,1,0
18.591972,0.200000,0.000000,0.197993,0.047937,0.002007,-0.047937,1.996846,1.959327,0.110131,1.113236,3.008471,1,0
18.607973,0.200000,0.000000,0.197608,-0.047937,0.002392,0.047937,1.958350,1.997837,0.106997,1.113655,3.007807,1,0
18.623974,0.200000,0.000000,0.197589,0.000000,0.002411,0.000000,1.979464,1.980602,0.103864,1.114077,3.008503,1,0
18.639975,0.200000,0.000000,0.197988,0.000000,0.002012,0.000000,1.979487,1.980624,0.100724,1.114497,3.008525,1,0
18.655975,0.200000,0.000000,0.197999,0.047937,0.002001,-0.047937,1.996904,1.959385,0.097584,1.114918,3.008546,1,0
18.671976,0.000000,0.000000,0.197613,-0.095874,-0.197613,0.095874,-0.136267,-0.058124,0.094450,1.115337,3.007882,1,0
18.687977,0.000000,0.000000,0.041784,0.095874,-0.041784,-0.095874,0.105703,0.029835,0.093781,1.115338,3.007689,1,0
18.703978,0.000000,0.000000,0.006377,-0.047937,-0.006377,0.047937,0.034557,0.074044,0.093680,1.115350,3.006479,1,0
18.719978,0.000000,0.000000,0.003167,0.000000,-0.003167,0.000000,0.055618,0.056756,0.093630,1.115358,3.006651,1,0
18.735979,0.000000,0.000000,0.004857,0.047937,-0.004857,-0.047937,0.072983,0.035464,0.093553,1.115368,3.006670,1,0
18.751980,0.000000,0.000000,0.003552,-0.047937,-0.003552,0.047937,0.038300,0.077787,0.093497,1.115376,3.006494,1,0
18.767981,0.000000,0.000000,0.003859,0.047937,-0.003859,-0.047937,0.072922,0.035403,0.093436,1.115386,3.006681,1,0
18.783981,0.000000,0.000000,0.003638,-0.047937,-0.003638,0.047937,0.034373,0.073860,0.093378,1.115394,3.006506,1,0
18.799982,0.000000,0.000000,0.003593,0.047937,-0.003593,-0.047937,0.076695,0.039177,0.093321,1.115403,3.006676,1,0
18.815983,0.000000,0.000000,0.004173,-0.047937,-0.004173,0.047937,0.034311,0.073799,0.093255,1.115412,3.006485,1,0
18.831984,0.000000,0.000000,0.003702,0.047937,-0.003702,-0.047937,0.072768,0.035250,0.093197,1.115421,3.006654,1,0
18.847984,0.000000,0.000000,0.003829,-0.047937,-0.003829,0.047937,0.038085,0.077572,0.093136,1.115430,3.006481,1,0
18.863985,0.000000,0.000000,0.004172,0.047937,-0.004172,-0.047937,0.072707,0.035188,0.093070,1.115440,3.006667,1,0
18.879986,0.000000,0.000000,0.003886,-0.047937,-0.003886,0.047937,0.034158,0.073645,0.093009,1.115449,3.006495,1,0
18.895987,0.000000,0.000000,0.003786,0.047937,-0.003786,-0.047937,0.076480,0.038962,0.092949,1.115458,3.006662,1,0
18.911987,0.000000,0.000000,0.004323,-0.047937,-0.004323,0.047937,0.034097,0.073584,0.092880,1.115468,3.006474,1,0
18.927988,0.000000,0.000000,0.003817,0.047937,-0.003817,-0.047937,0.072553,0.035035,0.092820,1.115476,3.006641,1,0
18.943989,0.000000,0.000000,0.003916,-0.047937,-0.003916,0.047937,0.037870,0.077357,0.092758,1.115485,3.006470,1,0
18.959990,0.000000,0.000000,0.004236,0.047937,-0.004236,-0.047937,0.072492,0.034974,0.092691,1.115495,3.006654,1,0
18.975990,0.000000,0.000000,0.003933,0.000000,-0.003933,0.000000,0.055204,0.056035,0.092628,1.115504,3.006483,1,0
18.991991,0.000000,0.000000,0.005507,-0.047937,-0.005507,0.047937,0.033913,0.073400,0.092541,1.115516,3.006497,1,0
19.007992,0.000000,0.000000,0.003936,0.047937,-0.003936,-0.047937,0.076235,0.038716,0.092479,1.115525,3.006664,1,0
19.023993,0.000000,0.000000,0.004347,-0.047937,-0.004347,0.047937,0.033851,0.073338,0.092410,1.115535,3.006476,1,0
19.039993,0.000000,0.000000,0.003828,0.047937,-0.003828,-0.047937,0.072308,0.034789,0.092349,1.115544,3.006643,1,0
19.055994,0.000000,0.000000,0.003920,-0.047937,-0.003920,0.047937,0.037625,0.077112,0.092287,1.115553,3.006473,1,0
19.071995,0.000000,0.000000,0.004234,0.047937,-0.004234,-0.047937,0.072247,0.034728,0.092220,1.115563,3.006655,1,0
19.087996,0.000000,0.000000,0.003926,0.000000,-0.003926,0.000000,0.054959,0.055790,0.092158,1.115572,3.006486,1,0
19.103996,0.000000,0.000000,0.005498,0.000000,-0.005498,0.000000,0.054928,0.055759,0.092071,1.115584,3.006500,1,0
19.119997,0.000000,0.000000,0.005528,-0.047937,-0.005528,0.047937,0.033636,0.073124,0.091983,1.115595,3.006513,1,0
19.135998,0.000000,0.000000,0.003919,0.095874,-0.003919,-0.095874,0.093354,0.017179,0.091921,1.115604,3.006680,1,0
19.151999,0.000000,0.000000,0.002041,-0.095874,-0.002041,0.095874,0.016318,0.094155,0.091889,1.115609,3.006588,1,0
19.167999,0.000000,2.000000,0.001870,0.047937,-0.001870,1.952063,-1.722368,1.828913,0.091859,1.115614,3.006675,1,0
19.184000,0.000000,2.000000,0.001864,3.547330,-0.001864,-1.547330,-0.315772,0.426091,0.091830,1.115619,3.023721,1,0
19.200001,0.000000,2.000000,0.004692,0.766990,-0.004692,1.233010,-1.431885,1.542142,0.091755,1.115627,3.035378,1,0
19.216002,0.000000,2.000000,0.004753,3.020025,-0.004753,-1.020025,-0.529370,0.635701,0.091680,1.115635,3.063048,1,0
19.232002,0.000000,2.000000,0.005100,1.102549,-0.005100,0.897451,-1.295413,1.409383,0.091599,1.115644,3.081844,1,0
19.248003,0.000000,2.000000,0.005133,2.732403,-0.005133,-0.732403,-0.645008,0.751216,0.091517,1.115652,3.114879,1,0
19.264004,0.000000,2.000000,0.002219,1.342233,-0.002219,0.657767,-1.201295,1.311276,0.091481,1.115654,3.138335,1,0
19.280005,0.000000,2.000000,0.000440,2.540656,-0.000440,-0.540656,-0.722159,0.828213,0.091475,1.115657,-3.109480,1,0
19.296005,0.000000,2.000000,0.002791,1.533981,-0.002791,0.466019,-1.124434,1.234262,0.091430,1.115657,-3.083776,1,0
19.312006,0.000000,2.000000,0.003049,2.396845,-0.003049,-0.396845,-0.778049,0.887815,0.091381,1.115658,-3.046656,1,0
19.328007,0.000000,2.000000,0.005471,1.629854,-0.005471,0.370146,-1.086060,1.195765,0.091294,1.115653,-3.019910,1,0
19.344007,0.000000,2.000000,0.005519,2.300971,-0.005519,-0.300971,-0.816681,0.926325,0.091206,1.115646,-2.983249,1,0
19.360008,0.000000,2.000000,0.005494,1.725728,-0.005494,0.274272,-1.047686,1.157269,0.091119,1.115636,-2.955290,1,0
19.376009,0.000000,2.000000,0.005487,2.253034,-0.005487,-0.253034,-0.837918,0.943573,0.091032,1.115623,-2.919896,1,0
19.392010,0.000000,2.000000,0.005275,1.725728,-0.005275,0.274272,-1.047831,1.157260,0.090949,1.115607,-2.891349,1,0
19.408010,0.000000,2.000000,0.005453,2.205097,-0.005453,-0.205097,-0.855458,0.964825,0.090864,1.115588,-2.855981,1,0
19.424011,0.000000,2.000000,0.005440,1.869539,-0.005440,0.130461,-0.992062,1.097503,0.090780,1.115566,-2.826834,1,0
19.440012,0.000000,2.000000,0.005239,2.013350,-0.005239,-0.013350,-0.932608,1.041823,0.090699,1.115543,-2.793356,1,0
19.456013,0.000000,2.000000,0.005412,2.013350,-0.005412,-0.013350,-0.932596,1.041749,0.090617,1.115516,-2.761743,1,0
19.472013,0.000000,2.000000,0.005405,1.965413,-0.005405,0.034587,-0.953845,1.059071,0.090536,1.115486,-2.730144,1,0
19.488014,0.000000,2.000000,0.005203,2.013350,-0.005203,-0.013350,-0.932741,1.041740,0.090459,1.115454,-2.697931,1,0
19.504015,0.000000,2.000000,0.005378,2.013350,-0.005378,-0.013350,-0.932729,1.041667,0.090380,1.115419,-2.666345,1,0
19.520016,0.000000,2.000000,0.005371,1.917476,-0.005371,0.082524,-0.971373,1.080250,0.090303,1.115382,-2.634769,1,0
19.536016,0.000000,2.000000,0.005360,2.061286,-0.005360,-0.061286,-0.915616,1.020566,0.090227,1.115342,-2.601951,1,0
19.552017,0.000000,2.000000,0.005159,1.917476,-0.005159,0.082524,-0.971518,1.080241,0.090155,1.115301,-2.571000,1,0
19.568018,0.000000,2.000000,0.005332,2.109224,-0.005332,-0.109224,-0.894500,1.003162,0.090082,1.115257,-2.538191,1,0
19.584019,0.000000,2.000000,0.005328,1.869539,-0.005328,0.130461,-0.992755,1.097490,0.090011,1.115210,-2.507873,1,0
19.600019,0.000000,2.000000,0.005128,2.109224,-0.005128,-0.109224,-0.894644,1.003153,0.089944,1.115163,-2.474452,1,0
19.616020,0.000000,2.000000,0.005300,1.869539,-0.005300,0.130461,-0.989034,1.101347,0.089876,1.115112,-2.444139,1,0
19.632021,0.000000,2.000000,0.005476,2.061286,-0.005476,-0.061286,-0.916019,1.020571,0.089808,1.115057,-2.410723,1,0
19.648022,0.000000,2.000000,0.005166,1.965413,-0.005166,0.034587,-0.954526,1.058985,0.089746,1.115002,-2.379791,1,0
19.664022,0.000000,2.000000,0.005088,2.013350,-0.005088,-0.013350,-0.933421,1.041654,0.089686,1.114947,-2.347624,1,0
19.680023,0.000000,2.000000,0.005242,2.013350,-0.005242,-0.013350,-0.933409,1.041581,0.089626,1.114888,-2.316081,1,0
19.696024,0.000000,2.000000,0.005231,1.917476,-0.005231,0.082524,-0.972054,1.080163,0.089568,1.114828,-2.284544,1,0
19.712025,0.000000,2.000000,0.005210,2.109224,-0.005210,-0.109224,-0.895036,1.003084,0.089512,1.114766,-2.251765,1,0
19.728025,0.000000,2.000000,0.005204,1.869539,-0.005204,0.130461,-0.993290,1.097412,0.089459,1.114702,-2.221475,1,0
19.744026,0.000000,2.000000,0.005060,2.109224,-0.005060,-0.109224,-0.895180,1.003075,0.089409,1.114639,-2.188088,1,0
19.760027,0.000000,2.000000,0.005165,1.869539,-0.005165,0.130461,-0.989569,1.101269,0.089360,1.114572,-2.157805,1,0
19.776028,0.000000,2.000000,0.005315,2.061286,-0.005315,-0.061286,-0.916555,1.020493,0.089311,1.114502,-2.124427,1,0
19.792028,0.000000,2.000000,0.005124,1.965413,-0.005124,0.034587,-0.955062,1.058907,0.089268,1.114433,-2.093530,1,0
19.808029,0.000000,2.000000,0.005064,2.013350,-0.005064,-0.013350,-0.933957,1.041576,0.089228,1.114362,-2.061404,1,0
19.824030,0.000000,2.000000,0.005061,2.013350,-0.005061,-0.013350,-0.933945,1.041503,0.089188,1.114292,-2.029904,1,0
19.840031,0.000000,2.000000,0.005031,1.917476,-0.005031,0.082524,-0.972589,1.080086,0.089151,1.114220,-1.998415,1,0
19.856031,0.000000,2.000000,0.004982,2.061286,-0.004982,-0.061286,-0.916833,1.020402,0.089116,1.114149,-1.965693,1,0
19.872032,0.000000,2.000000,0.004893,1.965413,-0.004893,0.034587,-0.951473,1.062682,0.089085,1.114077,-1.934836,1,0
19.888033,0.000000,2.000000,0.005090,1.965413,-0.005090,0.034587,-0.955465,1.058912,0.089055,1.114001,-1.902761,1,0
19.904034,0.000000,2.000000,0.004996,2.013350,-0.004996,-0.013350,-0.934361,1.041581,0.089029,1.113926,-1.870693,1,0
19.920034,0.000000,2.000000,0.004985,2.013350,-0.004985,-0.013350,-0.934348,1.041507,0.089005,1.113850,-1.839261,1,0
19.936035,0.000000,2.000000,0.004955,1.965413,-0.004955,0.034587,-0.955597,1.058829,0.088983,1.113773,-1.807853,1,0
19.952036,0.000000,0.000000,0.004913,2.013350,-0.004913,-2.013350,0.859907,-0.752901,0.088965,1.113697,-1.775855,1,0
19.968037,0.000000,0.000000,0.000335,-1.629854,-0.000335,1.629854,-0.602621,0.709565,0.088966,1.113695,-1.775858,1,0
19.984037,0.000000,0.000000,0.000039,1.342233,-0.000039,-1.342233,0.590478,-0.483596,0.088966,1.113695,-1.761840,1,0
20.000038,0.000000,0.000000,0.000169,-1.054612,-0.000169,1.054612,-0.371665,0.478486,0.088966,1.113695,-1.768445,1,0
20.016039,0.000000,0.000000,0.000046,0.814927,-0.000046,-0.814927,0.376795,-0.273901,0.088967,1.113696,-1.758950,1,0
20.032040,0.000000,0.000000,0.000347,-0.671117,-0.000347,0.671117,-0.217883,0.324551,0.088967,1.113690,-1.768023,1,0
20.048040,0.000000,0.000000,0.001572,0.575243,-0.001572,-0.575243,0.282470,-0.175864,0.088961,1.113666,-1.760605,1,0
20.064041,0.000000,0.000000,0.004738,-0.479369,-0.004738,0.479369,-0.140939,0.247484,0.088948,1.113591,-1.767884,1,0
20.080042,0.000000,0.000000,0.003962,0.383495,-0.003962,-0.383495,0.205403,-0.098919,0.088935,1.113529,-1.762161,1,0
20.096043,0.000000,0.000000,0.002835,-0.287621,-0.002835,0.287621,-0.063994,0.170417,0.088922,1.113486,-1.766272,1,0
20.112043,0.000000,0.000000,0.001932,0.239685,-0.001932,-0.239685,0.145731,-0.043236,0.088908,1.113458,-1.763690,1,0
20.128044,0.000000,0.000000,0.001459,-0.191748,-0.001459,0.191748,-0.025568,0.131837,0.088895,1.113438,-1.765511,1,0
20.144045,0.000000,0.000000,0.001068,0.191748,-0.001068,-0.191748,0.128413,-0.022205,0.088882,1.113427,-1.764486,1,0
20.160046,0.000000,0.000000,0.001023,-0.191748,-0.001023,0.191748,-0.025630,0.131776,0.088870,1.113417,-1.765433,1,0
20.176046,0.000000,0.000000,0.001065,0.143811,-0.001065,-0.143811,0.107090,-0.004871,0.088857,1.113406,-1.764396,1,0
20.192047,0.000000,0.000000,0.000768,-0.095874,-0.000768,0.095874,0.012797,0.093196,0.088845,1.113403,-1.764622,1,0
20.208048,0.000000,0.000000,0.001576,0.095874,-0.001576,-0.095874,0.089772,0.016160,0.088839,1.113379,-1.764513,1,0
20.224049,0.000000,0.000000,0.002149,-0.095874,-0.002149,0.095874,0.012735,0.093135,0.088832,1.113345,-1.764730,1,0
20.240049,0.000000,0.000000,0.002106,0.095874,-0.002106,-0.095874,0.089710,0.016099,0.088824,1.113312,-1.764417,1,0
20.256050,0.000000,0.000000,0.002120,-0.095874,-0.002120,0.095874,0.012674,0.093074,0.088817,1.113279,-1.764615,1,0
20.272051,0.000000,0.000000,0.002110,0.095874,-0.002110,-0.095874,0.089649,0.016037,0.088809,1.113246,-1.764296,1,0
20.288052,0.000000,0.000000,0.002107,-0.047937,-0.002107,0.047937,0.030008,0.071751,0.088802,1.113214,-1.764487,1,0
20.304052,0.000000,0.000000,0.003576,0.000000,-0.003576,0.000000,0.051069,0.054463,0.088790,1.113158,-1.764262,1,0
20.320053,0.000000,0.000000,0.005230,0.000000,-0.005230,0.000000,0.051039,0.054433,0.088774,1.113075,-1.764205,1,0
20.336054,0.000000,0.000000,0.005260,0.000000,-0.005260,0.000000,0.051008,0.054402,0.088758,1.112993,-1.764147,1,0
20.352055,0.000000,0.000000,0.005256,0.047937,-0.005256,-0.047937,0.068373,0.033110,0.088742,1.112910,-1.764089,1,0
20.368055,0.000000,0.000000,0.004651,-0.047937,-0.004651,0.047937,0.033689,0.075433,0.088726,1.112837,-1.764603,1,0
20.384056,0.000000,0.000000,0.004055,0.047937,-0.004055,-0.047937,0.068311,0.033049,0.088712,1.112774,-1.764349,1,0
20.400057,0.000000,0.000000,0.004011,-0.047937,-0.004011,0.047937,0.029762,0.071506,0.088699,1.112711,-1.764618,1,0
20.416058,0.000000,0.000000,0.003818,0.047937,-0.003818,-0.047937,0.072085,0.036823,0.088686,1.112652,-1.764300,1,0
20.432058,0.000000,0.000000,0.004382,-0.047937,-0.004382,0.047937,0.029701,0.071445,0.088671,1.112583,-1.764571,1,0
20.448059,0.000000,0.000000,0.003994,0.047937,-0.003994,-0.047937,0.072024,0.036761,0.088657,1.112521,-1.764187,1,0
20.464060,0.200000,0.000000,0.004378,-0.047937,0.195622,0.047937,2.106920,2.148663,0.088642,1.112452,-1.764458,1,0
20.480061,0.200000,0.000000,0.067218,0.047937,0.132782,-0.047937,1.980434,1.945172,0.088021,1.111574,-1.766355,1,0
20.496061,0.200000,0.000000,0.113034,-0.047937,0.086966,0.047937,1.957309,1.999052,0.087410,1.109872,-1.767007,1,0
20.512062,0.200000,0.000000,0.162329,0.047937,0.037671,-0.047937,1.991984,1.956721,0.086792,1.107349,-1.766298,1,0
20.528063,0.200000,0.000000,0.197096,0.000000,0.002904,0.000000,1.974748,1.977836,0.086178,1.104256,-1.766926,1,0
20.544064,0.200000,0.000000,0.198080,0.000000,0.001920,0.000000,1.974771,1.977858,0.085561,1.101148,-1.766877,1,0
20.560064,0.200000,0.000000,0.198006,-0.047937,0.001994,0.047937,1.953532,1.995275,0.084944,1.098040,-1.766824,1,0
20.576065,0.200000,0.000000,0.197529,0.095874,0.002471,-0.095874,2.013302,1.939384,0.084328,1.094940,-1.766081,1,0
20.592066,0.200000,0.000000,0.197473,-0.095874,0.002527,0.095874,1.936319,2.016412,0.083716,1.091841,-1.767384,1,0
20.608067,0.200000,0.000000,0.197392,0.095874,0.002608,-0.095874,2.013347,1.939428,0.083099,1.088743,-1.765965,1,0
20.624067,0.200000,0.000000,0.197388,-0.047937,0.002612,0.047937,1.953758,1.995195,0.082486,1.085645,-1.767266,1,0
20.640068,0.200000,0.000000,0.197346,0.000000,0.002654,0.000000,1.974873,1.977960,0.081870,1.082548,-1.766533,1,0
20.656069,0.200000,0.000000,0.197719,0.000000,0.002281,0.000000,1.974895,1.977982,0.081255,1.079445,-1.766473,1,0
20.672070,0.200000,0.000000,0.197709,0.047937,0.002291,-0.047937,1.992312,1.956743,0.080640,1.076342,-1.766414,1,0
20.688070,0.200000,0.000000,0.197328,-0.095874,0.002672,0.095874,1.936421,2.016514,0.080026,1.073245,-1.767041,1,0
20.704071,0.200000,0.000000,0.197254,0.095874,0.002746,-0.095874,2.013449,1.939530,0.079410,1.070150,-1.765621,1,0
20.720072,0.200000,0.000000,0.197279,-0.047937,0.002721,0.047937,1.953860,1.995297,0.078800,1.067053,-1.766922,1,0
20.736073,0.200000,0.000000,0.197262,0.000000,0.002738,0.000000,1.974975,1.978062,0.078184,1.063957,-1.766191,1,0
20.752073,0.200000,0.000000,0.197654,0.000000,0.002346,0.000000,1.974997,1.978084,0.077570,1.060855,-1.766134,1,0
20.768074,0.200000,0.000000,0.197659,0.047937,0.002341,-0.047937,1.992414,1.956845,0.076957,1.057753,-1.766077,1,0
20.784075,0.200000,0.000000,0.197290,-0.095874,0.002710,0.095874,1.936523,2.016616,0.076344,1.054656,-1.766706,1,0
20.800076,0.200000,0.000000,0.197226,0.095874,0.002774,-0.095874,2.013551,1.939632,0.075730,1.051561,-1.765288,1,0
20.816076,0.200000,0.000000,0.197259,-0.047937,0.002741,0.047937,1.953962,1.995399,0.075120,1.048464,-1.766591,1,0
20.832077,0.200000,0.000000,0.197248,0.000000,0.002752,0.000000,1.975077,1.978164,0.074506,1.045368,-1.765862,1,0
20.848078,0.200000,0.000000,0.197644,0.047937,0.002356,-0.047937,1.992494,1.956925,0.073893,1.042266,-1.765806,1,0
20.864079,0.200000,0.000000,0.197287,-0.047937,0.002713,0.047937,1.957864,1.999301,0.073281,1.039169,-1.766435,1,0
20.880079,0.200000,0.000000,0.197626,0.047937,0.002374,-0.047937,1.992539,1.956969,0.072666,1.036068,-1.765705,1,0
20.896080,0.200000,0.000000,0.197289,-0.047937,0.002711,0.047937,1.954042,1.995479,0.072055,1.032971,-1.766333,1,0
20.912081,0.200000,0.000000,0.197249,0.047937,0.002751,-0.047937,1.996418,1.960849,0.071442,1.029875,-1.765601,1,0
20.928082,0.200000,0.000000,0.197660,-0.047937,0.002340,0.047937,1.954087,1.995524,0.070830,1.026772,-1.766229,1,0
20.944082,0.200000,0.000000,0.197261,0.047937,0.002739,-0.047937,1.992597,1.957027,0.070217,1.023676,-1.765497,1,0
20.960083,0.200000,0.000000,0.197284,0.000000,0.002716,0.000000,1.975361,1.978142,0.069606,1.020579,-1.766124,1,0
20.976084,0.200000,0.000000,0.197654,0.000000,0.002346,0.000000,1.975384,1.978164,0.068993,1.017477,-1.766079,1,0
20.992085,0.200000,0.000000,0.197663,-0.047937,0.002337,0.047937,1.954145,1.995581,0.068379,1.014374,-1.766032,1,0
21.008085,0.200000,0.000000,0.197265,0.095874,0.002735,-0.095874,2.013916,1.939690,0.067767,1.011278,-1.765297,1,0
21.024086,0.200000,0.000000,0.197268,-0.095874,0.002732,0.095874,1.936932,2.016718,0.067157,1.008181,-1.766610,1,0
21.040087,0.200000,0.000000,0.197240,0.047937,0.002760,-0.047937,1.992699,1.957129,0.066543,1.005086,-1.765200,1,0
21.056087,0.200000,0.000000,0.197294,0.000000,0.002706,0.000000,1.975464,1.978244,0.065933,1.001988,-1.765824,1,0
21.072088,0.200000,0.000000,0.197664,0.000000,0.002336,0.000000,1.975486,1.978266,0.065320,0.998886,-1.765777,1,0
21.088089,0.200000,0.000000,0.197673,0.000000,0.002327,0.000000,1.975508,1.978288,0.064707,0.995783,-1.765729,1,0
21.104090,0.200000,0.000000,0.197675,-0.047937,0.002325,0.047937,1.954269,1.995706,0.064095,0.992680,-1.765680,1,0
21.120090,0.200000,0.000000,0.197276,0.095874,0.002724,-0.095874,2.014040,1.939814,0.063484,0.989583,-1.764945,1,0
21.136091,0.200000,0.000000,0.197279,-0.095874,0.002721,0.095874,1.937056,2.016842,0.062875,0.986486,-1.766256,1,0
21.152092,0.200000,0.000000,0.197252,0.047937,0.002748,-0.047937,1.992823,1.957254,0.062262,0.983390,-1.764847,1,0
21.168093,0.200000,0.000000,0.197306,0.000000,0.002694,0.000000,1.975588,1.978368,0.061653,0.980292,-1.765471,1,0
21.184093,0.200000,0.000000,0.197676,0.000000,0.002324,0.000000,1.975610,1.978390,0.061041,0.977189,-1.765424,1,0
21.200094,0.200000,0.000000,0.197685,0.047937,0.002315,-0.047937,1.993027,1.957151,0.060430,0.974086,-1.765376,1,0
21.216095,0.200000,0.000000,0.197317,-0.095874,0.002683,0.095874,1.937136,2.016922,0.059819,0.970989,-1.766013,1,0
21.232096,0.200000,0.000000,0.197260,0.095874,0.002740,-0.095874,2.014164,1.939938,0.059207,0.967892,-1.764602,1,0
21.248096,0.200000,0.000000,0.197292,-0.047937,0.002708,0.047937,1.954576,1.995705,0.058599,0.964795,-1.765912,1,0
21.264097,0.200000,0.000000,0.197286,0.000000,0.002714,0.000000,1.975690,1.978470,0.057987,0.961698,-1.765188,1,0
21.280098,0.200000,0.000000,0.197685,0.047937,0.002315,-0.047937,1.993107,1.957231,0.057376,0.958595,-1.765138,1,0
21.296099,0.200000,0.000000,0.197325,-0.095874,0.002675,0.095874,1.937216,2.017002,0.056767,0.955497,-1.765773,1,0
21.312099,0.200000,0.000000,0.197268,0.095874,0.002732,-0.095874,2.014244,1.940018,0.056155,0.952401,-1.764360,1,0
21.328100,0.200000,0.000000,0.197300,-0.047937,0.002700,0.047937,1.954656,1.995785,0.055548,0.949303,-1.765669,1,0
21.344101,0.200000,0.000000,0.197295,0.000000,0.002705,0.000000,1.975770,1.978550,0.054937,0.946206,-1.764945,1,0
21.360102,0.200000,0.000000,0.197693,0.047937,0.002307,-0.047937,1.993187,1.957311,0.054326,0.943102,-1.764894,1,0
21.376102,0.200000,0.000000,0.197333,-0.047937,0.002667,0.047937,1.958557,1.999687,0.053718,0.940004,-1.765529,1,0
21.392103,0.200000,0.000000,0.197677,0.047937,0.002323,-0.047937,1.993232,1.957356,0.053105,0.936901,-1.764804,1,0
21.408104,0.200000,0.000000,0.197337,-0.047937,0.002663,0.047937,1.954736,1.995865,0.052497,0.933803,-1.765438,1,0
21.424105,0.200000,0.000000,0.197302,0.047937,0.002698,-0.047937,1.997111,1.961235,0.051886,0.930705,-1.764711,1,0
21.440105,0.200000,0.000000,0.197710,-0.047937,0.002290,0.047937,1.954780,1.995910,0.051277,0.927601,-1.765344,1,0
21.456106,0.200000,0.000000,0.197314,0.047937,0.002686,-0.047937,1.993290,1.957414,0.050666,0.924504,-1.764618,1,0
21.472107,0.200000,0.000000,0.197335,0.000000,0.002665,0.000000,1.976054,1.978528,0.050058,0.921406,-1.765250,1,0
21.488108,0.200000,0.000000,0.197708,0.000000,0.002292,0.000000,1.976076,1.978550,0.049447,0.918302,-1.765210,1,0
21.504108,0.200000,0.000000,0.197718,-0.047937,0.002282,0.047937,1.954838,1.995968,0.048836,0.915198,-1.765169,1,0
21.520109,0.200000,0.000000,0.197320,0.095874,0.002680,-0.095874,2.014608,1.940076,0.048226,0.912100,-1.764439,1,0
21.536110,0.200000,0.000000,0.197319,-0.095874,0.002681,0.095874,1.937625,2.017104,0.047619,0.909002,-1.765757,1,0
21.552111,0.200000,0.000000,0.197295,0.047937,0.002705,-0.047937,1.993392,1.957516,0.047007,0.905905,-1.764354,1,0
21.568111,0.200000,0.000000,0.197346,0.000000,0.002654,0.000000,1.976156,1.978630,0.046400,0.902807,-1.764983,1,0
21.584112,0.200000,0.000000,0.197719,0.000000,0.002281,0.000000,1.976179,1.978652,0.045789,0.899703,-1.764941,1,0
21.600113,0.200000,0.000000,0.197728,0.000000,0.002272,0.000000,1.976201,1.978674,0.045179,0.896598,-1.764898,1,0
21.616114,0.200000,0.000000,0.197730,0.000000,0.002270,0.000000,1.972357,1.974831,0.044569,0.893494,-1.764855,1,0
21.632114,0.200000,0.000000,0.197353,0.000000,0.002647,0.000000,1.976214,1.978688,0.043960,0.890396,-1.764812,1,0
21.648115,0.200000,0.000000,0.197723,0.000000,0.002277,0.000000,1.976236,1.978710,0.043350,0.887292,-1.764768,1,0
21.664116,0.200000,0.000000,0.197733,0.000000,0.002267,0.000000,1.976259,1.978732,0.042740,0.884187,-1.764724,1,0
21.680117,0.200000,0.000000,0.197736,0.000000,0.002264,0.000000,1.976281,1.978754,0.042131,0.881083,-1.764681,1,0
21.696117,0.200000,0.000000,0.197738,0.047937,0.002262,-0.047937,1.993698,1.957515,0.041521,0.877978,-1.764637,1,0
21.712118,0.200000,0.000000,0.197367,-0.095874,0.002633,0.095874,1.937807,2.017286,0.040913,0.874879,-1.765278,1,0
21.728119,0.200000,0.000000,0.197313,0.095874,0.002687,-0.095874,2.014835,1.940302,0.040303,0.871782,-1.763872,1,0
21.744120,0.200000,0.000000,0.197342,-0.047937,0.002658,0.047937,1.955246,1.996070,0.039697,0.868683,-1.765187,1,0
21.760120,0.200000,0.000000,0.197340,0.000000,0.002660,0.000000,1.976361,1.978834,0.039087,0.865585,-1.764468,1,0
21.776121,0.200000,0.000000,0.197738,0.047937,0.002262,-0.047937,1.993778,1.957595,0.038478,0.862480,-1.764423,1,0
21.792122,0.200000,0.000000,0.197376,-0.095874,0.002624,0.095874,1.937887,2.017366,0.037871,0.859381,-1.765063,1,0
21.808123,0.200000,0.000000,0.197322,0.095874,0.002678,-0.095874,2.014915,1.940382,0.037261,0.856284,-1.763656,1,0
21.824123,0.200000,0.000000,0.197350,-0.047937,0.002650,0.047937,1.955326,1.996150,0.036656,0.853185,-1.764971,1,0
21.840124,0.200000,0.000000,0.197348,0.000000,0.002652,0.000000,1.976441,1.978914,0.036047,0.850086,-1.764252,1,0
21.856125,0.200000,0.000000,0.197747,0.047937,0.002253,-0.047937,1.993858,1.957675,0.035439,0.846981,-1.764207,1,0
21.872126,0.200000,0.000000,0.197384,-0.095874,0.002616,0.095874,1.937967,2.017446,0.034832,0.843882,-1.764847,1,0
21.888126,0.200000,0.000000,0.197330,0.143811,0.002670,-0.143811,2.032390,1.919201,0.034223,0.840784,-1.763441,1,0
21.904127,0.200000,0.000000,0.196957,-0.095874,0.003043,0.095874,1.938149,2.017322,0.033620,0.837691,-1.765442,1,0
21.920128,0.200000,0.000000,0.197327,0.047937,0.002673,-0.047937,1.993916,1.957733,0.033009,0.834594,-1.764048,1,0
21.936129,0.200000,0.000000,0.197382,-0.047937,0.002618,0.047937,1.959286,2.000109,0.032402,0.831494,-1.764686,1,0
21.952129,0.200000,0.000000,0.197737,0.047937,0.002263,-0.047937,1.993960,1.957778,0.031793,0.828390,-1.763964,1,0
21.968130,0.200000,0.000000,0.197394,-0.047937,0.002606,0.047937,1.955464,1.996287,0.031187,0.825290,-1.764602,1,0
21.984131,0.200000,0.000000,0.197361,0.047937,0.002639,-0.047937,1.997840,1.961657,0.030578,0.822191,-1.763880,1,0
22.000132,0.200000,0.000000,0.197766,-0.047937,0.002234,0.047937,1.955508,1.996332,0.029971,0.819086,-1.764518,1,0
22.016132,0.200000,0.000000,0.197374,0.047937,0.002626,-0.047937,1.994018,1.957835,0.029363,0.815987,-1.763797,1,0
22.032133,0.200000,0.000000,0.197391,0.000000,0.002609,0.000000,1.976783,1.978950,0.028758,0.812887,-1.764435,1,0
22.048134,0.200000,0.000000,0.197767,0.000000,0.002233,0.000000,1.976805,1.978972,0.028149,0.809782,-1.764400,1,0
22.064135,0.200000,0.000000,0.197777,-0.047937,0.002223,0.047937,1.955566,1.996390,0.027540,0.806677,-1.764364,1,0
22.080135,0.200000,0.000000,0.197379,0.095874,0.002621,-0.095874,2.015337,1.940498,0.026933,0.803578,-1.763641,1,0
22.096136,0.200000,0.000000,0.197375,-0.095874,0.002625,0.095874,1.938353,2.017526,0.026328,0.800478,-1.764964,1,0
22.112137,0.200000,0.000000,0.197354,0.047937,0.002646,-0.047937,1.994120,1.957938,0.025718,0.797380,-1.763566,1,0
22.128138,0.200000,0.000000,0.197402,0.000000,0.002598,0.000000,1.976885,1.979052,0.025113,0.794280,-1.764201,1,0
22.144138,0.200000,0.000000,0.197778,0.000000,0.002222,0.000000,1.976907,1.979074,0.024505,0.791175,-1.764165,1,0
22.160139,0.200000,0.000000,0.197788,-0.047937,0.002212,0.047937,1.955668,1.996492,0.023897,0.788069,-1.764128,1,0
22.176140,0.200000,0.000000,0.197389,0.095874,0.002611,-0.095874,2.015439,1.940600,0.023290,0.784970,-1.763403,1,0
22.192141,0.200000,0.000000,0.197385,-0.095874,0.002615,0.095874,1.938455,2.017628,0.022686,0.781870,-1.764726,1,0
22.208141,0.200000,0.000000,0.197365,0.047937,0.002635,-0.047937,1.994223,1.958040,0.022077,0.778771,-1.763328,1,0
22.224142,0.200000,0.000000,0.197412,0.000000,0.002588,0.000000,1.976987,1.979154,0.021473,0.775671,-1.763963,1,0
22.240143,0.200000,0.000000,0.197788,0.000000,0.002212,0.000000,1.977010,1.979176,0.020865,0.772565,-1.763927,1,0
22.256144,0.200000,0.000000,0.197798,0.000000,0.002202,0.000000,1.973166,1.975333,0.020258,0.769459,-1.763890,1,0
22.272144,0.200000,0.000000,0.197420,0.000000,0.002580,0.000000,1.977023,1.979190,0.019652,0.766359,-1.763853,1,0
22.288145,0.200000,0.000000,0.197790,0.000000,0.002210,0.000000,1.977045,1.979212,0.019045,0.763253,-1.763815,1,0
22.304146,0.200000,0.000000,0.197801,0.000000,0.002199,0.000000,1.977067,1.979234,0.018438,0.760147,-1.763777,1,0
22.320147,0.200000,0.000000,0.197803,0.047937,0.002197,-0.047937,1.994485,1.957995,0.017831,0.757041,-1.763739,1,0
22.336147,0.200000,0.000000,0.197428,-0.095874,0.002572,0.095874,1.938593,2.017766,0.017225,0.753941,-1.764386,1,0
22.352148,0.200000,0.000000,0.197378,0.095874,0.002622,-0.095874,2.015621,1.940782,0.016618,0.750842,-1.762985,1,0
22.368149,0.200000,0.000000,0.197404,-0.047937,0.002596,0.047937,1.956033,1.996549,0.016015,0.747742,-1.764306,1,0
22.384150,0.200000,0.000000,0.197405,0.000000,0.002595,0.000000,1.977147,1.979314,0.015407,0.744642,-1.763593,1,0
22.400150,0.200000,0.000000,0.197803,0.047937,0.002197,-0.047937,1.994565,1.958075,0.014801,0.741536,-1.763553,1,0
22.416151,0.200000,0.000000,0.197437,-0.095874,0.002563,0.095874,1.938673,2.017846,0.014196,0.738435,-1.764199,1,0
22.432152,0.200000,0.000000,0.197387,0.095874,0.002613,-0.095874,2.015701,1.940862,0.013589,0.735336,-1.762797,1,0
22.448153,0.200000,0.000000,0.197412,-0.047937,0.002588,0.047937,1.956113,1.996629,0.012986,0.732236,-1.764117,1,0
22.464153,0.200000,0.000000,0.197413,0.000000,0.002587,0.000000,1.977227,1.979394,0.012379,0.729136,-1.763404,1,0
22.480154,0.200000,0.000000,0.197811,0.047937,0.002189,-0.047937,1.994645,1.958155,0.011773,0.726029,-1.763364,1,0
22.496155,0.200000,0.000000,0.197445,-0.095874,0.002555,0.095874,1.938753,2.017926,0.011169,0.722929,-1.764010,1,0
22.512156,0.200000,0.000000,0.197395,0.143811,0.002605,-0.143811,2.033177,1.919681,0.010562,0.719829,-1.762609,1,0
22.528156,0.200000,0.000000,0.197019,-0.095874,0.002981,0.095874,1.938936,2.017802,0.009962,0.716734,-1.764616,1,0
22.544157,0.200000,0.000000,0.197392,0.047937,0.002608,-0.047937,1.994703,1.958213,0.009353,0.713635,-1.763227,1,0
22.560158,0.200000,0.000000,0.197444,-0.047937,0.002556,0.047937,1.960072,2.000588,0.008749,0.710535,-1.763870,1,0
22.576159,0.200000,0.000000,0.197802,0.047937,0.002198,-0.047937,1.994747,1.958257,0.008142,0.707429,-1.763154,1,0
22.592159,0.200000,0.000000,0.197456,-0.047937,0.002544,0.047937,1.956251,1.996767,0.007538,0.704328,-1.763797,1,0
22.608160,0.200000,0.000000,0.197426,0.047937,0.002574,-0.047937,1.998626,1.962137,0.006932,0.701227,-1.763081,1,0
22.624161,0.200000,0.000000,0.197828,-0.047937,0.002172,0.047937,1.956295,1.996812,0.006327,0.698120,-1.763724,1,0
22.640162,0.200000,0.000000,0.197439,0.047937,0.002561,-0.047937,1.994805,1.958315,0.005721,0.695020,-1.763009,1,0
22.656162,0.200000,0.000000,0.197453,0.000000,0.002547,0.000000,1.977570,1.979430,0.005118,0.691919,-1.763652,1,0
22.672163,0.200000,0.000000,0.197832,-0.047937,0.002168,0.047937,1.956331,1.996847,0.004511,0.688812,-1.763623,1,0
22.688164,0.200000,0.000000,0.197442,0.095874,0.002558,-0.095874,2.016102,1.940956,0.003906,0.685712,-1.762906,1,0
22.704165,0.200000,0.000000,0.197435,-0.095874,0.002565,0.095874,1.939118,2.017984,0.003303,0.682611,-1.764235,1,0
22.720165,0.200000,0.000000,0.197417,0.047937,0.002583,-0.047937,1.994885,1.958395,0.002696,0.679511,-1.762843,1,0
22.736166,0.200000,0.000000,0.197461,0.000000,0.002539,0.000000,1.977650,1.979510,0.002093,0.676410,-1.763484,1,0
22.752167,0.200000,0.000000,0.197841,0.000000,0.002159,0.000000,1.977672,1.979532,0.001487,0.673303,-1.763453,1,0
22.768167,0.200000,0.000000,0.197850,-0.047937,0.002150,0.047937,1.956433,1.996949,0.000881,0.670196,-1.763422,1,0
22.784168,0.200000,0.000000,0.197452,0.095874,0.002548,-0.095874,2.016204,1.941058,0.000276,0.667095,-1.762703,1,0
22.800169,0.200000,0.000000,0.197445,-0.095874,0.002555,0.095874,1.939220,2.018086,-0.000327,0.663994,-1.764031,1,0
22.816170,0.200000,0.000000,0.197427,0.047937,0.002573,-0.047937,1.994987,1.958497,-0.000933,0.660894,-1.762638,1,0
22.832170,0.200000,0.000000,0.197472,0.000000,0.002528,0.000000,1.977752,1.979612,-0.001536,0.657792,-1.763279,1,0
22.848171,0.200000,0.000000,0.197851,-0.047937,0.002149,0.047937,1.956513,1.997029,-0.002141,0.654685,-1.763248,1,0
22.864172,0.200000,0.000000,0.197460,0.095874,0.002540,-0.095874,2.016284,1.941138,-0.002745,0.651584,-1.762530,1,0
22.880173,0.200000,0.000000,0.197453,-0.095874,0.002547,0.095874,1.939300,2.018166,-0.003347,0.648483,-1.763859,1,0
22.896173,0.200000,0.000000,0.197436,0.095874,0.002564,-0.095874,2.012462,1.937316,-0.003954,0.645383,-1.762466,1,0
22.912174,0.200000,0.000000,0.197079,-0.095874,0.002921,0.095874,1.939314,2.018179,-0.004554,0.642287,-1.763794,1,0
22.928175,0.200000,0.000000,0.197429,0.095874,0.002571,-0.095874,2.016342,1.941196,-0.005160,0.639187,-1.762401,1,0
22.944176,0.200000,0.000000,0.197460,-0.095874,0.002540,0.095874,1.939358,2.018224,-0.005762,0.636085,-1.763728,1,0
22.960176,0.200000,0.000000,0.197442,0.047937,0.002558,-0.047937,1.995125,1.958635,-0.006367,0.632985,-1.762335,1,0
22.976177,0.200000,0.000000,0.197486,0.000000,0.002514,0.000000,1.977890,1.979750,-0.006969,0.629883,-1.762975,1,0
22.992178,0.200000,0.000000,0.197865,0.000000,0.002135,0.000000,1.977912,1.979772,-0.007573,0.626775,-1.762944,1,0
23.008179,0.200000,0.000000,0.197874,0.047937,0.002126,-0.047937,1.995329,1.958533,-0.008178,0.623667,-1.762913,1,0
23.024179,0.200000,0.000000,0.197496,-0.095874,0.002504,0.095874,1.939438,2.018304,-0.008781,0.620566,-1.763566,1,0
23.040180,0.200000,0.000000,0.197449,0.143811,0.002551,-0.143811,2.033861,1.920059,-0.009387,0.617465,-1.762171,1,0
23.056181,0.200000,0.000000,0.197070,-0.143811,0.002930,0.143811,1.918359,2.035574,-0.009986,0.614369,-1.764184,1,0
23.072182,0.200000,0.000000,0.197045,0.095874,0.002955,-0.095874,2.016479,1.941334,-0.010592,0.611275,-1.762115,1,0
23.088182,0.200000,0.000000,0.197466,-0.095874,0.002534,0.095874,1.939496,2.018362,-0.011193,0.608174,-1.763439,1,0
23.104183,0.200000,0.000000,0.197457,0.095874,0.002543,-0.095874,2.016524,1.941378,-0.011798,0.605073,-1.762043,1,0
23.120184,0.200000,0.000000,0.197479,-0.047937,0.002521,0.047937,1.956935,1.997145,-0.012398,0.601971,-1.763369,1,0
23.136185,0.200000,0.000000,0.197482,0.000000,0.002518,0.000000,1.978050,1.979910,-0.013003,0.598869,-1.762662,1,0
23.152185,0.200000,0.000000,0.197880,0.047937,0.002120,-0.047937,1.995467,1.958671,-0.013607,0.595761,-1.762627,1,0
23.168186,0.200000,0.000000,0.197510,-0.047937,0.002490,0.047937,1.956971,1.997181,-0.014209,0.592659,-1.763279,1,0
23.184187,0.200000,0.000000,0.197484,0.000000,0.002516,0.000000,1.978085,1.979945,-0.014814,0.589558,-1.762570,1,0
23.200188,0.200000,0.000000,0.197883,0.000000,0.002117,0.000000,1.978108,1.979967,-0.015417,0.586450,-1.762535,1,0
23.216188,0.200000,0.000000,0.197893,0.047937,0.002107,-0.047937,1.995525,1.958729,-0.016020,0.583341,-1.762501,1,0
23.232189,0.200000,0.000000,0.197515,-0.095874,0.002485,0.095874,1.939633,2.018499,-0.016622,0.580239,-1.763152,1,0
23.248190,0.200000,0.000000,0.197468,0.095874,0.002532,-0.095874,2.016662,1.941516,-0.017226,0.577138,-1.761757,1,0
23.264191,0.200000,0.000000,0.197490,-0.047937,0.002510,0.047937,1.957073,1.997283,-0.017826,0.574035,-1.763082,1,0
23.280191,0.200000,0.000000,0.197495,0.047937,0.002505,-0.047937,1.995583,1.958786,-0.018430,0.570934,-1.762375,1,0
23.296192,0.200000,0.000000,0.197514,-0.047937,0.002486,0.047937,1.960952,2.001162,-0.019032,0.567831,-1.763026,1,0
23.312193,0.200000,0.000000,0.197876,0.047937,0.002124,-0.047937,1.995627,1.958831,-0.019637,0.564724,-1.762317,1,0
23.328194,0.200000,0.000000,0.197526,-0.047937,0.002474,0.047937,1.957131,1.997341,-0.020238,0.561621,-1.762967,1,0
23.344194,0.200000,0.000000,0.197500,0.000000,0.002500,0.000000,1.978245,1.980105,-0.020842,0.558519,-1.762257,1,0
23.360195,0.200000,0.000000,0.197899,0.047937,0.002101,-0.047937,1.995663,1.958866,-0.021444,0.555411,-1.762221,1,0
23.376196,0.200000,0.000000,0.197530,0.000000,0.002470,0.000000,1.978428,1.979981,-0.022045,0.552308,-1.762872,1,0
23.392197,0.200000,0.000000,0.197904,-0.047937,0.002096,0.047937,1.957189,1.997398,-0.022650,0.549200,-1.762849,1,0
23.408197,0.200000,0.000000,0.197514,0.047937,0.002486,-0.047937,1.999564,1.962768,-0.023253,0.546097,-1.762138,1,0
23.424198,0.200000,0.000000,0.197905,-0.047937,0.002095,0.047937,1.957233,1.997443,-0.023855,0.542989,-1.762786,1,0
23.440199,0.200000,0.000000,0.197519,0.047937,0.002481,-0.047937,1.995743,1.958946,-0.024458,0.539887,-1.762075,1,0
23.456200,0.200000,0.000000,0.197529,0.000000,0.002471,0.000000,1.978508,1.980061,-0.025059,0.536784,-1.762724,1,0
23.472200,0.200000,0.000000,0.197912,-0.047937,0.002088,0.047937,1.957269,1.997478,-0.025663,0.533675,-1.762700,1,0
23.488201,0.200000,0.000000,0.197522,0.095874,0.002478,-0.095874,2.017040,1.941587,-0.026266,0.530573,-1.761988,1,0
23.504202,0.200000,0.000000,0.197512,-0.095874,0.002488,0.095874,1.940056,2.018615,-0.026866,0.527470,-1.763323,1,0
23.520203,0.200000,0.000000,0.197498,0.047937,0.002503,-0.047937,1.995823,1.959026,-0.027471,0.524369,-1.761936,1,0
23.536203,0.200000,0.000000,0.197538,0.000000,0.002462,0.000000,1.978588,1.980141,-0.028071,0.521266,-1.762583,1,0
23.552204,0.200000,0.000000,0.197921,-0.047937,0.002079,0.047937,1.957349,1.997558,-0.028675,0.518157,-1.762557,1,0
23.568205,0.200000,0.000000,0.197530,0.095874,0.002470,-0.095874,2.017120,1.941667,-0.029277,0.515054,-1.761844,1,0
23.584206,0.200000,0.000000,0.197520,-0.095874,0.002480,0.095874,1.940136,2.018695,-0.029877,0.511952,-1.763179,1,0
23.600206,0.200000,0.000000,0.197506,0.047937,0.002494,-0.047937,1.995903,1.959106,-0.030481,0.508850,-1.761792,1,0
23.616207,0.200000,0.000000,0.197546,0.000000,0.002454,0.000000,1.978668,1.980221,-0.031081,0.505747,-1.762438,1,0
23.632208,0.200000,0.000000,0.197929,-0.047937,0.002071,0.047937,1.957429,1.997638,-0.031684,0.502638,-1.762412,1,0
23.648209,0.200000,0.000000,0.197538,0.095874,0.002462,-0.095874,2.017200,1.941747,-0.032286,0.499535,-1.761700,1,0
23.664209,0.200000,0.000000,0.197528,-0.095874,0.002472,0.095874,1.940216,2.018775,-0.032886,0.496432,-1.763034,1,0
23.680210,0.200000,0.000000,0.197514,0.047937,0.002486,-0.047937,1.995983,1.959186,-0.033490,0.493330,-1.761647,1,0
23.696211,0.200000,0.000000,0.197554,0.000000,0.002446,0.000000,1.978748,1.980301,-0.034089,0.490226,-1.762293,1,0
23.712212,0.200000,0.000000,0.197937,0.000000,0.002063,0.000000,1.974904,1.976457,-0.034692,0.487117,-1.762268,1,0
23.728212,0.200000,0.000000,0.197567,0.000000,0.002433,0.000000,1.978761,1.980314,-0.035293,0.484014,-1.762243,1,0
23.744213,0.200000,0.000000,0.197937,0.000000,0.002063,0.000000,1.978783,1.980337,-0.035896,0.480905,-1.762216,1,0
23.760214,0.200000,0.000000,0.197947,0.000000,0.002053,0.000000,1.978806,1.980359,-0.036499,0.477795,-1.762190,1,0
23.776215,0.200000,0.000000,0.197949,0.000000,0.002051,0.000000,1.978828,1.980381,-0.037101,0.474686,-1.762163,1,0
23.792215,0.200000,0.000000,0.197951,0.000000,0.002049,0.000000,1.974984,1.976537,-0.037703,0.471577,-1.762135,1,0
23.808216,0.200000,0.000000,0.197574,0.000000,0.002426,0.000000,1.978841,1.980394,-0.038304,0.468473,-1.762108,1,0
23.824217,0.200000,0.000000,0.197944,0.000000,0.002056,0.000000,1.978863,1.980417,-0.038906,0.465364,-1.762081,1,0
23.840218,0.200000,0.000000,0.197955,0.000000,0.002045,0.000000,1.978886,1.980439,-0.039509,0.462254,-1.762053,1,0
23.856218,0.200000,0.000000,0.197957,0.047937,0.002043,-0.047937,1.996303,1.959200,-0.040111,0.459145,-1.762026,1,0
23.872219,0.200000,0.000000,0.197576,-0.095874,0.002424,0.095874,1.940412,2.018971,-0.040711,0.456041,-1.762684,1,0
23.888220,0.200000,0.000000,0.197532,0.143811,0.002468,-0.143811,2.034835,1.920726,-0.041314,0.452939,-1.761294,1,0
23.904221,0.200000,0.000000,0.197151,-0.143811,0.002849,0.143811,1.919333,2.036242,-0.041911,0.449841,-1.763312,1,0
23.920221,0.200000,0.000000,0.197129,0.095874,0.002871,-0.095874,2.017453,1.942000,-0.042515,0.446746,-1.761248,1,0
23.936222,0.200000,0.000000,0.197547,-0.095874,0.002453,0.095874,1.940469,2.019028,-0.043113,0.443642,-1.762577,1,0
23.952223,0.200000,0.000000,0.197541,0.143811,0.002459,-0.143811,2.034893,1.920784,-0.043716,0.440539,-1.761187,1,0
23.968224,0.200000,0.000000,0.197158,-0.143811,0.002842,0.143811,1.919391,2.036299,-0.044312,0.437442,-1.763205,1,0
23.984224,0.200000,0.000000,0.197136,0.095874,0.002864,-0.095874,2.017511,1.942058,-0.044916,0.434346,-1.761141,1,0
24.000225,0.200000,0.000000,0.197553,-0.095874,0.002447,0.095874,1.940527,2.019086,-0.045514,0.431242,-1.762470,1,0
24.016226,0.200000,0.000000,0.197547,0.095874,0.002453,-0.095874,2.017555,1.942103,-0.046116,0.428139,-1.761081,1,0
24.032227,0.200000,0.000000,0.197565,-0.047937,0.002435,0.047937,1.957967,1.997870,-0.046714,0.425035,-1.762412,1,0
24.048227,0.200000,0.000000,0.197572,0.047937,0.002428,-0.047937,1.996477,1.959373,-0.047316,0.421932,-1.761710,1,0
24.064228,0.200000,0.000000,0.197587,-0.095874,0.002413,0.095874,1.940585,2.019144,-0.047916,0.418828,-1.762367,1,0
24.080229,0.200000,0.000000,0.197550,0.095874,0.002450,-0.095874,2.017613,1.942160,-0.048517,0.415725,-1.760976,1,0
24.096230,0.200000,0.000000,0.197569,-0.047937,0.002431,0.047937,1.958025,1.997928,-0.049115,0.412621,-1.762307,1,0
24.112230,0.200000,0.000000,0.197576,0.047937,0.002424,-0.047937,1.996535,1.959431,-0.049717,0.409517,-1.761605,1,0
24.128231,0.200000,0.000000,0.197592,-0.047937,0.002408,0.047937,1.961904,2.001807,-0.050316,0.406413,-1.762262,1,0
24.144232,0.200000,0.000000,0.197957,0.047937,0.002043,-0.047937,1.996579,1.959476,-0.050919,0.403304,-1.761558,1,0
24.160233,0.200000,0.000000,0.197604,-0.047937,0.002396,0.047937,1.958083,1.997985,-0.051518,0.400199,-1.762213,1,0
24.176233,0.200000,0.000000,0.197581,0.000000,0.002419,0.000000,1.979197,1.980750,-0.052120,0.397096,-1.761509,1,0
24.192234,0.200000,0.000000,0.197980,0.047937,0.002020,-0.047937,1.996615,1.959511,-0.052720,0.393986,-1.761478,1,0
24.208235,0.200000,0.000000,0.197607,0.000000,0.002393,0.000000,1.979379,1.980626,-0.053319,0.390881,-1.762134,1,0
24.224236,0.200000,0.000000,0.197985,-0.047937,0.002015,0.047937,1.958140,1.998043,-0.053922,0.387771,-1.762117,1,0
24.240236,0.200000,0.000000,0.197595,0.047937,0.002405,-0.047937,2.000516,1.963413,-0.054523,0.384667,-1.761412,1,0
24.256237,0.200000,0.000000,0.197983,-0.047937,0.002017,0.047937,1.958185,1.998088,-0.055123,0.381557,-1.762065,1,0
24.272238,0.200000,0.000000,0.197600,0.047937,0.002400,-0.047937,1.996695,1.959591,-0.055724,0.378453,-1.761360,1,0
24.288239,0.200000,0.000000,0.197608,-0.047937,0.002392,0.047937,1.958198,1.998101,-0.056323,0.375349,-1.762014,1,0
24.304239,0.200000,0.000000,0.197593,0.047937,0.002407,-0.047937,2.000574,1.963471,-0.056924,0.372245,-1.761309,1,0
24.320240,0.200000,0.000000,0.197989,-0.047937,0.002011,0.047937,1.958243,1.998145,-0.057523,0.369134,-1.761964,1,0
24.336241,0.200000,0.000000,0.197606,0.047937,0.002394,-0.047937,1.996752,1.959649,-0.058124,0.366030,-1.761259,1,0
24.352242,0.200000,0.000000,0.197614,0.000000,0.002386,0.000000,1.979517,1.980764,-0.058723,0.362925,-1.761913,1,0
24.368242,0.200000,0.000000,0.197999,-0.047937,0.002001,0.047937,1.958278,1.998181,-0.059325,0.359815,-1.761895,1,0
24.384243,0.200000,0.000000,0.197609,0.095874,0.002391,-0.095874,2.018049,1.942290,-0.059925,0.356711,-1.761189,1,0
24.400244,0.200000,0.000000,0.197596,-0.143811,0.002404,0.143811,1.919804,2.036713,-0.060523,0.353606,-1.762530,1,0
24.416245,0.200000,0.000000,0.197184,0.191748,0.002816,-0.191748,2.056581,1.903816,-0.061125,0.350509,-1.760462,1,0
24.432245,0.200000,0.000000,0.197171,-0.191748,0.002829,0.191748,1.902591,2.057849,-0.061719,0.347411,-1.763163,1,0
24.448246,0.200000,0.000000,0.197161,0.143811,0.002839,-0.143811,2.035364,1.921255,-0.062323,0.344315,-1.760421,1,0
24.464247,0.200000,0.000000,0.197200,-0.095874,0.002800,0.095874,1.941123,2.019376,-0.062917,0.341216,-1.762434,1,0
24.480247,0.200000,0.000000,0.197587,0.047937,0.002413,-0.047937,1.996890,1.959787,-0.063519,0.338113,-1.761053,1,0
24.496248,0.200000,0.000000,0.197631,0.000000,0.002369,0.000000,1.979655,1.980901,-0.064117,0.335008,-1.761705,1,0
24.512249,0.200000,0.000000,0.198015,-0.047937,0.001985,0.047937,1.958416,1.998319,-0.064718,0.331897,-1.761685,1,0
24.528250,0.200000,0.000000,0.197624,0.095874,0.002376,-0.095874,2.018187,1.942427,-0.065318,0.328792,-1.760978,1,0
24.544250,0.200000,0.000000,0.197609,-0.143811,0.002391,0.143811,1.919942,2.036851,-0.065916,0.325688,-1.762318,1,0
24.560251,0.200000,0.000000,0.197197,0.143811,0.002803,-0.143811,2.035458,1.921349,-0.066517,0.322590,-1.760249,1,0
24.576252,0.200000,0.000000,0.197205,-0.095874,0.002795,0.095874,1.941217,2.019469,-0.067110,0.319491,-1.762264,1,0
24.592253,0.200000,0.000000,0.197593,0.095874,0.002407,-0.095874,2.018245,1.942485,-0.067712,0.316388,-1.760884,1,0
24.608253,0.200000,0.000000,0.197617,-0.095874,0.002384,0.095874,1.941261,2.019513,-0.068310,0.313283,-1.762224,1,0
24.624254,0.200000,0.000000,0.197605,0.047937,0.002395,-0.047937,1.997028,1.959925,-0.068911,0.310179,-1.760842,1,0
24.640255,0.200000,0.000000,0.197642,0.000000,0.002358,0.000000,1.979793,1.981039,-0.069508,0.307073,-1.761494,1,0
24.656256,0.200000,0.000000,0.198027,0.000000,0.001973,0.000000,1.975949,1.977196,-0.070109,0.303962,-1.761474,1,0
24.672256,0.200000,0.000000,0.197657,0.000000,0.002343,0.000000,1.979807,1.981053,-0.070708,0.300857,-1.761454,1,0
24.688257,0.200000,0.000000,0.198027,0.000000,0.001973,0.000000,1.979829,1.981075,-0.071309,0.297746,-1.761433,1,0
24.704258,0.200000,0.000000,0.198037,0.000000,0.001963,0.000000,1.979851,1.981097,-0.071909,0.294635,-1.761412,1,0
24.720259,0.200000,0.000000,0.198039,0.000000,0.001961,0.000000,1.976007,1.977254,-0.072509,0.291524,-1.761390,1,0
24.736259,0.200000,0.000000,0.197662,0.000000,0.002338,0.000000,1.979864,1.981111,-0.073108,0.288418,-1.761369,1,0
24.752260,0.200000,0.000000,0.198032,0.000000,0.001968,0.000000,1.979887,1.981133,-0.073708,0.285307,-1.761347,1,0
24.768261,0.200000,0.000000,0.198043,0.000000,0.001957,0.000000,1.979909,1.981155,-0.074308,0.282196,-1.761325,1,0
24.784262,0.200000,0.000000,0.198045,0.047937,0.001955,-0.047937,1.997326,1.959916,-0.074908,0.279084,-1.761303,1,0
24.800262,0.200000,0.000000,0.197661,-0.095874,0.002339,0.095874,1.941435,2.019687,-0.075507,0.275979,-1.761966,1,0
24.816263,0.200000,0.000000,0.197621,0.047937,0.002379,-0.047937,1.997202,1.960099,-0.076108,0.272875,-1.760582,1,0
24.832264,0.200000,0.000000,0.197658,0.000000,0.002342,0.000000,1.979967,1.981213,-0.076705,0.269769,-1.761232,1,0
24.848265,0.200000,0.000000,0.198044,0.047937,0.001956,-0.047937,1.997384,1.959974,-0.077304,0.266658,-1.761211,1,0
24.864265,0.200000,0.000000,0.197668,-0.095874,0.002332,0.095874,1.941492,2.019745,-0.077903,0.263552,-1.761875,1,0
24.880266,0.200000,0.000000,0.197627,0.143811,0.002373,-0.143811,2.035916,1.921500,-0.078504,0.260448,-1.760491,1,0
24.896267,0.200000,0.000000,0.197242,-0.143811,0.002758,0.143811,1.920414,2.037016,-0.079098,0.257348,-1.762515,1,0
24.912268,0.200000,0.000000,0.197224,0.095874,0.002776,-0.095874,2.018534,1.942775,-0.079700,0.254251,-1.760456,1,0
24.928268,0.200000,0.000000,0.197638,-0.095874,0.002362,0.095874,1.941550,2.019803,-0.080296,0.251145,-1.761792,1,0
24.944269,0.200000,0.000000,0.197635,0.143811,0.002365,-0.143811,2.035974,1.921558,-0.080896,0.248040,-1.760407,1,0
24.960270,0.200000,0.000000,0.197249,-0.143811,0.002751,0.143811,1.920472,2.037074,-0.081491,0.244941,-1.762431,1,0
24.976271,0.200000,0.000000,0.197230,0.095874,0.002770,-0.095874,2.018592,1.942832,-0.082092,0.241843,-1.760372,1,0
24.992271,0.200000,0.000000,0.197644,-0.095874,0.002356,0.095874,1.941608,2.019861,-0.082688,0.238737,-1.761707,1,0
25.008272,0.200000,0.000000,0.197641,0.143811,0.002359,-0.143811,2.036031,1.921616,-0.083288,0.235633,-1.760323,1,0
25.024273,0.200000,0.000000,0.197255,-0.143811,0.002745,0.143811,1.920530,2.037131,-0.083882,0.232533,-1.762347,1,0
25.040274,0.200000,0.000000,0.197236,0.095874,0.002764,-0.095874,2.018650,1.942890,-0.084484,0.229435,-1.760288,1,0
25.056274,0.200000,0.000000,0.197650,-0.047937,0.002350,0.047937,1.959061,1.998657,-0.085079,0.226329,-1.761623,1,0
25.072275,0.200000,0.000000,0.197668,0.000000,0.002332,0.000000,1.980176,1.981422,-0.085679,0.223224,-1.760926,1,0
25.088276,0.200000,0.000000,0.198066,0.000000,0.001934,0.000000,1.980198,1.981444,-0.086278,0.220112,-1.760902,1,0
25.104277,0.200000,0.000000,0.198075,0.047937,0.001925,-0.047937,1.997615,1.960205,-0.086876,0.217000,-1.760879,1,0
25.120277,0.200000,0.000000,0.197691,-0.047937,0.002310,0.047937,1.959119,1.998715,-0.087474,0.213894,-1.761542,1,0
25.136278,0.200000,0.000000,0.197671,0.000000,0.002329,0.000000,1.980234,1.981480,-0.088074,0.210788,-1.760844,1,0
25.152279,0.200000,0.000000,0.198069,0.000000,0.001931,0.000000,1.980256,1.981502,-0.088672,0.207676,-1.760820,1,0
25.168280,0.200000,0.000000,0.198080,0.047937,0.001920,-0.047937,1.997673,1.960263,-0.089271,0.204564,-1.760797,1,0
25.184280,0.200000,0.000000,0.197696,-0.047937,0.002304,0.047937,1.959177,1.998773,-0.089868,0.201458,-1.761460,1,0
25.200281,0.200000,0.000000,0.197677,0.047937,0.002323,-0.047937,2.001553,1.964143,-0.090468,0.198352,-1.760762,1,0
25.216282,0.200000,0.000000,0.198069,-0.047937,0.001931,0.047937,1.959221,1.998817,-0.091066,0.195240,-1.761423,1,0
25.232283,0.200000,0.000000,0.197690,0.047937,0.002310,-0.047937,1.997731,1.960321,-0.091665,0.192134,-1.760724,1,0
25.248283,0.200000,0.000000,0.197694,-0.047937,0.002306,0.047937,1.959235,1.998831,-0.092262,0.189028,-1.761385,1,0
25.264284,0.200000,0.000000,0.197683,0.047937,0.002317,-0.047937,2.001610,1.964200,-0.092862,0.185923,-1.760686,1,0
25.280285,0.200000,0.000000,0.198075,-0.047937,0.001925,0.047937,1.959279,1.998875,-0.093460,0.182810,-1.761346,1,0
25.296286,0.200000,0.000000,0.197696,0.047937,0.002304,-0.047937,1.997789,1.960379,-0.094059,0.179704,-1.760646,1,0
25.312286,0.200000,0.000000,0.197700,-0.047937,0.002300,0.047937,1.959293,1.998889,-0.094656,0.176598,-1.761306,1,0
25.328287,0.200000,0.000000,0.197689,0.047937,0.002311,-0.047937,2.001668,1.964258,-0.095255,0.173492,-1.760607,1,0
25.344288,0.200000,0.000000,0.198081,-0.047937,0.001919,0.047937,1.959337,1.998933,-0.095853,0.170380,-1.761267,1,0
25.360289,0.200000,0.000000,0.197702,0.047937,0.002298,-0.047937,1.997847,1.960437,-0.096452,0.167274,-1.760567,1,0
25.376289,0.200000,0.000000,0.197706,-0.047937,0.002294,0.047937,1.959351,1.998947,-0.097048,0.164167,-1.761227,1,0
25.392290,0.200000,0.000000,0.197695,0.047937,0.002305,-0.047937,2.001726,1.964316,-0.097647,0.161061,-1.760528,1,0
25.408291,0.200000,0.000000,0.198087,-0.047937,0.001913,0.047937,1.959395,1.998991,-0.098245,0.157949,-1.761188,1,0
25.424292,0.200000,0.000000,0.197708,0.047937,0.002292,-0.047937,1.997905,1.960495,-0.098843,0.154843,-1.760489,1,0
25.440292,0.200000,0.000000,0.197712,0.000000,0.002288,0.000000,1.980670,1.981609,-0.099440,0.151736,-1.761149,1,0
25.456293,0.000000,0.000000,0.198100,-0.047937,-0.198100,0.047937,-0.117849,-0.078253,-0.100039,0.148624,-1.761136,1,0
25.472294,0.000000,0.000000,0.040472,0.047937,-0.040472,-0.047937,0.089468,0.052058,-0.100036,0.147976,-1.761499,1,0
25.488295,0.000000,0.000000,0.006626,-0.047937,-0.006626,0.047937,0.035580,0.075176,-0.100054,0.147872,-1.762093,1,0
25.504295,0.000000,0.000000,0.004364,0.047937,-0.004364,-0.047937,0.074037,0.036627,-0.100069,0.147804,-1.761568,1,0
25.520296,0.000000,0.000000,0.003652,0.000000,-0.003652,0.000000,0.056749,0.057688,-0.100082,0.147746,-1.761836,1,0
25.536297,0.000000,0.000000,0.005105,-0.047937,-0.005105,0.047937,0.035457,0.075053,-0.100097,0.147666,-1.761820,1,0
25.552298,0.000000,0.000000,0.004585,0.095874,-0.004585,-0.095874,0.095175,0.019109,-0.100112,0.147595,-1.761240,1,0
25.568298,0.000000,0.000000,0.003039,-0.095874,-0.003039,0.095874,0.018138,0.096084,-0.100128,0.147549,-1.761674,1,0
25.584299,0.000000,0.000000,0.002350,0.047937,-0.002350,-0.047937,0.073852,0.036443,-0.100142,0.147514,-1.761401,1,0
25.600300,0.000000,0.000000,0.004063,0.000000,-0.004063,0.000000,0.056564,0.057504,-0.100156,0.147450,-1.761665,1,0
25.616301,0.000000,0.000000,0.005481,0.000000,-0.005481,0.000000,0.056534,0.057473,-0.100172,0.147364,-1.761650,1,0
25.632301,0.000000,0.000000,0.005544,-0.047937,-0.005544,0.047937,0.035242,0.074838,-0.100189,0.147277,-1.761634,1,0
25.648302,0.000000,0.000000,0.004907,0.095874,-0.004907,-0.095874,0.094960,0.018894,-0.100205,0.147200,-1.761055,1,0
25.664303,0.000000,0.000000,0.003297,-0.095874,-0.003297,0.095874,0.017924,0.095869,-0.100222,0.147150,-1.761491,1,0
25.680304,0.000000,0.000000,0.002548,0.047937,-0.002548,-0.047937,0.073638,0.036228,-0.100236,0.147112,-1.761218,1,0
25.696304,0.000000,0.000000,0.004215,0.000000,-0.004215,0.000000,0.056350,0.057289,-0.100250,0.147046,-1.761480,1,0
25.712305,0.000000,0.000000,0.005601,0.000000,-0.005601,0.000000,0.056319,0.057259,-0.100267,0.146958,-1.761465,1,0
25.728306,0.000000,0.000000,0.005636,-0.047937,-0.005636,0.047937,0.035027,0.074623,-0.100284,0.146869,-1.761449,1,0
25.744307,0.000000,0.000000,0.004974,0.095874,-0.004974,-0.095874,0.094745,0.018679,-0.100300,0.146791,-1.760870,1,0
25.760307,0.000000,0.000000,0.003341,-0.095874,-0.003341,0.095874,0.017709,0.095654,-0.100317,0.146741,-1.761304,1,0
25.776308,0.000000,0.000000,0.002577,0.047937,-0.002577,-0.047937,0.073423,0.036013,-0.100331,0.146702,-1.761033,1,0
25.792309,0.000000,0.000000,0.004235,0.000000,-0.004235,0.000000,0.056135,0.057075,-0.100345,0.146636,-1.761294,1,0
25.808310,0.000000,0.000000,0.005616,0.000000,-0.005616,0.000000,0.056104,0.057044,-0.100362,0.146547,-1.761278,1,0
25.824310,0.000000,0.000000,0.005644,-0.047937,-0.005644,0.047937,0.034813,0.074409,-0.100379,0.146459,-1.761262,1,0
25.840311,0.000000,0.000000,0.004976,0.095874,-0.004976,-0.095874,0.094531,0.018464,-0.100396,0.146381,-1.760684,1,0
25.856312,0.000000,0.000000,0.003330,-0.095874,-0.003330,0.095874,0.017494,0.095439,-0.100412,0.146330,-1.761115,1,0
25.872313,0.000000,0.000000,0.002563,0.047937,-0.002563,-0.047937,0.073208,0.035798,-0.100427,0.146292,-1.760847,1,0
25.888313,0.000000,0.000000,0.004221,0.000000,-0.004221,0.000000,0.055920,0.056860,-0.100440,0.146226,-1.761106,1,0
25.904314,0.000000,0.000000,0.005604,0.000000,-0.005604,0.000000,0.055890,0.056829,-0.100457,0.146138,-1.761090,1,0
25.920315,0.000000,0.000000,0.005630,0.000000,-0.005630,0.000000,0.055859,0.056798,-0.100474,0.146049,-1.761074,1,0
25.936316,0.000000,0.000000,0.005628,0.000000,-0.005628,0.000000,0.051963,0.052902,-0.100491,0.145961,-1.761058,1,0
25.952316,0.000000,2.000000,0.005245,0.000000,-0.005245,2.000000,-1.738633,1.851106,-0.100507,0.145878,-1.761042,1,0
25.968317,0.000000,2.000000,0.005250,3.547330,-0.005250,-1.547330,-0.314780,0.427192,-0.100522,0.145796,-1.743381,1,0
25.984318,0.000000,2.000000,0.005639,0.766990,-0.005639,1.233010,-1.430892,1.543243,-0.100538,0.145707,-1.731472,1,0
26.000319,0.000000,2.000000,0.005652,2.972088,-0.005652,-0.972088,-0.545774,0.658063,-0.100554,0.145618,-1.702902,1,0
26.016319,0.000000,2.000000,0.005688,1.198423,-0.005688,0.801577,-1.259768,1.368130,-0.100569,0.145528,-1.683552,1,0
26.032320,0.000000,2.000000,0.005695,2.684466,-0.005695,-0.684466,-0.661274,0.773409,-0.100585,0.145438,-1.649356,1,0
26.048321,0.000000,2.000000,0.005687,1.390170,-0.005687,0.609830,-1.182907,1.291116,-0.100597,0.145348,-1.626288,1,0
26.064322,0.000000,2.000000,0.005674,2.492719,-0.005674,-0.492719,-0.738424,0.850407,-0.100607,0.145258,-1.590467,1,0
26.080322,0.000000,2.000000,0.001851,1.533981,-0.001851,0.466019,-1.123441,1.235362,-0.100609,0.145228,-1.564188,1,0
26.096323,0.000000,2.000000,0.000834,2.396845,-0.000834,-0.396845,-0.777056,0.888916,-0.100610,0.145215,-1.527811,1,0
26.112324,0.000000,2.000000,0.003966,1.677791,-0.003966,0.322209,-1.067672,1.175605,-0.100609,0.145152,-1.500555,1,0
26.128325,0.000000,2.000000,0.005412,2.205097,-0.005412,-0.205097,-0.854207,0.965913,-0.100607,0.145065,-1.464513,1,0
26.144325,0.000000,2.000000,0.005608,1.821602,-0.005608,0.178398,-1.008206,1.119851,-0.100600,0.144976,-1.435307,1,0
26.160326,0.000000,2.000000,0.005604,2.157161,-0.005604,-0.157161,-0.875444,0.983162,-0.100591,0.144886,-1.401150,1,0
26.176327,0.000000,2.000000,0.005393,1.821602,-0.005393,0.178398,-1.008351,1.119843,-0.100580,0.144801,-1.371357,1,0
26.192327,0.000000,2.000000,0.005570,2.109224,-0.005570,-0.109224,-0.892984,1.004414,-0.100565,0.144713,-1.337228,1,0
26.208328,0.000000,2.000000,0.005557,1.917476,-0.005557,0.082524,-0.969977,1.081346,-0.100547,0.144626,-1.306835,1,0
26.224329,0.000000,2.000000,0.005547,2.061286,-0.005547,-0.061286,-0.914221,1.021662,-0.100526,0.144540,-1.273971,1,0
26.240330,0.000000,2.000000,0.005343,1.917476,-0.005343,0.082524,-0.970122,1.081338,-0.100503,0.144457,-1.242980,1,0
26.256330,0.000000,2.000000,0.005518,2.109224,-0.005518,-0.109224,-0.893104,1.004258,-0.100477,0.144373,-1.210133,1,0
26.272331,0.000000,2.000000,0.005511,1.869539,-0.005511,0.130461,-0.991359,1.098586,-0.100448,0.144290,-1.179783,1,0
26.288332,0.000000,2.000000,0.005309,2.109224,-0.005309,-0.109224,-0.893249,1.004250,-0.100417,0.144211,-1.146331,1,0
26.304333,0.000000,2.000000,0.005484,1.869539,-0.005484,0.130461,-0.991504,1.098577,-0.100383,0.144130,-1.115990,1,0
26.320333,0.000000,2.000000,0.005286,2.109224,-0.005286,-0.109224,-0.893394,1.004241,-0.100348,0.144053,-1.082547,1,0
26.336334,0.000000,2.000000,0.005462,1.869539,-0.005462,0.130461,-0.987783,1.102434,-0.100308,0.143975,-1.052215,1,0
26.352335,0.000000,2.000000,0.005645,2.061286,-0.005645,-0.061286,-0.914769,1.021658,-0.100265,0.143896,-1.018780,1,0
26.368336,0.000000,2.000000,0.005277,1.965413,-0.005277,0.034587,-0.953275,1.060072,-0.100222,0.143823,-0.987829,1,0
26.384336,0.000000,2.000000,0.005236,2.013350,-0.005236,-0.013350,-0.932171,1.042742,-0.100178,0.143752,-0.955643,1,0
26.400337,0.000000,2.000000,0.005415,2.013350,-0.005415,-0.013350,-0.932158,1.042668,-0.100129,0.143680,-0.924082,1,0
26.416338,0.000000,2.000000,0.005408,1.917476,-0.005408,0.082524,-0.970803,1.081251,-0.100078,0.143610,-0.892526,1,0
26.432339,0.000000,2.000000,0.005393,2.061286,-0.005393,-0.061286,-0.915046,1.021567,-0.100026,0.143542,-0.859727,1,0
26.448339,0.000000,2.000000,0.005193,1.965413,-0.005193,0.034587,-0.949686,1.063847,-0.099973,0.143478,-0.828793,1,0
26.464340,0.000000,2.000000,0.005553,1.965413,-0.005553,0.034587,-0.953678,1.060077,-0.099914,0.143411,-0.796625,1,0
26.480341,0.000000,2.000000,0.005270,2.013350,-0.005270,-0.013350,-0.932574,1.042746,-0.099855,0.143351,-0.764455,1,0
26.496342,0.000000,2.000000,0.005337,2.013350,-0.005337,-0.013350,-0.932562,1.042673,-0.099794,0.143291,-0.732909,1,0
26.512342,0.000000,2.000000,0.005324,1.965413,-0.005324,0.034587,-0.953811,1.059995,-0.099732,0.143232,-0.701370,1,0
26.528343,0.000000,2.000000,0.005160,2.013350,-0.005160,-0.013350,-0.932706,1.042664,-0.099670,0.143178,-0.669213,1,0
